ts	elapsed	rss_kb	threads	fds	tcp_est	crawled_bytes	discovered_bytes	disk_free_mb	rss_kb_0	rss_kb_1
1789783674	0	110864	1	4	3	261781124	1899748226	84529	49940	60924
1789783705	31	737248	1	17850	3	261781124	1899748226	84527	369232	368016
1789783735	61	776060	1	35345	3	261781124	1899748226	84527	388580	387480
1789783767	93	808160	1	49260	3	261781124	1899748226	84527	404604	403556
1789783797	123	1382200	119	58210	5896	261781124	1899778296	84553	692852	689348
1789783828	154	1785900	119	59788	5549	261852913	1900568483	84530	870344	915556
1789783858	184	1955232	179	63015	11106	261907551	1901123533	84590	1011280	943952
1789783889	215	1965336	186	62908	9842	261985394	1902104964	84579	991760	973576
1789783919	245	2419868	201	66146	14950	262062314	1902503904	84571	1239076	1180792
1789783949	275	2260524	201	68145	16212	262140439	1903280324	84565	1138928	1121596
1789783980	306	2631948	201	69650	18567	262221687	1903831388	84553	1324928	1307020
1789784010	336	2584508	201	71221	22717	262275736	1904530117	84546	1344968	1239540
1789784041	367	2700780	201	69412	18699	262380835	1905281308	84536	1341204	1359576
1789784071	397	3060924	201	72265	23082	262380835	1905718102	84530	1606460	1454464
1789784102	428	2989660	201	72917	20557	262483302	1906589718	84512	1517040	1472620
1789784132	458	2992444	201	74337	22420	262534902	1907183114	84492	1546048	1446396
1789784163	489	3015340	201	74059	19724	262612724	1907847036	84484	1524508	1490832
1789784193	519	3027712	201	74087	21263	262665811	1908375141	84478	1524256	1503456
1789784223	549	3048856	201	74798	19300	262745033	1909079894	84465	1543832	1505024
1789784254	580	3225312	201	73166	21599	262793395	1909519945	84473	1552008	1673304
1789784284	610	3213940	201	74902	20773	262900525	1910253040	84456	1562960	1650980
1789784315	641	3312484	201	74519	18517	262981253	1910992097	84440	1621584	1690900
1789784345	671	3285968	201	73978	18679	263030959	1911424400	84452	1638524	1647444
1789784375	701	3330032	201	74710	18702	263110043	1912027404	84440	1670036	1659996
1789784406	732	3269484	201	74915	18995	263190882	1912667190	84439	1628984	1640500
1789784436	762	3301728	201	74109	17688	263276948	1913251296	84432	1631548	1670180
1789784467	793	3319844	201	74125	18678	263326239	1913843833	84420	1653796	1666048
1789784497	823	3341956	201	74077	16514	263428464	1914478028	84421	1666040	1675916
1789784527	853	3326628	201	74915	18430	263506825	1914927931	84415	1643420	1683208
1789784558	884	3337104	201	72457	16650	263594582	1915574550	84406	1667648	1669456
1789784588	914	3403520	201	74121	19407	263643591	1916081683	84390	1671032	1732488
1789784619	945	3402652	201	74422	18248	263724930	1916646211	84374	1720944	1681708
1789784649	975	3362756	201	74797	19496	263780163	1917125556	84368	1676060	1686696
1789784679	1005	3401440	201	74376	16725	263883003	1917830678	84370	1695364	1706076
1789784710	1036	3427408	201	77337	19275	263937261	1918183076	84340	1685688	1741720
1789784740	1066	3460320	201	77757	17294	264041680	1918823492	84317	1744316	1716004
1789784771	1097	3474212	201	78053	17598	264098961	1919278703	84318	1748876	1725336
1789784802	1128	3561244	201	78512	18728	264177896	1919830996	84308	1772864	1788380
1789784832	1158	3498376	201	75883	17193	264258220	1920236932	84319	1743608	1754768
1789784863	1189	3494564	201	75520	15141	264282214	1920532274	84323	1742608	1751956
1789784893	1219	3497704	201	75383	14447	264330765	1920729919	84327	1751792	1745912
1789784924	1250	3490644	201	73244	14722	264363431	1921004581	84347	1744724	1745920
1789784955	1281	3491176	201	71795	11307	264416819	1921316587	84345	1744688	1746488
1789784985	1311	3514740	201	72430	12793	264465731	1921720441	84340	1761224	1753516
1789785016	1342	3499896	201	72169	13638	264520309	1922090802	84351	1750900	1748996
1789785046	1372	3552320	201	71745	12596	264575022	1922622307	84348	1743300	1809020
1789785077	1403	3531172	201	72700	14018	264676311	1923060928	84345	1747668	1783504
1789785107	1433	3560000	201	73522	14962	264729450	1923630273	84345	1790368	1769632
1789785138	1464	3542068	201	73115	15811	264832430	1924097483	84354	1755068	1787000
1789785168	1494	3570764	201	73535	15916	264889844	1924568621	84366	1760764	1810000
1789785199	1525	3586392	201	74456	15683	264973409	1925162187	84366	1778240	1808152
1789785229	1555	3576304	201	74284	17762	264997798	1925710918	84375	1768148	1808156
1789785260	1586	3600984	201	74130	16471	265100570	1926287328	84365	1771060	1829924
1789785290	1616	3608684	201	73651	17615	265155292	1926729879	84373	1782964	1825720
1789785320	1646	3660496	201	73586	16391	265210324	1927122083	84367	1793680	1866816
1789785351	1677	3659972	201	72075	14433	265258557	1927417464	84373	1796144	1863828
1789785382	1708	3708336	201	72255	14386	265289993	1927585836	84358	1794900	1913436
1789785413	1739	3732540	201	71209	13256	265314346	1927870735	84359	1798876	1933664
1789785444	1770	3673584	201	70090	13461	265338907	1928058723	84358	1789656	1883928
1789785475	1801	3659072	201	68234	10045	265392574	1928229381	84408	1789656	1869416
1789785506	1832	3648072	201	67548	9945	265392574	1928266476	84402	1784696	1863376
1789785537	1863	3675556	201	66667	7186	265421161	1928497731	84407	1812116	1863440
1789785568	1894	3647180	201	64937	7097	265469838	1928605374	84412	1783692	1863488
1789785599	1925	3642712	201	64899	6624	265469838	1928714066	84397	1781428	1861284
1789785630	1956	3624472	201	64635	7145	265543117	1928948311	84393	1770688	1853784
1789785661	1987	3623932	201	63597	7190	265576875	1929092307	84395	1770384	1853548
1789785692	2018	3627784	201	64473	7551	265600980	1929332978	84394	1775236	1852548
1789785723	2049	3635368	201	64967	7983	265625529	1929542253	84394	1785280	1850088
1789785753	2079	3634224	201	63217	7288	265649998	1929751172	84403	1784224	1850000
1789785784	2110	3638332	201	64063	8977	265705000	1929938042	84411	1786496	1851836
1789785815	2141	3625996	201	64284	7537	265731036	1930165136	84410	1779384	1846612
1789785846	2172	3622564	201	63314	8414	265755648	1930363156	84422	1777728	1844836
1789785877	2203	3630256	201	63050	7469	265780006	1930501250	84425	1781724	1848532
1789785908	2234	3629636	201	62011	7659	265804363	1930622638	84440	1780312	1849324
1789785939	2265	3626996	201	60453	7478	265804363	1930778946	84457	1777684	1849312
1789785971	2297	3618904	201	58683	6029	265861188	1930884968	84468	1774500	1844404
1789786001	2327	3617812	201	59930	6772	265861188	1930986071	84471	1771280	1846532
1789786033	2359	3611784	201	58861	6503	265888643	1931197234	84477	1770936	1840848
1789786064	2390	3617280	201	59267	7273	265913014	1931284957	84485	1774416	1842864
1789786095	2421	3632888	201	58111	6958	265937318	1931440102	84483	1781932	1850956
1789786125	2451	3633800	201	58587	8742	265961868	1931579191	84487	1782532	1851268
1789786156	2482	3659548	201	58547	7438	265990821	1931700583	84488	1782548	1877000
1789786187	2513	3619756	201	59073	8386	266014951	1931824350	84484	1768340	1851416
1789786218	2544	3619900	201	59565	9914	266039382	1931940377	84489	1768364	1851536
1789786248	2574	3619924	201	58793	9010	266065407	1932094832	84487	1768388	1851536
1789786279	2605	3619924	201	58760	9312	266089754	1932195136	84489	1768388	1851536
1789786310	2636	3619964	201	58673	10004	266113786	1932317233	84488	1768404	1851560
1789786340	2666	3618944	201	59213	10933	266165773	1932724517	84476	1767384	1851560
1789786371	2697	3618976	201	59921	12902	266219735	1933134090	84463	1767412	1851564
1789786401	2727	3617036	201	59481	12938	266296364	1933598666	84447	1766448	1850588
1789786432	2758	3612980	201	61579	14171	266373382	1933947168	84449	1766472	1846508
1789786462	2788	3612996	201	62735	14804	266451384	1934390702	84426	1766472	1846524
1789786492	2818	3613016	201	62884	17168	266500112	1934821849	84421	1766492	1846524
1789786523	2849	3613016	201	64782	19391	266552102	1935288635	84409	1766492	1846524
1789786553	2879	3612108	201	65743	19981	266606900	1935632430	84401	1765584	1846524
1789786584	2910	3612112	201	66476	20790	266710152	1936124145	84396	1765588	1846524
1789786614	2940	3611216	201	66285	19333	266766229	1936509416	84385	1764564	1846652
1789786644	2970	3607116	201	66849	20059	266814943	1936981330	84380	1764564	1842552
1789786675	3001	3603252	201	66263	19110	266868593	1937291515	84376	1761672	1841580
1789786705	3031	3603252	201	67472	19046	266972083	1937761743	84370	1761672	1841580
1789786736	3062	3603252	201	67463	18074	267026529	1938186153	84369	1761672	1841580
1789786766	3092	3603252	201	66536	17904	267107087	1938591201	84364	1761672	1841580
1789786797	3123	3603252	201	66983	17786	267185856	1939099639	84365	1761672	1841580
1789786827	3153	3603252	201	67862	18610	267241598	1939533598	84365	1761672	1841580
1789786858	3184	3603352	201	67436	18187	267316730	1940107352	84366	1761684	1841668
1789786888	3214	3603360	201	66839	18777	267392142	1940466613	84371	1761692	1841668
1789786919	3245	3605544	201	66246	16889	267471493	1940956107	84358	1761692	1843852
1789786949	3275	3606984	201	68558	17112	267519917	1941365136	84347	1761820	1845164
1789786979	3305	3603488	201	68570	17423	267598160	1941878507	84343	1761780	1841708
1789787010	3336	3603492	201	68695	16727	267653900	1942285353	84339	1761780	1841712
1789787040	3366	3603492	201	69459	17654	267709095	1942743137	84334	1761780	1841712
1789787071	3397	3603492	201	70023	17204	267811314	1943241561	84327	1761780	1841712
1789787101	3427	3600244	201	69982	16666	267887966	1943723032	84317	1758532	1841712
1789787132	3458	3600760	201	71034	15716	267967431	1944172571	84315	1758532	1842228
1789787162	3488	3607560	201	70933	16912	268024436	1944558164	84381	1765824	1841736
1789787192	3518	3615736	201	71026	17329	268073772	1944981292	84367	1758532	1857204
1789787223	3549	3600192	201	70976	16473	268158591	1945494895	84354	1758456	1841736
1789787253	3579	3600300	201	71497	17420	268256594	1945942338	84340	1758564	1841736
1789787283	3609	3613088	201	71732	17158	268316930	1946428682	84340	1771352	1841736
1789787314	3640	3606720	201	71524	16904	268390367	1946932096	84329	1764984	1841736
1789787344	3670	3606728	201	72276	17128	268474092	1947470968	84316	1764992	1841736
1789787375	3701	3638456	201	71570	16652	268522998	1947806987	84311	1780744	1857712
1789787405	3731	3606740	201	71046	17769	268601598	1948252123	84318	1765004	1841736
1789787436	3762	3648064	201	70334	17550	268655336	1948667179	84328	1765004	1883060
1789787466	3792	3721440	201	69647	16285	268704140	1949101327	84336	1833940	1887500
1789787496	3822	3779656	201	69646	13690	268729015	1949480076	84333	1868672	1910984
1789787527	3853	3805260	201	67926	11069	268729015	1950559743	84364	1874612	1930648
1789787557	3883	3693760	201	66444	12142	268777140	1951296566	84375	1823564	1870196
1789787588	3914	3675288	201	66817	13452	268826324	1951790738	84383	1822472	1852816
1789787618	3944	3676544	201	66294	12876	268928313	1952408336	84388	1822472	1854072
1789787648	3974	3769688	201	66996	13097	268976953	1952876067	84381	1822472	1947216
1789787679	4005	3787648	201	65858	11047	269025812	1953329177	84378	1840432	1947216
1789787709	4035	3764352	201	67494	10430	269074814	1953980003	84360	1831856	1932496
1789787739	4065	3715948	201	67142	13771	269107718	1954602476	84370	1823380	1892568
1789787770	4096	3693520	201	67755	14689	269227382	1955099862	84376	1823388	1870132
1789787800	4126	3688364	201	66848	14588	269281171	1955558418	84373	1823408	1864956
1789787831	4157	3696680	201	66632	15289	269363191	1955990150	84378	1831724	1864956
1789787861	4187	3688328	201	66792	15815	269444049	1956422766	84381	1823352	1864976
1789787891	4217	3719064	201	65599	14853	269501439	1956941235	84377	1854088	1864976
1789787922	4248	3690764	201	66417	17272	269603365	1957402223	84383	1825788	1864976
1789787952	4278	3695540	201	66115	17000	269656667	1957844564	84381	1830564	1864976
1789787982	4308	3729700	201	67368	17138	269759364	1958248713	84374	1864724	1864976
1789788013	4339	3694696	201	65819	17967	269813397	1958755713	84382	1829720	1864976
1789788043	4369	3698860	201	65596	18445	269862137	1959188090	84378	1827908	1870952
1789788074	4400	3734228	201	64547	15417	269950113	1959767945	84370	1867748	1866480
1789788104	4430	3694084	201	64155	17253	269998251	1960233697	84376	1831984	1862100
1789788134	4460	3895048	201	62886	16725	270046324	1960773577	84361	1832132	2062916
1789788165	4491	3897204	201	62068	14560	270107732	1961154608	84349	1832132	2065072
1789788195	4521	3951508	201	62591	14571	270132137	1961442285	84346	1832136	2119372
1789788226	4552	4020560	201	62188	13337	270184684	1961981924	84342	1832140	2188420
1789788256	4582	3994380	201	62370	12455	270208858	1962737333	84317	1832148	2162232
1789788287	4613	3799764	201	60676	12500	270233117	1963296122	84333	1832712	1967052
1789788317	4643	3800204	201	60356	13464	270311473	1963714146	84334	1832712	1967492
1789788347	4673	3799164	201	60846	12136	270384623	1964187663	84317	1832712	1966452
1789788378	4704	3803248	201	61253	13353	270464593	1964588386	84321	1836032	1967216
1789788408	4734	3796200	201	60031	14078	270542157	1965025228	84322	1833052	1963148
1789788439	4765	3795192	201	59090	15360	270620641	1965427344	84335	1833052	1962140
1789788469	4795	3802980	201	58766	16922	270678866	1965841429	84349	1840840	1962140
1789788499	4825	3795192	201	59250	19045	270757174	1966291891	84326	1833052	1962140
1789788530	4856	3795192	201	58928	17879	270830051	1966821622	84323	1833052	1962140
1789788560	4886	3829368	201	60214	18714	270909946	1967290032	84365	1867228	1962140
1789788591	4917	3815892	201	60298	18762	270958314	1967765792	84363	1858348	1957544
1789788621	4947	3793312	201	62004	19377	271043538	1968254347	84361	1837784	1955528
1789788652	4978	3841492	201	61146	19264	271115826	1968592119	84353	1885964	1955528
1789788682	5008	3831248	201	62350	19681	271202440	1969019422	84354	1875720	1955528
1789788713	5039	3798972	201	63225	19797	271275638	1969484009	84346	1843444	1955528
1789788743	5069	3876216	201	63717	17752	271327264	1970008789	84341	1916932	1959284
1789788773	5099	3821440	201	64888	19852	271378658	1970315555	84336	1863164	1958276
1789788804	5130	3824528	201	65470	18344	271483535	1970793397	84334	1866252	1958276
1789788834	5160	3840396	201	66383	18972	271534890	1971196858	84323	1883128	1957268
1789788865	5191	3836072	201	64589	17404	271616179	1971769942	84327	1875048	1961024
1789788895	5221	3825152	201	66424	18959	271694024	1972149641	84316	1864128	1961024
1789788926	5252	3826392	201	66449	20590	271767349	1972616564	84316	1864144	1962248
1789788956	5282	3834440	201	65160	19099	271851889	1973085406	84316	1864148	1970292
1789788986	5312	3825368	201	65146	19891	271900840	1973554313	84314	1864068	1961300
1789789017	5343	3825368	201	63166	19808	271978263	1973879830	84308	1864068	1961300
1789789047	5373	3825368	201	65202	21068	272031960	1974334357	84307	1864068	1961300
1789789078	5404	3830592	201	62961	18874	272112329	1974826168	84300	1865192	1965400
1789789108	5434	3825080	201	64651	21212	272189922	1975130309	84290	1863780	1961300
1789789139	5465	3841400	201	63902	19034	272271131	1975603468	84282	1863780	1977620
1789789169	5495	3829016	201	64504	18269	272350262	1976043971	84278	1866968	1962048
1789789199	5525	3843820	201	61643	17179	272428633	1976693249	84271	1871132	1972688
1789789230	5556	3829276	201	61644	17647	272504146	1977098101	84271	1869260	1960016
1789789260	5586	3823888	201	61077	17926	272558130	1977506390	84278	1863872	1960016
1789789291	5617	3865468	201	61959	17330	272660478	1977964758	84273	1872304	1993164
1789789321	5647	3841940	201	60821	18482	272714311	1978439745	84279	1863872	1978068
1789789351	5677	3840596	201	61168	17412	272763132	1978889284	84282	1880040	1960556
1789789382	5708	3828016	201	60597	18192	272848496	1979275122	84286	1864460	1963556
1789789412	5738	3877448	201	60625	17654	272921412	1979703826	84282	1916376	1961072
1789789443	5769	3871928	201	61631	18140	272999489	1980244691	84276	1903508	1968420
1789789473	5799	3900348	201	60577	17293	273079597	1980710541	84271	1931292	1969056
1789789503	5829	3859116	201	60507	17349	273163621	1981102892	84275	1896272	1962844
1789789534	5860	3852428	201	60237	18198	273236467	1981490288	84279	1876848	1975580
1789789564	5890	3837920	201	59793	17851	273288870	1981917010	84282	1877432	1960488
1789789595	5921	3884108	201	58577	17349	273395109	1982378357	84277	1882664	2001444
1789789625	5951	3888564	201	59698	18192	273481937	1982781106	84275	1914652	1973912
1789789655	5981	3873200	201	59479	18971	273555497	1983209727	84276	1909524	1963676
1789789686	6012	3854048	201	58784	17111	273607859	1983837376	84272	1878972	1975076
1789789716	6042	3862808	201	58607	16753	273710110	1984476856	84261	1879048	1983760
1789789747	6073	3911664	201	60247	17375	273789236	1984871645	84252	1920848	1990816
1789789777	6103	3900924	201	63936	18604	273838011	1985440114	84232	1908452	1992472
1789789807	6133	3855304	201	64233	17195	273916930	1985964250	84229	1891440	1963864
1789789838	6164	3879676	201	64704	17032	273996677	1986470165	84219	1909604	1970072
1789789868	6194	3849268	201	65845	16581	274075162	1986959860	84208	1880184	1969084
1789789899	6225	3868692	201	67112	16870	274152629	1987386448	84196	1880160	1988532
1789789929	6255	3888848	201	67155	16359	274230030	1987817631	84175	1901464	1987384
1789789960	6286	3891576	201	68390	17795	274285992	1988194820	84169	1926800	1964776
1789789990	6316	3867632	201	68250	17992	274389044	1988666266	84171	1880856	1986776
1789790020	6346	3893452	201	68124	16867	274442748	1989152834	84221	1909676	1983776
1789790051	6377	3866240	201	70196	18738	274516411	1989599497	84270	1902368	1963872
1789790081	6407	3848696	201	69913	17988	274623717	1990217399	84275	1879404	1969292
1789790112	6438	3884364	201	67984	16888	274701606	1990740908	84259	1888300	1996064
1789790142	6468	3889360	201	71047	17173	274757597	1991211305	84246	1909760	1979600
1789790173	6499	3858720	201	70960	17911	274830961	1991829383	84244	1879404	1979316
1789790203	6529	3860208	201	71428	18129	274910873	1992419835	84235	1879404	1980804
1789790233	6559	3857168	201	67991	17098	274983958	1992899062	84254	1879584	1977584
1789790264	6590	3854328	201	69457	17897	275043656	1993292260	84249	1891788	1962540
1789790294	6620	3843964	201	70838	17242	275116706	1993855025	84239	1879404	1964560
1789790325	6651	3842632	201	70953	18215	275204780	1994307950	84242	1879976	1962656
1789790355	6681	3852368	201	71985	18667	275253676	1994712945	84238	1879408	1972960
1789790386	6712	3844080	201	72888	19167	275331955	1995178098	84240	1879408	1964672
1789790416	6742	3841652	201	72998	16674	275411710	1995618107	84244	1879404	1962248
1789790447	6773	3861188	201	73435	19257	275459484	1995974833	84236	1879404	1981784
1789790477	6803	3853332	201	74574	18501	275543147	1996492616	84225	1891084	1962248
1789790507	6833	3879396	201	75571	18520	275615864	1996899592	84214	1895964	1983432
1789790538	6864	3840644	201	75186	18364	275722086	1997480929	84215	1879404	1961240
1789790568	6894	3840644	201	75118	19240	275746712	1997769976	84223	1879404	1961240
1789790599	6925	3841224	201	73745	17670	275827823	1998201135	84221	1879404	1961820
1789790629	6955	3838276	201	73106	17431	275900607	1998663623	84233	1877120	1961156
1789790660	6986	3838856	201	75722	18114	275954841	1999238307	84225	1877700	1961156
1789790690	7016	3887392	201	76804	18107	276030175	1999665134	84213	1925812	1961580
1789790720	7046	3842320	201	75361	18566	276107144	2000129684	84213	1881164	1961156
1789790751	7077	3842320	201	75208	18323	276159512	2000655046	84217	1879928	1962392
1789790781	7107	3865704	201	75276	19214	276232228	2001025576	84212	1879928	1985776
1789790812	7138	3841096	201	77188	19593	276290890	2001464253	84190	1879940	1961156
1789790842	7168	3842744	201	77619	20307	276364139	2001845933	84196	1879948	1962796
1789790873	7199	3860344	201	78740	20571	276444174	2002315340	84174	1879008	1981336
1789790903	7229	3851416	201	78614	19934	276516478	2002794442	84157	1879008	1972408
1789790934	7260	3847168	201	78640	18389	276602696	2003375464	84162	1879008	1968160
1789790964	7290	3849736	201	81925	20276	276651325	2003797997	84128	1879008	1970728
1789790995	7321	3843192	201	81008	19886	276729428	2004361346	84128	1876508	1966684
1789791025	7351	3875208	201	82410	20568	276784420	2004688147	84119	1876508	1998700
1789791056	7382	3847212	201	82915	20432	276856885	2005240596	84104	1873988	1973224
1789791086	7412	3888192	201	81431	18031	276937301	2005648648	84094	1873988	2014204
1789791116	7442	3844916	201	81740	18300	276986190	2006086759	84110	1873988	1970928
1789791147	7473	3854336	201	81420	18286	277039874	2006574676	84106	1881500	1972836
1789791177	7503	3868992	201	81687	18825	277117815	2007008002	84095	1881504	1987488
1789791208	7534	3869796	201	82034	17664	277194964	2007573854	84092	1881248	1988548
1789791238	7564	3888684	201	81825	18935	277271385	2007993081	84102	1881252	2007432
1789791269	7595	3866456	201	81810	18739	277326088	2008485324	84104	1881252	1985204
1789791299	7625	3850708	201	82439	19440	277399534	2008951984	84101	1881252	1969456
1789791330	7656	3869588	201	82619	18335	277479426	2009485499	84093	1881252	1988336
1789791360	7686	3889000	201	82519	18455	277552473	2009902278	84094	1881252	2007748
1789791391	7717	3867396	201	82818	18745	277613452	2010364623	84091	1881252	1986144
1789791421	7747	3855024	201	81065	19100	277710337	2010868196	84117	1881252	1973772
1789791451	7777	3856384	201	82173	19014	277764701	2011284569	84103	1882612	1973772
1789791482	7808	3884228	201	81647	18535	277813235	2011654825	84108	1881248	2002980
1789791512	7838	3863480	201	80438	18406	277889300	2012089841	84112	1881248	1982232
1789791543	7869	3854472	201	79842	18622	277944418	2012573356	84117	1881248	1973224
1789791573	7899	3854796	201	79695	17858	278023291	2013024331	84178	1881248	1973548
1789791604	7930	3856388	201	79081	17414	278072140	2013378851	84184	1881248	1975140
1789791634	7960	3879480	201	79285	17310	278119992	2013821628	84172	1881248	1998232
1789791665	7991	3881908	201	79271	18116	278172006	2014185041	84169	1881252	2000656
1789791695	8021	3874096	201	76804	16424	278274182	2014830595	84168	1885864	1988232
1789791726	8052	3866252	201	77952	17520	278350090	2015272950	84156	1885864	1980388
1789791756	8082	3877580	201	78464	16876	278398577	2015759506	84138	1890376	1987204
1789791786	8112	3921980	201	78353	17222	278459941	2016200274	84132	1890376	2031604
1789791817	8143	3919320	201	78869	18453	278557346	2016605377	84125	1894616	2024704
1789791847	8173	3876032	201	78191	18536	278618038	2017175078	84113	1894784	1981248
1789791878	8204	3885348	201	77839	18151	278690904	2017777847	84122	1894104	1991244
1789791908	8234	3889100	201	77261	16590	278796705	2018255413	84107	1897528	1991572
1789791939	8265	3916892	201	77532	17766	278845417	2018710439	84106	1912472	2004420
1789791969	8295	3902080	201	76633	17407	278898808	2019140591	84110	1898120	2003960
1789792000	8326	3878788	201	76934	18430	278999444	2019589816	84107	1897540	1981248
1789792030	8356	3878788	201	76872	18053	279052049	2020138915	84107	1897540	1981248
1789792060	8386	3879044	201	76899	17818	279130094	2020638369	84104	1897540	1981504
1789792091	8417	3906168	201	76167	16819	279181269	2021054015	84108	1897540	2008628
1789792121	8447	3919988	201	76156	17152	279256410	2021513517	84112	1906276	2013712
1789792152	8478	3900376	201	75785	17950	279337250	2021959268	84114	1918576	1981800
1789792182	8508	3908880	201	75207	17198	279385615	2022454574	84116	1919752	1989128
1789792212	8538	3903268	201	74190	17896	279464452	2022898883	84121	1921492	1981776
1789792243	8569	3902216	201	74056	17356	279537470	2023413252	84127	1919764	1982452
1789792273	8599	3908920	201	74648	17891	279590109	2023831618	84137	1928304	1980616
1789792304	8630	3904292	201	73481	18277	279669395	2024125050	84147	1923676	1980616
1789792334	8660	3905396	201	73474	19198	279723550	2024528079	84214	1924088	1981308
1789792364	8690	3904708	201	72617	18180	279799940	2024873508	84219	1924088	1980620
1789792395	8721	3907112	201	71256	17168	279872722	2025312290	84232	1924036	1983076
1789792426	8752	3911404	201	72940	17438	279928224	2025804210	84214	1924716	1986688
1789792456	8782	3925856	201	73287	17683	280001383	2026199392	84217	1924044	2001812
1789792486	8812	3922596	201	72620	18082	280080660	2026593999	84217	1924056	1998540
1789792517	8843	3906104	201	71406	18263	280128947	2027052580	84218	1924060	1982044
1789792547	8873	3913316	201	72001	17310	280237173	2027540916	84220	1924060	1989256
1789792578	8904	3937932	201	71655	17758	280261687	2027918762	84214	1924060	2013872
1789792608	8934	3908296	201	72278	18375	280359595	2028305801	84212	1924064	1984232
1789792639	8965	3919796	201	72519	18565	280416364	2028708884	84208	1924072	1995724
1789792669	8995	3903680	201	71405	17979	280465072	2029158287	84201	1924072	1979608
1789792699	9025	3936796	201	71772	17858	280519061	2029554349	84197	1924072	2012724
1789792730	9056	3928416	201	71592	18228	280595706	2029977102	84182	1924072	2004344
1789792760	9086	3903760	201	70336	17959	280647190	2030474806	84173	1924128	1979632
1789792791	9117	3903732	201	70517	19083	280747071	2030759663	84168	1924128	1979604
1789792821	9147	3906752	201	70759	18888	280825731	2031284409	84179	1924132	1982620
1789792852	9178	3905724	201	70255	19546	280874737	2031693278	84170	1924132	1981592
1789792882	9208	3949944	201	69397	18875	280958051	2032032771	84164	1931580	2018364
1789792913	9239	3916928	201	68949	18765	281007086	2032578810	84164	1931580	1985348
1789792943	9269	3930776	201	68974	18315	281087264	2033007239	84156	1931580	1999196
1789792974	9300	3916928	201	68679	17965	281136032	2033444765	84151	1931580	1985348
1789793004	9330	3936372	201	68283	18318	281240162	2033836352	84152	1931584	2004788
1789793034	9360	3917832	201	69321	19501	281288914	2034244582	84154	1931584	1986248
1789793065	9391	3920996	201	69727	20311	281362136	2034574838	84147	1931584	1989412
1789793095	9421	3919940	201	68979	19416	281422050	2035014459	84147	1931584	1988356
1789793126	9452	3925536	201	69202	19577	281495423	2035510906	84145	1931588	1993948
1789793156	9482	3920704	201	70148	19860	281553985	2035971117	84138	1931596	1989108
1789793186	9512	3920704	201	69992	19523	281651218	2036431223	84136	1931596	1989108
1789793217	9543	3920704	201	70157	19673	281710201	2036789719	84138	1931596	1989108
1789793247	9573	3938052	201	70779	18828	281782998	2037146030	84128	1948944	1989108
1789793278	9604	3928148	201	70680	18248	281868375	2037603698	84188	1931596	1996552
1789793308	9634	3926976	201	71540	18327	281892633	2038025065	84179	1931596	1995380
1789793338	9664	3931432	201	71730	18193	281996359	2038577027	84178	1942324	1989108
1789793369	9695	3993192	201	71651	18458	282075588	2038981557	84180	1932676	2060516
1789793399	9725	3924356	201	70450	17984	282124467	2039516390	84182	1933408	1990948
1789793430	9756	3930792	201	71193	18576	282206678	2039996703	84170	1933408	1997384
1789793460	9786	3924336	201	70919	18616	282255324	2040384540	84171	1933408	1990928
1789793491	9817	3925344	201	69892	17990	282362432	2040788834	84171	1933408	1991936
1789793521	9847	3927132	201	69909	17289	282411294	2041365709	84148	1933408	1993724
1789793551	9877	3930476	201	70295	17812	282467323	2041792472	84144	1933408	1997068
1789793582	9908	3970120	201	70069	16998	282568326	2042217176	84129	1956636	2013484
1789793612	9938	3933224	201	70705	17244	282622479	2042705001	84121	1942404	1990820
1789793643	9969	3939976	201	70954	17689	282725235	2043218709	84129	1949736	1990240
1789793673	9999	3937252	201	70904	17956	282779464	2043702007	84123	1947012	1990240
1789793704	10030	3939400	201	70416	17211	282855220	2044159891	84124	1945932	1993468
1789793734	10060	3943544	201	68811	16168	282932219	2044602652	84121	1950968	1992576
1789793764	10090	3947352	201	68893	17208	283036275	2045085903	84124	1945612	2001740
1789793795	10121	3959536	201	70899	17077	283089540	2045541697	84116	1965080	1994456
1789793825	10151	3958332	201	69776	17648	283141632	2045956059	84122	1945612	2012720
1789793856	10182	3958292	201	69300	18440	283244808	2046412880	84126	1964296	1993996
1789793886	10212	3957608	201	69088	17137	283298604	2046872741	84127	1949760	2007848
1789793916	10242	3973408	201	67834	17380	283374565	2047301312	84137	1954320	2019088
1789793947	10273	3959160	201	67403	17631	283452004	2047826652	84139	1962372	1996788
1789793977	10303	3951976	201	68272	18634	283531361	2048202570	84139	1957980	1993996
1789794008	10334	3940372	201	68139	18353	283606370	2048694822	84141	1946376	1993996
1789794038	10364	3962688	201	67736	17128	283685111	2049214106	84139	1946376	2016312
1789794069	10395	3958552	201	67017	16234	283763242	2049689481	84137	1949152	2009400
1789794099	10425	3954032	201	66877	16884	283841586	2050134253	84134	1954308	1999724
1789794129	10455	3948664	201	66257	17337	283890231	2050543468	84139	1952024	1996640
1789794160	10486	3946988	201	67264	18432	283942309	2050887508	84140	1953568	1993420
1789794190	10516	3961068	201	67784	17221	284045521	2051342627	84128	1950208	2010860
1789794221	10547	3949812	201	66871	16960	284129327	2051841762	84133	1951928	1997884
1789794251	10577	3971680	201	65158	16220	284202478	2052332834	84134	1949104	2022576
1789794282	10608	3975692	201	66180	17591	284256724	2052700018	84126	1950832	2024860
1789794312	10638	3957864	201	67155	17798	284333982	2053301769	84124	1959044	1998820
1789794343	10669	3943480	201	67640	19171	284412923	2053678722	84120	1950096	1993384
1789794373	10699	3943496	201	68087	19440	284467426	2054141052	84108	1950112	1993384
1789794403	10729	3943496	201	67318	17703	284539608	2054470146	84105	1950112	1993384
1789794434	10760	3947884	201	67895	18308	284601895	2054848001	84089	1954500	1993384
1789794464	10790	3948288	201	67978	18376	284674471	2055297264	84081	1954904	1993384
1789794494	10820	3945032	201	67834	18723	284757267	2055717094	84082	1951648	1993384
1789794525	10851	3944628	201	68502	18901	284830633	2056072817	84071	1950128	1994500
1789794555	10881	3943512	201	68347	19093	284913615	2056372985	84066	1950128	1993384
1789794586	10912	3964324	201	67650	19318	284962408	2056809019	84071	1951416	2012908
1789794616	10942	3945556	201	68246	19290	285038540	2057276390	84059	1951068	1994488
1789794647	10973	3955512	201	68027	18954	285094138	2057789824	84055	1951080	2004432
1789794677	11003	3960904	201	67658	18969	285195100	2058234650	84056	1951080	2009824
1789794708	11034	3981248	201	66582	17694	285223802	2058624366	84065	1951080	2030168
1789794738	11064	3962520	201	66303	18718	285296985	2059076490	84064	1951080	2011440
1789794768	11094	3944464	201	65822	18907	285377810	2059510238	84067	1951080	1993384
1789794799	11125	3947536	201	65599	18959	285451252	2059976405	84067	1951020	1996516
1789794829	11155	3949480	201	66085	17245	285505202	2060430451	84058	1951020	1998460
1789794860	11186	3944404	201	65538	17563	285581978	2060855221	84062	1951020	1993384
1789794890	11216	3951756	201	66370	18148	285661714	2061223015	84116	1951016	2000740
1789794920	11246	3943812	201	66505	18091	285738822	2061615105	84111	1951016	1992796
1789794951	11277	3946348	201	67256	18165	285794777	2062083836	84108	1953464	1992884
1789794981	11307	3975668	201	66863	17832	285873779	2062526157	84101	1978836	1996832
1789795011	11337	3958224	201	66603	18119	285952096	2062974407	84100	1956640	2001584
1789795042	11368	3953572	201	66585	17901	286000959	2063255081	83878	1962068	1991504
1789795072	11398	3948144	201	66745	18774	286079656	2063757660	84105	1956640	1991504
1789795103	11429	3948144	201	67129	19672	286135918	2064093990	84102	1956640	1991504
1789795133	11459	3966788	201	67286	19103	286187418	2064464874	84100	1975284	1991504
1789795164	11490	3955656	201	66952	19311	286291395	2064940020	84101	1956640	1999016
1789795194	11520	3962008	201	67002	19239	286344965	2065406693	84090	1956640	2005368
1789795225	11551	3956992	201	67057	18730	286423601	2065880794	84084	1956640	2000352
1789795255	11581	3955656	201	66836	18904	286503559	2066286258	84086	1956640	1999016
1789795285	11611	3954716	201	66454	18826	286576765	2066856106	84075	1955700	1999016
1789795316	11642	3963360	201	65832	18039	286632593	2067336992	84061	1962024	2001336
1789795346	11672	3957464	201	64600	17461	286685517	2067699675	84074	1958448	1999016
1789795377	11703	3958636	201	63452	17234	286764875	2068091328	84070	1959620	1999016
1789795407	11733	3970732	201	63963	17120	286841732	2068519221	84061	1957452	2013280
1789795437	11763	3953232	201	64325	17673	286920537	2068892700	84064	1954216	1999016
1789795468	11794	3963108	201	64083	17940	286976583	2069296102	84060	1950896	2012212
1789795498	11824	3949920	201	65313	18751	287049838	2069704158	84046	1950904	1999016
1789795528	11854	3966568	201	62955	17386	287132790	2070222969	84118	1960152	2006416
1789795559	11885	3959236	201	64442	18652	287181139	2070617662	84114	1959640	1999596
1789795589	11915	3983480	201	63681	17418	287262972	2071142492	84112	1976608	2006872
1789795620	11946	3984340	201	64162	18034	287336543	2071586351	84116	1977468	2006872
1789795650	11976	3985624	201	63938	18014	287421982	2072056639	84119	1978312	2007312
1789795681	12007	3975560	201	64362	17266	287495535	2072553023	84117	1964764	2010796
1789795711	12037	3987924	201	64387	15945	287604767	2073067055	84098	1967540	2020384
1789795742	12068	4008744	201	65711	16860	287653939	2073501759	84089	1982804	2025940
1789795772	12098	3983420	201	65888	17776	287709293	2073956552	84094	1972636	2010784
1789795802	12128	3971812	201	66606	17983	287786703	2074408244	84101	1963764	2008048
1789795833	12159	3970096	201	65755	18069	287867982	2074833048	84104	1962756	2007340
1789795863	12189	3992496	201	65676	17077	287948814	2075366968	84095	1978196	2014300
1789795894	12220	3993560	201	66036	17625	288027376	2075826894	84093	1978832	2014728
1789795924	12250	4015796	201	66511	17264	288083008	2076321855	84086	1978084	2037712
1789795955	12281	3979192	201	67136	17068	288187650	2076731235	84094	1964464	2014728
1789795985	12311	3975536	201	67052	17380	288240231	2077203053	84089	1965020	2010516
1789796015	12341	4004252	201	66330	16296	288313596	2077626945	84084	1981552	2022700
1789796046	12372	4003532	201	66322	16433	288370208	2078073439	84075	1966232	2037300
1789796076	12402	4004836	201	66848	17638	288443013	2078438041	84079	1994360	2010476
1789796107	12433	3983052	201	66055	16049	288552196	2078999125	84075	1965560	2017492
1789796137	12463	3996008	201	65253	15312	288600530	2079450791	84063	1977024	2018984
1789796168	12494	3976716	201	64497	15573	288687273	2079879802	84067	1966240	2010476
1789796198	12524	3987444	201	64875	16861	288760634	2080171549	84069	1965064	2022380
1789796228	12554	3983496	201	66082	17472	288834797	2080658408	84050	1973020	2010476
1789796259	12585	3993620	201	66351	18388	288883380	2081027700	84045	1975596	2018024
1789796289	12615	3976732	201	66657	19018	288962062	2081446371	84049	1966256	2010476
1789796319	12645	4008644	201	65455	15613	289041159	2081962650	84034	1993600	2015044
1789796350	12676	3986012	201	66026	17296	289143006	2082232096	84026	1970816	2015196
1789796380	12706	3975540	201	66696	17988	289198329	2082687518	84024	1965064	2010476
1789796410	12736	3982528	201	65787	18612	289247287	2083113021	84023	1965064	2017464
1789796441	12767	3991032	201	65539	18578	289306808	2083521689	84088	1965064	2025968
1789796471	12797	3976044	201	65298	18756	289404054	2084005336	84088	1964056	2011988
1789796502	12828	3994436	201	63363	15601	289462426	2084586560	84084	1962176	2032260
1789796532	12858	3979612	201	64552	15866	289559868	2085103864	84079	1969156	2010456
1789796563	12889	3982020	201	65352	17788	289621643	2085505851	84088	1971564	2010456
1789796593	12919	3972580	201	64596	17587	289670405	2085897340	84090	1962120	2010460
1789796623	12949	3972580	201	64353	17585	289776766	2086271762	84089	1962120	2010460
1789796654	12980	3972588	201	63355	16882	289801070	2086608114	84098	1962128	2010460
1789796684	13010	3973680	201	63614	17416	289849663	2086915612	84098	1963220	2010460
1789796715	13041	3977712	201	63553	17401	289931918	2087224166	84094	1962128	2015584
1789796745	13071	3980132	201	63174	18075	289980679	2087606552	84100	1964548	2015584
1789796776	13102	3977712	201	65568	19676	290055341	2087960338	84092	1962128	2015584
1789796806	13132	3979348	201	63633	18844	290157530	2088506817	84096	1962128	2017220
1789796837	13163	3977712	201	65143	19962	290209598	2088920716	84090	1962128	2015584
1789796867	13193	3977712	201	64982	19265	290263179	2089304333	84084	1962128	2015584
1789796898	13224	3988968	201	65441	18859	290339870	2089736489	84084	1962140	2026828
1789796928	13254	3979040	201	64232	18162	290418371	2090019996	84084	1962268	2016772
1789796958	13284	3977852	201	64724	19219	290467070	2090403339	84077	1962268	2015584
1789796989	13315	3977860	201	64594	19036	290546741	2090939611	84073	1962276	2015584
1789797019	13345	3982320	201	63886	17189	290631905	2091357262	84068	1962276	2020044
1789797050	13376	3977768	201	65086	17844	290705484	2091771668	84057	1962276	2015492
1789797080	13406	3981940	201	63897	17524	290758987	2092231898	84053	1966032	2015908
1789797110	13436	3981524	201	64212	18296	290835976	2092655850	84037	1966032	2015492
1789797141	13467	3981456	201	64698	18451	290915014	2093027146	84016	1966032	2015424
1789797171	13497	4012656	201	65046	18784	290969207	2093509734	84004	1966032	2046624
1789797202	13528	3981452	201	64518	18590	291042086	2093902568	84007	1966032	2015420
1789797232	13558	3981100	201	63162	17194	291127712	2094295831	84006	1966032	2015068
1789797263	13589	3981100	201	65443	18483	291176539	2094744883	83986	1966032	2015068
1789797293	13619	3972652	201	64931	18674	291228147	2095208549	83984	1965096	2007556
1789797324	13650	3972656	201	65515	18952	291306643	2095685465	83989	1965100	2007556
1789797354	13680	3972656	201	66485	18627	291383022	2096144758	83972	1965100	2007556
1789797384	13710	3973680	201	64469	16970	291436813	2096569513	83976	1966124	2007556
1789797415	13741	3972648	201	65299	18243	291514298	2096936907	83973	1965092	2007556
1789797445	13771	3972648	201	65720	18370	291593728	2097377933	83968	1965092	2007556
1789797476	13802	3972648	201	66813	18616	291666810	2097867140	83960	1965092	2007556
1789797506	13832	3972652	201	65975	17118	291753539	2098364833	83957	1965096	2007556
1789797537	13863	3972652	201	66350	18243	291802526	2098740591	83960	1965096	2007556
1789797567	13893	3972652	201	65419	17639	291910285	2099208946	83980	1965096	2007556
1789797597	13923	3972652	201	65093	17602	291934472	2099682114	83982	1965096	2007556
1789797628	13954	3995148	201	64814	17189	291991254	2100008953	83982	1965096	2030052
1789797658	13984	3973236	201	64065	16951	292084582	2100379820	83983	1965096	2008140
1789797689	14015	3980888	201	62887	17408	292138135	2100889899	83982	1965096	2015792
1789797719	14045	3972656	201	62207	18079	292187182	2101345485	83987	1965096	2007560
1789797749	14075	3972656	201	61724	18062	292293181	2101764872	83986	1965096	2007560
1789797780	14106	3972656	201	61628	17060	292317481	2102187909	83979	1965096	2007560
1789797810	14136	3978380	201	61321	16627	292418899	2102576994	83986	1965096	2013284
1789797840	14166	3976596	201	60581	16425	292496185	2103025664	83977	1965096	2011500
1789797871	14197	3992448	201	60401	17552	292551413	2103362768	83983	1978796	2013652
1789797901	14227	3988148	201	59136	17869	292629555	2103796719	83981	1965096	2023052
1789797932	14258	3972572	201	59123	18603	292706756	2104210879	83980	1965012	2007560
1789797962	14288	3974588	201	58183	15516	292786512	2104678584	83988	1966208	2008380
1789797992	14318	3972572	201	58988	17653	292866070	2105042550	83980	1965012	2007560
1789798023	14349	3974216	201	59860	16779	292921680	2105496482	83968	1965012	2009204
1789798053	14379	3972928	201	60558	18269	292999562	2105928388	83971	1965368	2007560
1789798084	14410	3972532	201	61673	18904	293079553	2106331285	83957	1964972	2007560
1789798114	14440	3974608	201	60940	16110	293128212	2106802083	84016	1964972	2009636
1789798145	14471	3977568	201	61210	17619	293212370	2107184208	84017	1970008	2007560
1789798175	14501	3980044	201	62473	16938	293286071	2107808527	84008	1969540	2010504
1789798206	14532	3976944	201	62589	16415	293366880	2108326676	84006	1969384	2007560
1789798236	14562	3998032	201	62441	16445	293415406	2108805653	83995	1986124	2011908
1789798266	14592	3983820	201	64152	17731	293520275	2109202095	83984	1974104	2009716
1789798297	14623	3975608	201	64807	18255	293569888	2109685889	83978	1967404	2008204
1789798327	14653	3982300	201	65383	16954	293676884	2110067088	83974	1974744	2007556
1789798357	14683	3990536	201	66319	18356	293725486	2110439841	83969	1982464	2008072
1789798388	14714	3986952	201	66172	17056	293803805	2110914894	83966	1967416	2019536
1789798418	14744	3974928	201	65015	15564	293884374	2111319211	83966	1967372	2007556
1789798449	14775	3979728	201	66240	17043	293933107	2111675783	83961	1967396	2012332
1789798479	14805	3977384	201	65930	17402	293990825	2112079196	84027	1973584	2003800
1789798510	14836	3973204	201	66054	15936	294088289	2112502265	84035	1967412	2005792
1789798540	14866	3996032	201	66957	16846	294142152	2112917499	84022	1992232	2003800
1789798570	14896	3976100	201	67546	17149	294215011	2113480222	84017	1967412	2008688
1789798601	14927	3980980	201	67416	17360	294294493	2113848438	84021	1967412	2013568
1789798631	14957	3972348	201	66849	16467	294368122	2114196344	84019	1969344	2003004
1789798662	14988	3977832	201	67611	17972	294449321	2114518564	84017	1969344	2008488
1789798692	15018	3969388	201	67765	18279	294498212	2114981758	84012	1969344	2000044
1789798723	15049	3970332	201	66108	18289	294546929	2115421121	84021	1970288	2000044
1789798753	15079	3970336	201	65592	18593	294636289	2115826794	84018	1970288	2000048
1789798784	15110	3968288	201	65341	17576	294709310	2116255545	84003	1970288	1998000
1789798814	15140	3968288	201	65010	16557	294793432	2116748808	83998	1970288	1998000
1789798844	15170	3968304	201	65768	17262	294842005	2117055588	84000	1970304	1998000
1789798875	15201	3967976	201	63605	16522	294923463	2117431563	83998	1969976	1998000
1789798905	15231	3972076	201	62695	16804	294972214	2117725660	84006	1969976	2002100
1789798935	15261	3967976	201	62528	17298	295021026	2118001535	84012	1969976	1998000
1789798966	15292	3968640	201	62311	17436	295102423	2118520546	84007	1969976	1998664
1789798996	15322	3970208	201	61461	16558	295151124	2118921958	84003	1969976	2000232
1789799027	15353	3967980	201	61825	15875	295229870	2119290842	84004	1969976	1998004
1789799057	15383	3982872	201	61394	17203	295303050	2119656391	83992	1969984	2012888
1789799087	15413	3972168	201	62220	17594	295384572	2120086532	83984	1969984	2002184
1789799118	15444	3970028	201	63416	18199	295433299	2120545506	83982	1969988	2000040
1789799148	15474	3970028	201	63048	17907	295512506	2120972453	83977	1969988	2000040
1789799179	15505	3970028	201	63994	17285	295569811	2121378743	83967	1969988	2000040
1789799209	15535	3970028	201	61701	16246	295671248	2121774118	83973	1969988	2000040
1789799240	15566	3970028	201	62112	17062	295724811	2122160010	83968	1969988	2000040
1789799270	15596	3970028	201	63535	17087	295773297	2122580057	83967	1969988	2000040
1789799301	15627	3970028	201	63037	16046	295857605	2122979527	83956	1969988	2000040
1789799331	15657	3970028	201	62756	16314	295906468	2123300755	83957	1969988	2000040
1789799361	15687	3970028	201	62588	16398	295984805	2123712939	83961	1969988	2000040
1789799392	15718	3969088	201	62297	16414	296041068	2124070918	83966	1969048	2000040
1789799422	15748	3969088	201	62237	17154	296090032	2124344504	83972	1969048	2000040
1789799453	15779	3969088	201	61783	16215	296170852	2124701748	83976	1969048	2000040
1789799483	15809	3969088	201	62526	16858	296219711	2125092186	83969	1969048	2000040
1789799514	15840	3969088	201	62272	16971	296295338	2125446881	83975	1969048	2000040
1789799544	15870	3969088	201	62997	17356	296348540	2125778434	83736	1969048	2000040
1789799574	15900	3970528	201	63496	17402	296421005	2126194634	83963	1969048	2001480
1789799605	15931	3969088	201	62729	16260	296481036	2126637702	83952	1969048	2000040
1789799635	15961	3969088	201	63122	17177	296553285	2127014127	83944	1969048	2000040
1789799666	15992	3969088	201	62950	17608	296641822	2127515399	84005	1969048	2000040
1789799696	16022	3969088	201	63212	17553	296690617	2127902133	83994	1969048	2000040
1789799727	16053	3971716	201	62666	18275	296770756	2128349453	83992	1969048	2002668
1789799757	16083	3969088	201	63900	18524	296849963	2128735839	83981	1969048	2000040
1789799787	16113	3981636	201	63827	16863	296928616	2129272102	83969	1969048	2012588
1789799818	16144	3969088	201	63776	18559	296982648	2129605552	83959	1969048	2000040
1789799848	16174	3969088	201	64735	18459	297055521	2130065898	83956	1969048	2000040
1789799879	16205	3981384	201	63709	16270	297165397	2130579620	83936	1971004	2010380
1789799909	16235	3969088	201	64343	17467	297214173	2130957446	83932	1969048	2000040
1789799939	16265	3974212	201	64279	17420	297273840	2131399569	83928	1969048	2005164
1789799970	16296	3969088	201	64505	18463	297347078	2131815076	83927	1969048	2000040
1789800000	16326	3969208	201	63582	16819	297432138	2132217108	83922	1969020	2000188
1789800030	16356	3969728	201	62832	16976	297505489	2132724320	83929	1969024	2000704
1789800061	16387	3969212	201	65026	16535	297591188	2133194973	83926	1969024	2000188
1789800091	16417	3970776	201	65771	17797	297639644	2133666618	83916	1970588	2000188
1789800122	16448	3970152	201	65772	17836	297719705	2134080688	83915	1969964	2000188
1789800152	16478	3970528	201	65306	18081	297797698	2134517786	83917	1969964	2000564
1789800182	16508	3968028	201	65672	17387	297846801	2134908074	83917	1966208	2001820
1789800213	16539	3980052	201	65051	16463	297954446	2135459369	83903	1966208	2013844
1789800243	16569	3966396	201	65666	17312	298003168	2135828380	83907	1966208	2000188
1789800274	16600	3972612	201	65729	17508	298064099	2136334159	83903	1966208	2006404
1789800304	16630	3982592	201	65490	17674	298161659	2136725855	83902	1966208	2016384
1789800335	16661	3975576	201	66779	18405	298242505	2137155849	83898	1975388	2000188
1789800365	16691	3970760	201	66789	17582	298316167	2137710438	83899	1966212	2004548
1789800395	16721	3966400	201	66720	18012	298377165	2138115034	83898	1966212	2000188
1789800426	16752	3975588	201	66106	18128	298474307	2138534814	83898	1966212	2009376
1789800456	16782	3966400	201	66690	17505	298532172	2138991991	83890	1966212	2000188
1789800487	16813	3970888	201	66253	17871	298629567	2139409667	83887	1966216	2004672
1789800517	16843	3967008	201	65542	18074	298689970	2139866210	83891	1966820	2000188
1789800548	16874	3966404	201	65675	18187	298762526	2140273966	83888	1966216	2000188
1789800578	16904	3966404	201	65701	18291	298846607	2140697418	83882	1966216	2000188
1789800608	16934	3966404	201	65788	19071	298895426	2141173051	83885	1966216	2000188
1789800639	16965	3969696	201	64428	17170	298996202	2141690351	83881	1966216	2003480
1789800669	16995	3972484	201	65606	16665	299052188	2142214286	83855	1972296	2000188
1789800700	17026	3969404	201	65091	16969	299131796	2142774865	83860	1965276	2004128
1789800730	17056	3969628	201	65771	17184	299184630	2143099573	83849	1965284	2004344
1789800760	17086	3987500	201	65779	17769	299284674	2143489985	83845	1965284	2022216
1789800791	17117	3966364	201	65744	18272	299337284	2143949677	83843	1965284	2001080
1789800821	17147	3965472	201	65740	18148	299410603	2144443933	83836	1965284	2000188
1789800851	17177	3965472	201	65602	18723	299497675	2144866075	83831	1965284	2000188
1789800882	17208	3965472	201	65780	19178	299546427	2145230812	83836	1965284	2000188
1789800912	17238	3965472	201	65772	17484	299629718	2145683262	83823	1965284	2000188
1789800942	17268	3965472	201	65878	17386	299678606	2146124956	83829	1965284	2000188
1789800973	17299	3965472	201	65723	16692	299756643	2146523624	83838	1965284	2000188
1789801003	17329	3965472	201	64611	16088	299787554	2146822902	83845	1965284	2000188
1789801034	17360	3965472	201	64602	16777	299836362	2147118811	83845	1965284	2000188
1789801064	17390	3991352	201	65482	15847	299940621	2147493535	83843	1991164	2000188
1789801095	17421	3969572	201	63508	15722	299989141	2147828422	83861	1965284	2004288
1789801125	17451	3969572	201	63346	16431	300037689	2148213982	83865	1965284	2004288
1789801156	17482	3977348	201	64120	17836	300118007	2148593797	83932	1965284	2012064
1789801186	17512	3969572	201	64688	18562	300166992	2149077358	83930	1965284	2004288
1789801217	17543	3982452	201	64617	17291	300273778	2149554461	83922	1965292	2017160
1789801247	17573	3969576	201	64555	17089	300322427	2149806567	83924	1965292	2004284
1789801277	17603	3969576	201	63168	17006	300377074	2150098825	83930	1965292	2004284
1789801308	17634	3969576	201	62410	17788	300480767	2150465981	83928	1965292	2004284
1789801338	17664	3969576	201	62367	17588	300510442	2150888550	83933	1965292	2004284
1789801369	17695	3969576	201	62649	17481	300558741	2151239097	83926	1965292	2004284
1789801400	17726	3969576	201	62702	17798	300636908	2151666635	83924	1965292	2004284
1789801430	17756	3969576	201	60902	16710	300689365	2152024553	83921	1965292	2004284
1789801460	17786	3969576	201	62987	16658	300766319	2152354916	83916	1965292	2004284
1789801491	17817	3969576	201	62061	17388	300821547	2152759728	83910	1965292	2004284
1789801521	17847	3969576	201	62015	17397	300900872	2153151412	83901	1965292	2004284
1789801551	17877	3969576	201	62671	17763	300978618	2153575500	83894	1965292	2004284
1789801582	17908	3969576	201	62412	18075	301056777	2154039466	83886	1965292	2004284
1789801612	17938	3969576	201	62935	18296	301105667	2154513233	83875	1965292	2004284
1789801642	17968	3969484	201	62924	17942	301162507	2154964349	83880	1965292	2004192
1789801673	17999	3969484	201	63834	18391	301265307	2155308976	83871	1965292	2004192
1789801703	18029	3969484	201	63895	19544	301318768	2155617773	83866	1965292	2004192
1789801734	18060	3976168	201	64282	18079	301398935	2156142524	83923	1965296	2010872
1789801764	18090	3969492	201	63790	17711	301478088	2156588358	83922	1965296	2004196
1789801795	18121	3969492	201	64637	18388	301556378	2157115264	83909	1965296	2004196
1789801825	18151	3969492	201	64516	18324	301609907	2157615120	83910	1965296	2004196
1789801855	18181	3970724	201	64352	18812	301707306	2158016038	83910	1965296	2005428
1789801886	18212	3973268	201	64665	19155	301768811	2158529840	83908	1965296	2007972
1789801916	18242	3969492	201	65018	18016	301848387	2159065187	83893	1965296	2004196
1789801947	18273	3969492	201	64335	17729	301926030	2159561801	83898	1965296	2004196
1789801977	18303	3970140	201	64111	18524	302002273	2160031310	83897	1965944	2004196
1789802007	18333	3969492	201	65352	19319	302051011	2160486647	83892	1965296	2004196
1789802038	18364	3972104	201	65265	19286	302158611	2160960014	83898	1967908	2004196
1789802068	18394	3969972	201	65382	18555	302238131	2161448751	83899	1965296	2004676
1789802099	18425	3969496	201	64401	18367	302287193	2161972592	83895	1965300	2004196
1789802129	18455	3971704	201	64037	18374	302365464	2162384463	83900	1965300	2006404
1789802159	18485	3969496	201	63432	17953	302468716	2162924960	83899	1965300	2004196
1789802190	18516	3973888	201	65246	17945	302500568	2163411915	83889	1965300	2008588
1789802220	18546	3977400	201	64856	17779	302604342	2163861233	83893	1973204	2004196
1789802250	18576	3969496	201	63391	17697	302659420	2164249102	83902	1965300	2004196
1789802281	18607	3979164	201	63880	17289	302712852	2164726593	83897	1973820	2005344
1789802311	18637	3979332	201	63472	17597	302815113	2165263885	83893	1965300	2014032
1789802342	18668	3969900	201	62896	16113	302871585	2165702257	83885	1965300	2004600
1789802372	18698	3976608	201	62706	16671	302950260	2166052436	83886	1965300	2011308
1789802403	18729	3972644	201	62686	16950	303025871	2166487738	83881	1965300	2007344
1789802433	18759	3974552	201	63881	17717	303074084	2166813996	83870	1969416	2005136
1789802463	18789	3970436	201	63383	17294	303182697	2167266798	83868	1965300	2005136
1789802494	18820	3973144	201	64736	16992	303256397	2167702964	83855	1965300	2007844
1789802524	18850	3970436	201	64563	17223	303313677	2168144783	83844	1965300	2005136
1789802555	18881	3978128	201	64904	17757	303386894	2168609828	83838	1965300	2012828
1789802585	18911	3982556	201	65176	17806	303465079	2169139815	83829	1977420	2005136
1789802616	18942	3982620	201	65990	16943	303522743	2169650008	83821	1975608	2007012
1789802646	18972	3975608	201	64964	17399	303633588	2170147287	83821	1965300	2010308
1789802676	19002	3978972	201	65200	17380	303682316	2170570093	83821	1965300	2013672
1789802707	19033	3970996	201	65013	18061	303731323	2170998977	83822	1965860	2005136
1789802737	19063	3981020	201	63987	15937	303838996	2171572265	83814	1966156	2014864
1789802767	19093	3976140	201	66346	16550	303918509	2172028153	83803	1965300	2010840
1789802798	19124	3981336	201	65256	16199	303949771	2172398909	83873	1965300	2016036
1789802828	19154	3986628	201	65420	17504	304022950	2172805753	83878	1965300	2021328
1789802858	19184	3970436	201	65032	18490	304102286	2173310782	83877	1965300	2005136
1789802889	19215	3987388	201	64171	16711	304175713	2173775951	83875	1965300	2022088
1789802919	19245	3974460	201	63090	15809	304262372	2174216264	83879	1965300	2009160
1789802950	19276	3984048	201	64834	16871	304335744	2174568739	83872	1965300	2018748
1789802980	19306	3970436	201	63966	18086	304387807	2175021007	83877	1965300	2005136
1789803011	19337	3996252	201	63489	16779	304490134	2175471116	83874	1965300	2030952
1789803041	19367	3986344	201	63490	17592	304546850	2175952479	83876	1965300	2021044
1789803071	19397	3973588	201	63082	18264	304626091	2176381735	83878	1965300	2008288
1789803102	19428	3973820	201	61397	17271	304705737	2176867539	83886	1965300	2008520
1789803132	19458	3981088	201	61547	17076	304784321	2177302227	83879	1965300	2015788
1789803163	19489	3981036	201	61518	17438	304840452	2177677865	83881	1965300	2015736
1789803193	19519	3970436	201	63114	16827	304945791	2178175580	83869	1965300	2005136
1789803223	19549	3970436	201	61171	14960	304999396	2178604131	83871	1965300	2005136
1789803254	19580	3990580	201	61503	16074	305048468	2178933899	83859	1965304	2025276
1789803284	19610	3986308	201	61148	16188	305128063	2179317560	83855	1965304	2021004
1789803315	19641	3970440	201	61416	15668	305177020	2179634177	83865	1965304	2005136
1789803345	19671	3970920	201	61757	17248	305254833	2180017397	83857	1965304	2005616
1789803375	19701	3970440	201	61920	17496	305309198	2180380154	83852	1965304	2005136
1789803406	19732	3970440	201	62840	17051	305381994	2180873482	83842	1965304	2005136
1789803436	19762	3975644	201	62987	17503	305439677	2181261417	83829	1965304	2010340
1789803467	19793	3970440	201	63491	18481	305513109	2181570713	83826	1965304	2005136
1789803497	19823	3971704	201	62627	17947	305569563	2182007158	83822	1965304	2006400
1789803528	19854	3971344	201	62377	17848	305625768	2182352382	83822	1965304	2006040
1789803558	19884	3970440	201	63148	18976	305729834	2182765865	83819	1965304	2005136
1789803588	19914	3978380	201	61387	16240	305807291	2183327460	83814	1965304	2013076
1789803619	19945	3979632	201	61381	16618	305884339	2183732792	83812	1965304	2014328
1789803649	19975	3971020	201	63903	18221	305939698	2184121198	83802	1965304	2005716
1789803679	20005	3983380	201	63411	18305	306016468	2184604524	83804	1965304	2018076
1789803710	20036	3970540	201	63624	18968	306094729	2184934921	83810	1965404	2005136
1789803740	20066	3972880	201	64595	17819	306175068	2185384296	83806	1965404	2007476
1789803771	20097	3977904	201	62620	16379	306223858	2185893754	83799	1965404	2012500
1789803801	20127	3973896	201	63757	16981	306277450	2186179635	83801	1965404	2008492
1789803832	20158	3978048	201	65009	18267	306353500	2186616704	83795	1972912	2005136
1789803862	20188	3978048	201	65809	18441	306432051	2187127666	83792	1972912	2005136
1789803892	20218	3990056	201	65595	17483	306511725	2187648018	83786	1972912	2017144
1789803923	20249	3977108	201	65519	17232	306591298	2187994661	83778	1972912	2004196
1789803953	20279	3977108	201	63944	15512	306646961	2188444544	83783	1972912	2004196
1789803983	20309	3977108	201	63920	15977	306719997	2188839521	83781	1972912	2004196
1789804014	20340	3977112	201	64248	16136	306783719	2189264268	83774	1972912	2004200
1789804044	20370	3977796	201	64421	16446	306857037	2189547552	83773	1972912	2004884
1789804075	20401	3977112	201	63993	15865	306911780	2189900778	83776	1972912	2004200
1789804106	20432	3978000	201	62820	15905	306964863	2190299073	83771	1972912	2005088
1789804136	20462	3977112	201	64146	16572	307013490	2190639713	83764	1972912	2004200
1789804166	20492	3977112	201	64020	16252	307122763	2191056436	83756	1972912	2004200
1789804197	20523	3977112	201	63941	17422	307171142	2191356941	83755	1972912	2004200
1789804227	20553	3977112	201	64096	17863	307258113	2191771444	83751	1972912	2004200
1789804258	20584	3977112	201	64314	18293	307331479	2192157582	83754	1972912	2004200
1789804288	20614	3977112	201	63828	18572	307385472	2192542970	83743	1972912	2004200
1789804318	20644	3984236	201	62751	15777	307488295	2193118345	83727	1975456	2008780
1789804349	20675	3983916	201	63329	16693	307542463	2193428086	83730	1979256	2004660
1789804379	20705	3979656	201	63398	17186	307597297	2193928016	83732	1975456	2004200
1789804409	20735	3979656	201	63181	17521	307670504	2194388794	83790	1975456	2004200
1789804440	20766	3985740	201	62488	17541	307755385	2194771446	83800	1975456	2010284
1789804470	20796	3979656	201	63109	18078	307804069	2195236353	83792	1975456	2004200
1789804501	20827	3984408	201	61644	16802	307908482	2195820531	83784	1980208	2004200
1789804531	20857	3983412	201	64649	16289	307964411	2196305650	83770	1979212	2004200
1789804562	20888	3986172	201	64622	17127	308043827	2196701837	83778	1981972	2004200
1789804592	20918	3983412	201	64174	17134	308071998	2197079421	83775	1979212	2004200
1789804623	20949	3983412	201	64127	17114	308175798	2197553821	83779	1979212	2004200
1789804653	20979	3984204	201	63771	17418	308230012	2197888410	83779	1979216	2004988
1789804683	21009	3989400	201	63481	17070	308335107	2198321847	83777	1979216	2010184
1789804714	21040	3986580	201	63849	16712	308390822	2198752907	83773	1979216	2007364
1789804744	21070	3983416	201	63557	17735	308467551	2199177687	83775	1979216	2004200
1789804775	21101	3983756	201	64527	16354	308546968	2199653224	83768	1979216	2004540
1789804805	21131	3983416	201	64666	17189	308619822	2200136822	83761	1979216	2004200
1789804835	21161	3988936	201	63976	16994	308679870	2200488244	83767	1979216	2009720
1789804866	21192	3983416	201	64656	16775	308753313	2200927896	83757	1979216	2004200
1789804896	21222	3983440	201	65047	16933	308809261	2201364287	83758	1979240	2004200
1789804927	21253	3983440	201	65847	17115	308887734	2201840821	83817	1979240	2004200
1789804957	21283	3983440	201	66166	17898	308965944	2202263029	83820	1979240	2004200
1789804988	21314	3986132	201	64917	16384	309020117	2202769171	83821	1979240	2006892
1789805018	21344	3992004	201	65087	17022	309092812	2203221032	83810	1979240	2012764
1789805049	21375	3983792	201	64620	17251	309149829	2203642723	83808	1979240	2004552
1789805079	21405	3983440	201	64484	17641	309223286	2204115165	83803	1979240	2004200
1789805109	21435	3986004	201	65060	15301	309329974	2204581740	83795	1981804	2004200
1789805140	21466	3987648	201	65403	16554	309379082	2204896993	83784	1979668	2007980
1789805170	21496	3983440	201	65267	16935	309462964	2205379142	83777	1979240	2004200
1789805201	21527	3987080	201	66536	17400	309512019	2205756488	83766	1979240	2007840
1789805231	21557	3983440	201	65178	17573	309589396	2206322600	83766	1979240	2004200
1789805261	21587	3983440	201	64830	17280	309669707	2206799053	83758	1979240	2004200
1789805292	21618	3996460	201	66160	16127	309749676	2207373376	83746	1988576	2007884
1789805322	21648	3983440	201	66517	16493	309804129	2207795276	83744	1979240	2004200
1789805353	21679	3989392	201	65014	16587	309877054	2208259597	83751	1979240	2010152
1789805383	21709	3987608	201	65985	17387	309938323	2208689675	83740	1979240	2008368
1789805413	21739	3983440	201	66874	17323	310011715	2209214611	83729	1979240	2004200
1789805444	21770	3983440	201	66059	17552	310094631	2209583134	83741	1979240	2004200
1789805474	21800	3983440	201	65283	17028	310143172	2210072134	83747	1979240	2004200
1789805504	21830	3983440	201	66345	16933	310247449	2210513804	83737	1979240	2004200
1789805535	21861	3988408	201	65215	17588	310320773	2210855349	83743	1979240	2009168
1789805565	21891	3983440	201	64792	17181	310375570	2211173468	83738	1979240	2004200
1789805596	21922	3983448	201	65277	18032	310429061	2211516484	83737	1979244	2004204
1789805626	21952	3994716	201	64394	17409	310529619	2211941476	83743	1979244	2015472
1789805656	21982	3983448	201	64818	18065	310584698	2212380874	83754	1979244	2004204
1789805687	22013	3988508	201	64847	18620	310640571	2212820118	83755	1979244	2009264
1789805717	22043	3983448	201	63491	17983	310743381	2213273568	83758	1979244	2004204
1789805747	22073	3986564	201	64537	17957	310823748	2213797751	83756	1979244	2007320
1789805778	22104	3983448	201	62756	16966	310872611	2214189209	83766	1979244	2004204
1789805808	22134	3983448	201	64239	17520	310927489	2214667304	83759	1979244	2004204
1789805839	22165	3983448	201	63118	17209	310980641	2215133614	83762	1979244	2004204
1789805869	22195	3983448	201	62707	17670	311083326	2215444348	83763	1979244	2004204
1789805900	22226	3996588	201	62147	15648	311136246	2215915053	83755	1986756	2009832
1789805930	22256	3990960	201	62527	15615	311209257	2216247993	83741	1986756	2004204
1789805960	22286	3990960	201	63693	16752	311269321	2216635557	83740	1986756	2004204
1789805991	22317	3990960	201	62773	16821	311366666	2217091919	83731	1986756	2004204
1789806021	22347	3995060	201	63136	17120	311429154	2217442961	83731	1986756	2008304
1789806052	22378	3990960	201	62793	18006	311478717	2217860931	83730	1986756	2004204
1789806082	22408	3990960	201	62462	17706	311587510	2218228339	83784	1986756	2004204
1789806113	22439	3991020	201	63384	18371	311635828	2218590225	83775	1986816	2004204
1789806143	22469	3991020	201	63393	19876	311684167	2218964863	83779	1986816	2004204
1789806174	22500	3998368	201	60419	16449	311793563	2219601950	83769	1986816	2011552
1789806204	22530	3993660	201	63845	18196	311873968	2219961112	83760	1986820	2006840
1789806234	22560	3993664	201	63515	17833	311904898	2220385614	83760	1986824	2006840
1789806265	22591	3995204	201	63075	18425	312002392	2220739298	83757	1986824	2008380
1789806295	22621	3998080	201	63656	19089	312081063	2221181423	83756	1986824	2011256
1789806326	22652	3998084	201	63329	18407	312130209	2221674218	83756	1986824	2011260
1789806356	22682	3998084	201	63384	17734	312241098	2222119751	83752	1986824	2011260
1789806386	22712	3998084	201	62383	16017	312289962	2222536893	83751	1986824	2011260
1789806417	22743	4013788	201	63450	17449	312373716	2222916110	83746	2002528	2011260
1789806447	22773	4013788	201	64343	17434	312447182	2223295623	83738	2002528	2011260
1789806478	22804	4013788	201	64545	18083	312499532	2223716432	83738	2002528	2011260
1789806508	22834	4013788	201	63954	18282	312603990	2224138697	83742	2002528	2011260
1789806538	22864	4011848	201	62134	16959	312680165	2224613585	83740	2000588	2011260
1789806569	22895	4019392	201	63594	17049	312760058	2225122769	83743	2000620	2018772
1789806599	22925	4019392	201	63861	17530	312815780	2225494563	83737	2000620	2018772
1789806630	22956	4019432	201	62997	17991	312893596	2225952840	83737	2000620	2018812
1789806660	22986	4019436	201	62113	17947	312971415	2226438703	83742	2000624	2018812
1789806691	23017	4019596	201	62271	17677	313026989	2226923006	83741	2004540	2015056
1789806721	23047	4031392	201	62073	17542	313100174	2227258114	83740	2016336	2015056
1789806751	23077	4031392	201	62280	17511	313158002	2227657467	83737	2016336	2015056
1789806782	23108	4031392	201	62628	18144	313230939	2228005037	83736	2016336	2015056
1789806812	23138	4031392	201	63954	18633	313310882	2228505276	83729	2016336	2015056
1789806843	23169	4031396	201	63525	18718	313341653	2228809654	83723	2016340	2015056
1789806873	23199	4031396	201	61376	17488	313444202	2229248658	83720	2016340	2015056
1789806904	23230	4031396	201	62725	18260	313499374	2229583960	83711	2016340	2015056
1789806934	23260	4031396	201	63306	17161	313603521	2230011135	83697	2016340	2015056
1789806964	23290	4037356	201	63014	17704	313656809	2230541781	83697	2022300	2015056
1789806995	23321	4037388	201	62770	17590	313729757	2230987712	83693	2022328	2015060
1789807025	23351	4037388	201	61913	16216	313790395	2231391467	83682	2022328	2015060
1789807055	23381	4037388	201	62534	17532	313838911	2231680384	83689	2022328	2015060
1789807086	23412	4038076	201	62360	17650	313914896	2232007737	83684	2022328	2015748
1789807116	23442	4037388	201	62233	17968	313996248	2232497781	83680	2022328	2015060
1789807147	23473	4040080	201	61440	15563	314073242	2232983627	83673	2022328	2017752
1789807177	23503	4036388	201	61167	15902	314126096	2233436771	83665	2022268	2014120
1789807207	23533	4036424	201	62132	16644	314174802	2233833103	83668	2022304	2014120
1789807238	23564	4037024	201	63607	16716	314229491	2234220470	83660	2022904	2014120
1789807268	23594	4050732	201	62302	15997	314330306	2234610213	83653	2036612	2014120
1789807298	23624	4047108	201	60851	14837	314384684	2235051585	83665	2032988	2014120
1789807329	23655	4050452	201	63028	15875	314463494	2235403778	83652	2036332	2014120
1789807359	23685	4050476	201	62762	15921	314543558	2235771344	83658	2036356	2014120
1789807390	23716	4054992	201	64046	17505	314598014	2236097338	83647	2040872	2014120
1789807420	23746	4055212	201	63805	17517	314695404	2236547411	83647	2041092	2014120
1789807450	23776	4056084	201	62936	16422	314757761	2236882808	83647	2041964	2014120
1789807481	23807	4056088	201	63563	16011	314835304	2237321267	83635	2041968	2014120
1789807511	23837	4056220	201	63434	16724	314860066	2237678156	83643	2042100	2014120
1789807542	23868	4056616	201	64082	17528	314940872	2238105807	83641	2042100	2014516
1789807572	23898	4053368	201	63284	18100	315018364	2238559415	83646	2038852	2014516
1789807603	23929	4049624	201	63053	16131	315099086	2239030977	83642	2035108	2014516
1789807633	23959	4049624	201	62740	15998	315153358	2239403922	83637	2035108	2014516
1789807663	23989	4051688	201	63527	15780	315202208	2239799964	83634	2037172	2014516
1789807694	24020	4057260	201	63477	15934	315281285	2240126750	83626	2042744	2014516
1789807724	24050	4057260	201	61698	16320	315360696	2240502002	83635	2042744	2014516
1789807755	24081	4057260	201	62170	16359	315415368	2240977367	83630	2042744	2014516
1789807785	24111	4062196	201	63038	15130	315495071	2241382997	83680	2047680	2014516
1789807815	24141	4057264	201	63588	15667	315573547	2241899905	83672	2042748	2014516
1789807846	24172	4059608	201	64152	17138	315629470	2242290531	83662	2042752	2016856
1789807876	24202	4057836	201	65366	18511	315702603	2242636056	83653	2042760	2015076
1789807906	24232	4057836	201	64908	17297	315784979	2243126611	83646	2042760	2015076
1789807937	24263	4050340	201	64037	16964	315858635	2243502842	83643	2035264	2015076
1789807967	24293	4050340	201	63840	17328	315920760	2243888750	83637	2035264	2015076
1789807997	24323	4053364	201	63590	18637	315970022	2244325061	83644	2035264	2018100
1789808027	24353	4053364	201	63447	18030	316075577	2244797121	83639	2035264	2018100
1789808058	24384	4053364	201	64044	18230	316148757	2245208679	83633	2035264	2018100
1789808088	24414	4053364	201	64066	17999	316205581	2245654959	83629	2035264	2018100
1789808119	24445	4049264	201	62421	17557	316261270	2246010533	83693	2031164	2018100
1789808149	24475	4049264	201	63506	19238	316364500	2246403750	83692	2031164	2018100
1789808180	24506	4074232	201	62598	17377	316444242	2246881829	83688	2031164	2043068
1789808210	24536	4055840	201	63095	17894	316523913	2247286705	83689	2031164	2024676
1789808240	24566	4049260	201	61705	17842	316577325	2247723043	83699	2031160	2018100
1789808271	24597	4077232	201	62695	18978	316651458	2248097716	83692	2031160	2046072
1789808301	24627	4063720	201	63852	20264	316723156	2248525007	83686	2045620	2018100
1789808332	24658	4063748	201	63650	19463	316800271	2248995589	83690	2045648	2018100
1789808362	24688	4070124	201	63131	17201	316881079	2249462584	83682	2052024	2018100
1789808392	24718	4095516	201	64045	16976	316958709	2249845603	83675	2076832	2018684
1789808423	24749	4063760	201	63693	17344	317007260	2250258257	83687	2045660	2018100
1789808453	24779	4063760	201	63925	17647	317064474	2250584522	83687	2045660	2018100
1789808483	24809	4063760	201	63853	18246	317142130	2250911647	83685	2045660	2018100
1789808514	24840	4063760	201	62354	16812	317224535	2251293344	83693	2045660	2018100
1789808544	24870	4063760	201	63070	15897	317278536	2251644828	83684	2045660	2018100
1789808575	24901	4063760	201	62831	15545	317335480	2251991008	83682	2045660	2018100
1789808605	24931	4063760	201	62882	16436	317409515	2252399994	83673	2045660	2018100
1789808636	24962	4063760	201	63821	15699	317463876	2252831253	83658	2045660	2018100
1789808666	24992	4062752	201	63637	16239	317518702	2253138258	83664	2044652	2018100
1789808697	25023	4068624	201	63675	16767	317595985	2253640294	83659	2043644	2024980
1789808727	25053	4070204	201	63428	16114	317674750	2254085651	83644	2044252	2025952
1789808757	25083	4067020	201	63444	15309	317753833	2254524916	83647	2044252	2022768
1789808788	25114	4063292	201	63564	16110	317802733	2254879380	83634	2044252	2019040
1789808818	25144	4063292	201	63831	16790	317884707	2255203250	83628	2044252	2019040
1789808848	25174	4065052	201	64437	17055	317958239	2255621177	83618	2044252	2020800
1789808879	25205	4064320	201	63087	14705	318014840	2256085577	83619	2044252	2020068
1789808909	25235	4067860	201	63565	16551	318069965	2256466718	83607	2044252	2023608
1789808940	25266	4063296	201	62517	15423	318173602	2256953943	83608	2044252	2019044
1789808970	25296	4063296	201	63679	16481	318226994	2257304667	83601	2044252	2019044
1789809000	25326	4063296	201	63441	17362	318299525	2257695389	83602	2044252	2019044
1789809031	25357	4063296	201	64663	16741	318363128	2258102339	83596	2044252	2019044
1789809061	25387	4070808	201	64152	17578	318437836	2258462217	83599	2044252	2026556
1789809092	25418	4070808	201	63151	15761	318519190	2258967606	83600	2044252	2026556
1789809122	25448	4070808	201	63727	15774	318573348	2259266123	83608	2044252	2026556
1789809153	25479	4070808	201	63238	17378	318653637	2259537775	83613	2044252	2026556
1789809183	25509	4070776	201	63309	17402	318709011	2259841889	83612	2044220	2026556
1789809214	25540	4070776	201	63271	17699	318758031	2260253437	83616	2044220	2026556
1789809244	25570	4070776	201	61456	14884	318865742	2260683609	83608	2044220	2026556
1789809274	25600	4072084	201	62596	15473	318914487	2261027282	83595	2045528	2026556
1789809305	25631	4070776	201	62287	15866	318971149	2261438813	83605	2044220	2026556
1789809335	25661	4070776	201	63275	17208	319025335	2261906346	83597	2044220	2026556
1789809365	25691	4070780	201	62910	17836	319127814	2262313824	83594	2044220	2026560
1789809396	25722	4082392	201	62738	18314	319182134	2262820625	83598	2044228	2038164
1789809426	25752	4082392	201	63164	18361	319254849	2263265738	83592	2044228	2038164
1789809457	25783	4085456	201	62566	16788	319339280	2263656866	83585	2047292	2038164
1789809487	25813	4084660	201	63206	17155	319412118	2264200779	83641	2044228	2040432
1789809517	25843	4082392	201	62014	17147	319472040	2264512617	83641	2044228	2038164
1789809548	25874	4082828	201	63515	17703	319545274	2264928053	83634	2044664	2038164
1789809578	25904	4081460	201	62483	17411	319601031	2265342747	83628	2044236	2037224
1789809609	25935	4089656	201	62744	17208	319678360	2265732241	83626	2052432	2037224
1789809639	25965	4081460	201	62662	17872	319757597	2266133900	83618	2044236	2037224
1789809669	25995	4081924	201	61319	16043	319837218	2266625368	83612	2044700	2037224
1789809700	26026	4090656	201	63251	17110	319916159	2267031772	83612	2053432	2037224
1789809730	26056	4087552	201	63141	17086	319970941	2267502904	83600	2046984	2040568
1789809761	26087	4095812	201	63354	17478	320044462	2267906952	83595	2046984	2048828
1789809791	26117	4098808	201	63183	17502	320132050	2268360720	83601	2049980	2048828
1789809822	26148	4095812	201	63220	17552	320180807	2268758192	83597	2046984	2048828
1789809852	26178	4095812	201	63043	17895	320264366	2269203218	83595	2046984	2048828
1789809882	26208	4095820	201	62432	17210	320337271	2269629562	83601	2046992	2048828
1789809913	26239	4099028	201	63683	17775	320390470	2270249243	83589	2046476	2052552
1789809943	26269	4095304	201	63815	16622	320471946	2270752239	83587	2046476	2048828
1789809974	26300	4095312	201	63126	17273	320573727	2271072079	83582	2046484	2048828
1789810004	26330	4095312	201	63607	17509	320625731	2271464761	83581	2046484	2048828
1789810034	26360	4096296	201	64388	17914	320674610	2271952492	83574	2046484	2049812
1789810065	26391	4095320	201	65060	18899	320758318	2272361773	83572	2046492	2048828
1789810095	26421	4101276	201	65073	17722	320831659	2272825489	83567	2046492	2054784
1789810126	26452	4095320	201	65410	18844	320893710	2273213659	83571	2046492	2048828
1789810156	26482	4095320	201	63982	18315	320967076	2273682380	83579	2046492	2048828
1789810186	26512	4095320	201	62981	18447	321052171	2274139914	83580	2046492	2048828
1789810217	26543	4095320	201	63440	18389	321101572	2274562470	83565	2046492	2048828
1789810247	26573	4095320	201	63281	17568	321182409	2275078655	83570	2046492	2048828
1789810278	26604	4095320	201	63206	17545	321284197	2275461805	83562	2046492	2048828
1789810308	26634	4099076	201	63434	17261	321337184	2275908551	83558	2046492	2052584
1789810338	26664	4099076	201	62763	17879	321415407	2276358508	83564	2046492	2052584
1789810369	26695	4098948	201	63714	18696	321494083	2276654481	83554	2046428	2052520
1789810399	26725	4097940	201	63964	18725	321549747	2277077447	83546	2045420	2052520
1789810429	26755	4097940	201	64327	18629	321598187	2277515184	83532	2045420	2052520
1789810460	26786	4097940	201	63092	15853	321681613	2277954328	83533	2045420	2052520
1789810490	26816	4097940	201	64128	18229	321730900	2278293274	83520	2045420	2052520
1789810521	26847	4097940	201	62904	17264	321810864	2278671828	83520	2045420	2052520
1789810551	26877	4099972	201	64897	18320	321864721	2279058670	83508	2045420	2054552
1789810582	26908	4102532	201	64632	18134	321967050	2279459967	83491	2045420	2057112
1789810612	26938	4102532	201	65070	17672	322047574	2279931071	83496	2045420	2057112
1789810642	26968	4102532	201	65321	17054	322096486	2280353908	83487	2045420	2057112
1789810673	26999	4107976	201	65505	17396	322182595	2280815862	83470	2045420	2062556
1789810703	27029	4126776	201	65339	17894	322267949	2281303089	83464	2045424	2081352
1789810734	27060	4124392	201	64706	18425	322342389	2281668960	83476	2045424	2078968
1789810764	27090	4119592	201	64692	17800	322400337	2282093579	83477	2045424	2074168
1789810795	27121	4114708	201	63529	17077	322497803	2282566145	83471	2045424	2069284
1789810825	27151	4135716	201	64739	17944	322581036	2282989550	83465	2045424	2090292
1789810855	27181	4125288	201	64278	17727	322629536	2283445886	83471	2045424	2079864
1789810886	27212	4116148	201	65375	18750	322683130	2283870601	83471	2045424	2070724
1789810916	27242	4116148	201	65010	16993	322786269	2284328621	83468	2045424	2070724
1789810946	27272	4119860	201	64429	15520	322871323	2284832257	83463	2045424	2074436
1789810977	27303	4125560	201	64963	16720	322919915	2285179202	83465	2054836	2070724
1789811007	27333	4119544	201	64719	17560	322999505	2285648066	83462	2044416	2075128
1789811038	27364	4115140	201	64431	18009	323053571	2286084153	83466	2044416	2070724
1789811068	27394	4111312	201	65978	17484	323126595	2286501646	83468	2049536	2061776
1789811098	27424	4111312	201	64910	17964	323210215	2286941674	83474	2049536	2061776
1789811129	27455	4110304	201	64645	18159	323283519	2287331058	83602	2048528	2061776
1789811159	27485	4110304	201	65174	19020	323344506	2287775919	83606	2048528	2061776
1789811190	27516	4113328	201	65322	19892	323443016	2288176373	83606	2048528	2064800
1789811220	27546	4110304	201	62815	17745	323504737	2288682528	83599	2048528	2061776
1789811250	27576	4110304	201	63785	17466	323602188	2289090443	83592	2048528	2061776
1789811281	27607	4115552	201	64319	17462	323658247	2289549214	83587	2048528	2067024
1789811311	27637	4115436	201	62927	17755	323706992	2289902137	83591	2048528	2066908
1789811342	27668	4115076	201	64201	18466	323784506	2290277439	83582	2053300	2061776
1789811372	27698	4117684	201	63909	16709	323863519	2290758222	83572	2048528	2069156
1789811402	27728	4110304	201	63918	17046	323936852	2291154213	83569	2048528	2061776
1789811433	27759	4110304	201	63595	17488	323971730	2291559684	83569	2048528	2061776
1789811463	27789	4131224	201	61802	16834	324069736	2292012966	83568	2048532	2082692
1789811493	27819	4110932	201	63501	17942	324128060	2292494017	83555	2049156	2061776
1789811524	27850	4110308	201	62863	17353	324225544	2292976107	83549	2048532	2061776
1789811554	27880	4110308	201	62649	16502	324287836	2293325450	83547	2048532	2061776
1789811585	27911	4106552	201	62131	15663	324360780	2293654948	83550	2048532	2058020
1789811615	27941	4106552	201	62504	17058	324443556	2294038990	83543	2048532	2058020
1789811645	27971	4106552	201	63033	18219	324492568	2294392773	83538	2048532	2058020
1789811676	28002	4106552	201	61469	17352	324570703	2294795434	83542	2048532	2058020
1789811706	28032	4106556	201	62134	18857	324628844	2295171181	83546	2048536	2058020
1789811737	28063	4106556	201	62499	18869	324701971	2295469332	83546	2048536	2058020
1789811767	28093	4107556	201	62400	18545	324781366	2295895308	83544	2048536	2059020
1789811798	28124	4106556	201	62505	18446	324855055	2296248432	83550	2048536	2058020
1789811828	28154	4106556	201	60575	17764	324913159	2296559599	83548	2048536	2058020
1789811858	28184	4106556	201	61608	16624	325010137	2297030089	83542	2048536	2058020
1789811889	28215	4106556	201	61709	16981	325072407	2297435600	83538	2048536	2058020
1789811919	28245	4106556	201	61700	17409	325146038	2297889351	83538	2048536	2058020
1789811950	28276	4106556	201	61677	17189	325232395	2298366546	83542	2048536	2058020
1789811980	28306	4106040	201	61673	17593	325281260	2298728621	83538	2048536	2057504
1789812010	28336	4106040	201	61753	17794	325391623	2299137548	83542	2048536	2057504
1789812041	28367	4101940	201	60832	18521	325440770	2299565853	83548	2044436	2057504
1789812071	28397	4105880	201	61412	18773	325489466	2299994477	83547	2044436	2061444
1789812102	28428	4101940	201	61803	19919	325574238	2300399336	83542	2044436	2057504
1789812132	28458	4104284	201	61939	19917	325647543	2300816222	83530	2046780	2057504
1789812162	28488	4104784	201	62573	18535	325730876	2301308869	83525	2044436	2060348
1789812193	28519	4101940	201	62138	18610	325779533	2301670906	83515	2044436	2057504
1789812223	28549	4101940	201	61674	18205	325859384	2302025953	83518	2044436	2057504
1789812254	28580	4101940	201	61634	17944	325913334	2302346357	83510	2044436	2057504
1789812284	28610	4101940	201	62106	18980	325991953	2302734825	83501	2044436	2057504
1789812315	28641	4101940	201	61441	17956	326067727	2303142550	83499	2044436	2057504
1789812345	28671	4106972	201	60983	17288	326123599	2303534799	83490	2044440	2062532
1789812375	28701	4101944	201	60117	17006	326221340	2303926543	83482	2044440	2057504
1789812406	28732	4117284	201	60879	18594	326281700	2304245731	83481	2044440	2072844
1789812436	28762	4102884	201	61339	18842	326330725	2304713808	83466	2044440	2058444
1789812467	28793	4116420	201	61073	17724	326440206	2305146104	83465	2044440	2071980
1789812497	28823	4109520	201	60162	16736	326488820	2305517288	83458	2044440	2065080
1789812527	28853	4102884	201	61260	18125	326572754	2305872893	83459	2044440	2058444
1789812558	28884	4103472	201	61138	17680	326646041	2306298526	83460	2044440	2059032
1789812588	28914	4102884	201	60871	17824	326700233	2306731332	83462	2044440	2058444
1789812619	28945	4106640	201	60913	18155	326780279	2307119972	83462	2048196	2058444
1789812649	28975	4106640	201	61959	17602	326857056	2307563654	83455	2048196	2058444
1789812680	29006	4106640	201	62257	16465	326909788	2307956186	83450	2048196	2058444
1789812710	29036	4119012	201	62671	17454	327007682	2308379639	83451	2053956	2065056
1789812740	29066	4109332	201	61915	17714	327071121	2308811409	83520	2048192	2061140
1789812771	29097	4110816	201	62134	17846	327144300	2309182024	83521	2048192	2062624
1789812801	29127	4107412	201	62729	18084	327204822	2309623853	83517	2048192	2059220
1789812832	29158	4107796	201	63880	19007	327302521	2310073156	83510	2048192	2059604
1789812862	29188	4106636	201	63517	19338	327363770	2310547999	83509	2048192	2058444
1789812893	29219	4113912	201	62804	17564	327461080	2310968696	83507	2048192	2065720
1789812923	29249	4112416	201	62583	19386	327522054	2311283188	83509	2048192	2064224
1789812954	29280	4113376	201	62010	18521	327595412	2311701644	83511	2049060	2064316
1789812984	29310	4106636	201	62300	18091	327681520	2312108147	83506	2048192	2058444
1789813014	29340	4109728	201	62591	18363	327730540	2312674102	83497	2051284	2058444
1789813045	29371	4110336	201	62729	16825	327807639	2313082076	83262	2048192	2062144
1789813075	29401	4106636	201	61704	17140	327862111	2313410481	83497	2048192	2058444
1789813106	29432	4114536	201	61477	18005	327967354	2313766078	83498	2048192	2066344
1789813136	29462	4106636	201	60733	18223	328020716	2314190734	83493	2048192	2058444
1789813166	29492	4107152	201	60853	16669	328124153	2314655894	83496	2048192	2058960
1789813197	29523	4119124	201	60592	16566	328179503	2315125682	83475	2048192	2070932
1789813227	29553	4109024	201	62178	16559	328257701	2315538924	83457	2048192	2060832
1789813258	29584	4108664	201	63324	17490	328338837	2315973286	83452	2048192	2060472
1789813288	29614	4105696	201	62361	18159	328388070	2316379578	83451	2048192	2057504
1789813319	29645	4114740	201	62046	16785	328490364	2316777458	83442	2048192	2066548
1789813349	29675	4117320	201	62235	16824	328571501	2317157372	83440	2048192	2069128
1789813380	29706	4105696	201	62808	17818	328626453	2317524417	83435	2048192	2057504
1789813410	29736	4105696	201	62887	18439	328706102	2318024051	83432	2048192	2057504
1789813441	29767	4105696	201	62803	17880	328761118	2318416864	83423	2048192	2057504
1789813471	29797	4106044	201	62623	16278	328841751	2318912007	83422	2048192	2057852
1789813501	29827	4105696	201	62400	16632	328921355	2319344214	83416	2048192	2057504
1789813532	29858	4117036	201	63508	17310	328998597	2319696157	83406	2059532	2057504
1789813562	29888	4105696	201	63548	17689	329055621	2320089589	83407	2048192	2057504
1789813592	29918	4124628	201	63395	18267	329136043	2320510693	83410	2048192	2076436
1789813623	29949	4116628	201	63984	17393	329211234	2320948731	83406	2059124	2057504
1789813653	29979	4105696	201	63628	17137	329315823	2321438813	83413	2048192	2057504
1789813684	30010	4105696	201	63952	16411	329370605	2321829097	83410	2048192	2057504
1789813714	30040	4113176	201	63621	17101	329443911	2322243076	83407	2048192	2064984
1789813745	30071	4108404	201	63537	16929	329503915	2322592627	83406	2048192	2060212
1789813775	30101	4110068	201	63383	17784	329577134	2323026518	83409	2052504	2057564
1789813805	30131	4107548	201	63576	16167	329663807	2323541429	83410	2048196	2059352
1789813836	30162	4106988	201	63980	16577	329737194	2323912383	83402	2048832	2058156
1789813866	30192	4104752	201	64350	17864	329821108	2324267830	83403	2047188	2057564
1789813897	30223	4115436	201	62672	17004	329894497	2324690884	83402	2047188	2068248
1789813927	30253	4104752	201	63729	17463	329948662	2325139950	83395	2047188	2057564
1789813958	30284	4104752	201	63778	17766	330006048	2325488573	83395	2047188	2057564
1789813988	30314	4104752	201	63377	16540	330079267	2325841809	83393	2047188	2057564
1789814018	30344	4114520	201	62939	17022	330139317	2326280510	83391	2050084	2064436
1789814049	30375	4104752	201	62787	17303	330236734	2326632466	83386	2047188	2057564
1789814079	30405	4109872	201	62530	17286	330298909	2327069080	83378	2047188	2062684
1789814109	30435	4110472	201	62101	17033	330372167	2327516999	83377	2047188	2063284
1789814140	30466	4109872	201	62827	17165	330425068	2327827313	83363	2047188	2062684
1789814170	30496	4109876	201	63043	17538	330479439	2328215478	83349	2047188	2062688
1789814201	30527	4109876	201	62632	17445	330555843	2328638187	83350	2047188	2062688
1789814231	30557	4109876	201	62722	17945	330633422	2329041280	83408	2047188	2062688
1789814262	30588	4109876	201	63058	17914	330682296	2329398384	83399	2047188	2062688
1789814292	30618	4109876	201	63076	18071	330765637	2329773850	83400	2047188	2062688
1789814322	30648	4110416	201	62850	17066	330814262	2330147992	83397	2047188	2063228
1789814353	30679	4109876	201	62268	15922	330919320	2330566840	83453	2047188	2062688
1789814383	30709	4110460	201	62417	17557	330997838	2330902190	83447	2047188	2063272
1789814414	30740	4115020	201	61530	16698	331053720	2331242148	83443	2047188	2067832
1789814444	30770	4109876	201	62510	17223	331109993	2331539726	83437	2047188	2062688
1789814475	30801	4109876	201	58819	16678	331213772	2331948801	83465	2047188	2062688
1789814505	30831	4110520	201	59761	18310	331267649	2332361347	83467	2047188	2063332
1789814535	30861	4141488	201	58592	17142	331316438	2332745945	83476	2077588	2063900
1789814566	30892	4110516	201	59307	18129	331369665	2333109664	83473	2047188	2063328
1789814596	30922	4109876	201	60133	19477	331448774	2333455205	83471	2047188	2062688
1789814626	30952	4109876	201	59924	19183	331526287	2333794355	83476	2047188	2062688
1789814657	30983	4109876	201	59897	18823	331605019	2334199534	83479	2047188	2062688
1789814687	31013	4109880	201	60308	19086	331659159	2334498984	83483	2047188	2062692
1789814718	31044	4110544	201	60512	19093	331739624	2334948524	83481	2047192	2063352
1789814748	31074	4109884	201	60052	17779	331812775	2335316443	83478	2047192	2062692
1789814778	31104	4109884	201	60787	18142	331868523	2335671898	83473	2047192	2062692
1789814809	31135	4109884	201	61086	18258	331974410	2336050867	83468	2047192	2062692
1789814839	31165	4109884	201	61506	18709	332022868	2336443944	83465	2047192	2062692
1789814870	31196	4130216	201	60677	17716	332102724	2336787811	83461	2067524	2062692
1789814900	31226	4109884	201	62563	16666	332183287	2337246073	83450	2047192	2062692
1789814931	31257	4109884	201	62302	16869	332239794	2337661160	83442	2047192	2062692
1789814961	31287	4128492	201	62555	17380	332293979	2338117246	83436	2047192	2081300
1789814992	31318	4110772	201	62870	17507	332396964	2338592302	83431	2047192	2063580
1789815022	31348	4125032	201	61594	17333	332449064	2339137568	83419	2062340	2062692
1789815053	31379	4136720	201	61403	16084	332527692	2339610975	83414	2047192	2089528
1789815083	31409	4109884	201	61438	15812	332606242	2339984640	83399	2047192	2062692
1789815113	31439	4109884	201	61625	16976	332655352	2340277603	83392	2047192	2062692
1789815144	31470	4109884	201	61934	17198	332710341	2340664277	83387	2047192	2062692
1789815174	31500	4109884	201	62245	17444	332790431	2341115759	83390	2047192	2062692
1789815204	31530	4109884	201	62443	16143	332868033	2341508685	83373	2047192	2062692
1789815235	31561	4114424	201	63020	16954	332925056	2341809262	83377	2051732	2062692
1789815265	31591	4118220	201	63070	18167	332973712	2342176616	83371	2055528	2062692
1789815295	31621	4118224	201	62224	17431	333058468	2342531888	83383	2055528	2062696
1789815326	31652	4118224	201	62519	17194	333131830	2342926002	83370	2055528	2062696
1789815356	31682	4118224	201	60862	15706	333214592	2343298780	83384	2055528	2062696
1789815386	31712	4128800	201	61714	15922	333287842	2343679353	83383	2055528	2073272
1789815417	31743	4121496	201	61609	16572	333371721	2344044154	83385	2057288	2064208
1789815447	31773	4118224	201	61204	16734	333420255	2344410382	83383	2055528	2062696
1789815478	31804	4118224	201	61005	16821	333469329	2344875770	83389	2055528	2062696
1789815508	31834	4118224	201	61396	17095	333526595	2345207146	83389	2055528	2062696
1789815539	31865	4118224	201	60832	15994	333623463	2345731897	83392	2055528	2062696
1789815569	31895	4118224	201	61054	16852	333685312	2346072013	83390	2055528	2062696
1789815599	31925	4118224	201	62175	18762	333758471	2346487415	83385	2055528	2062696
1789815630	31956	4125376	201	61623	17914	333837145	2346896367	83373	2062680	2062696
1789815660	31986	4114124	201	61571	18442	333910438	2347212898	83376	2055528	2058596
1789815690	32016	4114124	201	61881	16816	333992651	2347694952	83371	2055528	2058596
1789815721	32047	4115372	201	62154	17346	334065465	2347997549	83366	2056776	2058596
1789815751	32077	4115372	201	61756	15996	334121136	2348444138	83354	2056776	2058596
1789815782	32108	4115372	201	62023	16910	334200781	2348830112	83356	2056776	2058596
1789815812	32138	4115372	201	62638	16940	334250132	2349176261	83349	2056776	2058596
1789815843	32169	4115372	201	62986	14690	334308698	2349456806	83342	2056776	2058596
1789815873	32199	4115332	201	63216	15988	334382406	2349847281	83334	2056736	2058596
1789815904	32230	4115136	201	63026	16445	334466816	2350225314	83332	2060640	2054496
1789815934	32260	4115144	201	61653	15827	334540185	2350549867	83327	2060648	2054496
1789815964	32290	4115148	201	62720	16183	334622258	2350957010	83319	2060652	2054496
1789815995	32321	4115148	201	63297	16697	334671034	2351367058	83319	2060652	2054496
1789816025	32351	4115148	201	63070	17434	334750323	2351753642	83381	2060652	2054496
1789816056	32382	4115148	201	62989	17955	334779511	2352124868	83374	2060652	2054496
1789816086	32412	4116296	201	62734	17086	334877272	2352500470	83375	2060652	2055644
1789816116	32442	4115148	201	61127	15454	334959511	2352888714	83357	2060652	2054496
1789816147	32473	4117356	201	64100	16495	335033004	2353323451	83348	2060660	2056696
1789816177	32503	4118912	201	62248	16974	335093669	2353688169	83352	2060660	2058252
1789816208	32534	4118912	201	62176	16982	335166827	2354061497	83344	2060660	2058252
1789816238	32564	4118912	201	63054	17221	335218874	2354479702	83342	2060660	2058252
1789816268	32594	4118920	201	63445	16226	335296642	2354957617	83330	2060668	2058252
1789816299	32625	4118920	201	63936	16607	335376279	2355292819	83332	2060668	2058252
1789816329	32655	4122676	201	63576	16833	335430731	2355586650	83340	2060668	2062008
1789816359	32685	4122676	201	62796	17401	335533172	2355978819	83344	2060668	2062008
1789816390	32716	4122676	201	62751	17386	335586566	2356292761	83345	2060668	2062008
1789816420	32746	4122680	201	62600	17612	335665862	2356653078	83347	2060672	2062008
1789816451	32777	4122680	201	62520	17759	335714458	2357055886	83349	2060672	2062008
1789816481	32807	4122680	201	62193	17963	335793591	2357315797	83350	2060672	2062008
1789816512	32838	4122680	201	62268	17705	335848591	2357746443	83343	2060672	2062008
1789816542	32868	4118924	201	61983	17892	335927137	2358047223	83350	2056916	2062008
1789816573	32899	4118924	201	60166	16410	335980099	2358425053	83352	2056916	2062008
1789816603	32929	4118924	201	59486	16740	336053325	2358809856	83357	2056916	2062008
1789816633	32959	4118924	201	59596	17144	336108975	2359125704	83355	2056916	2062008
1789816664	32990	4118924	201	56738	15023	336157479	2359332346	83360	2056916	2062008
1789816694	33020	4118924	201	57286	16015	336206532	2359582337	83358	2056916	2062008
1789816725	33051	4118924	201	56864	14155	336288440	2359918927	83352	2056916	2062008
1789816755	33081	4118924	201	58010	16645	336362195	2360249254	83345	2056916	2062008
1789816785	33111	4118924	201	58014	15585	336446285	2360749198	83337	2056916	2062008
1789816816	33142	4118924	201	58222	16463	336519405	2360999734	83337	2056916	2062008
1789816846	33172	4118920	201	59016	16628	336581589	2361452976	83325	2056912	2062008
1789816877	33203	4118928	201	59513	17813	336655313	2361711334	83317	2056920	2062008
1789816907	33233	4120452	201	59558	18371	336708290	2362060619	83318	2058444	2062008
1789816938	33264	4118928	201	59585	18482	336785253	2362386165	83316	2056920	2062008
1789816968	33294	4118928	201	59644	19524	336865056	2362818637	83316	2056920	2062008
1789816998	33324	4126660	201	59414	17665	336921521	2363276761	83303	2064652	2062008
1789817029	33355	4118928	201	59828	18678	337023785	2363648014	83302	2056920	2062008
1789817059	33385	4118928	201	59838	18370	337077679	2364016570	83293	2056920	2062008
1789817090	33416	4118928	201	60225	17723	337126436	2364419527	83285	2056920	2062008
1789817120	33446	4118928	201	60820	17579	337235565	2364826956	83286	2056920	2062008
1789817151	33477	4118928	201	60305	17939	337259804	2365130902	83290	2056920	2062008
1789817181	33507	4118928	201	59702	17977	337338198	2365537060	83289	2056920	2062008
1789817212	33538	4123516	201	59782	17335	337442296	2365939788	83285	2061508	2062008
1789817242	33568	4118928	201	60873	16609	337522524	2366399128	83285	2056920	2062008
1789817272	33598	4122268	201	61309	17290	337577338	2366777079	83277	2060260	2062008
1789817303	33629	4118928	201	61476	17686	337657282	2367207663	83272	2056920	2062008
1789817333	33659	4121580	201	61123	18639	337734366	2367668125	83278	2059572	2062008
1789817363	33689	4125272	201	60940	17819	337814073	2368091009	83266	2063264	2062008
1789817394	33720	4128884	201	62020	18116	337892906	2368498715	83263	2066876	2062008
1789817424	33750	4122524	201	61199	17460	337970411	2368896529	83268	2060516	2062008
1789817455	33781	4139648	201	61975	16869	338050079	2369328693	83259	2077640	2062008
1789817485	33811	4126912	201	62204	18059	338104110	2369706516	83255	2064904	2062008
1789817515	33841	4126912	201	61573	18272	338183690	2370093163	83324	2064904	2062008
1789817546	33872	4126884	201	61344	18550	338262538	2370515599	83319	2064876	2062008
1789817576	33902	4126892	201	60053	15192	338336188	2370954145	83321	2064884	2062008
1789817607	33933	4126900	201	62095	16503	338398407	2371365459	83304	2064892	2062008
1789817637	33963	4127232	201	61256	16925	338471430	2371646672	83371	2065224	2062008
1789817668	33994	4134360	201	61696	17319	338526161	2372061446	83369	2064892	2069468
1789817698	34024	4140664	201	61440	18227	338579663	2372436688	83367	2064896	2075768
1789817728	34054	4140664	201	62085	18288	338656516	2372805633	83358	2064896	2075768
1789817759	34085	4150288	201	61722	15431	338734343	2373337540	83347	2064896	2085392
1789817789	34115	4140836	201	61084	15914	338838185	2373660018	83341	2064896	2075940
1789817820	34146	4140840	201	61735	16824	338868851	2374011434	83337	2064896	2075944
1789817850	34176	4141416	201	61251	17897	338941772	2374299530	83339	2064896	2076520
1789817880	34206	4154804	201	62864	16347	339020440	2374885014	83316	2075112	2079692
1789817911	34237	4141420	201	62699	16903	339044727	2375241565	83312	2065476	2075944
1789817941	34267	4140412	201	62347	16545	339145130	2375650073	83309	2064468	2075944
1789817972	34298	4140412	201	60491	15347	339222393	2376077054	83311	2064468	2075944
1789818002	34328	4137816	201	61802	15614	339302203	2376373310	83299	2061872	2075944
1789818032	34358	4137992	201	62538	16246	339357063	2376716596	83298	2062048	2075944
1789818063	34389	4137640	201	61780	17024	339430270	2377071631	83306	2061696	2075944
1789818093	34419	4136792	201	61934	17533	339516087	2377504472	83307	2060848	2075944
1789818124	34450	4136816	201	60946	17584	339589306	2377995749	83312	2060848	2075968
1789818154	34480	4136816	201	61088	15371	339648277	2378398485	83308	2060848	2075968
1789818184	34510	4136816	201	60383	15955	339746142	2378800368	83313	2060848	2075968
1789818215	34541	4137384	201	60160	16764	339807699	2379134539	83313	2061416	2075968
1789818245	34571	4136816	201	60043	17584	339880781	2379505738	83309	2060848	2075968
1789818275	34601	4136816	201	59026	16843	339968225	2379885759	83326	2060848	2075968
1789818306	34632	4136816	201	59471	17224	340017012	2380274036	83320	2060848	2075968
1789818336	34662	4149056	201	59624	16074	340123374	2380704241	83315	2060848	2088208
1789818367	34693	4148736	201	60296	16589	340171812	2381103410	83314	2060848	2087888
1789818397	34723	4148736	201	60493	17676	340279037	2381509951	83313	2060848	2087888
1789818427	34753	4148736	201	60249	17665	340328194	2381895551	83314	2060848	2087888
1789818458	34784	4148740	201	59951	17893	340377051	2382190471	83316	2060852	2087888
1789818488	34814	4156252	201	59122	17165	340464206	2382565163	83311	2068364	2087888
1789818519	34845	4155244	201	59902	17797	340537271	2383059257	83308	2068364	2086880
1789818549	34875	4154688	201	58907	16143	340622218	2383397265	83299	2068368	2086320
1789818579	34905	4154696	201	59043	16864	340670822	2383644841	83294	2068376	2086320
1789818610	34936	4154696	201	58535	17512	340755648	2384004711	83287	2068376	2086320
1789818640	34966	4152164	201	58410	17325	340804587	2384448151	83284	2068376	2083788
1789818670	34996	4152164	201	58413	17948	340912538	2384753450	83282	2068376	2083788
1789818701	35027	4152168	201	58972	17063	340985521	2385267407	83272	2068376	2083792
1789818731	35057	4152168	201	59339	17193	341037282	2385518034	83263	2068376	2083792
1789818761	35087	4152168	201	58601	18036	341091859	2385848422	83264	2068376	2083792
1789818792	35118	4152928	201	58926	18903	341172605	2386219960	83266	2069136	2083792
1789818822	35148	4153888	201	57061	16225	341249169	2386643216	83267	2069496	2084392
1789818852	35178	4153296	201	58705	16820	341353171	2387093633	83248	2069504	2083792
1789818883	35209	4153296	201	59421	17048	341408003	2387409875	83240	2069504	2083792
1789818913	35239	4153296	201	59267	17835	341457046	2387808830	83244	2069504	2083792
1789818944	35270	4154504	201	59717	18407	341566082	2388167676	83248	2070712	2083792
1789818974	35300	4165760	201	58853	16898	341639185	2388612408	83240	2081968	2083792
1789819005	35331	4176672	201	59486	17378	341698434	2388967189	83249	2092880	2083792
1789819035	35361	4158696	201	60346	17952	341771760	2389522204	83244	2074904	2083792
1789819065	35391	4166140	201	59225	17754	341884594	2389973522	83252	2081916	2084224
1789819096	35422	4169408	201	59664	17423	341932167	2390444779	83241	2073896	2095512
1789819126	35452	4185984	201	60547	17718	342016236	2390740000	83242	2088060	2097924
1789819156	35482	4190192	201	61250	18295	342064482	2391104511	83238	2077980	2112212
1789819187	35513	4190192	201	60654	18414	342141361	2391470816	83236	2077980	2112212
1789819217	35543	4190584	201	61741	19066	342247853	2391829129	83239	2077980	2112604
1789819247	35573	4190584	201	60104	18031	342303373	2392170166	83242	2077980	2112604
1789819278	35604	4186828	201	59545	18665	342382486	2392519948	83240	2074224	2112604
1789819308	35634	4192520	201	60421	18948	342459587	2392824164	83233	2074224	2118296
1789819339	35665	4187396	201	61137	19426	342537120	2393193222	83002	2074224	2113172
1789819369	35695	4187396	201	61137	19176	342616910	2393553620	83296	2074224	2113172
1789819399	35725	4187404	201	60966	19412	342672134	2393973439	83298	2074224	2113180
1789819430	35756	4188096	201	59872	17317	342751596	2394342672	83292	2074912	2113184
1789819460	35786	4209936	201	60035	16439	342832865	2394700670	83285	2096320	2113616
1789819491	35817	4187840	201	59557	16905	342912137	2394977648	83273	2074224	2113616
1789819521	35847	4194440	201	59294	16777	342960577	2395282605	83272	2074224	2120216
1789819551	35877	4198552	201	58597	16185	343047119	2395680358	83265	2074224	2124328
1789819582	35908	4198552	201	59367	17010	343095844	2395981645	83257	2074224	2124328
1789819612	35938	4198556	201	59514	17203	343176033	2396326185	83256	2074224	2124332
1789819642	35968	4199844	201	59824	15590	343231262	2396771534	83246	2074224	2125620
1789819673	35999	4207500	201	59605	16237	343328998	2397028264	83236	2083168	2124332
1789819703	36029	4202992	201	60032	16119	343389471	2397410852	83232	2076096	2126896
1789819734	36060	4203168	201	60633	16761	343463190	2397727435	83225	2076096	2127072
1789819764	36090	4200376	201	58643	15401	343525444	2398183758	83226	2076044	2124332
1789819794	36120	4200416	201	59904	17293	343598943	2398494526	83223	2076084	2124332
1789819825	36151	4200416	201	59243	15571	343681494	2398896436	83212	2076084	2124332
1789819855	36181	4200416	201	59524	16380	343754553	2399165475	83211	2076084	2124332
1789819886	36212	4196800	201	59091	17461	343810525	2399484992	83213	2076084	2120716
1789819916	36242	4196316	201	58945	17423	343889937	2399837825	83219	2076084	2120232
1789819946	36272	4196316	201	57748	15011	343995253	2400313344	83206	2076084	2120232
1789819977	36303	4196316	201	58657	15750	344030636	2400598396	83209	2076084	2120232
1789820007	36333	4196316	201	58942	15865	344079957	2400925093	83209	2076084	2120232
1789820038	36364	4196316	201	58711	16592	344165085	2401188592	83211	2076084	2120232
1789820068	36394	4196316	201	58233	17460	344238418	2401605242	83213	2076084	2120232
1789820099	36425	4198616	201	57880	15506	344294501	2402023100	83209	2078384	2120232
1789820129	36455	4200844	201	59092	15372	344348550	2402280161	83208	2080612	2120232
1789820160	36486	4196316	201	58474	15638	344453182	2402631543	83207	2076084	2120232
1789820190	36516	4196316	201	59065	17411	344507862	2403042299	83202	2076084	2120232
1789820221	36547	4196316	201	58888	17926	344581450	2403386948	83206	2076084	2120232
1789820251	36577	4196316	201	58538	15633	344643523	2403754678	83194	2076084	2120232
1789820282	36608	4196316	201	58784	16190	344716472	2404042549	83192	2076084	2120232
1789820312	36638	4196316	201	58383	16290	344770278	2404477638	83186	2076084	2120232
1789820343	36669	4197168	201	59759	16131	344850293	2404886498	83172	2076936	2120232
1789820373	36699	4196316	201	59119	16364	344931583	2405207024	83171	2076084	2120232
1789820404	36730	4196316	201	57775	15368	344988405	2405581700	83169	2076084	2120232
1789820434	36760	4196320	201	58768	15772	345068564	2405951966	83222	2076088	2120232
1789820464	36790	4196320	201	59607	15959	345149230	2406248406	83224	2076088	2120232
1789820495	36821	4196320	201	59878	16387	345173159	2406636399	83205	2076088	2120232
1789820525	36851	4196320	201	59579	16511	345253904	2407010251	83199	2076088	2120232
1789820556	36882	4202928	201	59958	15791	345311486	2407313352	83198	2082696	2120232
1789820586	36912	4196320	201	59974	15669	345390683	2407619363	83187	2076088	2120232
1789820616	36942	4196320	201	60771	16350	345495331	2407976467	83186	2076088	2120232
1789820647	36973	4196320	201	59940	16452	345519732	2408322645	83184	2076088	2120232
1789820677	37003	4196320	201	59942	15906	345630222	2408686318	83178	2076088	2120232
1789820708	37034	4188808	201	60062	16654	345678901	2409022282	83180	2068576	2120232
1789820738	37064	4188808	201	59952	15975	345730848	2409308708	83174	2068576	2120232
1789820768	37094	4188808	201	60489	15680	345810524	2409684608	83175	2068576	2120232
1789820799	37125	4198340	201	60857	16232	345865317	2410018116	83166	2078108	2120232
1789820829	37155	4188808	201	60375	17015	345972683	2410440025	83175	2068576	2120232
1789820860	37186	4188808	201	60226	15353	346027336	2410853383	83172	2068576	2120232
1789820890	37216	4188808	201	60871	16283	346100593	2411119224	83172	2068576	2120232
1789820920	37246	4188808	201	60647	16995	346162356	2411477691	83178	2068576	2120232
1789820951	37277	4188808	201	60121	17263	346235684	2411858770	83185	2068576	2120232
1789820981	37307	4188808	201	60319	18046	346316365	2412157002	83186	2068576	2120232
1789821012	37338	4188808	201	59448	15643	346397519	2412560324	83175	2068576	2120232
1789821042	37368	4193944	201	59583	15594	346451870	2412850238	83178	2073712	2120232
1789821073	37399	4194192	201	60423	16999	346530726	2413119216	83177	2073960	2120232
1789821103	37429	4194192	201	60114	18032	346554969	2413425089	83180	2073960	2120232
1789821134	37460	4195312	201	59354	16525	346639721	2413841032	83179	2075080	2120232
1789821164	37490	4195312	201	58785	16263	346688314	2414106936	83236	2075080	2120232
1789821195	37521	4195312	201	58962	16372	346768778	2414421395	83229	2075080	2120232
1789821225	37551	4195312	201	58018	16441	346822379	2414778578	83231	2075080	2120232
1789821256	37582	4195312	201	58210	17547	346895997	2415074440	83232	2075080	2120232
1789821286	37612	4195312	201	58058	17865	346980590	2415418044	83227	2075080	2120232
1789821316	37642	4198060	201	57649	14789	347029207	2415801071	83226	2077828	2120232
1789821347	37673	4205640	201	57701	15271	347112195	2416161281	83208	2085408	2120232
1789821377	37703	4205792	201	58038	16850	347185918	2416399330	83202	2085560	2120232
1789821408	37734	4201696	201	58317	18316	347263884	2416745414	83201	2081464	2120232
1789821438	37764	4201960	201	58133	17946	347322234	2417131624	83200	2081728	2120232
1789821468	37794	4202324	201	57921	15844	347428107	2417629536	83187	2082092	2120232
1789821499	37825	4204764	201	58310	17235	347501544	2417918961	83190	2084532	2120232
1789821529	37855	4205820	201	58297	17903	347556981	2418297728	83191	2085588	2120232
1789821559	37885	4206776	201	57948	17419	347637312	2418694969	83180	2086544	2120232
1789821590	37916	4210208	201	58706	17859	347716389	2418981446	83181	2089976	2120232
1789821620	37946	4204796	201	58259	16558	347796136	2419536912	83171	2084564	2120232
1789821650	37976	4204796	201	58208	17147	347873665	2419839119	83169	2084564	2120232
1789821681	38007	4204796	201	59118	16331	347927480	2420292488	83165	2084564	2120232
1789821711	38037	4204796	201	58387	17549	348034225	2420769406	83157	2084564	2120232
1789821742	38068	4204796	201	59000	17118	348090411	2421069809	83155	2084564	2120232
1789821772	38098	4204796	201	60115	17334	348164046	2421358826	83157	2084564	2120232
1789821802	38128	4200748	201	59856	17773	348248488	2421757159	83158	2083540	2117208
1789821833	38159	4199724	201	59822	18373	348297315	2422158701	83157	2082516	2117208
1789821863	38189	4198716	201	59911	19780	348405620	2422521935	83160	2081508	2117208
1789821893	38219	4197708	201	60511	18235	348454972	2422920487	83151	2081508	2116200
1789821924	38250	4196696	201	61627	18259	348534406	2423224838	83145	2080496	2116200
1789821954	38280	4194816	201	60718	18676	348612319	2423522294	83147	2078616	2116200
1789821985	38311	4198096	201	58650	17294	348665613	2423896830	83157	2081896	2116200
1789822015	38341	4194816	201	59724	18422	348746687	2424265871	83150	2078616	2116200
1789822045	38371	4194816	201	58535	17377	348826392	2424636088	83150	2078616	2116200
1789822076	38402	4194816	201	58078	18042	348880379	2424958633	83149	2078616	2116200
1789822106	38432	4194816	201	58290	17025	348958775	2425374631	83144	2078616	2116200
1789822137	38463	4194816	201	58553	16991	349039559	2425738061	83135	2078616	2116200
1789822167	38493	4194816	201	58055	16849	349118013	2426082363	83131	2078616	2116200
1789822197	38523	4200108	201	59233	17605	349166677	2426420703	83118	2083908	2116200
1789822228	38554	4197928	201	58961	18261	349253302	2426829340	83113	2081728	2116200
1789822258	38584	4197940	201	58230	18055	349326619	2427145483	83114	2081740	2116200
1789822288	38614	4197940	201	57322	17393	349382719	2427572115	83113	2081740	2116200
1789822318	38644	4198480	201	58441	16350	349486307	2427908964	83106	2082280	2116200
1789822349	38675	4200504	201	59609	17863	349540397	2428308828	83096	2084304	2116200
1789822379	38705	4200008	201	59358	19032	349620608	2428640261	83094	2083808	2116200
1789822410	38736	4200008	201	59058	17778	349698854	2429055317	83088	2083808	2116200
1789822440	38766	4200008	201	57984	17378	349752080	2429467720	83086	2083808	2116200
1789822470	38796	4199428	201	60137	16179	349857429	2429924088	83062	2083228	2116200
1789822501	38827	4199428	201	62133	17216	349914940	2430142310	83055	2083228	2116200
1789822531	38857	4198460	201	61464	17466	349964043	2430573931	83057	2083268	2115192
1789822562	38888	4198460	201	61793	18373	350070471	2430958521	83055	2083268	2115192
1789822592	38918	4198460	201	61961	18885	350144275	2431331827	83054	2083268	2115192
1789822623	38949	4204264	201	60199	16027	350227571	2431762123	83051	2089072	2115192
1789822653	38979	4200092	201	62329	17170	350276365	2432074632	83046	2084900	2115192
1789822683	39009	4200092	201	62106	17558	350366006	2432423329	83047	2084900	2115192
1789822714	39040	4200092	201	62468	18928	350439628	2432762959	83043	2084900	2115192
1789822744	39070	4200096	201	62381	18682	350523427	2433200465	83048	2084904	2115192
1789822774	39100	4207080	201	61931	17254	350596784	2433591828	83047	2091888	2115192
1789822805	39131	4207088	201	61714	16106	350680468	2434017064	83031	2091896	2115192
1789822835	39161	4207536	201	61947	16386	350728664	2434399021	83093	2092344	2115192
1789822866	39192	4203332	201	63404	18006	350833680	2434718029	83086	2091896	2111436
1789822896	39222	4203332	201	61317	18132	350889036	2435132703	83102	2091896	2111436
1789822926	39252	4203332	201	60898	17820	350937957	2435482721	83103	2091896	2111436
1789822957	39283	4203828	201	61915	17615	350992223	2435750330	83096	2092392	2111436
1789822987	39313	4203828	201	61733	18034	351089329	2436090661	83093	2092392	2111436
1789823018	39344	4211652	201	62269	17540	351146110	2436475456	83088	2100216	2111436
1789823048	39374	4201092	201	61484	18154	351194989	2436718626	83085	2093408	2107684
1789823078	39404	4201100	201	61438	18397	351273615	2437050762	83083	2093416	2107684
1789823109	39435	4201100	201	61720	19101	351352680	2437390501	83076	2093416	2107684
1789823139	39465	4201100	201	61209	17489	351464748	2437810021	83068	2093416	2107684
1789823170	39496	4201100	201	60632	16321	351513829	2438157584	83062	2093416	2107684
1789823200	39526	4202056	201	60858	16735	351562704	2438402411	83059	2094372	2107684
1789823230	39556	4201100	201	60861	17486	351645516	2438773535	83057	2093416	2107684
1789823261	39587	4201100	201	58584	16776	351718825	2439190342	83059	2093416	2107684
1789823291	39617	4201100	201	60068	18235	351778088	2439615345	83064	2093416	2107684
1789823322	39648	4201100	201	59513	18293	351851535	2439949263	83066	2093416	2107684
1789823352	39678	4201100	201	59492	16585	351928818	2440363119	83054	2093416	2107684
1789823382	39708	4201100	201	59275	16118	351983061	2440663359	83057	2093416	2107684
1789823413	39739	4201100	201	59331	18405	352062777	2440935194	83050	2093416	2107684
1789823443	39769	4201100	201	59324	18232	352115814	2441328728	83049	2093416	2107684
1789823474	39800	4201100	201	59235	18007	352216760	2441649822	83050	2093416	2107684
1789823504	39830	4201100	201	59834	18827	352271010	2441923705	83115	2093416	2107684
1789823534	39860	4201100	201	59058	15951	352374560	2442362632	83113	2093416	2107684
1789823565	39891	4201100	201	59170	16678	352453547	2442693728	83112	2093416	2107684
1789823595	39921	4199068	201	59846	17576	352532921	2443110202	83103	2091384	2107684
1789823626	39952	4199068	201	60091	18538	352587699	2443424743	83104	2091384	2107684
1789823656	39982	4198060	201	57899	17954	352667708	2443845256	83112	2090376	2107684
1789823686	40012	4198060	201	57786	17199	352716582	2444123182	83111	2090376	2107684
1789823717	40043	4198060	201	58051	16278	352802760	2444530121	83115	2090376	2107684
1789823747	40073	4197996	201	58670	16931	352851623	2444865793	83107	2090376	2107620
1789823777	40103	4198448	201	59427	18163	352930112	2445190959	83101	2090828	2107620
1789823808	40134	4200908	201	58069	15317	353007302	2445604719	83090	2093132	2107776
1789823838	40164	4200908	201	57385	13223	353007302	2445627367	83087	2093132	2107776
