ts	elapsed	rss_kb	threads	fds	tcp_est	crawled_bytes	discovered_bytes	disk_free_mb	rss_kb_0	rss_kb_1
1789622833	0	117720	1	4	3	0	0	94760	51448	66272
1789622863	30	1451452	42	3450	2678	0	665464	94722	728108	723344
1789622894	61	1747548	49	8458	4346	48730	1913500	94644	884484	863064
1789622924	91	1903908	70	14211	5843	103974	3016075	94564	941888	962020
1789622954	121	2228344	78	20756	7248	153471	4166351	94468	1101532	1126812
1789622985	152	2313780	93	24243	8623	217048	5344186	94407	1145652	1168128
1789623015	182	2483388	121	28790	10216	266723	6293340	94342	1215412	1267976
1789623045	212	2616008	121	33788	11053	330342	7256419	94265	1284872	1331136
1789623076	243	2849852	131	38396	12299	379806	8504588	94185	1381236	1468616
1789623106	273	2885944	136	42068	12582	438959	9628337	94113	1425316	1460628
1789623137	304	3051624	136	45462	12729	489078	10894453	94043	1507092	1544532
1789623167	334	3115056	145	49686	13069	550350	11864822	93967	1491696	1623360
1789623197	364	3189560	159	52361	13646	599683	12810354	93911	1550544	1639016
1789623228	395	3282776	159	56825	14062	667069	13807043	93845	1599244	1683532
1789623258	425	3410680	160	59879	15401	716661	14501515	93791	1646004	1764676
1789623289	456	3516132	172	61203	15373	747287	15417576	93737	1708904	1807228
1789623319	486	3531848	172	62872	15720	776589	16243456	93700	1684508	1847340
1789623350	517	3604272	172	65058	15861	825957	17274824	93652	1730068	1874204
1789623380	547	3665264	177	67279	15504	892287	18055052	93600	1768744	1896520
1789623411	578	3649576	183	68784	15072	942030	18982619	93559	1747940	1901636
1789623441	608	3695656	198	68521	14088	967007	19815369	93529	1768580	1927076
1789623471	638	3723504	198	70469	14213	1004670	20827867	93482	1778620	1944884
1789623502	669	3703048	198	72216	13788	1053896	21770427	93446	1790548	1912500
1789623532	699	3714352	198	73777	14392	1119472	22528914	93396	1790296	1924056
1789623562	729	3756044	198	74882	14303	1143943	23251166	93359	1789952	1966092
1789623593	760	3780300	198	76334	15099	1192643	23918637	93325	1827128	1953172
1789623623	790	3778676	201	77929	15170	1235826	24539406	93287	1802020	1976656
1789623654	821	3811696	201	81051	14780	1284902	25311961	93223	1814440	1997256
1789623684	851	3867240	201	83082	14718	1347308	26019998	93184	1831196	2036044
1789623715	882	3875248	201	84075	14597	1372089	26742606	93144	1841532	2033716
1789623745	912	3897520	201	84272	14519	1428908	27487614	93097	1849312	2048208
1789623775	942	3920072	201	87285	13887	1461752	28191144	93058	1875220	2044852
1789623806	973	3929136	201	86922	14073	1510957	28796878	93027	1869624	2059512
1789623836	1003	3979640	201	87621	13440	1576157	29465523	92992	1904544	2075096
1789623866	1033	4024360	201	89288	13612	1576157	30266802	92965	1923456	2100904
1789623897	1064	3980736	201	90060	13900	1650209	31030482	92931	1891708	2089028
1789623927	1094	4002428	201	90002	13260	1693301	31903132	92913	1903940	2098488
1789623958	1125	4032676	201	90255	13699	1743146	32632747	92889	1899772	2132904
1789623988	1155	4046768	201	90491	13198	1776167	33723019	92863	1920960	2125808
1789624018	1185	4087512	201	89452	13665	1809540	34763914	92842	1929192	2158320
1789624049	1216	4085784	201	89117	12625	1858511	35581117	92833	1918888	2166896
1789624079	1246	4094404	201	89824	14401	1892284	36141214	92810	1942372	2152032
1789624109	1276	4099640	201	90142	14334	1926835	36904410	92776	1944044	2155596
1789624140	1307	4154248	201	90477	14802	1999160	37511773	92771	1957976	2196272
1789624170	1337	4115228	201	90169	14107	2045767	38225110	92746	1946280	2168948
1789624201	1368	4085956	201	90945	14411	2094890	38758213	92281	1907784	2178172
1789624231	1398	4028788	201	90780	14411	2156723	39347265	92278	1894908	2133880
1789624262	1429	3973924	201	90693	14201	2181606	39936100	92268	1902412	2071512
1789624292	1459	3993068	201	90884	13801	2238727	40522230	92260	1920368	2072700
1789624323	1490	4012424	201	90661	13744	2238727	41229727	92234	1919412	2093012
1789624353	1520	3967188	201	90375	12940	2297202	41964118	92221	1906856	2060332
1789624384	1551	3965768	201	90161	12906	2356292	42636032	92208	1909856	2055912
1789624414	1581	3959656	201	90598	13599	2390142	43030121	92193	1902064	2057592
1789624444	1611	3962848	201	89657	13074	2414745	43678762	92190	1919932	2042916
1789624475	1642	3971500	201	90170	12473	2464286	44214701	92170	1928712	2042788
1789624505	1672	3930220	201	88348	12575	2510237	44972968	92168	1918404	2011816
1789624535	1702	3941152	201	90039	12519	2535320	45567903	92146	1921984	2019168
1789624566	1733	3912588	201	89402	12070	2584703	46191902	92135	1913644	1998944
1789624596	1763	3971484	201	90489	12890	2627961	46935435	92111	1912144	2059340
1789624627	1794	3933260	201	90523	12780	2652577	47570300	92106	1927664	2005596
1789624657	1824	3931060	201	90635	13857	2701272	47983589	92095	1906708	2024352
1789624687	1854	3926028	201	89294	13077	2751572	48828177	92076	1903420	2022608
1789624718	1885	3961908	201	91037	14186	2800376	49318935	92068	1947956	2013952
1789624748	1915	3942672	201	90379	14751	2836125	49888986	92045	1908036	2034636
1789624779	1946	3932684	201	91190	14238	2870061	50346881	92023	1915788	2016896
1789624809	1976	3897820	201	91618	15086	2918586	50830878	92018	1910300	1987520
1789624839	2006	3901976	201	91397	14249	2989526	51340603	91996	1911368	1990608
1789624870	2037	3920432	201	90990	13747	3014208	51916877	91975	1920876	1999556
1789624900	2067	3890496	201	90881	13438	3074609	52528465	91971	1904408	1986088
1789624931	2098	3931940	201	91382	14715	3109000	53073734	91938	1921052	2010888
1789624961	2128	3909688	201	90477	13941	3158769	53772841	91917	1910184	1999504
1789624991	2158	3913656	201	91156	15107	3229624	54422538	91908	1909184	2004472
1789625022	2189	3915444	201	91680	15124	3254366	55166238	91882	1925048	1990396
1789625052	2219	3976840	201	91095	14686	3314326	55654168	91868	1969188	2007652
1789625083	2250	3966072	201	89422	14121	3374666	56318819	91879	1935584	2030488
1789625114	2281	3987420	201	90180	15153	3374666	56678750	91873	1967164	2020256
1789625144	2311	4028604	201	91429	14781	3437032	57261065	91852	1948364	2080240
1789625174	2341	4003396	201	89514	13052	3497497	57930512	91845	1939688	2063708
1789625205	2372	3987568	201	92137	15324	3547176	58543417	91831	1937984	2049584
1789625235	2402	4032732	201	92411	14955	3599091	59310828	91823	1969616	2063116
1789625266	2433	4047512	201	91525	15902	3623698	59844971	91810	1985716	2061796
1789625296	2463	4062104	201	91833	15888	3686819	60626085	91793	1984472	2077632
1789625326	2493	4091692	201	91311	15598	3749831	61293296	91781	2000252	2091440
1789625357	2524	4125404	201	91231	15762	3810777	61897387	91772	1979884	2145520
1789625387	2554	4072996	201	90880	15549	3847370	62484909	91773	1967804	2105192
1789625418	2585	4094424	201	92198	16042	3896154	62971584	91761	1990156	2104268
1789625448	2615	4090296	201	92309	16471	3964970	63423507	91757	1978188	2112108
1789625478	2645	4113504	201	91531	15480	3989255	63947107	91747	1978088	2135416
1789625509	2676	4119896	201	91133	14623	4082556	64435312	91736	1986076	2133820
1789625539	2706	4094828	201	90989	15358	4082556	64934467	91724	1990980	2103848
1789625569	2736	4096060	201	90973	15265	4131937	65526024	91715	1983392	2112668
1789625600	2767	4137764	201	91184	14723	4209548	66141755	91701	1980468	2157296
1789625630	2797	4163704	201	91099	14340	4258883	66746990	91677	1990240	2173464
1789625661	2828	4153704	201	90424	13563	4321542	67403378	91673	1993228	2160476
1789625691	2858	4175200	201	90694	14272	4336382	67805809	91654	1997168	2178032
1789625722	2889	4171472	201	90517	13861	4385458	68443779	91625	2000136	2171336
1789625752	2919	4156120	201	90462	13752	4448898	68932497	91622	1994600	2161520
1789625782	2949	4154692	201	89378	12939	4462747	69571782	91604	2005200	2149492
1789625813	2980	4151888	201	90377	13930	4512655	69979528	91588	2002284	2149604
1789625843	3010	4207392	201	91221	15360	4588311	70561516	91565	2009404	2197988
1789625873	3040	4183464	201	91208	14227	4637636	71299760	91538	2029064	2154400
1789625904	3071	4201636	201	91440	14871	4677993	71784878	91523	2037236	2164400
1789625934	3101	4208804	201	90442	16111	4716048	72235677	91518	2024524	2184280
1789625965	3132	4186424	201	91362	16224	4765061	72833580	91504	2020964	2165460
1789625995	3162	4251716	201	92574	16964	4842571	73212709	91491	2077716	2174000
1789626026	3193	4219252	201	90370	16246	4866569	73876955	91495	2051272	2167980
1789626056	3223	4216812	201	91965	15844	4926895	74353531	91478	2042568	2174244
1789626086	3253	4227020	201	92138	15078	4987323	74787516	91473	2054048	2172972
1789626117	3284	4229676	201	90979	15946	5011852	75174707	91475	2042356	2187320
1789626147	3314	4239196	201	91522	15458	5086511	75654132	91461	2050824	2188372
1789626177	3344	4211264	201	91002	13574	5136111	76244842	91458	2042244	2169020
1789626208	3375	4213192	201	91255	14226	5176603	76641380	91452	2048712	2164480
1789626238	3405	4214712	201	90065	13515	5218035	77325536	91439	2048604	2166108
1789626269	3436	4251740	201	90388	13387	5267077	77953175	91429	2046440	2205300
1789626299	3466	4196524	201	90694	13249	5345962	78684047	91422	2039540	2156984
1789626329	3496	4216972	201	91059	14705	5345962	79129914	91413	2034448	2182524
1789626360	3527	4213328	201	89491	13853	5395444	79675463	91410	2040496	2172832
1789626390	3557	4224520	201	91157	14757	5474520	80153590	91405	2052664	2171856
1789626421	3588	4222500	201	90985	14354	5499456	80778255	91383	2062040	2160460
1789626451	3618	4209776	201	90137	14762	5564692	81265671	91383	2048404	2161372
1789626481	3648	4249920	201	92288	16034	5604819	81749812	91369	2051816	2198104
1789626512	3679	4219824	201	93213	16233	5678887	82297273	91357	2054360	2165464
1789626542	3709	4227592	201	92811	16038	5737992	82769538	91347	2062860	2164732
1789626573	3740	4245408	201	92591	16822	5787059	83211373	91331	2073280	2172128
1789626603	3770	4287728	201	92101	16116	5851556	83639659	91317	2080928	2206800
1789626634	3801	4251008	201	91685	15879	5893953	84213187	91303	2065680	2185328
1789626664	3831	4248052	201	92681	17026	5959553	84756220	91278	2058260	2189792
1789626694	3861	4237280	201	91710	15542	6020524	85456117	91260	2048060	2189220
1789626725	3892	4236556	201	92084	15807	6045286	85948106	91234	2065320	2171236
1789626755	3922	4222568	201	91595	16265	6119541	86471687	91218	2060260	2162308
1789626786	3953	4246652	201	90744	15562	6168522	86986317	91210	2063344	2183308
1789626816	3983	4206204	201	91496	15465	6247223	87579036	91185	2043104	2163100
1789626846	4013	4205264	201	91746	16037	6296795	88169068	91177	2042228	2163036
1789626877	4044	4264124	201	92235	16213	6364788	88601991	91162	2117064	2147060
1789626907	4074	4201440	201	92118	16248	6407800	89285466	91151	2047164	2154276
1789626938	4105	4238896	201	92512	15836	6457332	89866337	91143	2087172	2151724
1789626968	4135	4261760	201	92630	16147	6514560	90489874	91140	2093048	2168712
1789626998	4165	4220184	201	92131	16716	6588358	91169468	91130	2065964	2154220
1789627029	4196	4210832	201	91673	15811	6645861	91932282	91120	2050252	2160580
1789627059	4226	4245696	201	92004	15676	6695473	92531760	91105	2080672	2165024
1789627090	4257	4232008	201	91310	16157	6763635	93187877	91106	2074788	2157220
1789627120	4287	4230364	201	89643	15155	6805166	93946875	91178	2070192	2160172
1789627151	4318	4187980	201	91463	17033	6873451	94378538	91178	2044924	2143056
1789627181	4348	4218596	201	90849	17791	6914826	94879368	91176	2050468	2168128
1789627212	4379	4210276	201	91487	17519	6963376	95358922	91176	2059000	2151276
1789627242	4409	4223124	201	91244	17509	7049125	95996819	91175	2064612	2158512
1789627272	4439	4233980	201	91630	18497	7122559	96417175	91181	2052404	2181576
1789627303	4470	4256324	201	91891	17106	7180206	97054549	91179	2100428	2155896
1789627333	4500	4221516	201	92031	17811	7229183	97768137	91183	2059268	2162248
1789627364	4531	4275492	201	91323	16955	7293024	98710905	91183	2117740	2157752
1789627394	4561	4209576	201	90121	15371	7332740	99313122	91180	2059460	2150116
1789627425	4592	4220104	201	89776	16370	7397134	99840899	91189	2059116	2160988
1789627455	4622	4225712	201	89907	16802	7458596	100339133	91185	2054592	2171120
1789627486	4653	4208400	201	90369	16568	7518248	101005129	91181	2048200	2160200
1789627516	4683	4223964	201	91235	17345	7557785	101572803	91174	2064108	2159856
1789627546	4713	4224876	201	89308	15797	7631506	102052991	91168	2072324	2152552
1789627577	4744	4207844	201	89304	16545	7700277	102696522	91154	2056756	2151088
1789627607	4774	4244056	201	89158	16201	7744896	103288622	91145	2075900	2168156
1789627638	4805	4255800	201	90518	17565	7812498	103822608	91139	2045528	2210272
1789627668	4835	4251904	201	90214	17170	7854996	104449625	91128	2070824	2181080
1789627699	4866	4268652	201	89563	16603	7924095	105336657	91123	2057416	2211236
1789627729	4896	4248644	201	89979	17232	7966384	105974831	91112	2070912	2177732
1789627759	4926	4254104	201	90184	16503	8041084	106689639	91113	2070016	2184088
1789627790	4957	4345920	201	89936	16820	8081273	107200908	91113	2111972	2233948
1789627820	4987	4259116	201	89932	17336	8123155	107800565	91114	2055172	2203944
1789627851	5018	4262152	201	89410	16140	8216456	108479720	91115	2078800	2183352
1789627882	5049	4274800	201	90477	17966	8258313	108968899	91117	2049664	2225136
1789627912	5079	4264556	201	90439	17858	8351105	109552877	91121	2061216	2203340
1789627943	5110	4284948	201	89510	17975	8391562	110056400	91129	2063092	2221856
1789627973	5140	4310808	201	90621	17614	8459871	110691239	91121	2084292	2226516
1789628004	5171	4276380	201	90559	18206	8524612	111469672	91120	2084820	2191560
1789628034	5201	4281488	201	89703	17122	8591352	112076118	91122	2099372	2182116
1789628064	5231	4306392	201	90278	17133	8656349	112613254	91126	2126452	2179940
1789628095	5262	4283848	201	89469	17586	8706028	113084789	91062	2104360	2179488
1789628126	5293	4265304	201	88799	13999	8768281	113765190	91138	2088212	2177092
1789628156	5323	4287728	201	86778	14685	8817421	114207258	91143	2110652	2177076
1789628187	5354	4278604	201	89108	15893	8886187	114865654	91141	2101760	2176844
1789628217	5384	4288752	201	89182	15153	8957739	115394085	91131	2102264	2186488
1789628247	5414	4304132	201	89096	15812	9043913	116004789	91132	2104692	2199440
1789628278	5445	4278868	201	88819	15003	9068903	116493051	91140	2098448	2180420
1789628308	5475	4280768	201	88350	15352	9140289	117086427	91139	2104836	2175932
1789628338	5505	4308076	201	88691	15623	9184373	117530191	91129	2100148	2207928
1789628369	5536	4282604	201	89150	16269	9258979	118202358	91126	2106380	2176224
1789628399	5566	4319492	201	89345	15830	9301959	118759029	91109	2119588	2199904
1789628429	5596	4331088	201	89641	17231	9343835	119248732	91097	2141480	2189608
1789628460	5627	4347100	201	89068	16463	9412895	119919303	91096	2143320	2203780
1789628490	5657	4318884	201	89406	16922	9479463	120563590	91082	2128940	2189944
1789628521	5688	4332956	201	88747	16536	9545265	121205296	91066	2139328	2193628
1789628551	5718	4314788	201	89410	17370	9611509	121775641	91067	2127688	2187100
1789628582	5749	4306312	201	88072	16108	9674819	122435273	91052	2112536	2193776
1789628612	5779	4315008	201	89993	17814	9715323	122899685	91045	2108920	2206088
1789628643	5810	4301628	201	89850	17625	9764586	123518787	91045	2112588	2189040
1789628673	5840	4313976	201	89278	17200	9808436	124010436	91048	2130060	2183916
1789628704	5871	4303052	201	87921	15841	9900372	124854566	91052	2109564	2193488
1789628734	5901	4300980	201	89191	17233	9942533	125616405	91051	2121572	2179408
1789628765	5932	4294712	201	88720	16583	9991828	126183797	91049	2101340	2193372
1789628795	5962	4327488	201	88891	15477	10079091	126736835	91044	2127380	2200108
1789628826	5993	4308828	201	87936	15344	10104334	127193441	91113	2103976	2204852
1789628856	6023	4309796	201	88193	14532	10175033	127823750	91108	2108492	2201304
1789628886	6053	4300900	201	87576	15383	10217657	128397199	91116	2105292	2195608
1789628917	6084	4312596	201	86902	14402	10283904	129161388	91118	2112444	2200152
1789628947	6114	4290204	201	87416	15714	10333318	129767740	91122	2098164	2192040
1789628977	6144	4278768	201	88643	16924	10376681	130455745	91118	2098900	2179868
1789629008	6175	4342804	201	89916	17472	10419544	131078643	91111	2125908	2216896
1789629038	6205	4327956	201	89060	17785	10484986	131839414	91115	2117420	2210536
1789629069	6236	4349340	201	89640	17836	10552421	132364296	91117	2141004	2208336
1789629099	6266	4335220	201	89152	17638	10596493	133079121	91116	2118764	2216456
1789629129	6296	4315500	201	87315	17049	10645845	133872758	91123	2111000	2204500
1789629160	6327	4331248	201	88668	17606	10711249	134266846	91132	2136024	2195224
1789629190	6357	4309884	201	89251	16517	10752973	135000598	91120	2110100	2199784
1789629220	6387	4344988	201	89288	16936	10827125	135423645	91120	2147688	2197300
1789629251	6418	4300360	201	88583	16298	10859801	135969012	91119	2109348	2191012
1789629281	6448	4334676	201	89583	17045	10933851	136446598	91095	2130192	2204484
1789629312	6479	4304916	201	89240	16440	10995433	137220098	91092	2113336	2191580
1789629342	6509	4307496	201	89447	16259	11069200	137745726	91142	2114512	2192984
1789629373	6540	4353244	201	89079	15397	11134704	138414657	91123	2142028	2211216
1789629403	6570	4369472	201	88977	16041	11183912	139154191	91123	2163432	2206040
1789629434	6601	4395576	201	89254	16741	11271115	139741613	91106	2152520	2243056
1789629464	6631	4351696	201	89586	16653	11320608	140301914	91090	2123744	2227952
1789629494	6661	4355628	201	89580	16833	11408466	140872607	91092	2146572	2209056
1789629525	6692	4342840	201	89288	16179	11408466	141440972	91081	2127624	2215216
1789629555	6722	4378080	201	89314	15854	11508219	142143827	91080	2139248	2238832
1789629586	6753	4318228	201	89629	16836	11545155	142740606	91089	2120480	2197748
1789629616	6783	4321156	201	88195	15475	11594315	143536513	91086	2119008	2202148
1789629647	6814	4340840	201	88381	16295	11678290	144122257	91087	2113068	2227772
1789629677	6844	4364232	201	89382	16448	11726837	144716524	91083	2120680	2243552
1789629707	6874	4314968	201	89694	17592	11813726	145414045	91084	2118032	2196936
1789629738	6905	4324492	201	89042	16845	11862971	146000638	91083	2127804	2196688
1789629768	6935	4335496	201	88943	17054	11927285	146581899	91083	2112764	2222732
1789629799	6966	4338224	201	88820	17307	11972194	147244390	91089	2144600	2193624
1789629829	6996	4380464	201	89032	16820	12021549	147916850	91087	2150312	2230152
1789629860	7027	4327812	201	87473	16959	12078583	148400858	91101	2107840	2219972
1789629890	7057	4351596	201	88636	16313	12153164	149176227	91090	2130336	2221260
1789629921	7088	4310760	201	89382	17504	12194734	149609817	91094	2107348	2203412
1789629951	7118	4328960	201	89333	17383	12261840	150355269	91094	2106788	2222172
1789629981	7148	4300832	201	89574	18106	12329720	151062598	91095	2104160	2196672
1789630012	7179	4304752	201	89338	17415	12374859	151627392	91105	2113264	2191488
1789630042	7209	4324952	201	87308	16537	12449383	152256835	91105	2106280	2218672
1789630073	7240	4364928	201	88458	17077	12519834	152755334	91104	2115816	2249112
1789630103	7270	4301612	201	88851	16199	12591251	153343998	91101	2108736	2192876
1789630134	7301	4311168	201	87811	16153	12661352	153991277	91090	2121196	2189972
1789630164	7331	4316936	201	87347	16616	12729829	154528229	91095	2114648	2202288
1789630194	7361	4313416	201	88839	16697	12794531	155125634	91071	2122608	2190808
1789630225	7392	4345468	201	89048	16758	12864920	155714545	91056	2134396	2211072
1789630255	7422	4331492	201	88827	16865	12929597	156305351	91056	2122524	2208968
1789630285	7452	4335264	201	89019	16276	12978710	157052003	91040	2129724	2205540
1789630316	7483	4335824	201	89340	16722	13042613	157594558	91025	2133940	2201884
1789630346	7513	4340096	201	88252	16598	13067189	158148039	91037	2147572	2192524
1789630377	7544	4321572	201	89218	18234	13179169	158737060	91009	2125672	2195900
1789630407	7574	4314496	201	88898	17257	13229046	159393941	91002	2121812	2192684
1789630438	7605	4397840	201	89203	17361	13292110	160081113	90995	2204012	2193828
1789630468	7635	4361048	201	89250	16888	13354229	160977182	90996	2149476	2211572
1789630499	7666	4312700	201	89843	16943	13379004	161480091	90996	2118456	2194244
1789630529	7696	4330744	201	88877	16713	13432036	162169215	91003	2118464	2212280
1789630560	7727	4314800	201	88294	18449	13481872	162624769	91015	2117448	2197352
1789630590	7757	4341772	201	89795	18194	13571036	163122006	91004	2140816	2200956
1789630621	7788	4320784	201	89284	18898	13620230	163858604	91004	2118000	2202784
1789630651	7818	4345272	201	90414	18189	13706343	164515754	90996	2138012	2207260
1789630682	7849	4319268	201	89125	17941	13755268	165468162	91003	2118124	2201144
1789630712	7879	4384364	201	90046	17983	13823164	165880183	90997	2181352	2203012
1789630742	7909	4335664	201	89580	18939	13870118	166520681	91009	2118852	2216812
1789630773	7940	4337892	201	89180	18457	13945368	167033712	91006	2122324	2215568
1789630803	7970	4337696	201	90406	17374	13985445	167724308	91002	2136092	2201604
1789630834	8001	4353584	201	89026	16659	14060219	168300669	91000	2146224	2207360
1789630864	8031	4330760	201	88107	16968	14148718	168826743	91020	2128216	2202544
1789630895	8062	4351728	201	89365	15900	14172945	169569774	90999	2141052	2210676
1789630925	8092	4333804	201	90428	17867	14215648	170045263	91003	2121676	2212128
1789630956	8123	4373968	201	88279	16876	14308214	170761945	91007	2133832	2240136
1789630986	8153	4360444	201	88947	17707	14354266	171395836	91005	2127848	2232596
1789631017	8184	4339356	201	88062	16628	14445462	171984368	91008	2122528	2216828
1789631047	8214	4342600	201	89328	17939	14512803	172495294	91002	2125996	2216604
1789631077	8244	4368724	201	90265	17380	14558954	173022321	90981	2137576	2231148
1789631108	8275	4361408	201	90598	18836	14623216	173704086	90980	2160068	2201340
1789631139	8306	4364712	201	88856	17501	14687861	174420222	90968	2139588	2225124
1789631169	8336	4410052	201	90097	17325	14779297	175102844	90956	2200328	2209724
1789631199	8366	4360568	201	90342	17720	14822580	175920983	90945	2138036	2222532
1789631230	8397	4360516	201	89779	17065	14889809	176391993	91008	2154312	2206204
1789631260	8427	4368700	201	89375	18101	14932849	177038786	90983	2155452	2213248
1789631291	8458	4397908	201	89537	18681	15006771	177733359	90982	2183860	2214048
1789631321	8488	4341940	201	89368	18913	15091862	178201192	90971	2135156	2206784
1789631352	8519	4436812	201	89514	17318	15141034	178812779	90965	2183508	2253304
1789631382	8549	4429896	201	89803	17931	15210824	179402281	90964	2178916	2250980
1789631413	8580	4378172	201	89628	17502	15260972	180008940	90967	2138072	2240100
1789631443	8610	4433728	201	89404	17435	15352328	180641534	90964	2170300	2263428
1789631474	8641	4364844	201	87602	17848	15402102	181555767	90985	2140952	2223892
1789631504	8671	4332072	201	90065	18498	15472775	181967800	90976	2125288	2206784
1789631534	8701	4368624	201	89767	18117	15515546	182565074	90974	2155236	2213388
1789631565	8732	4357824	201	90853	18703	15608128	183184763	90969	2141308	2216516
1789631595	8762	4358092	201	90398	18446	15656265	183744338	90973	2139204	2218888
1789631626	8793	4389652	201	90010	17559	15728505	184365811	90970	2152560	2237092
1789631656	8823	4351260	201	90810	17692	15796925	184799322	90972	2137048	2214212
1789631687	8854	4345736	201	90870	19538	15861987	185141435	90983	2129660	2216076
1789631717	8884	4357120	201	90387	18711	15927814	185698369	90988	2140152	2216968
1789631747	8914	4368268	201	90980	18020	15995834	186344370	90984	2156048	2212220
1789631778	8945	4385816	201	91044	18370	16037577	186931097	90975	2171528	2214288
1789631808	8975	4367352	201	91244	18272	16151769	187648670	90976	2146260	2221092
1789631838	9005	4363552	201	88924	18590	16194003	188110889	90986	2134912	2228640
1789631869	9036	4400016	201	90430	17455	16288266	188843072	90978	2179860	2220156
1789631899	9066	4349500	201	91149	18953	16331154	189405078	90986	2135308	2214192
1789631930	9097	4357760	201	90578	17376	16397387	190357121	90976	2141228	2216532
1789631960	9127	4369412	201	90178	17512	16465062	190886975	90976	2144040	2225372
1789631991	9158	4410036	201	89769	17398	16537944	191391567	90960	2190020	2220016
1789632021	9188	4418708	201	90379	17559	16606859	191940424	90947	2150140	2268568
1789632052	9219	4392004	201	90229	17291	16656607	192416360	90948	2154220	2237784
1789632082	9249	4391040	201	90620	17167	16721962	193194704	90927	2143336	2247704
1789632113	9280	4384468	201	89265	16413	16747047	193707806	90925	2140284	2244184
1789632143	9310	4378688	201	88925	16102	16816147	194272979	90918	2150668	2228020
1789632174	9341	4424380	201	89289	17147	16885838	194878608	90902	2174300	2250080
1789632204	9371	4383972	201	88510	16156	16958165	195552516	90888	2152752	2231220
1789632235	9402	4392708	201	89040	16370	17021772	196043805	90891	2147924	2244784
1789632265	9432	4367696	201	89145	17905	17088576	196456758	90891	2135852	2231844
1789632295	9462	4374588	201	89022	16885	17159826	196895016	90891	2138492	2236096
1789632326	9493	4378656	201	89573	17420	17230691	197277957	90895	2137332	2241324
1789632356	9523	4400160	201	89267	17813	17276233	197996392	90896	2147800	2252360
1789632387	9554	4384292	201	88966	16827	17349646	198515829	90895	2155956	2228336
1789632417	9584	4367004	201	89820	17615	17391389	199069936	90896	2139284	2227720
1789632447	9614	4357844	201	89660	17189	17435296	199538069	90900	2129756	2228088
1789632478	9645	4356992	201	88370	17060	17525761	200224350	90901	2138368	2218624
1789632508	9675	4370592	201	89261	17611	17573436	200743884	90900	2144336	2226256
1789632539	9706	4383056	201	89164	17087	17622350	201534348	90895	2136224	2246832
1789632569	9736	4392260	201	87962	16784	17705205	202010757	90898	2149460	2242800
1789632599	9766	4374264	201	88918	17283	17777763	202565131	90894	2132924	2241340
1789632630	9797	4368936	201	88913	16940	17824074	203110650	90898	2129488	2239448
1789632660	9827	4380132	201	88789	17091	17873385	203557919	90904	2140384	2239748
1789632691	9858	4361580	201	89128	17041	17962652	204122419	90907	2137816	2223764
1789632721	9888	4385052	201	89860	17321	17986897	204771646	90893	2139312	2245740
1789632752	9919	4365240	201	89522	16818	18060965	205534365	90893	2135468	2229772
1789632782	9949	4379120	201	90084	17730	18126712	206196181	90895	2144340	2234780
1789632813	9980	4372940	201	89705	16620	18193739	206936992	90891	2151448	2221492
1789632843	10010	4359720	201	89071	17669	18261292	207367390	90951	2139304	2220416
1789632873	10040	4359696	201	90021	18462	18285872	207865019	90936	2134536	2225160
1789632904	10071	4376892	201	88850	17923	18354177	208171686	90943	2145392	2231500
1789632934	10101	4355384	201	89876	17286	18423283	208635403	90919	2134516	2220868
1789632965	10132	4371228	201	89075	16321	18467008	209166045	90910	2146024	2225204
1789632995	10162	4358388	201	88653	16270	18515756	209561586	90920	2132416	2225972
1789633026	10193	4352104	201	87686	17016	18585739	210023484	90908	2132052	2220052
1789633056	10223	4362056	201	87588	15804	18634791	210637868	90883	2134896	2227160
1789633087	10254	4351304	201	89262	16806	18701114	211238094	90881	2131284	2220020
1789633117	10284	4353116	201	87467	16302	18719596	211822392	90935	2132348	2220768
1789633147	10314	4377732	201	87545	15778	18792498	212381004	90927	2134452	2243280
1789633178	10345	4381240	201	89465	17358	18879324	212957143	90922	2160500	2220740
1789633208	10375	4341712	201	89707	17724	18928438	213458111	90922	2111024	2230688
1789633239	10406	4324336	201	89067	17471	19001187	214002110	90925	2125668	2198668
1789633269	10436	4304620	201	88577	16363	19051027	214340298	90930	2104196	2200424
1789633300	10467	4310368	201	88975	16006	19122496	214958928	90924	2112020	2198348
1789633330	10497	4298536	201	87294	14649	19145158	215512901	90933	2107768	2190768
1789633360	10527	4311976	201	88038	15108	19194672	215910431	90939	2119948	2192028
1789633391	10558	4296912	201	88560	15467	19289445	216509640	90938	2104084	2192828
1789633421	10588	4322668	201	88454	15457	19338195	217005653	90935	2126136	2196532
1789633452	10619	4303620	201	87306	15221	19408875	217501457	90941	2103928	2199692
1789633482	10649	4324104	201	88919	16352	19431619	217957257	90935	2103020	2221084
1789633513	10680	4308636	201	89133	16202	19505384	218558063	90937	2114044	2194592
1789633543	10710	4324056	201	88851	15894	19565614	219071169	90946	2118588	2205468
1789633574	10741	4322624	201	88864	16086	19639169	219627150	90947	2123768	2198856
1789633604	10771	4306552	201	87326	15562	19701592	220123116	90962	2103600	2202952
1789633635	10802	4311832	201	89812	16799	19726118	220594685	90947	2119360	2192472
1789633666	10833	4315836	201	89831	16299	19795302	221354069	90942	2115636	2200200
1789633697	10864	4297576	201	89028	17016	19863129	221765546	90959	2103016	2194560
1789633727	10894	4302716	201	88256	16885	19934939	222280176	90965	2110036	2192680
1789633758	10925	4302512	201	88945	16701	20005948	222883812	90937	2103604	2198908
1789633788	10955	4300376	201	87553	15557	20072545	223563111	90925	2108600	2191776
1789633818	10985	4300012	201	89324	16345	20096628	223869845	90914	2108304	2191708
1789633849	11016	4298512	201	88298	16176	20167107	224486540	90919	2105712	2192800
1789633879	11046	4297292	201	88301	16950	20215242	224929703	90898	2106028	2191264
1789633910	11077	4306280	201	89096	17629	20279686	225536153	90871	2114352	2191928
1789633940	11107	4293708	201	86937	16669	20349065	226181138	90894	2102444	2191264
1789633971	11138	4306132	201	89336	16702	20374021	226690596	90862	2104448	2201684
1789634001	11168	4316592	201	88821	16163	20442206	227319051	90850	2121512	2195080
1789634032	11199	4316396	201	88292	15902	20511114	228071656	90849	2113560	2202836
1789634062	11229	4302724	201	88402	15902	20558891	228547302	90852	2110880	2191844
1789634092	11259	4336904	201	87187	15890	20625850	229105790	90860	2130644	2206260
1789634123	11290	4300744	201	88318	17187	20694175	229471141	90854	2107864	2192880
1789634153	11320	4296436	201	87596	16953	20743278	230032357	90867	2102992	2193444
1789634184	11351	4296036	201	89957	17663	20809341	230539307	90860	2102828	2193208
1789634214	11381	4303528	201	89543	17428	20858494	231078191	90859	2109476	2194052
1789634245	11412	4301952	201	88576	16413	20902721	231771216	90867	2103000	2198952
1789634275	11442	4312168	201	88553	17076	20969008	232216784	90860	2120332	2191836
1789634305	11472	4294848	201	87017	16572	21035260	232883236	90869	2103012	2191836
1789634336	11503	4301908	201	88434	16510	21104788	233394845	90867	2103056	2198852
1789634366	11533	4298472	201	89065	16787	21129077	234103285	90866	2104308	2194164
1789634396	11563	4304668	201	88727	17377	21197035	234584095	90867	2111672	2192996
1789634427	11594	4298328	201	87703	14792	21290171	235168403	90873	2105912	2192416
1789634457	11624	4298820	201	88809	17537	21337914	235662045	90869	2103632	2195188
1789634487	11654	4341876	201	89220	17649	21385320	236305378	90864	2103636	2238240
1789634518	11685	4306788	201	88998	18666	21482002	236883118	90867	2112232	2194556
1789634548	11715	4310992	201	89989	17649	21527194	237694574	90863	2104164	2206828
1789634579	11746	4300508	201	90107	18805	21617594	238337553	90870	2106964	2193544
1789634609	11776	4310300	201	89662	18124	21664615	238995210	90859	2116080	2194220
1789634640	11807	4308120	201	88846	17280	21712621	239674349	90844	2115112	2193008
1789634670	11837	4296860	201	89894	18255	21774814	240259084	90854	2102480	2194380
1789634700	11867	4299348	201	89203	18723	21823326	240895067	90844	2104684	2194664
1789634731	11898	4304028	201	87724	17709	21907950	241464584	90830	2112180	2191848
1789634761	11928	4294636	201	87902	17840	21957124	241925051	90819	2102788	2191848
1789634792	11959	4299340	201	88705	19634	22026962	242459952	90814	2105980	2193360
1789634822	11989	4310520	201	90358	19321	22071588	243096153	90789	2117244	2193276
1789634853	12020	4302080	201	90351	18746	22120810	243706084	90792	2106972	2195108
1789634883	12050	4321644	201	90520	18254	22184529	244275291	90776	2126996	2194648
1789634914	12081	4319420	201	90343	17965	22258332	244867637	90763	2122620	2196800
1789634944	12111	4344520	201	89853	17503	22324905	245559209	90767	2138604	2205916
1789634975	12142	4323332	201	89901	17601	22373709	246232899	90767	2110944	2212388
1789635005	12172	4300040	201	88169	15802	22460460	246946888	90768	2105872	2194168
1789635035	12202	4314664	201	90126	17107	22460460	247374665	90832	2119504	2195160
1789635066	12233	4315092	201	89450	17345	22558234	247962527	90835	2119652	2195440
1789635096	12263	4340368	201	90070	17531	22598416	248472601	90828	2118796	2221572
1789635127	12294	4316796	201	90123	17784	22673671	248912399	90838	2121468	2195328
1789635157	12324	4305888	201	88397	17107	22740889	249465676	90838	2111720	2194168
1789635188	12355	4318376	201	90095	18167	22789820	250010864	90830	2123504	2194872
1789635218	12385	4318496	201	89139	17226	22882626	250691447	90833	2114756	2203740
1789635248	12415	4321092	201	89569	17946	22930920	251294154	90832	2126344	2194748
1789635279	12446	4335092	201	88284	17762	23014435	251926991	90840	2114592	2220500
1789635309	12476	4331424	201	88682	18499	23062755	252503238	90842	2114424	2217000
1789635340	12507	4314668	201	88912	17543	23151988	253150506	90842	2114628	2200040
1789635370	12537	4319124	201	89500	17536	23176183	253771932	90839	2114176	2204948
1789635400	12567	4313712	201	90284	17890	23246308	254236097	90838	2115652	2198060
1789635431	12598	4316668	201	89582	18629	23312524	254742459	90845	2114176	2202492
1789635461	12628	4330864	201	89832	17071	23383041	255259772	90855	2131132	2199732
1789635492	12659	4325392	201	89397	18624	23426225	255768807	90835	2115492	2209900
1789635522	12689	4365184	201	89894	18414	23500334	256540241	90833	2167044	2198140
1789635552	12719	4340896	201	89818	17797	23566058	257083216	90818	2143136	2197760
1789635583	12750	4324680	201	87991	17562	23639273	257596567	90823	2115828	2208852
1789635613	12780	4325144	201	88990	16354	23710348	258388625	90807	2125788	2199356
1789635643	12810	4318668	201	88893	17134	23759143	258841722	90802	2113600	2205068
1789635674	12841	4324428	201	87334	16314	23851154	259385384	90791	2118708	2205720
1789635704	12871	4312364	201	88562	16736	23876416	259742969	90787	2115052	2197312
1789635735	12902	4312136	201	89895	17587	23973293	260214834	90776	2115508	2196628
1789635765	12932	4311724	201	88924	15724	24042490	260787886	90759	2114536	2197188
1789635796	12963	4320332	201	89286	16759	24066648	261257887	90767	2115780	2204552
1789635826	12993	4325204	201	88700	17217	24160301	261872704	90767	2127164	2198040
1789635856	13023	4344376	201	89265	16551	24184350	262489736	90752	2116744	2227632
1789635887	13054	4327708	201	89868	17752	24272440	262884028	90751	2125860	2201848
1789635917	13084	4326484	201	89613	18170	24321013	263448856	90752	2128292	2198192
1789635948	13115	4317992	201	88230	17134	24407616	264125172	90756	2114540	2203452
1789635978	13145	4332728	201	88911	17622	24456096	264506175	90755	2117568	2215160
1789636009	13176	4313492	201	89289	16687	24524230	265208330	90752	2113960	2199532
1789636039	13206	4312852	201	88444	17225	24565773	265617501	90769	2116804	2196048
1789636070	13237	4310588	201	90096	19318	24615011	266203973	90760	2114540	2196048
1789636100	13267	4318192	201	89653	19838	24674499	266892863	90764	2121564	2196628
1789636130	13297	4315272	201	90425	19640	24748225	267316305	90762	2117120	2198152
1789636161	13328	4316064	201	89150	18994	24840899	267835181	90767	2116248	2199816
1789636191	13358	4327056	201	89730	17332	24911804	268406561	90763	2119140	2207916
1789636222	13389	4313204	201	88545	17079	24982071	268859775	90777	2116248	2196956
1789636252	13419	4314616	201	89972	18823	25031297	269378799	90769	2116248	2198368
1789636283	13450	4312880	201	89343	18265	25078157	269910907	90775	2116828	2196052
1789636313	13480	4318736	201	89129	16687	25122902	270289441	90770	2122684	2196052
1789636344	13511	4344432	201	89732	17637	25196660	270888424	90767	2136928	2207504
1789636374	13541	4319312	201	88733	16554	25267633	271486362	90762	2122592	2196720
1789636405	13572	4327560	201	89787	17674	25360628	271928500	90755	2125652	2201908
1789636435	13602	4311580	201	89975	17904	25384006	272499667	90741	2117408	2194172
1789636465	13632	4313764	201	89763	17996	25431607	273018241	90745	2117924	2195840
1789636496	13663	4325992	201	89849	18179	25516306	273512366	90722	2125852	2200140
1789636526	13693	4318500	201	89983	18359	25589155	274026046	90712	2119192	2199308
1789636557	13724	4320944	201	89647	18595	25648297	274538728	90715	2118500	2202444
1789636587	13754	4320812	201	89728	19737	25697272	274996479	90703	2125644	2195168
1789636618	13785	4314100	201	88076	18069	25765824	275438992	90702	2117984	2196116
1789636648	13815	4334768	201	89234	17487	25811810	276037444	90684	2140596	2194172
1789636678	13845	4311704	201	89831	16979	25860759	276648119	90676	2116828	2194876
1789636709	13876	4313436	201	89434	18797	25920016	277115674	90668	2116248	2197188
1789636739	13906	4324544	201	89743	18611	25994235	277592182	90670	2127360	2197184
1789636770	13937	4314812	201	89374	17088	26068153	278146913	90670	2120060	2194752
1789636800	13967	4338536	201	89166	17391	26117063	278764078	90667	2130804	2207732
1789636831	13998	4319016	201	87506	16800	26186737	279102221	90675	2116248	2202768
1789636862	14029	4349880	201	90319	18306	26232689	279621791	90664	2118640	2231240
1789636892	14059	4329004	201	89218	18398	26329150	280099677	90737	2129272	2199732
1789636922	14089	4325584	201	89358	16461	26375075	280731459	90729	2123044	2202540
1789636953	14120	4313692	201	87846	17023	26474481	281128100	90756	2119520	2194172
1789636983	14150	4315756	201	88269	17040	26523505	281653383	90754	2120096	2195660
1789637013	14180	4311948	201	90717	20005	26572412	282109144	90742	2117288	2194660
1789637044	14211	4314784	201	90939	20038	26635340	282759487	90799	2118412	2196372
1789637074	14241	4311644	201	91821	20431	26707886	283315544	90795	2115252	2196392
1789637105	14272	4312500	201	89306	19363	26793506	283808623	90808	2116376	2196124
1789637135	14302	4323400	201	91069	19026	26866872	284301615	90799	2127116	2196284
1789637166	14333	4311888	201	90781	19223	26907266	284801568	90801	2117716	2194172
1789637196	14363	4320764	201	89315	18521	27004635	285366833	90813	2126144	2194620
1789637226	14393	4352292	201	91028	20143	27046555	285667041	90804	2130972	2221320
1789637257	14424	4309436	201	90257	19889	27095759	286332521	90809	2115264	2194172
1789637287	14454	4333564	201	89586	17389	27182600	286808994	90799	2124324	2209240
1789637318	14485	4345124	201	89596	17519	27231802	287401073	90795	2139060	2206064
1789637348	14515	4325496	201	88494	16784	27325506	287975214	90787	2130744	2194752
1789637379	14546	4323876	201	88562	17545	27373742	288385838	90777	2128092	2195784
1789637409	14576	4324696	201	90127	18892	27423210	288870937	90779	2127624	2197072
1789637439	14606	4349268	201	89752	18626	27492458	289425900	90754	2155092	2194176
1789637470	14637	4328960	201	88710	17931	27566677	289885050	90756	2134784	2194176
1789637501	14668	4351196	201	90018	18614	27614150	290497601	90739	2156440	2194756
1789637531	14698	4336516	201	89565	17912	27712567	290976346	90726	2143812	2192704
1789637561	14728	4343416	201	90233	18129	27755892	291433084	90720	2151288	2192128
1789637592	14759	4326700	201	90833	19483	27830069	292024333	90716	2126432	2200268
1789637622	14789	4350084	201	89554	18077	27889012	292614718	90713	2143308	2206776
1789637653	14820	4368672	201	89947	18504	27937438	293135326	90704	2143804	2224868
1789637683	14850	4336124	201	89714	18992	28029853	293627646	90711	2132820	2203304
1789637714	14881	4343772	201	89954	18991	28102628	294037144	90709	2143556	2200216
1789637744	14911	4335296	201	88469	18002	28168722	294528097	90721	2131632	2203664
1789637775	14942	4326352	201	89030	18966	28217138	295010830	90727	2125400	2200952
1789637805	14972	4325628	201	86957	18826	28302177	295454876	90734	2125404	2200224
1789637836	15003	4340820	201	90212	21416	28326925	295905883	90729	2140596	2200224
1789637866	15033	4369828	201	90077	20202	28417216	296493434	90719	2151916	2217912
1789637897	15064	4347152	201	90615	19954	28485528	297052285	90718	2143936	2203216
1789637927	15094	4362532	201	90868	19539	28574669	297597740	90719	2150228	2212304
1789637957	15124	4356140	201	90856	19825	28623120	298124083	90721	2143060	2213080
1789637988	15155	4343348	201	89204	18397	28672445	298687534	90725	2137724	2205624
1789638018	15185	4340548	201	89636	18338	28742520	299039373	90722	2140324	2200224
1789638049	15216	4344868	201	89192	18648	28840281	299655314	90725	2145224	2199644
1789638079	15246	4354296	201	88291	19822	28861386	299998380	90743	2136632	2217664
1789638110	15277	4345220	201	89413	19359	28935768	300501544	90724	2144952	2200268
1789638140	15307	4337700	201	89438	19888	29005166	301042230	90725	2135536	2202164
1789638170	15337	4350760	201	89748	18833	29078491	301559358	90721	2143636	2207124
1789638201	15368	4341400	201	89796	19069	29146199	302110336	90717	2141176	2200224
1789638231	15398	4347660	201	89372	19436	29194350	302800382	90698	2148016	2199644
1789638262	15429	4364032	201	89432	19390	29283528	303190696	90702	2147988	2216044
1789638292	15459	4351648	201	87734	19223	29332343	303581669	90709	2139820	2211828
1789638323	15490	4386584	201	89849	19134	29423690	304034185	90678	2138660	2247924
1789638353	15520	4353920	201	90707	19072	29472529	304591687	90674	2137844	2216076
1789638384	15551	4385216	201	89787	18182	29557685	305032711	90660	2150360	2234856
1789638414	15581	4351692	201	88533	21002	29582702	305373838	90668	2136036	2215656
1789638445	15612	4354388	201	91792	20766	29674326	306131315	90650	2135548	2218840
1789638475	15642	4380276	201	91315	20591	29712589	306561398	90637	2160784	2219492
1789638505	15672	4376396	201	90606	19679	29805698	307135611	90622	2143556	2232840
1789638536	15703	4367544	201	90707	19057	29875934	307687031	90622	2143940	2223604
1789638566	15733	4353768	201	91112	20133	29924668	308101486	90626	2137296	2216472
1789638597	15764	4366960	201	91240	20169	29972995	308556083	90628	2149308	2217652
1789638628	15795	4385888	201	90813	20160	30071532	308919096	90628	2143732	2242156
1789638658	15825	4381220	201	90103	19275	30114809	309477423	90626	2156816	2224404
1789638688	15855	4363100	201	89997	19275	30214230	310044655	90625	2146624	2216476
1789638718	15885	4354608	201	89175	18779	30260475	310465893	90635	2138712	2215896
1789638749	15916	4368796	201	87419	17136	30333521	310906085	90640	2139900	2228896
1789638779	15946	4363980	201	90240	18822	30380910	311359150	90637	2142428	2221552
1789638810	15977	4356264	201	89858	17894	30401674	311929863	90635	2138868	2217396
1789638840	16007	4354868	201	90400	19070	30498400	312323940	90697	2137792	2217076
1789638871	16038	4356156	201	89994	19094	30564175	312731809	90703	2138496	2217660
1789638901	16068	4373540	201	90274	17803	30636877	313171594	90700	2153588	2219952
1789638932	16099	4364172	201	90703	18286	30679790	313796668	90700	2148320	2215852
1789638962	16129	4365856	201	90891	19342	30752634	314301930	90705	2148280	2217576
1789638993	16160	4357032	201	90900	20631	30812552	314739045	90704	2139160	2217872
1789639023	16190	4359776	201	89154	19767	30860868	315171760	90717	2143324	2216452
1789639053	16220	4366664	201	90871	20296	30946679	315652015	90704	2150104	2216560
1789639084	16251	4360864	201	90481	20795	30995274	316139981	90698	2144984	2215880
1789639114	16281	4369816	201	90246	20114	31083353	316725774	90697	2153936	2215880
1789639145	16312	4379560	201	90594	20316	31132136	317177436	90689	2142632	2236928
1789639175	16342	4384000	201	91922	21340	31224627	317699460	90674	2147412	2236588
1789639206	16373	4379596	201	91859	20399	31274419	318153515	90666	2144524	2235072
1789639236	16403	4374116	201	91427	20520	31365832	318580355	90653	2141644	2232472
1789639267	16434	4376284	201	91828	20318	31415702	319138226	90636	2147212	2229072
1789639297	16464	4361884	201	91410	19867	31513155	319652707	90641	2145176	2216708
1789639327	16494	4382144	201	91278	20565	31561374	320254059	90629	2162112	2220032
1789639358	16525	4378208	201	91062	20667	31627511	320835097	90612	2153440	2224768
1789639388	16555	4362940	201	90789	20287	31673134	321377292	90615	2142712	2220228
1789639419	16586	4392360	201	90786	19425	31741132	321917251	90601	2164748	2227612
1789639449	16616	4374892	201	90787	19058	31806808	322334526	90605	2145780	2229112
1789639479	16646	4364772	201	90324	20390	31880679	322707157	90617	2142564	2222208
1789639510	16677	4364448	201	90198	20265	31951917	323173034	90626	2142240	2222208
1789639541	16708	4376768	201	91310	20140	32021146	323712166	90616	2152912	2223856
1789639571	16738	4378232	201	90114	19173	32089173	324214367	90614	2144652	2233580
1789639601	16768	4383244	201	91006	19959	32138280	324582096	90613	2157036	2226208
1789639632	16799	4374344	201	89693	18263	32228533	325072989	90626	2150520	2223824
1789639662	16829	4391172	201	90737	18379	32297322	325597383	90611	2170232	2220940
1789639693	16860	4373492	201	90625	19288	32345873	325990672	90621	2151876	2221616
1789639723	16890	4368268	201	89922	19556	32393690	326492871	90623	2147940	2220328
1789639754	16921	4374612	201	89146	19750	32489856	327097696	90623	2154284	2220328
1789639784	16951	4381336	201	90151	19175	32533515	327473042	90619	2142788	2238548
1789639815	16982	4373076	201	91518	19766	32626689	327974561	90614	2142208	2230868
1789639845	17012	4372300	201	92083	20823	32676147	328309185	90613	2151476	2220824
1789639875	17042	4363820	201	90828	21338	32747744	328752845	90629	2143492	2220328
1789639906	17073	4374560	201	91672	20558	32821658	329250676	90615	2151476	2223084
1789639936	17103	4380080	201	91638	19752	32865411	329820677	90624	2159752	2220328
1789639967	17134	4390664	201	90881	19341	32914527	330403632	90617	2159152	2231512
1789639997	17164	4386008	201	91349	19926	32971987	331003500	90613	2160560	2225448
1789640028	17195	4429684	201	90642	18651	33019964	331621992	90594	2179552	2250132
1789640058	17225	4390512	201	89806	19061	33107799	331993648	90601	2154692	2235820
1789640089	17256	4378076	201	90529	18462	33180924	332511046	90596	2149640	2228436
1789640119	17286	4386408	201	90738	20945	33252211	332839100	90586	2149640	2236768
1789640149	17316	4382012	201	91672	20619	33300719	333473098	90573	2155980	2226032
1789640180	17347	4390564	201	91859	19894	33385335	333901682	90557	2152608	2237956
1789640210	17377	4370148	201	90823	20251	33434863	334461082	90553	2143452	2226696
1789640241	17408	4374748	201	91169	19649	33528131	334911062	90545	2143624	2231124
1789640271	17438	4386188	201	90803	18977	33576834	335525909	90542	2153232	2232956
1789640302	17469	4383588	201	90748	19968	33665047	335955123	90525	2155676	2227912
1789640332	17499	4383376	201	89242	20242	33713521	336405223	90523	2143876	2239500
1789640363	17530	4379932	201	90997	21049	33782322	336798351	90522	2146988	2232944
1789640393	17560	4415980	201	88661	19435	33857914	337381502	90301	2147576	2268404
1789640424	17591	4400808	201	90834	19603	33929593	337773280	90528	2161472	2239336
1789640454	17621	4405384	201	90743	20190	34000537	338373015	90520	2158572	2246812
1789640485	17652	4394464	201	90813	19855	34076598	338829060	90520	2165420	2229044
1789640515	17682	4392184	201	90021	19239	34149423	339284756	90536	2168344	2223840
1789640545	17712	4387640	201	90313	19004	34198845	339817963	90531	2152904	2234736
1789640575	17742	4374812	201	90422	18890	34240674	340499596	90527	2150780	2224032
1789640606	17773	4378712	201	91225	19483	34289623	341014741	90528	2142540	2236172
1789640636	17803	4391224	201	91732	20296	34372263	341521161	90528	2160356	2230868
1789640667	17834	4396280	201	91367	20359	34445203	341958987	90530	2148312	2247968
1789640697	17864	4374560	201	91680	20352	34516330	342544756	90594	2150312	2224248
1789640728	17895	4396856	201	91084	19596	34564834	343099681	90593	2157404	2239452
1789640758	17925	4372228	201	89229	21293	34655337	343463691	90604	2147228	2225000
1789640789	17956	4381952	201	90998	20191	34728857	344123967	90608	2144604	2237348
1789640819	17986	4378468	201	92432	21190	34794583	344533577	90596	2151176	2227292
1789640850	18017	4371516	201	90226	20082	34843580	345062722	90610	2146516	2225000
1789640880	18047	4379272	201	89199	20061	34914700	345407950	90610	2152396	2226876
1789640911	18078	4391116	201	90939	19894	34960426	346010413	90600	2155056	2236060
1789640941	18108	4377664	201	90656	19398	35055773	346601717	90583	2146252	2231412
1789640972	18139	4377068	201	89173	18867	35120989	346987574	90592	2144980	2232088
1789641002	18169	4386744	201	90214	18741	35170435	347360592	90571	2150732	2236012
1789641033	18200	4384072	201	90772	20273	35233775	347723176	90559	2146356	2237716
1789641063	18230	4372828	201	90408	19243	35307177	348219355	90547	2147712	2225116
1789641094	18261	4372348	201	90463	19190	35357252	348668369	90538	2147232	2225116
1789641124	18291	4371744	201	90515	18536	35429190	349002130	90544	2146616	2225128
1789641155	18322	4380040	201	88031	17810	35504486	349581574	90536	2150412	2229628
1789641185	18352	4378960	201	90336	18888	35529024	349964539	90524	2153832	2225128
1789641215	18382	4372096	201	90316	18754	35598408	350511627	90504	2146968	2225128
1789641246	18413	4371816	201	89009	17455	35659901	350932210	90507	2147268	2224548
1789641276	18443	4374832	201	88691	17394	35732774	351395083	90519	2150280	2224552
1789641307	18474	4378548	201	88632	17105	35774213	351895580	90578	2149108	2229440
1789641337	18504	4369748	201	89374	17589	35847179	352315251	90580	2144552	2225196
1789641368	18535	4379204	201	89839	18103	35913800	352755691	90576	2150792	2228412
1789641398	18565	4382136	201	90048	18087	35962767	353197535	90578	2155140	2226996
1789641429	18596	4371824	201	89527	17072	36030186	353637199	90580	2147268	2224556
1789641459	18626	4368732	201	87855	17419	36078182	354000396	90592	2144176	2224556
1789641489	18656	4367532	201	89264	18515	36102602	354398263	90590	2142976	2224556
1789641520	18687	4366952	201	90541	18615	36191914	354875088	90603	2142396	2224556
1789641550	18717	4366468	201	90662	18500	36240225	355432695	90587	2142396	2224072
1789641580	18747	4365080	201	89972	17805	36286796	355821920	90593	2142404	2222676
1789641611	18778	4365592	201	89815	19344	36328700	356187483	90600	2142412	2223180
1789641641	18808	4370576	201	89365	18702	36377720	356690011	90593	2147900	2222676
1789641672	18839	4366104	201	90411	18884	36472865	357039438	90589	2143428	2222676
1789641702	18869	4365336	201	89794	17657	36497586	357418391	90593	2142660	2222676
1789641733	18900	4364680	201	89457	17390	36546764	357771167	90599	2142004	2222676
1789641763	18930	4364648	201	89289	18838	36608320	358163300	90593	2141972	2222676
1789641794	18961	4368984	201	89526	17407	36657157	358711336	90584	2145756	2223228
1789641824	18991	4371080	201	87772	17499	36723642	359262387	90593	2141984	2229096
1789641855	19022	4368804	201	88335	17691	36788035	359760696	90575	2141404	2227400
1789641885	19052	4372648	201	90170	18535	36812579	360097023	90553	2140960	2231688
1789641916	19083	4366184	201	90484	18946	36877978	360452395	90562	2143500	2222684
1789641946	19113	4370768	201	90369	18394	36926734	361036647	90544	2140380	2230388
1789641977	19144	4363648	201	90256	19175	37019359	361455359	90532	2140964	2222684
1789642007	19174	4365208	201	90108	19086	37068263	362014862	90524	2141880	2223328
1789642037	19204	4393592	201	89424	18445	37134060	362426045	90520	2143588	2250004
1789642068	19235	4374408	201	89403	17871	37180411	362919171	90502	2147988	2226420
1789642098	19265	4363708	201	89769	18623	37229716	363324945	90501	2140396	2223312
1789642129	19296	4373520	201	90668	19108	37294880	363802903	90495	2147940	2225580
1789642159	19326	4367184	201	90132	19697	37367965	364263169	90494	2142612	2224572
1789642189	19356	4367388	201	89941	19746	37432413	364859001	90495	2142384	2225004
1789642220	19387	4365564	201	88259	19124	37456393	365217753	90504	2140408	2225156
1789642251	19418	4364984	201	91008	19713	37551257	365717924	90495	2140408	2224576
1789642281	19448	4367092	201	90313	18847	37597338	366214315	90499	2142516	2224576
1789642311	19478	4366676	201	90900	19576	37668477	366498680	90499	2140988	2225688
1789642342	19509	4366552	201	90819	19755	37738902	366977069	90503	2141976	2224576
1789642372	19539	4365644	201	91320	20150	37763874	367500003	90503	2140408	2225236
1789642403	19570	4364984	201	90200	20026	37861189	367980021	90515	2140408	2224576
1789642433	19600	4378704	201	90578	19919	37900600	368573833	90503	2154128	2224576
1789642464	19631	4369696	201	89754	20109	37970818	368973568	90515	2140408	2229288
1789642494	19661	4372208	201	89499	19822	38040471	369464187	90513	2141320	2230888
1789642524	19691	4366272	201	92114	21233	38082051	369906408	90511	2140408	2225864
1789642555	19722	4366272	201	92121	21611	38174285	370393986	90512	2140408	2225864
1789642585	19752	4373728	201	91883	21327	38221543	370844312	90509	2147320	2226408
1789642616	19783	4368624	201	90157	19794	38315876	371373136	90577	2144044	2224580
1789642646	19813	4366132	201	90816	19829	38360445	371810689	90573	2140420	2225712
1789642677	19844	4366204	201	90185	18792	38428819	372394561	90583	2141084	2225120
1789642707	19874	4372804	201	89531	19653	38501001	372769623	90589	2147668	2225136
1789642738	19905	4365596	201	90414	19343	38525426	373268696	90561	2140420	2225176
1789642768	19935	4365680	201	89525	18694	38570870	373788458	90555	2141096	2224584
1789642799	19966	4371304	201	89569	19267	38641606	374270783	90538	2145528	2225776
1789642829	19996	4365584	201	89147	18891	38712859	374778694	90527	2140420	2225164
1789642860	20027	4369128	201	90553	19348	38781699	375165599	90527	2144544	2224584
1789642890	20057	4380272	201	90715	19402	38854109	375614730	90510	2151044	2229228
1789642921	20088	4379500	201	91575	20720	38925365	376046339	90509	2154196	2225304
1789642951	20118	4370692	201	91608	21461	38993180	376639162	90499	2146108	2224584
1789642981	20148	4367980	201	90557	20912	39040990	377112510	90496	2143396	2224584
1789643012	20179	4376656	201	91260	20173	39138414	377687224	90480	2151504	2225152
1789643042	20209	4373156	201	91407	20055	39176384	378197227	90479	2147932	2225224
1789643073	20240	4372320	201	91327	20962	39224581	378678417	90480	2143980	2228340
1789643103	20270	4371220	201	89783	20038	39312425	379070462	90491	2142880	2228340
1789643134	20301	4371804	201	91368	20593	39361229	379505348	90486	2142880	2228924
1789643164	20331	4378068	201	91499	19534	39429339	379983420	90486	2144928	2233140
1789643195	20362	4377580	201	89992	19745	39500469	380359748	90499	2148656	2228924
1789643225	20392	4381292	201	91419	19133	39569396	380833922	90492	2152364	2228928
1789643256	20423	4386752	201	90924	19384	39614569	381271993	90494	2157824	2228928
1789643286	20453	4380704	201	89324	17198	39688409	381832753	90512	2151776	2228928
1789643316	20483	4381984	201	90012	18413	39731715	382213254	90518	2152456	2229528
1789643347	20514	4382704	201	90589	18073	39805778	382747159	90501	2155828	2226876
1789643377	20544	4379232	201	90264	17775	39869572	383258866	90504	2152356	2226876
1789643408	20575	4379232	201	87699	17472	39919028	383631727	90517	2152356	2226876
1789643438	20605	4376772	201	90386	19343	40014491	384187552	90512	2151776	2224996
1789643469	20636	4377312	201	90973	20562	40063581	384670850	90502	2151776	2225536
1789643499	20666	4376772	201	90539	21208	40157597	385145540	90514	2151776	2224996
1789643530	20697	4377972	201	92050	21609	40206480	385592124	90507	2152356	2225616
1789643560	20727	4378480	201	91052	20449	40255568	386004230	90503	2151776	2226704
1789643591	20758	4381476	201	90749	21123	40318614	386481742	90488	2155920	2225556
1789643621	20788	4381736	201	90548	22161	40389073	387075074	90491	2156740	2224996
1789643652	20819	4376664	201	90052	21205	40429191	387537535	90483	2151668	2224996
1789643682	20849	4378812	201	91568	21262	40502756	387925693	90462	2151196	2227616
1789643713	20880	4376852	201	91910	20994	40569361	388426714	90459	2151196	2225656
1789643743	20910	4376208	201	90179	20287	40618559	388837302	90446	2151200	2225008
1789643773	20940	4376208	201	90505	21043	40706479	389281223	90435	2151200	2225008
1789643804	20971	4375500	201	91479	21412	40730867	389740600	90435	2150492	2225008
1789643834	21001	4378136	201	91217	20333	40827024	390292501	90417	2152516	2225620
1789643865	21032	4381384	201	89562	18581	40894048	390867231	90407	2155732	2225652
1789643895	21062	4379412	201	90723	19033	40966755	391309422	90415	2153848	2225564
1789643925	21092	4374328	201	89468	18870	41013888	391743146	90414	2149320	2225008
1789643956	21123	4374216	201	89532	18952	41087507	392237111	90406	2150460	2223756
1789643986	21153	4398896	201	89813	18870	41134012	392814333	90401	2161616	2237280
1789644017	21184	4381300	201	88415	19009	41183721	393233030	90413	2149320	2231980
1789644047	21214	4381300	201	90169	19740	41274739	393721618	90404	2149320	2231980
1789644078	21245	4382736	201	90943	20311	41299394	394173651	90412	2150756	2231980
1789644108	21275	4394320	201	90843	20441	41398288	394610501	90406	2160460	2233860
1789644138	21305	4384444	201	90416	19743	41468303	395122412	90416	2150584	2233860
1789644169	21336	4385460	201	89690	20279	41539544	395671905	90423	2149752	2235708
1789644199	21366	4413736	201	90891	20425	41586845	396275577	90418	2179876	2233860
1789644230	21397	4396528	201	91475	22390	41648940	396627989	90426	2162668	2233860
1789644260	21427	4391120	201	91991	23966	41690048	397081353	90421	2157260	2233860
1789644291	21458	4391688	201	92189	23633	41763790	397690612	90414	2157260	2234428
1789644321	21488	4436976	201	92287	23200	41851808	398151727	90420	2203116	2233860
1789644352	21519	4397164	201	91945	22740	41925596	398633435	90411	2163300	2233864
1789644382	21549	4407112	201	91895	21808	41993777	399075887	90412	2172668	2234444
1789644412	21579	4394116	201	91673	21256	42042640	399594222	90426	2158556	2235560
1789644443	21610	4412872	201	91497	21093	42108470	399943344	90421	2179008	2233864
1789644473	21640	4393044	201	89535	19874	42181564	400418442	90423	2159180	2233864
1789644503	21670	4415224	201	89864	18890	42252233	401007232	90467	2181360	2233864
1789644534	21701	4398172	201	89656	19139	42325112	401432642	90458	2162840	2235332
1789644564	21731	4413432	201	88976	19156	42398285	402009374	90463	2179568	2233864
1789644595	21762	4403932	201	88833	18897	42423141	402454534	90460	2170068	2233864
1789644625	21792	4410692	201	90655	18539	42516555	403014412	90430	2169392	2241300
1789644655	21822	4419724	201	88949	18962	42563768	403598545	90437	2170960	2248764
1789644686	21853	4404768	201	90703	19802	42638056	404142691	90417	2162840	2241928
1789644716	21883	4408276	201	92048	20855	42705953	404576098	90398	2167568	2240708
1789644747	21914	4414204	201	92115	20641	42779331	405068138	90401	2173496	2240708
1789644777	21944	4409464	201	91363	20483	42827906	405527489	90402	2166704	2242760
1789644808	21975	4424660	201	90353	21092	42876904	406017024	90396	2183780	2240880
1789644838	22005	4408020	201	91610	21435	42963135	406631758	90386	2166052	2241968
1789644869	22036	4443456	201	91233	22116	43012015	407054972	90388	2202556	2240900
1789644899	22066	4450812	201	91712	21912	43095980	407476357	90388	2195232	2255580
1789644930	22097	4427812	201	90457	20682	43169292	407899783	90408	2171764	2256048
1789644960	22127	4425236	201	92150	22488	43237526	408214490	90399	2169428	2255808
1789644991	22158	4432044	201	92109	21997	43286237	408766414	90395	2176688	2255356
1789645021	22188	4426076	201	89910	21320	43378609	409222955	90404	2172108	2253968
1789645052	22219	4426944	201	90950	21129	43427099	409595294	90409	2171244	2255700
1789645082	22249	4440848	201	91534	19633	43476191	410058317	90403	2186880	2253968
1789645113	22280	4453156	201	91202	18556	43539990	410508708	90400	2199188	2253968
1789645143	22310	4437312	201	90633	18886	43589266	410973515	90405	2183344	2253968
1789645173	22340	4429164	201	90604	18820	43655900	411466064	90406	2175196	2253968
1789645204	22371	4424500	201	89929	18016	43728669	412062737	90407	2170016	2254484
1789645234	22401	4445476	201	89966	18213	43795348	412492216	90408	2167280	2278196
1789645265	22432	4419396	201	89772	18505	43844477	413045387	90416	2165832	2253564
1789645295	22462	4423236	201	90670	19045	43893450	413393511	90415	2170276	2252960
1789645325	22492	4420276	201	91042	19325	43987294	413924851	90421	2165788	2254488
1789645356	22523	4417732	201	90967	20133	44011602	414373142	90415	2165780	2251952
1789645386	22553	4431708	201	90687	19345	44102766	414881702	90394	2179740	2251968
1789645417	22584	4432520	201	89344	20821	44151663	415274631	90404	2180552	2251968
1789645447	22614	4433296	201	91087	21788	44215149	415714318	90380	2181328	2251968
1789645477	22644	4434508	201	91437	21341	44263697	416149737	90363	2180672	2253836
1789645508	22675	4441020	201	89706	21602	44352490	416637088	90372	2185328	2255692
1789645538	22705	4435100	201	90485	20920	44400792	417035687	90360	2182524	2252576
1789645569	22736	4449108	201	92799	22303	44489972	417428280	90338	2194836	2254272
1789645599	22766	4444428	201	92264	23184	44514519	417953742	90341	2192460	2251968
1789645630	22797	4433808	201	91019	22942	44610609	418414988	90332	2181840	2251968
1789645660	22827	4430500	201	92424	22439	44631622	418891198	90311	2177232	2253268
1789645691	22858	4433792	201	92593	23133	44705203	419419814	90315	2181824	2251968
1789645721	22888	4432332	201	91247	22603	44766560	419911758	90315	2180364	2251968
1789645752	22919	4441508	201	92125	21231	44815780	420424548	90302	2188932	2252576
1789645782	22949	4432368	201	91360	19697	44908746	420968068	90375	2179692	2252676
1789645813	22980	4434224	201	90677	18664	44957845	421434172	90369	2181648	2252576
1789645844	23011	4435904	201	90867	18681	45025715	421913117	90369	2180372	2255532
1789645874	23041	4430444	201	89983	18958	45073701	422465011	90377	2178476	2251968
1789645904	23071	4431228	201	89253	17726	45147867	422841282	90387	2179256	2251972
1789645935	23102	4431236	201	89393	17121	45218774	423291970	90375	2178596	2252640
1789645966	23133	4429388	201	89366	17920	45267771	423640098	90381	2177416	2251972
1789645996	23163	4448424	201	89257	18708	45334778	424059854	90378	2196452	2251972
1789646027	23194	4443000	201	88931	18072	45384088	424536357	90392	2191028	2251972
1789646057	23224	4437876	201	88514	19407	45474933	424903837	90389	2177416	2260460
1789646087	23254	4429640	201	88270	19129	45523067	425398677	90390	2177668	2251972
1789646118	23285	4428808	201	89767	20261	45584359	425740051	90387	2176836	2251972
1789646148	23315	4428808	201	89775	20340	45627990	426150344	90389	2176836	2251972
1789646179	23346	4428808	201	91116	22502	45698957	426577072	90398	2176836	2251972
1789646209	23376	4433196	201	92156	22077	45762209	426922463	90391	2183276	2249920
1789646240	23407	4435632	201	92054	22881	45835685	427319988	90384	2185052	2250580
1789646270	23437	4439104	201	91425	22259	45903446	427847318	90382	2187236	2251868
1789646301	23468	4435888	201	90711	21928	45974840	428331055	90380	2183264	2252624
1789646331	23498	4430664	201	90665	20589	46044049	428898340	90360	2179444	2251220
1789646362	23529	4429936	201	90524	21624	46092788	429258699	90374	2178716	2251220
1789646392	23559	4439616	201	90525	20076	46189243	429934669	90363	2178784	2260832
1789646422	23589	4429848	201	91310	20480	46213510	430419988	90398	2179412	2250436
1789646453	23620	4434296	201	89288	19482	46304104	431020996	90401	2182676	2251620
1789646483	23650	4431364	201	89834	19198	46353777	431459472	90382	2180280	2251084
1789646513	23680	4435552	201	89445	18552	46447947	432089002	90367	2182560	2252992
1789646544	23711	4427744	201	88907	19106	46472882	432521968	90376	2177308	2250436
1789646574	23741	4427924	201	90833	19690	46571013	432961945	90353	2176844	2251080
1789646605	23772	4432760	201	91239	19674	46616130	433449777	90348	2178192	2254568
1789646635	23802	4430984	201	91166	20102	46686594	433905636	90360	2180548	2250436
1789646665	23832	4428540	201	89856	21135	46758801	434365800	90369	2178104	2250436
1789646696	23863	4429556	201	90603	21857	46844996	434876027	90358	2177836	2251720
1789646726	23893	4431180	201	91064	20039	46866012	435199992	90354	2176968	2254212
1789646757	23924	4444224	201	90987	20574	46937840	435569972	90356	2190720	2253504
1789646787	23954	4427788	201	90632	19685	47002950	435953814	90369	2177540	2250248
1789646818	23985	4447384	201	90696	19945	47026866	436291890	90365	2196524	2250860
1789646848	24015	4427528	201	89960	19873	47099589	436672426	90367	2178564	2248964
1789646879	24046	4428644	201	90005	19193	47138210	437045526	90370	2179680	2248964
1789646909	24076	4429700	201	88283	18304	47211755	437289398	90380	2180736	2248964
1789646940	24107	4432460	201	88562	18040	47257769	437697976	90383	2181616	2250844
1789646970	24137	4431060	201	89689	19049	47328963	438069372	90388	2180272	2250788
1789647001	24168	4435272	201	90324	17847	47378011	438536015	90382	2182556	2252716
1789647031	24198	4434840	201	88388	18749	47444243	439038152	90396	2180272	2254568
1789647062	24229	4434844	201	88088	18614	47492590	439389233	90394	2179692	2255152
1789647092	24259	4434260	201	89877	18736	47564018	440011661	90380	2179692	2254568
1789647123	24290	4434204	201	89164	17779	47637199	440469662	90385	2179636	2254568
1789647153	24320	4438036	201	88911	17475	47711257	440942205	90372	2180316	2257720
1789647183	24350	4438384	201	87928	17934	47759716	441343595	90378	2183240	2255144
1789647214	24381	4435804	201	88845	17381	47851588	442038170	90362	2180568	2255236
1789647244	24411	4454884	201	90171	18627	47876584	442583443	90356	2200888	2253996
1789647274	24441	4442060	201	88568	18382	47972468	443140529	90362	2185384	2256676
1789647305	24472	4442100	201	87906	19605	48012449	443464463	90349	2187528	2254572
1789647335	24502	4445184	201	89894	21539	48060726	443819355	90329	2189936	2255248
1789647365	24532	4449768	201	91089	21802	48130096	444349186	90317	2189948	2259820
1789647396	24563	4449788	201	91773	23330	48178642	444681444	90317	2189968	2259820
1789647427	24594	4451192	201	92771	22849	48266005	445106597	90297	2187916	2263276
1789647457	24624	4465056	201	92936	23126	48362814	445703009	90285	2205220	2259836
1789647487	24654	4454436	201	92802	23304	48406088	446113563	90290	2194600	2259836
1789647518	24685	4448416	201	90564	22910	48455225	446385268	90288	2187932	2260484
1789647548	24715	4449052	201	92081	23891	48550644	446864285	90284	2189216	2259836
1789647579	24746	4460308	201	92036	22345	48599126	447419624	90284	2189216	2271092
1789647609	24776	4454196	201	92335	21486	48670833	447753624	90282	2193756	2260440
1789647640	24807	4459520	201	90144	20348	48716037	448223314	90288	2190312	2269208
1789647670	24837	4449784	201	88849	18987	48811314	448705706	90293	2187896	2261888
1789647701	24868	4449716	201	89627	18826	48834999	449205716	90290	2187828	2261888
1789647731	24898	4444568	201	89062	18348	48884226	449586597	90295	2186612	2257956
1789647762	24929	4444568	201	89021	18325	48981439	449908365	90297	2186612	2257956
1789647792	24959	4447948	201	89019	18059	49030290	450289182	90286	2189992	2257956
1789647823	24990	4449668	201	88735	17424	49124975	450833297	90291	2189892	2259776
1789647853	25020	4475696	201	89278	17489	49173970	451291408	90303	2215920	2259776
1789647883	25050	4456520	201	89480	17551	49247280	451846884	90298	2196744	2259776
1789647914	25081	4458112	201	89298	17732	49288322	452250093	90300	2198300	2259812
1789647944	25111	4448548	201	88521	19202	49336935	452777209	90304	2188720	2259828
1789647975	25142	4446440	201	89201	19852	49399371	453148031	90304	2186612	2259828
1789648005	25172	4438936	201	90123	20715	49448158	453554156	90305	2179100	2259836
1789648035	25202	4438936	201	90321	20964	49533633	453989943	90317	2179100	2259836
1789648066	25233	4450716	201	92146	22002	49582517	454374998	90302	2185864	2264852
1789648096	25263	4448976	201	92566	22517	49673556	454859697	90286	2187332	2261644
1789648127	25294	4445884	201	92448	22039	49722112	455337737	90287	2185388	2260496
1789648157	25324	4443188	201	92482	21708	49818428	455806148	90277	2181576	2261612
1789648188	25355	4445520	201	91719	22155	49867465	456191110	90267	2185680	2259840
1789648218	25385	4463308	201	90354	21006	49938421	456747904	90261	2183868	2279440
1789648248	25415	4456092	201	91148	21138	49986210	457113160	90259	2180076	2276016
1789648279	25446	4457876	201	89638	20404	50081017	457659653	90249	2186748	2271128
1789648310	25477	4459700	201	88995	19285	50128655	458268863	90228	2189580	2270120
1789648340	25507	4449788	201	90441	19558	50177778	458719883	90225	2179668	2270120
1789648370	25537	4479592	201	90996	19080	50268415	459254247	90267	2190932	2288660
1789648401	25568	4461604	201	90952	19805	50317220	459718248	90263	2190532	2271072
1789648431	25598	4460364	201	90724	18542	50390793	460284802	90276	2190880	2269484
1789648462	25629	4468304	201	90722	19304	50464461	460788780	90274	2198820	2269484
1789648492	25659	4468024	201	90249	18503	50532823	461192269	90270	2197324	2270700
1789648523	25690	4450348	201	90921	19222	50580975	461605201	90274	2180208	2270140
1789648553	25720	4451012	201	89545	18168	50642422	462156037	90271	2179808	2271204
1789648584	25751	4452064	201	90340	19372	50687291	462564789	90272	2178672	2273392
1789648614	25781	4447760	201	91034	19261	50757721	463008708	90277	2179280	2268480
1789648645	25812	4463392	201	91140	19166	50850385	463435013	90272	2191696	2271696
1789648675	25842	4446144	201	90387	21161	50874719	463729094	90285	2178672	2267472
1789648706	25873	4458900	201	91051	20681	50940900	464203042	90274	2189584	2269316
1789648736	25903	4447240	201	90357	20917	51014049	464584050	90284	2178672	2268568
1789648767	25934	4460056	201	90664	20910	51081386	465036439	90288	2180724	2279332
1789648797	25964	4448752	201	91475	20531	51129077	465398798	90290	2180724	2268028
1789648828	25995	4457640	201	91966	20112	51177369	465812640	90280	2180704	2276936
1789648858	26025	4454308	201	91305	19930	51248061	466353185	90290	2186836	2267472
1789648889	26056	4456368	201	90235	18963	51342040	466777036	90286	2181772	2274596
1789648919	26086	4453388	201	90203	18231	51389458	467326984	90287	2185916	2267472
1789648949	26116	4448788	201	89366	17644	51438489	467849215	90282	2181316	2267472
1789648980	26147	4449280	201	89994	18897	51507644	468224726	90294	2180144	2269136
1789649010	26177	4447164	201	90729	19356	51555874	468693505	90271	2179136	2268028
1789649041	26208	4449452	201	89675	17796	51630326	469207217	90261	2179136	2270316
1789649072	26239	4449800	201	89063	18082	51674272	469657578	90278	2181376	2268424
1789649102	26269	4448184	201	87546	18729	51767190	469987312	90263	2179616	2268568
1789649133	26300	4448152	201	88985	18954	51789157	470582320	90239	2179076	2269076
1789649163	26330	4448732	201	87128	19178	51862061	471082729	90247	2180216	2268516
1789649193	26360	4446564	201	90070	19261	51906348	471460833	90229	2179092	2267472
1789649224	26391	4446576	201	89855	19479	51971386	471995837	90211	2179104	2267472
1789649254	26421	4456916	201	90253	20048	52040177	472379223	90197	2188144	2268772
1789649285	26452	4452232	201	89816	19045	52086649	472770401	90208	2184760	2267472
1789649315	26482	4447208	201	90857	20806	52157807	473109189	90199	2179116	2268092
1789649346	26513	4447260	201	90989	20998	52228524	473507653	90200	2179116	2268144
1789649376	26543	4446588	201	91836	20806	52277710	473909484	90199	2179116	2267472
1789649407	26574	4447152	201	91351	20422	52345191	474368995	90198	2179680	2267472
1789649437	26604	4447128	201	90226	18759	52394365	474905914	90200	2179656	2267472
1789649468	26635	4447452	201	89032	19248	52487812	475276341	90209	2179980	2267472
1789649498	26665	4448472	201	89734	18658	52512417	475847054	90201	2181000	2267472
1789649529	26696	4450424	201	89816	19500	52582235	476355201	90207	2182952	2267472
1789649559	26726	4449676	201	90256	18887	52626137	476917292	90199	2182204	2267472
1789649590	26757	4450260	201	90934	19457	52674678	477356936	90201	2182244	2268016
1789649620	26787	4449052	201	90064	19403	52767953	477766414	90207	2181580	2267472
1789649650	26817	4450332	201	90796	19425	52841276	478322791	90208	2182860	2267472
1789649681	26848	4448968	201	90428	18674	52913679	478938421	90201	2182128	2266840
1789649711	26878	4456764	201	89955	17603	52962954	479589886	90197	2191172	2265592
1789649742	26909	4450676	201	88949	18331	53030286	480108247	90211	2182160	2268516
1789649772	26939	4447740	201	89219	18194	53076361	480561662	90218	2181580	2266160
1789649803	26970	4447752	201	90206	19557	53125097	481099583	90215	2181580	2266172
1789649833	27000	4462508	201	90863	19850	53191002	481710706	90210	2191012	2271496
1789649864	27031	4448928	201	91165	20787	53240061	482222858	90208	2183336	2265592
1789649894	27061	4447176	201	91045	20171	53329609	482672148	90189	2181580	2265596
1789649925	27092	4450764	201	89940	19691	53378396	483081843	90196	2182952	2267812
1789649955	27122	4448660	201	90699	21738	53448702	483373238	90186	2181012	2267648
1789649985	27152	4448660	201	90591	19628	53494612	483787338	90183	2181012	2267648
1789650016	27183	4463128	201	90965	19794	53543325	484085915	90177	2195480	2267648
1789650046	27213	4452572	201	91036	18826	53615101	484536086	90150	2182128	2270444
1789650077	27244	4465684	201	89169	17673	53688834	485062428	90144	2185212	2280472
1789650107	27274	4448664	201	89701	18878	53756352	485498454	90146	2181016	2267648
1789650138	27305	4453832	201	90910	19267	53805183	486074774	90130	2181016	2272816
1789650168	27335	4450544	201	90385	19566	53874157	486623328	90128	2181016	2269528
1789650199	27366	4450544	201	91479	19174	53943502	487113417	90116	2181016	2269528
1789650229	27396	4450544	201	91675	19356	54018748	487786016	90177	2181016	2269528
1789650260	27427	4465080	201	91099	20015	54063160	488112433	90253	2195552	2269528
1789650290	27457	4463700	201	91397	19884	54137342	488598367	90253	2194172	2269528
1789650321	27488	4460960	201	91287	19358	54184713	489254111	90242	2190284	2270676
1789650351	27518	4451144	201	91361	18450	54234196	489905215	90243	2181616	2269528
1789650382	27549	4453052	201	87017	16813	54325921	490291475	90268	2183520	2269532
1789650412	27579	4449084	201	88733	18038	54350288	490688314	90256	2181604	2267480
1789650442	27609	4448944	201	88245	16594	54419402	491174013	90265	2181524	2267420
1789650473	27640	4449592	201	88498	18029	54462646	491539858	90268	2181628	2267964
1789650503	27670	4454812	201	89907	17727	54535219	492074460	90247	2182280	2272532
1789650534	27701	4464876	201	89691	18117	54599516	492567277	90246	2197428	2267448
1789650564	27731	4449060	201	89205	17672	54672474	492983031	90247	2181612	2267448
1789650595	27762	4464236	201	89093	17860	54742717	493421697	90260	2185960	2278276
1789650625	27792	4448496	201	88714	18741	54791715	493817550	90276	2181032	2267464
1789650656	27823	4448496	201	90322	20440	54840938	494171537	90270	2181032	2267464
1789650686	27853	4452768	201	90441	19688	54909087	494843941	90264	2185304	2267464
1789650716	27883	4455464	201	90979	19248	54957974	495267667	90261	2188000	2267464
1789650747	27914	4453500	201	89756	20201	55021082	495639823	90266	2184788	2268712
1789650777	27944	4458548	201	90436	18889	55094592	496061805	90254	2191084	2267464
1789650808	27975	4452252	201	89501	18816	55164387	496493883	90247	2184788	2267464
1789650838	28005	4452252	201	90749	19352	55188613	496983202	90235	2184788	2267464
1789650869	28036	4458848	201	88452	17631	55280670	497565107	90250	2184788	2274060
1789650899	28066	4460052	201	89453	18440	55325685	498037520	90232	2190712	2269340
1789650930	28097	4456508	201	89019	17672	55396940	498566647	90207	2187156	2269352
1789650960	28127	4473404	201	89594	17923	55441795	498937975	90203	2204052	2269352
1789650991	28158	4455432	201	89186	17176	55490696	499781091	90187	2186080	2269352
1789651021	28188	4452220	201	87977	18754	55563841	500180318	90189	2182868	2269352
1789651052	28219	4452800	201	88892	18029	55631754	500696393	90195	2182868	2269932
1789651082	28249	4454248	201	89034	19266	55679355	501086958	90170	2184896	2269352
1789651113	28280	4454172	201	89480	19772	55720697	501625666	90165	2184188	2269984
1789651143	28310	4454304	201	89316	19121	55793496	502094495	90162	2184952	2269352
1789651174	28341	4453308	201	89093	19437	55859834	502463726	90161	2182868	2270440
1789651204	28371	4456500	201	89657	19156	55909198	502840063	90157	2187148	2269352
1789651235	28402	4452236	201	88792	19079	55979787	503250414	90173	2182884	2269352
1789651265	28432	4457100	201	88567	18546	56027643	503693049	90178	2184008	2273092
1789651295	28462	4453540	201	90192	18898	56076580	504269077	90164	2182916	2270624
1789651326	28493	4452816	201	88933	17524	56141748	504869806	90166	2183464	2269352
1789651356	28523	4452268	201	89213	16924	56190784	505232812	90162	2182916	2269352
1789651387	28554	4453532	201	87928	17154	56283018	505598419	90172	2182916	2270616
1789651417	28584	4452268	201	88529	16791	56307190	505961268	90178	2182916	2269352
1789651447	28614	4452268	201	89998	17945	56355986	506369219	90167	2182916	2269352
1789651478	28645	4452828	201	89983	18148	56422837	506785923	90166	2182916	2269912
1789651508	28675	4452268	201	89101	17949	56471646	507075188	90187	2182916	2269352
1789651539	28706	4456140	201	89065	17521	56558504	507664063	90178	2184908	2271232
1789651569	28736	4457140	201	89055	17655	56582840	508148782	90177	2184844	2272296
1789651599	28766	4467896	201	89589	17334	56679362	508810887	90177	2196116	2271780
1789651630	28797	4455344	201	89268	17477	56722998	509440448	90186	2182920	2272424
1789651660	28827	4454748	201	89751	17845	56771707	509932449	90171	2183508	2271240
1789651691	28858	4454160	201	88712	17229	56815970	510692471	90179	2182920	2271240
1789651721	28888	4456828	201	90049	18874	56863051	511010556	90179	2185588	2271240
1789651752	28919	4455184	201	90770	19180	56930405	511515234	90157	2183376	2271808
1789651782	28949	4454700	201	90437	19230	56973905	511935324	90142	2182920	2271780
1789651812	28979	4455268	201	90266	19814	57047090	512332727	90142	2183472	2271796
1789651843	29010	4460188	201	88750	18563	57120294	512690726	90133	2188236	2271952
1789651873	29040	4461324	201	89616	19570	57145161	512972988	90115	2183952	2277372
1789651904	29071	4462800	201	89497	18301	57266088	513625624	90131	2182920	2279880
1789651934	29101	4454624	201	90113	18709	57290316	514197619	90103	2183380	2271244
1789651965	29132	4460240	201	89981	18051	57362935	514827522	90080	2187700	2272540
1789651995	29162	4456212	201	89436	18155	57407961	515417992	90082	2184968	2271244
1789652026	29193	4456036	201	88931	18396	57481564	515876691	90075	2183504	2272532
1789652056	29223	4456048	201	89813	19693	57577548	516319960	90140	2183504	2272544
1789652086	29253	4460548	201	89752	19495	57625991	516759864	90145	2185260	2275288
1789652117	29284	4464736	201	91151	18729	57695140	517232017	90136	2186820	2277916
1789652147	29314	4476308	201	91124	20507	57743488	517677088	90144	2196428	2279880
1789652178	29345	4477276	201	90614	19837	57812717	518265042	90152	2193460	2283816
1789652208	29375	4471288	201	90787	19497	57859014	518814719	90151	2187472	2283816
1789652239	29406	4475284	201	90506	18277	57931288	519324102	90147	2190332	2284952
1789652269	29436	4485912	201	89629	17759	58000672	519677382	90165	2201512	2284400
1789652300	29467	4470024	201	88745	17013	58049757	520423382	90158	2185000	2285024
1789652330	29497	4474348	201	89621	17120	58120600	520903874	90146	2188736	2285612
1789652360	29527	4470744	201	89395	17991	58169304	521293620	90164	2186920	2283824
1789652391	29558	4518636	201	88816	18186	58236021	521763661	90169	2229392	2289244
1789652421	29588	4496468	201	90171	19511	58257685	522182961	90155	2212644	2283824
1789652452	29619	4484952	201	89766	18297	58350882	522615131	90151	2201128	2283824
1789652482	29649	4500448	201	90347	18941	58423740	522943957	90153	2216624	2283824
1789652512	29679	4505588	201	89790	18274	58497782	523423578	90153	2221764	2283824
1789652543	29710	4491412	201	88995	18521	58546842	523828879	90171	2207588	2283824
1789652574	29741	4498728	201	90266	18678	58593111	524354851	90168	2214368	2284360
1789652604	29771	4484952	201	88986	19702	58641965	524803038	90164	2201128	2283824
1789652634	29801	4486056	201	91072	20707	58709662	525232671	90140	2201568	2284488
1789652665	29832	4488712	201	90928	20721	58776101	525641642	90148	2204888	2283824
1789652696	29863	4486060	201	89664	20260	58849487	526121960	90136	2201668	2284392
1789652726	29893	4488048	201	89456	19158	58923100	526638239	90121	2204224	2283824
1789652757	29924	4485492	201	90406	19259	58968352	527073083	90116	2201668	2283824
1789652787	29954	4486164	201	90184	19274	58993140	527600714	90100	2201668	2284496
1789652817	29984	4485496	201	89514	18646	59062377	528003966	90097	2201668	2283828
1789652848	30015	4485496	201	90443	18164	59128887	528386177	90096	2201668	2283828
1789652878	30045	4487520	201	86885	16645	59199584	528823529	90092	2203692	2283828
1789652909	30076	4494960	201	88894	17006	59248102	529270061	90071	2211132	2283828
1789652939	30106	4495612	201	89335	17473	59293463	529795481	90073	2211136	2284476
1789652970	30137	4494384	201	89643	17339	59338264	530395665	90071	2210556	2283828
1789653000	30167	4495052	201	88406	16835	59405357	530946905	90075	2210556	2284496
1789653031	30198	4496788	201	89099	16697	59453835	531353576	90070	2212960	2283828
1789653061	30228	4495776	201	87921	16522	59519837	531736086	90075	2214000	2281776
1789653091	30258	4512944	201	89126	17091	59616811	532165592	90067	2229384	2283560
1789653122	30289	4507016	201	88566	16827	59641600	532535443	90072	2216008	2291008
1789653152	30319	4506756	201	87743	16933	59714155	533052454	90090	2213696	2293060
1789653182	30349	4503116	201	87863	18931	59765791	533386761	90096	2211064	2292052
1789653213	30380	4504336	201	88650	18669	59835064	533973463	90088	2211724	2292612
1789653243	30410	4519596	201	90168	18842	59901147	534513526	90075	2224960	2294636
1789653274	30441	4504044	201	89799	19046	59949995	535024226	90085	2212020	2292024
1789653304	30471	4502176	201	89000	19156	60025194	535426926	90094	2210152	2292024
1789653335	30502	4503408	201	89627	18369	60074235	536001625	90093	2210152	2293256
1789653365	30532	4502180	201	89729	18092	60122257	536527585	90082	2210152	2292028
1789653396	30563	4502184	201	89822	17933	60194108	536967023	90089	2210152	2292032
1789653426	30593	4506164	201	89964	17853	60258447	537444781	90090	2212468	2293696
1789653457	30624	4507176	201	90175	17836	60328137	537837922	90088	2215144	2292032
1789653487	30654	4500304	201	90022	17866	60398382	538382580	90085	2210152	2290152
1789653517	30684	4501524	201	88575	18021	60447417	538799995	90081	2211700	2289824
1789653548	30715	4499932	201	86894	18318	60496136	539314002	90078	2210776	2289156
1789653578	30745	4505672	201	88171	19372	60540821	539681525	90067	2216516	2289156
1789653609	30776	4506140	201	90818	19466	60604118	540458459	90044	2215676	2290464
1789653639	30806	4507396	201	90458	18809	60672232	540979087	90032	2218240	2289156
1789653670	30837	4499888	201	91024	18862	60743240	541437473	90016	2210732	2289156
1789653700	30867	4515404	201	90120	18056	60813970	541814076	90018	2226248	2289156
1789653731	30898	4511484	201	90448	18395	60885387	542257404	90011	2214376	2297108
1789653761	30928	4509212	201	89949	17799	60959101	542691645	89990	2218268	2290944
1789653792	30959	4503072	201	89670	18297	61007968	543247275	90061	2211416	2291656
1789653822	30989	4500032	201	88942	18349	61059013	543659943	90055	2210848	2289184
1789653853	31020	4503864	201	89630	18707	61106474	544181385	90051	2214680	2289184
1789653883	31050	4498756	201	90092	19234	61172465	544663701	90047	2209572	2289184
1789653913	31080	4500424	201	89545	19813	61245219	545103928	90049	2211236	2289188
1789653944	31111	4504676	201	89242	20214	61293729	545452340	90058	2215488	2289188
1789653975	31142	4508648	201	89100	19594	61363953	546012224	90058	2218232	2290416
1789654005	31172	4499908	201	90493	18949	61412657	546706569	90049	2210720	2289188
1789654036	31203	4505180	201	90841	18920	61483430	547209000	90052	2215992	2289188
1789654066	31233	4509260	201	90938	19320	61529420	547717672	90058	2220072	2289188
1789654096	31263	4500164	201	89914	19751	61600960	548175567	90066	2210976	2289188
1789654127	31294	4498760	201	91167	19286	61669051	548676354	90061	2209572	2289188
1789654157	31324	4500304	201	89991	20059	61738131	549096492	90073	2211116	2289188
1789654188	31355	4502744	201	89719	19746	61787199	549554430	90068	2210488	2292256
1789654218	31385	4499416	201	87989	19693	61830091	550179358	90077	2209572	2289844
1789654249	31416	4501472	201	88759	17989	61903810	550735807	90075	2212284	2289188
1789654279	31446	4500812	201	88051	18328	61950895	551175564	90077	2211624	2289188
1789654310	31477	4521180	201	89239	16658	62016130	551878039	90066	2231336	2289844
1789654340	31507	4517324	201	89103	17904	62082048	552256879	90070	2220668	2296656
1789654371	31538	4509056	201	89364	16924	62151270	552734037	90057	2218672	2290384
1789654401	31568	4547656	201	90020	17930	62249220	553103264	90052	2247648	2300008
1789654432	31599	4526960	201	89138	16866	62300800	553663618	90045	2221396	2305564
1789654463	31630	4533272	201	88224	17583	62349708	554069669	90056	2228416	2304856
1789654493	31660	4524372	201	88476	18750	62395312	554507517	90042	2220524	2303848
1789654524	31691	4527716	201	90121	17931	62443524	554887062	90016	2223868	2303848
1789654554	31721	4533920	201	89974	18563	62540969	555322602	90015	2229476	2304444
1789654585	31752	4524356	201	88282	17323	62585489	555723863	90012	2219944	2304412
1789654615	31782	4523792	201	87077	17231	62655498	556112332	90072	2219944	2303848
1789654645	31812	4527548	201	89525	17306	62724673	556689986	90063	2223700	2303848
1789654676	31843	4527548	201	89980	19587	62773778	557138084	90051	2223700	2303848
1789654706	31873	4527756	201	89344	19772	62817786	557658319	90045	2223700	2304056
1789654736	31903	4527220	201	90870	19003	62862470	558009961	90044	2224380	2302840
1789654767	31934	4535772	201	89391	17631	62956552	558610268	90049	2232932	2302840
1789654797	31964	4545808	201	88210	18154	63003932	558897418	90058	2244160	2301648
1789654828	31995	4548240	201	89197	17985	63073962	559352198	90053	2242836	2305404
1789654858	32025	4547684	201	89442	17753	63098105	559834858	90051	2242280	2305404
1789654889	32056	4547684	201	89789	17574	63144336	560463218	90046	2242280	2305404
1789654919	32086	4552460	201	89740	16936	63212591	560962806	90049	2245812	2306648
1789654950	32117	4554008	201	88727	17450	63278166	561339105	90052	2248604	2305404
1789654980	32147	4556200	201	88816	16944	63372967	561701031	90054	2251904	2304296
1789655010	32177	4560276	201	89688	17212	63419962	562153297	90045	2255980	2304296
1789655041	32208	4545568	201	89909	17992	63493265	562542568	90053	2241272	2304296
1789655072	32239	4554680	201	86446	16528	63566098	563084095	90079	2250384	2304296
1789655102	32269	4560588	201	87288	17819	63589989	563380890	90072	2241272	2319316
1789655133	32300	4560588	201	87570	17334	63662145	563867596	90062	2241272	2319316
1789655163	32330	4575884	201	88826	17276	63731575	564319939	90065	2254796	2321088
1789655193	32360	4562468	201	89667	17592	63780439	564788978	90060	2243152	2319316
1789655224	32391	4567004	201	89010	18735	63851474	565228629	90068	2247688	2319316
1789655254	32421	4562468	201	89443	19688	63900257	565791985	90058	2243152	2319316
1789655285	32452	4565816	201	88325	18532	63947014	566591035	90045	2246500	2319316
1789655315	32482	4562468	201	88207	18744	63990566	567140918	90041	2243152	2319316
1789655345	32512	4579524	201	89920	18886	64080373	567649469	90016	2259612	2319912
1789655376	32543	4566488	201	89689	18948	64128354	568133687	90022	2247164	2319324
1789655406	32573	4562476	201	88769	17710	64199142	568585124	90009	2243152	2319324
1789655437	32604	4563748	201	89414	17656	64269281	568964404	89995	2243732	2320016
1789655467	32634	4564288	201	88167	17653	64293328	569357136	90002	2244960	2319328
1789655497	32664	4563060	201	90285	17743	64341274	570009757	90051	2243732	2319328
1789655528	32695	4562480	201	89102	18491	64407225	570453279	90041	2243152	2319328
1789655558	32725	4563736	201	90315	18695	64475834	570905803	90015	2241688	2322048
1789655588	32755	4569276	201	90089	18629	64543620	571327357	90014	2249292	2319984
1789655619	32786	4566528	201	90425	18571	64616704	571800178	90017	2243564	2322964
1789655650	32817	4583152	201	90347	17986	64688964	572223843	90014	2263824	2319328
1789655680	32847	4562312	201	90414	18284	64737727	572608331	90016	2242984	2319328
1789655710	32877	4563616	201	90640	18941	64814452	573024161	90017	2244292	2319324
1789655741	32908	4562304	201	90199	18666	64886964	573469902	90015	2242980	2319324
1789655772	32939	4554792	201	89478	17789	64937691	573924300	90028	2235468	2319324
1789655802	32969	4554792	201	87376	16552	64985263	574197927	90038	2235468	2319324
1789655832	32999	4559764	201	88267	16345	65058020	574596854	90034	2240440	2319324
1789655863	33030	4556056	201	88233	17237	65098482	575027476	90042	2235468	2320588
1789655893	33060	4557688	201	87182	17279	65147314	575639441	90042	2237068	2320620
1789655924	33091	4555972	201	90055	17841	65210268	576318374	90025	2235468	2320504
1789655954	33121	4547280	201	90591	18343	65257057	576885649	90023	2235468	2311812
1789655985	33152	4547964	201	89833	17989	65353312	577358746	90029	2235840	2312124
1789656016	33183	4548512	201	89635	18196	65373853	577792276	90029	2237052	2311460
1789656046	33213	4546612	201	90506	18382	65470668	578286853	90022	2235152	2311460
1789656077	33244	4548436	201	89502	18352	65518108	578578547	90047	2236976	2311460
1789656107	33274	4548912	201	89447	17648	65566592	578949088	90046	2236288	2312624
1789656138	33305	4546632	201	87947	17418	65652353	579453363	90036	2235156	2311476
1789656168	33335	4546632	201	88358	17299	65676938	579834760	90038	2235156	2311476
1789656199	33366	4550044	201	88428	17298	65725932	580209647	90023	2235156	2314888
1789656230	33397	4551512	201	89396	16205	65783709	580792439	90002	2237384	2314128
1789656261	33428	4566732	201	89479	16782	65856338	581229601	90012	2253252	2313480
1789656291	33458	4551152	201	88962	16515	65925990	581675621	89998	2236984	2314168
1789656322	33489	4554916	201	88774	17504	65974857	582019068	89983	2241764	2313152
1789656353	33520	4550248	201	88929	16782	66050228	582592494	89976	2237768	2312480
1789656384	33551	4549184	201	88494	17253	66119153	583058095	89971	2236704	2312480
1789656414	33581	4553908	201	88050	17095	66190592	583595774	89957	2241412	2312496
1789656445	33612	4550672	201	88925	16382	66239199	584141545	89959	2238160	2312512
1789656475	33642	4549216	201	88925	17965	66287970	584571085	89965	2236704	2312512
1789656506	33673	4547336	201	88679	18491	66351556	585188448	89948	2234824	2312512
1789656536	33703	4549188	201	90535	18935	66400059	585703570	89937	2236676	2312512
1789656567	33734	4547944	201	90564	18527	66464657	586235806	89941	2234836	2313108
1789656597	33764	4547264	201	90290	18068	66487271	586583321	89944	2234772	2312492
1789656628	33795	4549184	201	89459	19295	66560324	586946193	89950	2236692	2312492
1789656658	33825	4547924	201	90433	18862	66632467	587410677	89947	2235432	2312492
1789656689	33856	4558756	201	90105	18862	66705327	587844587	89960	2246260	2312496
1789656719	33886	4547268	201	88109	17492	66770114	588310977	89952	2234772	2312496
1789656750	33917	4564692	201	88840	19366	66819000	588655318	89957	2235804	2328888
1789656780	33947	4547268	201	88085	18330	66903727	589097316	89962	2234772	2312496
1789656810	33977	4547268	201	87034	17692	66952099	589411703	89962	2234772	2312496
1789656841	34008	4548392	201	87582	17031	67023715	589898959	89962	2235896	2312496
1789656871	34038	4563220	201	88808	17074	67047361	590399181	89957	2250724	2312496
1789656902	34069	4547848	201	88486	17742	67120555	590871890	89961	2235352	2312496
1789656932	34099	4570132	201	89241	18253	67191269	591275684	89953	2257636	2312496
1789656963	34130	4549324	201	87598	17990	67215741	591736503	89960	2236828	2312496
1789656993	34160	4555320	201	89034	17283	67312480	592260676	89948	2242824	2312496
1789657024	34191	4549324	201	88887	17795	67357446	592663820	89955	2236828	2312496
1789657054	34221	4549324	201	88171	17456	67451594	593229550	89963	2236828	2312496
1789657084	34251	4547444	201	89364	18695	67472266	593741529	89947	2234948	2312496
1789657115	34282	4547460	201	87973	18471	67521451	594275469	89968	2234948	2312512
1789657145	34312	4548728	201	89936	17962	67607033	594954613	89934	2235648	2313080
1789657176	34343	4547288	201	90078	18368	67655921	595537012	89975	2235632	2311656
1789657206	34373	4547420	201	89995	18111	67742662	596018061	89978	2236956	2310464
1789657237	34404	4545412	201	89525	19264	67767180	596371966	89965	2234948	2310464
1789657267	34434	4545424	201	90002	18726	67840070	596900409	89955	2234948	2310476
1789657297	34464	4549808	201	89064	18171	67888056	597331903	89955	2236828	2312980
1789657328	34495	4549832	201	86993	17478	67961435	597926163	89945	2236828	2313004
1789657358	34525	4549184	201	89234	17760	68030863	598253218	89930	2236828	2312356
1789657389	34556	4549184	201	89844	19081	68055191	598575491	89931	2236828	2312356
1789657419	34586	4549184	201	89494	18517	68126021	599035968	89917	2236828	2312356
1789657449	34616	4552748	201	87871	18028	68196062	599457729	89924	2236828	2315920
1789657480	34647	4552404	201	89422	17473	68269282	600030609	89929	2237456	2314948
1789657510	34677	4549212	201	88854	18194	68342188	600413416	89931	2236828	2312384
1789657541	34708	4549212	201	90187	17952	68390633	600876316	89916	2236828	2312384
1789657571	34738	4549728	201	88663	18000	68439136	601323261	89935	2237344	2312384
1789657602	34769	4549212	201	89922	17320	68486459	601863815	89927	2236828	2312384
1789657632	34799	4549212	201	89560	18010	68558643	602322045	89930	2236828	2312384
1789657663	34830	4551372	201	90364	17718	68630278	602757554	89925	2238980	2312392
1789657693	34860	4549220	201	89795	17162	68678952	603198213	89933	2236828	2312392
1789657724	34891	4549932	201	88256	17368	68745775	603703901	89939	2237532	2312400
1789657754	34921	4551572	201	86856	17624	68794408	604279632	89938	2239172	2312400
1789657784	34951	4551572	201	90034	17701	68836943	604588962	89941	2239172	2312400
1789657815	34982	4552584	201	90537	18508	68903266	605095916	89937	2240184	2312400
1789657845	35012	4552900	201	90203	18135	68952317	605580236	89936	2240500	2312400
1789657875	35042	4552252	201	89880	18746	69018901	605885356	89949	2239852	2312400
1789657906	35073	4556052	201	90470	18176	69067737	606431318	89931	2239852	2316200
1789657936	35103	4552220	201	90765	18539	69162409	606956380	89929	2239852	2312368
1789657967	35134	4554592	201	89662	17964	69211168	607394837	89937	2239852	2314740
1789657997	35164	4552808	201	90456	18279	69260029	607894264	89919	2240440	2312368
1789658028	35195	4554112	201	89399	18285	69332480	608343057	89916	2240368	2313744
1789658058	35225	4557748	201	89526	16790	69406743	608818591	89910	2245324	2312424
1789658089	35256	4552276	201	89581	17121	69452382	609286577	89898	2239852	2312424
1789658119	35286	4552880	201	88465	16077	69501501	609925266	89882	2240456	2312424
1789658150	35317	4557000	201	88153	16738	69596989	610300242	89887	2244576	2312424
1789658180	35347	4553572	201	88669	17996	69645417	610921594	89877	2243016	2310556
1789658211	35378	4551012	201	88951	18461	69722239	611289609	89866	2240456	2310556
1789658241	35408	4550408	201	85818	17175	69769894	611807538	89876	2239852	2310556
1789658272	35439	4550408	201	88741	18340	69842670	612118020	89851	2239852	2310556
1789658302	35469	4555024	201	89264	18955	69885256	612699071	89852	2244468	2310556
1789658333	35500	4556176	201	89776	18296	69934369	613202258	89843	2244468	2311708
1789658363	35530	4556728	201	89182	18753	70026556	613544061	89857	2245120	2311608
1789658393	35560	4555600	201	89277	18508	70026556	614107993	89855	2245044	2310556
1789658424	35591	4555028	201	89847	18271	70124647	614615615	89848	2244472	2310556
1789658455	35622	4555028	201	89438	17437	70159311	615091224	89850	2244472	2310556
1789658485	35652	4569208	201	89175	17276	70232318	615559380	89851	2254104	2315104
1789658515	35682	4561960	201	88255	17284	70300017	615968129	89858	2248652	2313308
1789658546	35713	4561284	201	88881	17826	70348476	616515640	89856	2248652	2312632
1789658576	35743	4565040	201	89881	18444	70420971	616897354	89866	2248652	2316388
1789658607	35774	4567016	201	87478	19153	70468874	617322580	89880	2250628	2316388
1789658637	35804	4567952	201	87912	19010	70517847	617837144	89871	2251564	2316388
1789658668	35835	4578584	201	88987	16931	70611599	618461811	89862	2261924	2316660
1789658698	35865	4578584	201	88982	18362	70660555	618878536	89865	2261924	2316660
1789658729	35896	4578488	201	89448	17085	70734241	619284293	89868	2261828	2316660
1789658759	35926	4583484	201	89168	16987	70782984	619649663	89866	2266860	2316624
1789658790	35957	4579032	201	88671	16416	70831974	620192369	89858	2262408	2316624
1789658820	35987	4579584	201	88234	15797	70924302	620591272	89926	2262960	2316624
1789658850	36017	4578452	201	88889	15709	70973155	621042269	89992	2261828	2316624
1789658881	36048	4582316	201	88766	16705	71018525	621455303	89980	2265676	2316640
1789658911	36078	4578492	201	88298	16957	71067619	622009844	89974	2261836	2316656
1789658942	36109	4576616	201	87995	16213	71116149	622340725	89967	2259956	2316660
1789658973	36140	4576616	201	88640	15802	71157888	622527292	88106	2259956	2316660
1789659004	36171	4576544	201	87173	14915	71157888	622807176	86876	2259884	2316660
1789659034	36201	4576552	201	86625	14924	71182268	623023331	86906	2259892	2316660
1789659065	36232	4576552	201	86176	12615	71249944	623386499	89938	2259892	2316660
1789659095	36262	4576552	201	86398	13559	71249944	623679105	89917	2259892	2316660
1789659126	36293	4576052	201	86714	12785	71311280	623991471	89905	2259440	2316612
1789659156	36323	4575480	201	85693	12430	71335899	624268467	89907	2258868	2316612
1789659187	36354	4577316	201	84909	12670	71381257	624586378	89910	2259512	2317804
1789659217	36384	4575468	201	86534	12909	71453069	625052198	89895	2258856	2316612
1789659248	36415	4575500	201	87157	13855	71501329	625547010	89893	2258872	2316628
1789659278	36445	4582832	201	87678	14250	71569125	625941024	89896	2262636	2320196
1789659309	36476	4575532	201	87249	14076	71617944	626413327	89895	2258920	2316612
1789659339	36506	4573684	201	87319	14619	71664378	626986492	89897	2256888	2316796
1789659370	36537	4572300	201	87140	15371	71733902	627475330	89901	2257512	2314788
1789659400	36567	4571688	201	89351	17155	71782971	627941642	89895	2256896	2314792
1789659431	36598	4571756	201	90103	18020	71856496	628404328	89898	2256908	2314848
1789659461	36628	4573672	201	89607	17850	71904144	628996854	89900	2256948	2316724
1789659491	36658	4573888	201	89686	18216	71981416	629560022	89908	2256948	2316940
1789659522	36689	4571856	201	88317	18101	72031707	630163143	89908	2257000	2314856
1789659552	36719	4574460	201	89090	17078	72104476	630756936	89898	2257500	2316960
1789659582	36749	4572880	201	88428	18251	72151926	631103970	89910	2258024	2314856
1789659613	36780	4572660	201	89315	16459	72200698	631701488	89912	2257804	2314856
1789659643	36810	4570840	201	88388	17067	72271956	632187781	89915	2255984	2314856
1789659674	36841	4571500	201	89464	16970	72292161	632786179	89906	2255988	2315512
1789659704	36871	4572812	201	89469	17948	72340595	633207084	89913	2257952	2314860
1789659734	36901	4570852	201	89094	17188	72423589	633718509	89912	2255992	2314860
1789659765	36932	4572640	201	88890	17517	72472472	634151986	89910	2257780	2314860
1789659795	36962	4572736	201	89853	17613	72520877	634532876	89893	2257876	2314860
1789659825	36992	4572740	201	90254	17400	72582240	634986748	89893	2257880	2314860
1789659856	37023	4571248	201	90251	19013	72630594	635370648	89877	2257880	2313368
1789659886	37053	4571732	201	89444	18944	72698659	635843543	89880	2258920	2312812
1789659917	37084	4570700	201	90067	18468	72771624	636373003	89868	2257888	2312812
1789659947	37114	4572436	201	89050	18271	72841408	636978507	89860	2258444	2313992
1789659978	37145	4570700	201	88873	17415	72865794	637341453	89844	2257888	2312812
1789660008	37175	4571248	201	90423	17225	72961374	637869920	89830	2258436	2312812
1789660038	37205	4574224	201	89909	17255	73034748	638299217	89818	2261412	2312812
1789660069	37236	4570700	201	88972	16559	73059120	638694955	89824	2257888	2312812
1789660100	37267	4573144	201	89266	16721	73155234	639136365	89828	2260328	2312816
1789660130	37297	4574828	201	89422	18405	73204451	639751678	89817	2262012	2312816
1789660160	37327	4570708	201	88338	17306	73279544	640318588	89817	2257888	2312820
1789660191	37358	4570740	201	88948	17172	73351741	640669016	89605	2257920	2312820
1789660221	37388	4571896	201	87193	16745	73378555	641149654	89845	2257920	2313976
1789660252	37419	4570688	201	87733	18026	73446701	641696491	89848	2257872	2312816
1789660282	37449	4571348	201	89197	17811	73493844	642258820	89826	2258532	2312816
1789660313	37480	4570708	201	88040	17972	73542462	643073700	89834	2257892	2312816
1789660343	37510	4579244	201	89153	17506	73608851	643665872	89828	2262952	2316292
1789660374	37541	4574472	201	87580	17660	73676798	644239035	89840	2261656	2312816
1789660404	37571	4574472	201	87540	17506	73723753	644835154	89848	2261656	2312816
1789660434	37601	4573456	201	90376	19566	73813219	645282543	89837	2260640	2312816
1789660465	37632	4574688	201	90332	19300	73855827	645728328	89840	2261860	2312828
1789660495	37662	4573472	201	89180	19143	73929494	646115195	89852	2260644	2312828
1789660526	37693	4573528	201	89313	18741	74001166	646537447	89853	2260648	2312880
1789660556	37723	4573528	201	88689	18880	74025519	647024413	89917	2260648	2312880
1789660586	37753	4572260	201	87967	18282	74073238	647465797	89916	2259380	2312880
1789660617	37784	4573168	201	89357	18301	74143737	648106422	89899	2260288	2312880
1789660647	37814	4574860	201	89150	17920	74213848	648515924	89892	2261468	2313392
1789660678	37845	4573152	201	88521	16191	74291483	649024557	89890	2260304	2312848
1789660708	37875	4572544	201	88890	16743	74362072	649460613	89876	2259696	2312848
1789660738	37905	4576440	201	87117	16487	74436236	650215905	89864	2259116	2317324
1789660769	37936	4576464	201	88878	17136	74484566	650554799	89859	2259116	2317348
1789660799	37966	4580908	201	87720	16377	74586620	651259447	89844	2263280	2317628
1789660829	37996	4581476	201	89567	17764	74586620	651670841	89842	2263280	2318196
1789660860	38027	4580924	201	88586	17519	74660550	652273342	89848	2263280	2317644
1789660890	38057	4582804	201	88565	18690	74731038	652813768	89837	2265160	2317644
1789660921	38088	4582804	201	90015	19019	74775794	653512343	89804	2265160	2317644
1789660951	38118	4591792	201	87938	18177	74849082	654511233	89804	2272268	2319524
1789660982	38149	4590096	201	88333	18079	74909230	655081634	89799	2269928	2320168
1789661012	38179	4585892	201	89018	17627	74933642	655622759	89798	2266368	2319524
1789661043	38210	4586576	201	88299	18869	75003233	656045827	89808	2266368	2320208
1789661073	38240	4586556	201	90043	18930	75068040	656554078	89798	2267032	2319524
1789661103	38270	4591264	201	89404	17773	75141685	657204035	89802	2271740	2319524
1789661134	38301	4585892	201	88322	17806	75213956	657559239	89806	2266368	2319524
1789661165	38332	4586956	201	88143	18633	75286847	658067759	89807	2266372	2320584
1789661195	38362	4586484	201	89669	18508	75360112	658515723	89803	2266960	2319524
1789661226	38393	4585452	201	88431	18090	75409054	659129697	89810	2265928	2319524
1789661256	38423	4585452	201	88927	16842	75456024	659672434	89811	2265928	2319524
1789661286	38453	4585492	201	87695	17444	75503864	660117629	89805	2265968	2319524
1789661317	38484	4585940	201	88728	17004	75576310	660601768	89808	2266416	2319524
1789661347	38514	4584872	201	88950	19512	75646004	661069796	89809	2265348	2319524
1789661378	38545	4585444	201	89763	17394	75697272	661562218	89819	2265920	2319524
1789661409	38576	4584908	201	89860	18566	75770296	661988175	89817	2265384	2319524
1789661439	38606	4593072	201	88436	17203	75822236	662345040	89809	2272880	2320192
1789661469	38636	4584908	201	88110	16722	75892800	662853381	89806	2265384	2319524
1789661500	38667	4586136	201	86767	16996	75943365	663222367	89816	2266612	2319524
1789661530	38697	4584908	201	86033	16886	76016630	663749951	89835	2265384	2319524
1789661561	38728	4585448	201	88537	17156	76040891	664389883	89818	2265924	2319524
1789661591	38758	4584908	201	88949	17144	76111079	665032229	89791	2265384	2319524
1789661622	38789	4584908	201	88097	16668	76155829	665550745	89797	2265384	2319524
1789661652	38819	4584908	201	89639	16826	76223621	666110110	89776	2265384	2319524
1789661682	38849	4584908	201	89899	16666	76292892	666756888	89762	2265384	2319524
1789661713	38880	4588828	201	88876	17411	76362240	667105144	89769	2268716	2320112
1789661743	38910	4585380	201	89496	16811	76434111	667696813	89758	2265928	2319452
1789661774	38941	4584888	201	88196	17750	76458363	667935111	89746	2265400	2319488
1789661804	38971	4584904	201	89788	19693	76532468	668332773	89742	2265400	2319504
1789661834	39001	4587776	201	88512	18174	76603392	668851746	89727	2268272	2319504
1789661865	39032	4584904	201	89173	19610	76652453	669295475	89716	2265400	2319504
1789661895	39062	4586824	201	87962	19040	76722647	669897709	89721	2267320	2319504
1789661926	39093	4597876	201	90738	18862	76768022	670477934	89705	2278372	2319504
1789661956	39123	4586284	201	89818	17588	76863725	671091174	89706	2266780	2319504
1789661987	39154	4586920	201	88936	17712	76907101	671418299	89490	2267416	2319504
1789662017	39184	4587384	201	88735	16163	76931094	671934719	89719	2267880	2319504
1789662047	39214	4585676	201	88959	16817	77024512	672366393	89722	2266172	2319504
1789662078	39245	4585676	201	90534	18080	77073829	672863105	89733	2266172	2319504
1789662108	39275	4585680	201	89966	18652	77144260	673377163	89737	2266172	2319508
1789662139	39306	4588116	201	89585	19397	77194683	673941100	89796	2268608	2319508
1789662169	39336	4585680	201	88727	18340	77243793	674506646	89802	2266172	2319508
1789662200	39367	4585680	201	88739	18386	77335765	675067876	89805	2266172	2319508
1789662230	39397	4588600	201	90082	18172	77384632	675677246	89806	2266876	2321724
1789662261	39428	4585692	201	90749	18716	77455324	676285189	89794	2266172	2319520
1789662291	39458	4586392	201	88256	17202	77474555	676808068	89807	2266172	2320220
1789662321	39488	4595704	201	88181	17432	77547780	677336388	89802	2276184	2319520
1789662352	39519	4587352	201	89186	17162	77614966	677907059	89804	2267832	2319520
1789662382	39549	4590180	201	88659	16545	77687326	678356642	89802	2269468	2320712
1789662412	39579	4603684	201	89472	17236	77756943	678806013	89788	2284164	2319520
1789662443	39610	4590192	201	88770	16539	77806303	679209810	89788	2269928	2320264
1789662473	39640	4594908	201	88995	16628	77901597	679637513	89785	2270888	2324020
1789662503	39670	4609404	201	89277	17868	77926142	680080832	89777	2285384	2324020
1789662534	39701	4593948	201	88164	18954	77998689	680481232	89773	2269928	2324020
1789662565	39732	4599924	201	90391	18345	78040650	681069500	89764	2275272	2324652
1789662595	39762	4601784	201	89817	18439	78089333	681544042	89751	2277764	2324020
1789662626	39793	4603240	201	89835	18381	78178995	681959308	89729	2277364	2325876
1789662656	39823	4601692	201	89727	18182	78227522	682514205	89732	2277672	2324020
1789662687	39854	4598568	201	89404	17415	78301035	682963427	89722	2274548	2324020
1789662717	39884	4599844	201	89139	17123	78350193	683465418	89701	2274548	2325296
1789662748	39915	4598276	201	88865	17091	78399142	683767096	89716	2274256	2324020
1789662778	39945	4599412	201	87375	17579	78466691	684345858	89706	2275392	2324020
1789662809	39976	4596860	201	88337	17775	78515909	684812356	89702	2274720	2322140
1789662839	40006	4596860	201	88734	18682	78588106	685414434	89725	2274720	2322140
1789662869	40036	4596860	201	90083	17985	78609341	686064467	89706	2274720	2322140
1789662900	40067	4596860	201	88850	18513	78658370	686737624	89712	2274720	2322140
1789662931	40098	4596860	201	89156	18697	78740407	687224465	89708	2274720	2322140
1789662961	40128	4596860	201	90229	18864	78813094	687742924	89702	2274720	2322140
1789662991	40158	4596872	201	89050	19469	78885935	688294332	89719	2274720	2322152
1789663022	40189	4596872	201	90940	19258	78910017	688700275	89704	2274720	2322152
1789663052	40219	4596872	201	89937	18899	79004177	689138521	89710	2274720	2322152
1789663083	40250	4615832	201	90686	18461	79048296	689567788	89709	2293680	2322152
1789663113	40280	4596884	201	89489	18967	79123766	690030295	89718	2274720	2322164
1789663143	40310	4596932	201	88535	19103	79172517	690397297	89783	2274720	2322212
1789663174	40341	4598224	201	88439	20027	79217235	690907628	89784	2274720	2323504
1789663204	40371	4598248	201	89951	18748	79282650	691417983	89776	2276032	2322216
1789663235	40402	4600632	201	90434	18626	79332692	691988535	89775	2277764	2322868
1789663265	40432	4596936	201	89479	17969	79401900	692443417	89780	2274720	2322216
1789663296	40463	4596936	201	89183	18253	79471596	692891542	89774	2274720	2322216
1789663326	40493	4597568	201	88216	17642	79519984	693238422	89787	2274720	2322848
1789663357	40524	4596936	201	89215	17103	79569038	693732556	89767	2274720	2322216
1789663387	40554	4596936	201	89366	17137	79639765	694140145	89772	2274720	2322216
1789663417	40584	4596936	201	89000	16424	79688520	694692122	89752	2274720	2322216
1789663448	40615	4597508	201	87034	16241	79737162	695188324	89754	2274720	2322788
1789663478	40645	4598228	201	87533	16581	79803043	695661264	89748	2275356	2322872
1789663509	40676	4583024	201	88707	17845	79827300	696144656	89744	2267704	2315320
1789663539	40706	4581912	201	89536	18040	79892352	696774999	89718	2267208	2314704
1789663570	40737	4582492	201	88883	17354	79961207	697275206	89711	2267788	2314704
1789663600	40767	4583852	201	89492	18211	80010312	697776400	89711	2269148	2314704
1789663630	40797	4583208	201	90419	19166	80103365	698334960	89690	2268504	2314704
1789663661	40828	4581936	201	90611	18749	80127401	698807051	89680	2267232	2314704
1789663691	40858	4581936	201	89984	18047	80198992	699290205	89739	2267232	2314704
1789663722	40889	4584728	201	89608	17307	80270356	699770964	89736	2270024	2314704
1789663752	40919	4591256	201	89529	17523	80367225	700157537	89736	2276552	2314704
1789663783	40950	4583336	201	86913	16638	80391562	700631994	89747	2268632	2314704
1789663813	40980	4583124	201	85898	17447	80439965	701002892	89770	2268420	2314704
1789663844	41011	4581936	201	88173	17376	80510376	701526690	89754	2267232	2314704
1789663874	41041	4581972	201	88960	16475	80551682	702017483	89752	2267268	2314704
1789663905	41072	4581972	201	89347	17787	80600141	702354364	89759	2267268	2314704
1789663935	41102	4592928	201	89688	18052	80670212	702850722	89759	2278224	2314704
1789663966	41133	4583172	201	88144	17236	80739670	703411181	89763	2268468	2314704
1789663996	41163	4588136	201	89002	16886	80788613	703860842	89758	2273432	2314704
1789664026	41193	4583172	201	88643	16791	80837564	704352973	89765	2268468	2314704
1789664057	41224	4583172	201	86608	17190	80931267	704814635	89778	2268468	2314704
1789664088	41255	4583856	201	88005	16852	80955561	705287374	89776	2268468	2315388
1789664118	41285	4613868	201	89620	16864	81023660	705990438	89768	2299164	2314704
1789664149	41316	4586428	201	89734	17050	81067992	706436082	89764	2271724	2314704
1789664179	41346	4583244	201	89281	18141	81116553	706967071	89770	2268540	2314704
1789664210	41377	4583244	201	88523	18529	81185837	707365603	89769	2268540	2314704
1789664240	41407	4583244	201	89367	17623	81230912	707984884	89746	2268540	2314704
1789664270	41437	4584524	201	89268	17602	81279344	708482461	89752	2269820	2314704
1789664301	41468	4583244	201	88508	17009	81342246	709013690	89729	2268540	2314704
1789664331	41498	4583244	201	88537	16834	81414786	709378065	89721	2268540	2314704
1789664362	41529	4583244	201	88694	18253	81487078	709683698	89721	2268540	2314704
1789664393	41560	4583244	201	86549	16920	81560172	710129589	89725	2268540	2314704
1789664423	41590	4583244	201	88325	17254	81608615	710658261	89694	2268540	2314704
1789664454	41621	4583908	201	88276	18513	81651707	711150178	89702	2268540	2315368
1789664484	41651	4585312	201	89705	18166	81720357	711692674	89677	2269196	2316116
1789664515	41682	4586616	201	89899	18751	81786955	712244767	89663	2268540	2318076
1789664545	41712	4588608	201	89854	18157	81884247	712819270	89661	2273904	2314704
1789664576	41743	4585720	201	89128	17409	81935137	713350370	89665	2271016	2314704
1789664606	41773	4585124	201	88153	18447	81984024	713755913	89669	2270420	2314704
1789664636	41803	4587036	201	88535	19148	82048816	714380816	89672	2270280	2316756
1789664667	41834	4590404	201	88179	18614	82073022	714906288	89665	2272420	2317984
1789664697	41864	4584172	201	89520	17653	82166394	715460033	89663	2269588	2314584
1789664728	41895	4584072	201	88739	17468	82211705	715938315	89672	2270156	2313916
1789664758	41925	4587788	201	87500	17115	82260304	716563268	89671	2269588	2318200
1789664788	41955	4587800	201	88198	17522	82306738	716991244	89668	2269588	2318212
1789664819	41986	4588472	201	88701	18721	82351246	717342643	89675	2269588	2318884
1789664849	42016	4588480	201	89958	19096	82424170	717894640	89670	2270268	2318212
1789664879	42046	4587800	201	89139	18192	82491537	718440598	89668	2269588	2318212
1789664910	42077	4587800	201	90206	18335	82559946	718876898	89662	2269588	2318212
1789664940	42107	4587800	201	89804	17646	82631608	719345530	89665	2269588	2318212
1789664971	42138	4587800	201	89869	18626	82655813	719633123	89669	2269588	2318212
1789665002	42169	4588484	201	88783	17961	82727472	720100563	89672	2269588	2318896
1789665032	42199	4588408	201	87624	18220	82774258	720468483	89686	2269588	2318820
1789665062	42229	4587800	201	87208	17883	82849558	720821611	89696	2269588	2318212
1789665093	42260	4588336	201	88271	18239	82916899	721347091	89681	2270124	2318212
1789665123	42290	4589452	201	89702	18683	82941306	721888105	89671	2271240	2318212
1789665154	42321	4588360	201	89049	17690	83034696	722401707	89672	2270188	2318172
1789665184	42351	4588996	201	89996	17422	83081231	722881879	89664	2270252	2318744
1789665214	42381	4587796	201	88609	17237	83152549	723295406	89723	2269620	2318176
1789665245	42412	4592968	201	89132	17461	83202208	723721770	89715	2274792	2318176
1789665275	42442	4588304	201	90257	17825	83250724	724121834	89696	2269596	2318708
1789665306	42473	4587772	201	88681	18016	83316209	724666068	89704	2269596	2318176
1789665336	42503	4588420	201	88992	17379	83340222	725113497	89686	2269596	2318824
1789665367	42534	4587772	201	90027	17721	83405644	725626737	89663	2269596	2318176
1789665397	42564	4590816	201	89569	17858	83448442	726208983	89666	2272052	2318764
1789665427	42594	4587772	201	90165	17818	83521591	726735110	89651	2269596	2318176
1789665458	42625	4591016	201	89853	17751	83587363	727329299	89641	2271672	2319344
1789665488	42655	4599328	201	89833	18134	83660746	727889859	89631	2278656	2320672
1789665519	42686	4587784	201	89781	17959	83728332	728423137	89630	2269596	2318188
1789665549	42716	4589024	201	89890	18912	83777457	728969574	89640	2270828	2318196
1789665580	42747	4587792	201	89984	18824	83850429	729412271	89632	2269596	2318196
1789665610	42777	4589880	201	89680	18604	83897160	729867222	89640	2271684	2318196
1789665641	42808	4594048	201	89331	17633	83945492	730156522	89632	2274028	2320020
1789665671	42838	4587792	201	88315	17888	84016917	730565122	89651	2269596	2318196
1789665701	42868	4595708	201	89459	17309	84090309	731063173	89638	2277512	2318196
1789665732	42899	4587792	201	89622	17188	84159596	731578693	89636	2269596	2318196
1789665762	42929	4590428	201	87712	16096	84183700	731992516	89645	2272232	2318196
1789665793	42960	4588328	201	87445	16299	84232784	732368218	89659	2270132	2318196
1789665823	42990	4590492	201	89008	16434	84299574	732885118	89652	2272296	2318196
1789665853	43020	4589812	201	89886	17497	84324066	733367599	89651	2270940	2318872
1789665884	43051	4589764	201	88324	18335	84418792	733820131	89663	2270940	2318824
1789665914	43081	4593868	201	89189	17624	84465977	734190582	89660	2275644	2318224
1789665945	43112	4610820	201	88546	17125	84538769	734753220	89652	2291964	2318856
1789665975	43142	4622788	201	89612	17443	84580184	735249713	89657	2304564	2318224
1789666006	43173	4614068	201	88991	17829	84628815	735784693	89653	2295844	2318224
1789666036	43203	4629496	201	88173	17832	84698324	736215702	89659	2307516	2321980
1789666067	43234	4634136	201	89481	18057	84745816	736832533	89650	2312156	2321980
1789666098	43265	4635572	201	88201	17567	84794967	737222860	89645	2313592	2321980
1789666128	43295	4635576	201	90096	17568	84859234	737778755	89628	2313596	2321980
1789666159	43326	4640588	201	87765	17264	84908046	738216444	89639	2318608	2321980
1789666189	43356	4653468	201	89315	16953	84996947	738708591	89607	2331488	2321980
1789666220	43387	4654740	201	88996	17275	85045333	739197222	89595	2332760	2321980
1789666251	43418	4660952	201	89846	17039	85118446	739698632	89587	2333052	2327900
1789666282	43449	4655056	201	90289	17672	85188672	740129446	89578	2333076	2321980
1789666312	43479	4655056	201	90302	17927	85237498	740564078	89569	2333076	2321980
1789666342	43509	4655056	201	89671	19614	85288145	740983936	89564	2333076	2321980
1789666373	43540	4655056	201	87794	18920	85361472	741578079	89559	2333076	2321980
1789666403	43570	4655056	201	88292	18907	85433070	742077123	89561	2333076	2321980
1789666434	43601	4656144	201	88968	18596	85481842	742565825	89554	2334164	2321980
1789666464	43631	4656064	201	89856	17996	85550694	743082258	89552	2334084	2321980
1789666495	43662	4661084	201	88185	17831	85596541	743585754	89557	2339104	2321980
1789666526	43693	4672740	201	88490	16734	85645270	744002367	89564	2350760	2321980
1789666556	43723	4672808	201	89005	17545	85710724	744394214	89559	2350828	2321980
1789666586	43753	4672816	201	87902	15915	85735141	744934579	89553	2350836	2321980
1789666617	43784	4672816	201	86877	17079	85805383	745282976	89575	2350836	2321980
1789666647	43814	4672816	201	88809	17190	85848124	745905457	89562	2350836	2321980
1789666677	43844	4672816	201	88031	17880	85896917	746489091	89567	2350836	2321980
1789666708	43875	4677304	201	87836	17660	85983201	747069154	89571	2350836	2326468
1789666738	43905	4677288	201	88073	16674	85983201	747624357	89573	2350788	2326500
1789666769	43936	4677292	201	88550	16825	86057002	748117674	89637	2350792	2326500
1789666799	43966	4677944	201	88869	16463	86122493	748627070	89632	2351436	2326508
1789666830	43997	4681680	201	88235	16681	86195324	749246010	89634	2355172	2326508
1789666860	44027	4677972	201	86925	16483	86266184	749753173	89649	2351464	2326508
1789666891	44058	4678308	201	88048	16681	86315100	750253324	89644	2351464	2326844
1789666921	44088	4678308	201	87687	16756	86389419	750667206	89637	2351464	2326844
1789666951	44118	4678308	201	87900	16646	86439070	751091731	89629	2351464	2326844
1789666982	44149	4680664	201	88599	17912	86512017	751461956	89625	2351464	2329200
1789667013	44180	4680704	201	88082	17929	86563424	751902878	89621	2353860	2326844
1789667043	44210	4680188	201	89360	18279	86611668	752427594	89603	2353344	2326844
1789667073	44240	4680188	201	88273	17227	86702915	752900618	89591	2353344	2326844
1789667104	44271	4680876	201	88763	18516	86727224	753313044	89598	2354032	2326844
1789667134	44301	4680188	201	88565	18324	86775912	753827635	89593	2353344	2326844
1789667164	44331	4680188	201	89922	18467	86840194	754374682	89567	2353344	2326844
1789667195	44362	4680188	201	89019	18541	86889214	754834448	89576	2353344	2326844
1789667225	44392	4680188	201	88320	18734	86956500	755230004	89567	2353344	2326844
1789667256	44423	4682344	201	88165	17602	87028354	755698713	89552	2355500	2326844
1789667286	44453	4686400	201	88134	15784	87095500	756275994	89610	2359556	2326844
1789667317	44484	4688272	201	88759	18361	87116417	756622906	89624	2361428	2326844
1789667347	44514	4691392	201	88783	17890	87165105	757121263	89621	2364548	2326844
1789667378	44545	4691392	201	88987	17033	87235029	757610101	89602	2364548	2326844
1789667408	44575	4700732	201	88306	17126	87276454	758108957	89612	2364328	2336404
1789667439	44606	4712116	201	89517	17311	87345775	758513901	89615	2375712	2336404
1789667469	44636	4701440	201	88033	16531	87369962	758968829	89615	2365036	2336404
1789667500	44667	4700760	201	86909	15917	87414438	759447180	89621	2364356	2336404
1789667530	44697	4700760	201	87767	16172	87484990	759848640	89620	2364356	2336404
1789667560	44727	4700760	201	88639	17274	87555848	760205945	89612	2364356	2336404
1789667591	44758	4700760	201	90023	17909	87629271	760632866	89607	2364356	2336404
1789667621	44788	4700760	201	90067	17871	87701463	761113335	89607	2364356	2336404
1789667652	44819	4700760	201	90008	17657	87748068	761499187	89614	2364356	2336404
1789667682	44849	4701412	201	88240	17561	87820218	761919879	89616	2365008	2336404
1789667713	44880	4702092	201	87819	17878	87870673	762234422	89636	2365688	2336404
1789667743	44910	4704864	201	87799	17416	87918107	762687906	89620	2364360	2340504
1789667774	44941	4698884	201	87919	17197	87964109	763121543	89626	2362480	2336404
1789667804	44971	4698884	201	88843	16985	88012649	763686702	89613	2362480	2336404
1789667835	45002	4698884	201	88425	16916	88055720	764135246	89626	2362480	2336404
1789667865	45032	4698884	201	88661	16560	88125184	764569465	89610	2362480	2336404
1789667896	45063	4698884	201	88744	16239	88149248	765016552	89598	2362480	2336404
1789667926	45093	4698884	201	89155	16894	88217288	765495898	89596	2362480	2336404
1789667957	45124	4702684	201	89213	16169	88265762	765945789	89584	2362480	2340204
1789667988	45155	4694784	201	88868	16569	88336073	766469438	89575	2358380	2336404
1789668018	45185	4694784	201	87395	15722	88405554	766913543	89589	2358380	2336404
1789668049	45216	4694784	201	86498	15405	88454431	767513666	89575	2358380	2336404
1789668080	45247	4694784	201	87836	16337	88499650	767944584	89545	2358380	2336404
1789668110	45277	4694784	201	87844	16174	88543670	768370112	89535	2358380	2336404
1789668141	45308	4695464	201	89023	17553	88591541	768894398	89528	2359060	2336404
1789668171	45338	4694784	201	88906	16551	88656782	769348272	89524	2358380	2336404
1789668201	45368	4694784	201	88387	16772	88680888	769758537	89523	2358380	2336404
1789668232	45399	4694784	201	88543	18806	88776594	770122931	89587	2358380	2336404
1789668263	45430	4695280	201	89218	18837	88822955	770563020	89584	2358380	2336900
1789668293	45460	4695160	201	89392	18723	88891466	770956886	89588	2358316	2336844
1789668324	45491	4697000	201	88483	17995	88940243	771298705	89593	2360156	2336844
1789668354	45521	4696896	201	87840	17703	89012241	771905721	89597	2360052	2336844
1789668385	45552	4696372	201	89180	17383	89058627	772447356	89582	2359528	2336844
1789668415	45582	4697212	201	88862	17648	89103910	772871713	89584	2360368	2336844
1789668446	45613	4697212	201	88377	17809	89172088	773409692	89591	2360368	2336844
1789668476	45643	4702332	201	88757	16537	89220540	773977731	89586	2365488	2336844
1789668506	45673	4700280	201	88740	16806	89287242	774548869	89589	2363436	2336844
1789668537	45704	4702160	201	88655	16685	89311775	775151112	89585	2365316	2336844
1789668567	45734	4704892	201	88986	17383	89385536	775535345	89594	2368048	2336844
1789668598	45765	4709424	201	89239	18068	89455440	776068177	89598	2372580	2336844
1789668628	45795	4702180	201	87521	17384	89528530	776613135	89606	2365320	2336860
1789668659	45826	4702180	201	88719	18873	89553167	777037694	89599	2365320	2336860
1789668689	45856	4702180	201	88332	19387	89598527	777652962	89603	2365320	2336860
1789668720	45887	4703884	201	88882	17934	89666337	778062778	89602	2367024	2336860
1789668750	45917	4702180	201	87600	17419	89738387	778477255	89596	2365320	2336860
1789668781	45948	4706304	201	87881	17133	89787282	779059431	89590	2369444	2336860
1789668811	45978	4704228	201	88428	17061	89835585	779625937	89581	2367368	2336860
1789668842	46009	4704228	201	88869	17240	89885296	780199259	89569	2367368	2336860
1789668872	46039	4704228	201	89232	17746	89978139	780561078	89565	2367368	2336860
1789668903	46070	4704228	201	88401	16790	90001096	781002302	89546	2367368	2336860
1789668933	46100	4704228	201	88181	17237	90073435	781407481	89528	2367368	2336860
1789668963	46130	4704228	201	87384	17473	90143212	781805322	89533	2367368	2336860
1789668994	46161	4707760	201	89084	17456	90167477	782237204	89516	2370900	2336860
1789669025	46192	4704228	201	86730	16713	90266006	782943983	89510	2367368	2336860
1789669055	46222	4704228	201	87988	17640	90290659	783324899	89506	2367368	2336860
1789669085	46252	4704228	201	86106	16619	90363863	784028537	89516	2367368	2336860
1789669116	46283	4704884	201	87747	17495	90432333	784527347	89519	2368024	2336860
1789669146	46313	4704244	201	89212	17176	90480847	785090491	89506	2367384	2336860
1789669177	46344	4704248	201	88758	16826	90548409	785500286	89507	2367384	2336864
1789669207	46374	4704248	201	88107	16232	90595347	786031084	89502	2367384	2336864
1789669238	46405	4709528	201	88778	16530	90644412	786497000	89509	2372664	2336864
1789669268	46435	4704248	201	86471	17024	90713503	786925679	89525	2367384	2336864
1789669298	46465	4704804	201	87243	17302	90762190	787318136	89523	2367940	2336864
1789669329	46496	4702368	201	88034	16939	90830251	787849090	89513	2365504	2336864
1789669359	46526	4705680	201	88440	16165	90849781	788274466	89516	2368816	2336864
1789669390	46557	4702372	201	86299	16383	90898475	788660854	89534	2365504	2336868
1789669420	46587	4702372	201	87490	17220	90990661	789093462	89530	2365504	2336868
1789669451	46618	4702372	201	88620	17363	91014592	789549461	89524	2365504	2336868
1789669481	46648	4702956	201	89506	17662	91113120	790107130	89513	2366088	2336868
1789669511	46678	4702372	201	89510	17583	91160394	790591146	89515	2365504	2336868
1789669542	46709	4702372	201	89335	17105	91233135	790945404	89529	2365504	2336868
1789669572	46739	4702372	201	89718	18759	91281620	791312288	89522	2365504	2336868
1789669603	46770	4702372	201	89606	19616	91330281	791798133	89521	2365504	2336868
1789669634	46801	4703524	201	89552	18920	91426891	792237964	89527	2366656	2336868
1789669664	46831	4702372	201	89016	18066	91475843	792692337	89514	2365504	2336868
1789669695	46862	4702372	201	88284	17306	91551197	793218990	89503	2365504	2336868
1789669725	46892	4702980	201	88612	17923	91597157	793840029	89497	2366112	2336868
1789669756	46923	4704424	201	88410	17997	91621293	794493592	89550	2367556	2336868
1789669787	46954	4704424	201	88449	16867	91711561	794978548	89531	2367556	2336868
1789669817	46984	4705684	201	88777	16691	91760494	795405880	89528	2368816	2336868
1789669847	47014	4711164	201	89052	16395	91854149	795844835	89513	2370540	2340624
1789669878	47045	4708180	201	88722	16933	91903097	796349988	89505	2367556	2340624
1789669908	47075	4709888	201	89034	16370	91975741	796856496	89511	2369340	2340548
1789669939	47106	4712988	201	88539	18115	92000069	797307464	89504	2372404	2340584
1789669969	47136	4712524	201	87351	18394	92048965	797775405	89491	2371932	2340592
1789670000	47167	4716040	201	88083	18832	92138935	798155479	89498	2375444	2340596
1789670030	47197	4712548	201	88811	18446	92163330	798910592	89487	2371952	2340596
1789670060	47227	4713160	201	89230	17785	92258558	799416489	89479	2372560	2340600
1789670091	47258	4711916	201	88306	17855	92304116	799883451	89486	2371316	2340600
1789670122	47289	4711916	201	87992	18444	92352344	800262301	89494	2371316	2340600
1789670152	47319	4711916	201	89380	18782	92424172	800712332	89488	2371316	2340600
1789670182	47349	4711916	201	90131	18798	92497075	801217242	89486	2371316	2340600
1789670213	47380	4711916	201	90281	17850	92545720	801654954	89484	2371316	2340600
1789670243	47410	4712608	201	90222	17869	92594504	802057018	89487	2372004	2340604
1789670273	47440	4711924	201	88700	17557	92668447	802362529	89506	2371316	2340608
1789670304	47471	4714076	201	89402	17187	92715818	802756346	89504	2373468	2340608
1789670334	47501	4712488	201	88695	18291	92764274	803307788	89499	2371880	2340608
1789670365	47532	4719960	201	89125	18233	92835687	803934234	89495	2374564	2345396
1789670395	47562	4716724	201	88894	18254	92886299	804623980	89491	2371316	2345408
1789670426	47593	4716728	201	87869	18974	92960075	805107267	89505	2371316	2345412
1789670456	47623	4716728	201	90024	18328	93027703	805692711	89503	2371316	2345412
1789670487	47654	4716732	201	89052	19683	93076524	806215360	89513	2371316	2345416
1789670517	47684	4719512	201	90299	19134	93125122	806605990	89488	2372012	2347500
1789670548	47715	4716732	201	89080	17571	93198566	807156993	89487	2371316	2345416
1789670578	47745	4727996	201	88967	17856	93246239	807606875	89494	2379388	2348608
1789670609	47776	4716736	201	88151	17647	93317121	808220245	89481	2371320	2345416
1789670639	47806	4716892	201	87278	18641	93367108	808629746	89489	2371472	2345420
1789670670	47837	4716740	201	85740	17647	93391214	809092504	89489	2371320	2345420
1789670700	47867	4716740	201	87558	17587	93462132	809666819	89457	2371320	2345420
1789670730	47897	4716996	201	87352	17490	93508722	810209484	89446	2371320	2345676
1789670760	47927	4717604	201	88368	17164	93580897	810626359	89436	2371320	2346284
1789670791	47958	4716996	201	88561	18293	93651983	811037660	89422	2371320	2345676
1789670821	47988	4716996	201	88466	16577	93700731	811540189	89405	2371320	2345676
1789670852	48019	4716996	201	88580	17712	93748783	811916503	89411	2371320	2345676
1789670882	48049	4716996	201	88852	16945	93801631	812471765	89398	2371320	2345676
1789670913	48080	4719388	201	88994	16912	93850279	812858656	89395	2373712	2345676
1789670944	48111	4717560	201	87300	16410	93944230	813215998	89406	2371884	2345676
1789670974	48141	4718720	201	88293	16077	93993049	813725636	89411	2371956	2346764
1789671005	48172	4714340	201	86715	16188	94041583	814287857	89408	2368924	2345416
1789671035	48202	4703056	201	87302	16377	94087201	814844506	89412	2361412	2341644
1789671066	48233	4703056	201	87398	16412	94111592	815299939	89406	2361412	2341644
1789671096	48263	4703056	201	88618	16557	94207976	815828608	89403	2361412	2341644
1789671126	48293	4703056	201	87950	16601	94251366	816207499	89416	2361412	2341644
1789671157	48324	4703056	201	88829	17169	94347774	816748936	89418	2361412	2341644
1789671187	48354	4703056	201	87732	17818	94373518	817221799	89429	2361412	2341644
1789671217	48384	4703008	201	87102	17953	94423030	817608327	89428	2361364	2341644
1789671248	48415	4703008	201	87909	17405	94493923	818292069	89477	2361364	2341644
1789671278	48445	4703232	201	87749	17807	94567211	818648582	89485	2362596	2340636
1789671308	48475	4707340	201	88744	17497	94637631	819167091	89482	2366704	2340636
1789671339	48506	4701060	201	87345	17641	94684429	819615075	89492	2361432	2339628
1789671369	48536	4701060	201	86805	17561	94732190	820038867	89497	2361432	2339628
1789671400	48567	4701060	201	86997	17301	94780010	820473956	89549	2361432	2339628
1789671430	48597	4702540	201	87299	18069	94849264	820959453	89556	2362912	2339628
1789671461	48628	4702516	201	88028	17665	94923811	821344421	89543	2362888	2339628
1789671491	48658	4707692	201	88868	17443	94998316	821874873	89514	2368064	2339628
1789671521	48688	4701068	201	88175	16796	95047199	822317812	89522	2361440	2339628
1789671552	48719	4713988	201	89182	17268	95121106	822835326	89501	2374360	2339628
1789671582	48749	4701068	201	89635	17510	95170043	823400635	89487	2361440	2339628
1789671613	48780	4701068	201	87856	16663	95241381	823980253	89498	2361440	2339628
1789671643	48810	4701616	201	86938	17970	95290202	824281618	89516	2361988	2339628
1789671674	48841	4703796	201	87268	19172	95290202	824692306	89503	2361440	2342356
1789671704	48871	4702064	201	88813	18987	95363142	825239780	89491	2362436	2339628
1789671735	48902	4701068	201	87794	19173	95411628	825593968	89482	2361440	2339628
1789671765	48932	4701068	201	88428	19050	95482983	825991960	89470	2361440	2339628
1789671796	48963	4701064	201	87750	18265	95554839	826427156	89471	2361436	2339628
1789671826	48993	4700040	201	87028	18556	95602755	826854880	89477	2361436	2338604
1789671857	49024	4701924	201	88440	18552	95651409	827327892	89475	2363316	2338608
1789671887	49054	4702500	201	87919	18040	95720319	827970766	89467	2363892	2338608
1789671918	49085	4701896	201	87231	17241	95743853	828511871	89468	2363288	2338608
1789671948	49115	4702564	201	87707	16085	95792413	829027362	89465	2363948	2338616
1789671979	49146	4704476	201	88824	17784	95885454	829451969	89467	2363288	2341188
1789672009	49176	4702672	201	89431	17563	95934164	829960814	89463	2363904	2338768
1789672040	49207	4703500	201	88743	17706	96004861	830256837	89473	2363288	2340212
1789672070	49237	4705100	201	89416	17215	96076558	830644453	89466	2363956	2341144
1789672100	49267	4702060	201	89553	17957	96125215	831016109	89466	2363292	2338768
1789672131	49298	4733624	201	88964	15964	96176565	831544320	89486	2394856	2338768
1789672161	49328	4704112	201	88488	18412	96225608	831887588	89483	2365344	2338768
1789672191	49358	4704676	201	88113	18206	96298953	832549206	89473	2365908	2338768
1789672222	49389	4704756	201	88091	17334	96347068	832982362	89470	2365344	2339412
1789672252	49419	4704112	201	87892	17528	96419454	833587416	89481	2365344	2338768
1789672283	49450	4707172	201	87517	17817	96467452	834100316	89474	2367760	2339412
1789672313	49480	4703288	201	88096	18214	96539879	834473947	89476	2363292	2339996
1789672344	49511	4702060	201	88401	16726	96609332	834979584	89448	2363292	2338768
1789672374	49541	4702136	201	87490	17171	96658210	835457878	89461	2363292	2338844
1789672405	49572	4702136	201	87801	17226	96707123	835884329	89440	2363292	2338844
1789672435	49602	4702308	201	89280	18117	96780125	836333138	89428	2363292	2339016
1789672465	49632	4715408	201	88988	17781	96829025	836800300	89441	2376392	2339016
1789672496	49663	4717096	201	89829	17515	96903054	837505844	89412	2378080	2339016
1789672526	49693	4718020	201	89510	17727	96951350	838198769	89395	2379004	2339016
1789672557	49724	4713920	201	88604	18121	97000666	838593274	89402	2374904	2339016
1789672587	49754	4713920	201	88038	17980	97049769	839128836	89389	2374904	2339016
1789672618	49785	4712624	201	88881	18305	97121748	839627259	89378	2373608	2339016
1789672648	49815	4713588	201	88493	18168	97192116	840084433	89376	2374572	2339016
1789672679	49846	4718628	201	89173	18305	97240347	840577491	89359	2379612	2339016
1789672709	49876	4716608	201	88148	18122	97334910	841023192	89366	2373604	2343004
1789672740	49907	4712132	201	88202	17724	97383393	841458949	89365	2373116	2339016
1789672770	49937	4712132	201	89117	17848	97456390	841897207	89365	2373116	2339016
1789672801	49968	4712636	201	88239	16836	97502888	842281503	89380	2373620	2339016
1789672831	49998	4712584	201	87574	17769	97575736	842736818	89388	2373568	2339016
1789672862	50029	4712140	201	88337	17903	97622663	843204317	89377	2373124	2339016
1789672892	50059	4712640	201	87868	16940	97646626	843467111	89378	2373624	2339016
1789672922	50089	4723744	201	87370	16956	97695031	844036782	89381	2373124	2350620
1789672953	50120	4723744	201	87236	16915	97759925	844414102	89444	2373124	2350620
1789672983	50150	4724416	201	88816	16548	97808481	845072858	89436	2373124	2351292
1789673014	50181	4723744	201	90211	16969	97903413	845476030	89434	2373124	2350620
1789673044	50211	4725964	201	88640	17064	97953286	846111501	89444	2375344	2350620
1789673075	50242	4724408	201	89664	17877	98028714	846533025	89438	2373788	2350620
1789673105	50272	4728188	201	90046	18776	98075350	847011682	89447	2376092	2352096
1789673136	50303	4723764	201	89744	19169	98148723	847669525	89439	2373124	2350640
1789673166	50333	4723180	201	88557	18873	98195197	848243218	89457	2373124	2350056
1789673197	50364	4723180	201	89670	18014	98243654	848849094	89434	2373124	2350056
1789673227	50394	4723476	201	88239	18418	98315725	849374316	89439	2373124	2350352
1789673257	50424	4725108	201	89073	18810	98386898	849874156	89431	2374756	2350352
1789673288	50455	4733632	201	89875	19012	98435042	850328878	89421	2382592	2351040
1789673318	50485	4724148	201	90311	18256	98480228	850830752	89411	2373796	2350352
1789673349	50516	4725376	201	89792	19053	98553563	851159364	89400	2373124	2352252
1789673379	50546	4723476	201	88720	17843	98625381	851697458	89389	2373124	2350352
1789673410	50577	4725356	201	90147	19058	98698277	852103377	89385	2375004	2350352
1789673441	50608	4725356	201	88753	18764	98746785	852610424	89376	2375004	2350352
1789673471	50638	4726596	201	89091	17823	98794128	853040706	89356	2375004	2351592
1789673502	50669	4725356	201	88748	17773	98868263	853492728	89374	2375004	2350352
1789673532	50699	4730108	201	89655	17524	98913426	854080295	89357	2379756	2350352
1789673563	50730	4725356	201	89224	18480	98986524	854458894	89346	2375004	2350352
1789673593	50760	4731984	201	89027	17519	99053375	854852353	89344	2381632	2350352
1789673624	50791	4741336	201	89790	18822	99102258	855324247	89348	2387228	2354108
1789673654	50821	4737268	201	89875	18141	99177086	855810002	89352	2383160	2354108
1789673685	50852	4737784	201	89671	18391	99224610	856398646	89347	2378760	2359024
1789673715	50882	4738684	201	88530	18866	99294766	856842946	89356	2380736	2357948
1789673746	50913	4736708	201	89565	18687	99369212	857418956	89359	2378760	2357948
1789673776	50943	4738640	201	88458	17064	99439876	857852528	89354	2380692	2357948
1789673807	50974	4735700	201	88223	17277	99488577	858381875	89357	2378760	2356940
1789673837	51004	4742288	201	88334	17008	99558725	858984951	89357	2385316	2356972
1789673868	51035	4736428	201	89294	18302	99606850	859496938	89358	2378764	2357664
1789673898	51065	4742920	201	86822	16980	99679671	860170507	89364	2385948	2356972
1789673928	51095	4740052	201	88613	18212	99728194	860540035	89364	2383080	2356972
1789673959	51126	4735736	201	89187	17628	99799181	860966904	89367	2378764	2356972
1789673989	51156	4735736	201	88943	17591	99823247	861338708	89367	2378764	2356972
1789674020	51187	4738492	201	89761	17955	99917879	861701627	89358	2381520	2356972
1789674050	51217	4740948	201	89337	18011	99990981	862279069	89361	2383976	2356972
1789674081	51248	4747228	201	89500	18648	100038406	862789292	89362	2390256	2356972
1789674111	51278	4737884	201	88402	18392	100086549	863203762	89364	2380912	2356972
1789674142	51309	4735736	201	88933	18848	100159256	863876315	89343	2378764	2356972
1789674172	51339	4736380	201	88686	18149	100231109	864494937	89348	2378764	2357616
1789674203	51370	4736872	201	88732	18143	100305964	865058131	89330	2379280	2357592
1789674233	51400	4738776	201	88855	18765	100376226	865491953	89322	2380480	2358296
1789674264	51431	4742380	201	89481	18329	100424562	866033358	89319	2384840	2357540
1789674294	51461	4738132	201	89710	19298	100475125	866447825	89302	2379360	2358772
1789674325	51492	4735760	201	89316	19134	100549585	866849911	89291	2378764	2356996
1789674356	51523	4736428	201	87421	19147	100621087	867433411	89300	2378764	2357664
1789674386	51553	4735760	201	88056	19441	100665830	867866688	89289	2378764	2356996
1789674417	51584	4735760	201	88606	19491	100714433	868293495	89277	2378764	2356996
1789674447	51614	4740568	201	88900	18985	100783342	868819091	89275	2383572	2356996
1789674478	51645	4740004	201	87507	17883	100856001	869349794	89275	2383008	2356996
1789674508	51675	4742516	201	88126	18082	100905371	869787542	89330	2385520	2356996
1789674538	51705	4740676	201	87381	17813	100954987	870253425	89332	2383676	2357000
1789674569	51736	4741580	201	88902	17138	101044718	870776520	89323	2384580	2357000
1789674599	51766	4741352	201	88310	18310	101067098	871052612	89339	2383008	2358344
1789674630	51797	4747756	201	89658	18033	101115041	871546141	89331	2387612	2360144
1789674660	51827	4747436	201	89019	17735	101185290	871902793	89338	2389016	2358420
1789674691	51858	4747072	201	87925	17348	101234186	872377271	89340	2387116	2359956
1789674721	51888	4747072	201	87099	16711	101306773	872786001	89343	2387116	2359956
1789674752	51919	4747040	201	88014	16916	101353695	873227214	89341	2387116	2359924
1789674782	51949	4747636	201	87186	15588	101401912	873825876	89348	2387116	2360520
1789674812	51979	4749128	201	88227	16497	101497440	874217567	89354	2388548	2360580
1789674843	52010	4749972	201	88237	16239	101546330	874803336	89347	2389428	2360544
1789674873	52040	4779760	201	88737	16735	101633278	875299729	89331	2415728	2364032
1789674904	52071	4758516	201	88337	16281	101682522	875849362	89328	2398584	2359932
1789674934	52101	4757516	201	87469	17246	101731240	876184575	89419	2397580	2359936
1789674965	52132	4759900	201	88119	17565	101781846	876693395	89405	2399964	2359936
1789674995	52162	4759944	201	87780	18075	101831050	877109643	89408	2399348	2360596
1789675026	52193	4757660	201	87035	18688	101924818	877640024	89414	2397060	2360600
1789675056	52223	4756508	201	86956	18134	101973393	878073644	89413	2396572	2359936
1789675087	52254	4756680	201	88315	17375	102021709	878462623	89387	2394692	2361988
1789675117	52284	4757300	201	87077	16419	102067520	878867635	89393	2394692	2362608
1789675148	52315	4756680	201	85522	16731	102115031	879277128	89392	2394692	2361988
1789675179	52346	4757304	201	87315	17870	102185729	879672289	89366	2395316	2361988
1789675209	52376	4757864	201	89103	18110	102211501	880156620	89349	2395876	2361988
1789675240	52407	4757816	201	89390	17995	102283486	880602994	89333	2395828	2361988
1789675271	52438	4762096	201	89454	18231	102349442	880990402	89324	2400108	2361988
1789675301	52468	4764692	201	89332	18084	102422237	881447281	89320	2402704	2361988
1789675332	52499	4764392	201	89038	18236	102493780	881953375	89306	2402404	2361988
1789675362	52529	4757324	201	89113	17718	102542946	882476329	89287	2394692	2362632
1789675393	52560	4758776	201	89126	17433	102639611	882941873	89297	2396788	2361988
1789675423	52590	4756680	201	88383	16561	102688464	883390557	89306	2394692	2361988
1789675453	52620	4756680	201	87247	18006	102712824	883817793	89316	2394692	2361988
1789675484	52651	4759764	201	88645	18308	102781637	884413982	89303	2397768	2361996
1789675514	52681	4759028	201	87972	17864	102830611	884865970	89305	2397076	2361952
1789675545	52712	4758496	201	88394	17184	102929122	885257263	89312	2396544	2361952
1789675576	52743	4756416	201	88163	17174	102978205	885639537	89317	2394464	2361952
1789675606	52773	4755408	201	88539	17727	103027521	886087723	89310	2393456	2361952
1789675637	52804	4755408	201	89220	17568	103095901	886620034	89313	2393456	2361952
1789675667	52834	4756512	201	89524	18102	103144397	887033491	89319	2394560	2361952
1789675698	52865	4757804	201	89185	17260	103217090	887458443	89323	2393456	2364348
1789675728	52895	4758232	201	87686	16825	103241035	887887926	89328	2396280	2361952
1789675759	52926	4755408	201	88834	17757	103289061	888250147	89334	2393456	2361952
1789675789	52956	4755408	201	89670	17673	103357332	888767261	89318	2393456	2361952
1789675819	52986	4754012	201	88874	17716	103405413	889179028	89321	2392060	2361952
1789675850	53017	4763184	201	89636	16993	103491386	889589462	89318	2401232	2361952
1789675880	53047	4756324	201	88198	18039	103540095	889955847	89329	2393172	2363152
1789675910	53077	4755060	201	89661	18095	103615110	890348530	89323	2393108	2361952
1789675941	53108	4755848	201	90466	18837	103662428	890782905	89305	2393896	2361952
1789675971	53138	4759608	201	90220	19437	103710916	891254928	89313	2393900	2365708
1789676002	53169	4759620	201	90472	18516	103781455	891717023	89293	2393912	2365708
1789676032	53199	4759084	201	89409	17817	103854614	892181386	89289	2393376	2365708
1789676063	53230	4759136	201	89244	17778	103904555	892654363	89348	2393376	2365760
1789676093	53260	4759136	201	89059	17169	103924131	893135815	89329	2393376	2365760
1789676124	53291	4759136	201	89586	17292	104022727	893510639	89311	2393376	2365760
1789676154	53321	4759136	201	89548	17158	104072486	893942882	89322	2393376	2365760
1789676185	53352	4759140	201	87719	17347	104121406	894325146	89311	2393376	2365764
1789676215	53382	4759140	201	87684	16852	104215643	894751731	89292	2393376	2365764
1789676245	53412	4759140	201	87387	17448	104215643	895146077	89291	2393376	2365764
1789676276	53443	4759140	201	87892	17973	104312984	895530515	89284	2393376	2365764
1789676306	53473	4762372	201	88049	17471	104364343	896032962	89281	2398660	2363712
1789676337	53504	4757088	201	88199	17334	104412135	896509420	89276	2393376	2363712
1789676367	53534	4757088	201	87645	17360	104483461	896891469	89286	2393376	2363712
1789676397	53564	4757080	201	86924	17427	104505242	897333714	89307	2393368	2363712
1789676428	53595	4758968	201	87789	18442	104553359	897912081	89292	2395256	2363712
1789676458	53625	4772696	201	88491	16450	104637275	898484606	89286	2393964	2378732
1789676489	53656	4772572	201	88122	17300	104685250	898765775	89287	2393368	2379204
1789676519	53686	4772600	201	86480	17399	104733835	899050060	89304	2393368	2379232
1789676550	53717	4774096	201	87293	17349	104781222	899445418	89297	2394852	2379244
1789676580	53747	4772612	201	87037	17223	104854005	899966185	89302	2393368	2379244
1789676610	53777	4772612	201	88587	17587	104925348	900292769	89300	2393368	2379244
1789676641	53808	4772612	201	87684	18073	104973589	900844655	89307	2393368	2379244
1789676671	53838	4772612	201	88228	17188	105044530	901323770	89305	2393368	2379244
1789676702	53869	4772612	201	89087	17369	105089780	901788376	89300	2393368	2379244
1789676732	53899	4774392	201	89355	17493	105154832	902371721	89293	2395148	2379244
1789676763	53930	4772612	201	89760	18072	105226592	902899664	89293	2393368	2379244
1789676793	53960	4772644	201	88594	17495	105275854	903256127	89302	2393368	2379276
1789676824	53991	4772416	201	89217	17934	105324543	903711778	89301	2393140	2379276
1789676854	54021	4770764	201	89562	17452	105396838	904199525	89292	2391488	2379276
1789676885	54052	4773900	201	89351	18018	105469817	904635020	89278	2394624	2379276
1789676915	54082	4770764	201	89633	17699	105520362	905215813	89278	2391488	2379276
1789676945	54112	4770764	201	89656	18418	105568721	905691300	89262	2391488	2379276
1789676976	54143	4778880	201	89569	18054	105643463	906158987	89255	2392104	2386776
1789677006	54173	4784276	201	89632	18237	105715982	906593858	89243	2397496	2386780
1789677037	54204	4778704	201	87452	17467	105765405	907022808	89243	2391488	2387216
1789677067	54234	4784148	201	87289	17822	105807633	907547748	89241	2393868	2390280
1789677098	54265	4796172	201	89783	18740	105875381	908018412	89222	2392516	2403656
1789677128	54295	4796272	201	90512	18586	105918995	908538869	89204	2392516	2403756
1789677159	54326	4797316	201	89192	18504	105991211	908984568	89203	2393560	2403756
1789677189	54356	4800544	201	89656	17787	106058782	909379854	89203	2396788	2403756
1789677220	54387	4797748	201	89070	17970	106107860	909789119	89197	2393992	2403756
1789677250	54417	4800580	201	89340	17711	106182343	910215172	89197	2396824	2403756
1789677280	54447	4796276	201	89885	17819	106254042	910766282	89201	2392520	2403756
1789677311	54478	4794396	201	88501	17300	106278668	911115564	89218	2390640	2403756
1789677341	54508	4798152	201	89214	17187	106349796	911569271	89212	2394396	2403756
1789677372	54539	4808892	201	88822	16334	106373980	911962453	89224	2405136	2403756
1789677402	54569	4803096	201	89598	17012	106444797	912421610	89221	2395584	2407512
1789677433	54600	4809636	201	89593	17277	106511380	912898405	89213	2402124	2407512
1789677463	54630	4814964	201	89366	17081	106559929	913434423	89213	2407452	2407512
1789677494	54661	4812488	201	89285	17065	106606716	913968526	89211	2404976	2407512
1789677524	54691	4810596	201	89311	16696	106699709	914373620	89213	2404108	2406488
1789677554	54721	4803072	201	89360	17188	106749163	914822130	89210	2396584	2406488
1789677585	54752	4803736	201	89485	16748	106798413	915266067	89283	2398272	2405464
1789677615	54782	4802048	201	87712	17653	106845496	915494231	89300	2396584	2405464
1789677646	54813	4803128	201	87610	18032	106869832	915867244	89304	2397664	2405464
1789677676	54843	4803928	201	88116	17403	106936331	916339435	89294	2398464	2405464
1789677707	54874	4802904	201	87637	17699	107006400	916807820	89289	2398464	2404440
1789677737	54904	4821368	201	88909	16983	107075264	917394138	89276	2416236	2405132
1789677768	54935	4811596	201	87985	17686	107099379	917740748	89278	2407008	2404588
1789677799	54966	4817896	201	89199	17868	107191617	918193275	89261	2412816	2405080
1789677829	54996	4816640	201	89350	17571	107240024	918691924	89242	2412200	2404440
1789677860	55027	4818084	201	89605	17141	107310198	919092066	89257	2413644	2404440
1789677891	55058	4824908	201	89690	18574	107359994	919504027	89236	2420468	2404440
1789677921	55088	4816884	201	88346	17903	107435980	919986100	89224	2412444	2404440
1789677952	55119	4816884	201	88807	17930	107484040	920456278	89218	2412444	2404440
1789677982	55149	4816888	201	88174	17929	107532643	920976298	89210	2412444	2404444
1789678013	55180	4818160	201	87445	17957	107626774	921411774	89193	2413716	2404444
1789678043	55210	4816892	201	89008	18053	107675132	921936406	89186	2412448	2404444
1789678074	55241	4816892	201	87589	16594	107764058	922424975	89179	2412448	2404444
1789678104	55271	4817988	201	88321	17937	107764058	922732140	89186	2413544	2404444
1789678135	55302	4817472	201	88828	17875	107812950	923225515	89191	2413028	2404444
1789678165	55332	4818092	201	88684	18431	107905815	923618467	89191	2413648	2404444
1789678196	55363	4816892	201	87732	16263	107954012	924071945	89198	2412448	2404444
1789678226	55393	4816892	201	89964	17804	108002204	924466098	89186	2412448	2404444
1789678257	55424	4816892	201	88387	17546	108057506	924798182	89200	2412448	2404444
1789678287	55454	4816892	201	89211	16959	108129875	925274201	89208	2412448	2404444
1789678317	55484	4816892	201	88806	18483	108199991	925679963	89205	2412448	2404444
1789678348	55515	4817904	201	89801	17234	108247992	926290491	89204	2412448	2405456
1789678378	55545	4815852	201	88867	18602	108315513	926709851	89202	2410396	2405456
1789678409	55576	4815852	201	89345	17212	108358531	927199797	89201	2410396	2405456
1789678439	55606	4815852	201	90361	17781	108407102	927691276	89198	2410396	2405456
1789678470	55637	4822652	201	90313	17911	108475070	928113516	89196	2417196	2405456
1789678500	55667	4810112	201	89560	17957	108523530	928584794	89196	2404656	2405456
1789678531	55698	4808340	201	89738	17462	108594902	929110141	89192	2402884	2405456
1789678561	55728	4801388	201	90098	17610	108666688	929517823	89207	2403444	2397944
1789678591	55758	4800828	201	88099	17191	108718360	929971536	89211	2402884	2397944
1789678622	55789	4802212	201	88454	17093	108788585	930386410	89211	2404268	2397944
1789678652	55819	4802724	201	87875	16379	108837368	930884941	89191	2404780	2397944
1789678683	55850	4802880	201	88123	17285	108909203	931337829	89185	2404936	2397944
1789678713	55880	4802880	201	89469	17383	108957754	931802319	89178	2404936	2397944
1789678744	55911	4802880	201	89151	17340	108982146	932417474	89174	2404936	2397944
1789678774	55941	4801864	201	88659	17795	109049055	932768503	89159	2404932	2396932
1789678805	55972	4801864	201	88315	17972	109097469	933263383	89152	2404932	2396932
1789678835	56002	4805716	201	89027	18030	109170231	933654405	89141	2408784	2396932
1789678866	56033	4802684	201	89204	18053	109221459	934085462	89126	2405752	2396932
1789678897	56064	4802276	201	90106	17994	109320760	934554106	89120	2405344	2396932
1789678927	56094	4805112	201	90161	17693	109368285	934964488	89178	2408176	2396936
1789678958	56125	4801868	201	88783	18525	109440280	935287369	89190	2404932	2396936
1789678988	56155	4803612	201	90024	17502	109488590	935933372	89170	2406676	2396936
1789679018	56185	4803628	201	86883	17620	109531224	936332056	89189	2406692	2396936
1789679049	56216	4812916	201	88287	17532	109599012	936918566	89177	2411420	2401496
1789679079	56246	4812648	201	88555	17915	109644719	937356304	89186	2406980	2405668
1789679110	56277	4824300	201	88756	17535	109736609	937836334	89179	2408376	2415924
1789679140	56307	4825608	201	87882	16906	109785057	938275677	89243	2412808	2412800
1789679171	56338	4819784	201	87984	17019	109832891	938600046	89252	2406984	2412800
1789679201	56368	4829768	201	89313	16467	109905484	939184533	89235	2413520	2416248
1789679231	56398	4834952	201	89635	17225	109951668	939581215	89241	2408864	2426088
1789679261	56428	4848940	201	89946	17391	110025582	940078227	89239	2419504	2429436
1789679292	56459	4836284	201	89645	17840	110070907	940471778	89248	2408864	2427420
1789679322	56489	4843672	201	90002	18054	110143267	941026280	89245	2414708	2428964
1789679352	56519	4844376	201	89575	18262	110216280	941650949	89244	2415208	2429168
1789679383	56550	4836800	201	90052	18916	110263685	942193090	89243	2407564	2429236
1789679414	56581	4837020	201	89502	18914	110335543	942581235	89245	2407564	2429456
1789679444	56611	4863400	201	89820	19113	110402432	942976639	89248	2433944	2429456
1789679475	56642	4847872	201	89392	18495	110476194	943425179	89252	2417796	2430076
1789679505	56672	4842644	201	88911	17819	110526195	943809568	89242	2413188	2429456
1789679536	56703	4837020	201	88299	17596	110577991	944218236	89256	2407564	2429456
1789679566	56733	4837020	201	88889	17317	110626038	944664008	89243	2407564	2429456
1789679597	56764	4838372	201	87780	17366	110698187	945022395	89248	2408916	2429456
1789679627	56794	4836440	201	87478	16393	110722192	945380011	89243	2406984	2429456
1789679657	56824	4836440	201	88003	17795	110770260	945748690	89244	2406984	2429456
1789679688	56855	4836440	201	88874	16954	110836157	946122695	89217	2406984	2429456
1789679719	56886	4842816	201	89428	16904	110884639	946527176	89196	2413360	2429456
1789679749	56916	4839876	201	89800	16659	110978365	947133733	89183	2410420	2429456
1789679779	56946	4839432	201	89697	17194	111002077	947658176	89167	2409976	2429456
1789679810	56977	4839628	201	89771	17300	111100623	948191226	89170	2410172	2429456
1789679840	57007	4838624	201	89889	17750	111144882	948636679	89151	2409036	2429588
1789679871	57038	4844868	201	88969	16948	111217077	949191986	89149	2415280	2429588
1789679901	57068	4838624	201	87730	17415	111267201	949699386	89163	2409036	2429588
1789679931	57098	4838624	201	87875	17555	111365077	950144317	89159	2409036	2429588
1789679962	57129	4838624	201	87895	18434	111412982	950494525	89161	2409036	2429588
1789679992	57159	4841152	201	88709	18528	111437212	950973466	89163	2411564	2429588
1789680023	57190	4840264	201	88043	18426	111508745	951330910	89166	2410676	2429588
1789680053	57220	4838624	201	89483	18604	111578954	951832399	89157	2409036	2429588
1789680084	57251	4839192	201	88774	19058	111652851	952247038	89163	2409036	2430156
1789680114	57281	4840168	201	88803	18318	111701504	952639606	89163	2409036	2431132
1789680145	57312	4848900	201	87919	17504	111772326	953072519	89162	2417768	2431132
1789680175	57342	4842400	201	86787	17406	111820774	953407927	89173	2411268	2431132
1789680206	57373	4840748	201	87893	17151	111870089	953902808	89165	2409616	2431132
1789680236	57403	4840172	201	89077	18292	111942231	954289528	89164	2409036	2431136
1789680266	57433	4840172	201	87816	17394	112016513	954752779	89168	2409036	2431136
1789680297	57464	4840172	201	87347	17256	112062750	955124124	89176	2409036	2431136
1789680327	57494	4841484	201	87814	17198	112111430	955594472	89181	2409736	2431748
1789680357	57524	4840172	201	87273	16984	112179434	956088222	89191	2409036	2431136
1789680388	57555	4843840	201	88542	17285	112229641	956619152	89178	2412704	2431136
1789680418	57585	4840172	201	88569	16998	112299702	957077451	89173	2409036	2431136
1789680449	57616	4848960	201	88984	17626	112370146	957521069	89149	2421856	2427104
1789680479	57646	4836140	201	86959	17427	112418724	958121082	89166	2409036	2427104
1789680510	57677	4836140	201	87400	17219	112497199	958446679	89155	2409036	2427104
1789680540	57707	4838412	201	87252	17277	112545778	958908489	89141	2411308	2427104
1789680571	57738	4836140	201	87053	17222	112596084	959377734	89143	2409036	2427104
1789680601	57768	4836140	201	87392	18685	112666932	959792249	89135	2409036	2427104
1789680631	57798	4836140	201	87452	18554	112715984	960321938	89113	2409036	2427104
1789680662	57829	4836780	201	88822	18420	112787389	960922572	89114	2409036	2427744
1789680692	57859	4836140	201	89687	17722	112860507	961462696	89148	2409036	2427104
1789680723	57890	4860776	201	89983	17641	112907892	961878616	89130	2431864	2428912
1789680753	57920	4837444	201	88935	17341	113007373	962365054	89138	2409720	2427724
1789680783	57950	4837968	201	89054	17650	113058797	962726298	89128	2409600	2428368
1789680814	57981	4840556	201	87626	17131	113132795	963126431	89136	2409668	2430888
1789680844	58011	4837356	201	86885	16627	113207273	963545764	89141	2410252	2427104
1789680875	58042	4838496	201	88325	18150	113232678	963872227	89151	2411392	2427104
1789680905	58072	4841588	201	86357	16265	113281284	964321615	89157	2413860	2427728
1789680936	58103	4836072	201	86697	17489	113354017	964695680	89163	2409004	2427068
1789680966	58133	4836072	201	86256	16349	113427290	965156000	89162	2409004	2427068
1789680997	58164	4836072	201	85820	17737	113451688	965548307	89164	2409004	2427068
1789681027	58194	4834192	201	86992	17263	113518134	966108614	89161	2407124	2427068
1789681057	58224	4834772	201	87565	19063	113590499	966564327	89164	2407704	2427068
1789681088	58255	4832356	201	87987	19261	113662680	967021307	89162	2406508	2425848
1789681119	58286	4829160	201	87865	18298	113710949	967541319	89156	2405120	2424040
1789681149	58316	4831548	201	88668	18869	113785512	968010721	89153	2407512	2424036
1789681180	58347	4832908	201	87762	17874	113858302	968406082	89159	2408328	2424580
1789681210	58377	4841624	201	89317	20016	113906782	968958493	89159	2413832	2427792
1789681241	58408	4836080	201	89224	18741	113957921	969424255	89154	2408288	2427792
1789681271	58438	4835460	201	89558	18103	114006612	969969953	89152	2407668	2427792
1789681302	58469	4838548	201	89096	18062	114099939	970429103	89162	2410756	2427792
1789681332	58499	4848964	201	90249	18086	114124540	970948523	89151	2421172	2427792
1789681363	58530	4834824	201	88785	18176	114220328	971467838	89142	2407032	2427792
1789681393	58560	4834824	201	89158	18697	114294285	971866487	89131	2407032	2427792
1789681424	58591	4834824	201	88764	18030	114343232	972349652	89129	2407032	2427792
1789681454	58621	4834824	201	89101	18469	114417901	972821296	89116	2407032	2427792
1789681485	58652	4833820	201	89774	18434	114466469	973208721	89103	2407036	2426784
1789681515	58682	4833820	201	89479	18218	114540611	973645318	89098	2407036	2426784
1789681546	58713	4837916	201	88576	17699	114589138	974058072	89087	2407036	2430880
1789681576	58743	4834996	201	88833	17622	114637630	974457505	89072	2407036	2427960
1789681607	58774	4834684	201	88335	18286	114682163	974884680	89083	2407900	2426784
1789681637	58804	4834400	201	88272	18041	114779399	975363372	89060	2407616	2426784
1789681668	58835	4836668	201	88204	17989	114826011	975837069	89073	2409872	2426796
1789681698	58865	4842320	201	89705	17841	114874884	976404257	89059	2415524	2426796
1789681729	58896	4839104	201	89407	17673	114969025	976918768	89056	2412308	2426796
1789681759	58926	4836056	201	87601	17640	115017332	977383475	89074	2409260	2426796
1789681790	58957	4835812	201	88569	17881	115090849	977860394	89060	2407036	2428776
1789681820	58987	4835348	201	89164	17523	115140010	978219994	89066	2408552	2426796
1789681851	59018	4833820	201	88882	17597	115188413	978761525	89067	2407024	2426796
1789681881	59048	4842240	201	88418	17546	115264362	979220825	89074	2415444	2426796
1789681911	59078	4837276	201	89080	18183	115312875	979613681	89080	2410480	2426796
1789681942	59109	4833820	201	89774	19343	115406329	980096999	89080	2407024	2426796
1789681972	59139	4833820	201	89760	18759	115406329	980508940	89080	2407024	2426796
1789682003	59170	4839804	201	89885	18555	115503645	981002469	89073	2413008	2426796
1789682033	59200	4854508	201	89854	18105	115545690	981475545	89065	2427712	2426796
1789682064	59231	4835492	201	88911	18706	115593552	981918344	89079	2408696	2426796
1789682094	59261	4837668	201	88956	17877	115696232	982367370	89085	2410872	2426796
1789682125	59292	4835220	201	88382	17211	115720572	982729869	89084	2408424	2426796
1789682155	59322	4839992	201	88795	16735	115819186	983086634	89079	2413196	2426796
1789682186	59353	4841032	201	89356	16916	115866923	983552900	89081	2414236	2426796
1789682216	59383	4839248	201	89204	17372	115915114	984104934	89122	2412452	2426796
1789682246	59413	4835896	201	88413	18004	115987818	984504608	89125	2409100	2426796
1789682277	59444	4844544	201	88404	17891	116036565	984991006	89124	2417744	2426800
1789682307	59474	4840216	201	87498	18030	116104618	985393266	89116	2413416	2426800
1789682338	59505	4842556	201	89366	18079	116154430	985845830	89096	2415756	2426800
1789682368	59535	4842796	201	89548	18120	116228637	986343931	89096	2416884	2425912
1789682399	59566	4839224	201	89473	18191	116297903	986925597	89078	2413312	2425912
1789682430	59597	4841516	201	89247	18082	116346989	987423980	89064	2415604	2425912
1789682460	59627	4842192	201	88423	17556	116418904	987809250	89066	2416280	2425912
1789682491	59658	4847820	201	88605	16357	116443193	988186865	89056	2421908	2425912
1789682521	59688	4834720	201	86887	16166	116517955	988598674	89060	2408808	2425912
1789682552	59719	4833156	201	86314	16030	116589633	989078006	89063	2408252	2424904
1789682582	59749	4836756	201	87383	17321	116638409	989683556	89059	2411852	2424904
1789682613	59780	4837844	201	86449	16168	116684018	990236659	89065	2412940	2424904
1789682643	59810	4831936	201	88807	18705	116732578	990682357	89061	2407032	2424904
1789682674	59841	4833964	201	89278	19140	116828940	991201273	89050	2409060	2424904
1789682704	59871	4833180	201	89877	18400	116874430	991705385	89049	2408276	2424904
1789682735	59902	4832968	201	89565	18789	116947844	992077757	89056	2408064	2424904
1789682765	59932	4836880	201	89632	19156	117024711	992575537	89057	2409924	2426956
1789682796	59963	4837888	201	90038	19838	117073203	993000105	89051	2410932	2426956
1789682826	59993	4842448	201	89355	19317	117146188	993429244	89061	2415492	2426956
1789682857	60024	4838932	201	88957	19003	117194934	993798987	89069	2411976	2426956
1789682887	60054	4835728	201	89344	18473	117244515	994331304	89054	2408772	2426956
1789682917	60084	4839592	201	88591	18628	117316738	994810002	89062	2408912	2430680
1789682948	60115	4840208	201	89026	18063	117389029	995256580	89063	2409528	2430680
1789682979	60146	4840736	201	88916	17447	117437295	995706646	89130	2410056	2430680
1789683009	60176	4839592	201	88803	17853	117486413	996199376	89139	2408912	2430680
1789683039	60206	4841688	201	90290	18380	117533082	996677560	89134	2410296	2431392
1789683070	60237	4840220	201	90357	18511	117626001	997297548	89120	2409232	2430988
1789683101	60268	4847612	201	89257	18679	117674632	997671441	89112	2416624	2430988
1789683131	60298	4841808	201	88577	18099	117723551	998186618	89111	2410820	2430988
1789683162	60329	4848084	201	89904	19051	117796172	998731644	89097	2408912	2439172
1789683192	60359	4850484	201	86901	16653	117869891	999181183	89101	2411308	2439176
1789683223	60390	4850732	201	88128	18148	117920663	999682212	89103	2411556	2439176
1789683254	60421	4849248	201	88825	18281	117971140	1000211754	89085	2410072	2439176
1789683285	60452	4849248	201	87968	17483	118044633	1000701647	89068	2410072	2439176
1789683315	60482	4849632	201	87942	17460	118117052	1001219894	89069	2410456	2439176
1789683346	60513	4848668	201	89664	18299	118165785	1001704019	89043	2409492	2439176
1789683377	60544	4849600	201	88665	19018	118214522	1002185746	89041	2409492	2440108
1789683407	60574	4849600	201	89260	18840	118310040	1002691980	89038	2409492	2440108
1789683438	60605	4849600	201	89782	18879	118361736	1003138805	89023	2409492	2440108
1789683468	60635	4849600	201	89511	18492	118407848	1003510455	89036	2409492	2440108
1789683499	60666	4850568	201	89574	17423	118505017	1003999159	89027	2410460	2440108
1789683529	60696	4852364	201	88588	17167	118532753	1004460722	89028	2412256	2440108
1789683560	60727	4849600	201	89035	17434	118606060	1004947406	89029	2409492	2440108
1789683590	60757	4852988	201	88837	16972	118676755	1005363351	89037	2410588	2442400
1789683621	60788	4866784	201	89300	17060	118725602	1005835091	89032	2426708	2440076
1789683651	60818	4850104	201	88890	16971	118800307	1006306490	89037	2410028	2440076
1789683682	60849	4859016	201	88875	17756	118821441	1006705515	89043	2418940	2440076
1789683712	60879	4857204	201	89532	18086	118870258	1007240764	89038	2417128	2440076
1789683742	60909	4860484	201	88939	17796	118962275	1007779708	89031	2417668	2442816
1789683773	60940	4862540	201	88894	18155	119010821	1008199671	89097	2417128	2445412
1789683803	60970	4864712	201	88015	17659	119084398	1008594163	89103	2417128	2447584
1789683834	61001	4866972	201	87824	17380	119107714	1008884401	89106	2419380	2447592
1789683864	61031	4864720	201	87611	16877	119156571	1009390968	89109	2417128	2447592
1789683895	61062	4868660	201	87336	16768	119230909	1009877134	89110	2421068	2447592
1789683925	61092	4867784	201	87353	16327	119281714	1010373906	89123	2420192	2447592
1789683955	61122	4865388	201	86743	16451	119330100	1010759236	89117	2417796	2447592
1789683986	61153	4865392	201	87559	17745	119377030	1011118508	89119	2417800	2447592
1789684016	61183	4863340	201	86665	16667	119420857	1011494273	89115	2417800	2445540
1789684047	61214	4866264	201	85438	17051	119491351	1011777098	89105	2420724	2445540
1789684077	61244	4870528	201	86779	17938	119561411	1012215892	89101	2424988	2445540
1789684108	61275	4865464	201	86747	17952	119609929	1012647527	89087	2419924	2445540
1789684138	61305	4866448	201	88264	19387	119659340	1013046158	89074	2420908	2445540
1789684169	61336	4863340	201	88152	19391	119736581	1013563181	89071	2417800	2445540
1789684199	61366	4863980	201	88847	19614	119784375	1014016220	89051	2418440	2445540
1789684230	61397	4864276	201	89116	19016	119854239	1014513990	89041	2418140	2446136
1789684260	61427	4863940	201	88279	18479	119929734	1014912534	89043	2417800	2446140
1789684290	61457	4865196	201	87630	17779	119954031	1015270729	89036	2419056	2446140
1789684321	61488	4863940	201	86445	16464	120000602	1015753434	89040	2417800	2446140
1789684351	61518	4864544	201	87244	17516	120095077	1016132169	89040	2418368	2446176
1789684382	61549	4863976	201	87534	17173	120120037	1016671196	89029	2417800	2446176
1789684412	61579	4865132	201	88036	17636	120168693	1016980666	89026	2418956	2446176
1789684443	61610	4864592	201	88070	17383	120236668	1017336494	89028	2418416	2446176
1789684473	61640	4863976	201	87384	16853	120286446	1017590054	89036	2417800	2446176
1789684504	61671	4863964	201	86732	16370	120335131	1017936012	89047	2417796	2446168
1789684534	61701	4863964	201	86694	17319	120408377	1018246064	89069	2417796	2446168
1789684565	61732	4864544	201	86600	17465	120432188	1018756016	89068	2418376	2446168
1789684595	61762	4864480	201	87311	17059	120480975	1019201803	89062	2418380	2446100
1789684626	61793	4865532	201	88389	16695	120548736	1019646016	89050	2419428	2446104
1789684656	61823	4864536	201	88596	16484	120596753	1020037452	89048	2418432	2446104
1789684686	61853	4863908	201	89542	16904	120694741	1020433219	89053	2417800	2446108
1789684717	61884	4864576	201	88947	16460	120743172	1020879070	89060	2418452	2446124
1789684747	61914	4864540	201	88727	17740	120791590	1021246219	89063	2418400	2446140
1789684778	61945	4862060	201	90502	17761	120867112	1021819192	89053	2415920	2446140
1789684808	61975	4864888	201	87494	16867	120891580	1022377949	89052	2418748	2446140
1789684838	62005	4862396	201	90220	18377	120982767	1022871258	89034	2416256	2446140
1789684869	62036	4865740	201	88180	17532	121031883	1023252235	89034	2419600	2446140
1789684899	62066	4862516	201	87377	17216	121104047	1023607325	89033	2416376	2446140
1789684930	62097	4862060	201	88272	17128	121128692	1024011080	89029	2415920	2446140
1789684960	62127	4862060	201	88184	17626	121176730	1024388058	89031	2415920	2446140
1789684991	62158	4862060	201	89000	16787	121271698	1024896862	89002	2415920	2446140
1789685021	62188	4862592	201	89330	16237	121320110	1025387923	88996	2416452	2446140
1789685051	62218	4870604	201	88934	16942	121391044	1025774158	88975	2424464	2446140
1789685082	62249	4870716	201	88346	16595	121435174	1026187727	88961	2423432	2447284
1789685112	62279	4873328	201	87960	17059	121484008	1026499056	88968	2423432	2449896
1789685143	62310	4879776	201	88235	17022	121557610	1027030528	88951	2429880	2449896
1789685173	62340	4888032	201	87418	17282	121606168	1027448231	88944	2438136	2449896
1789685204	62371	4889408	201	87917	18161	121654661	1027872760	88947	2439512	2449896
1789685234	62401	4887472	201	87426	17743	121708009	1028321774	88941	2438584	2448888
1789685265	62432	4893508	201	87963	18009	121756751	1028705167	88938	2444620	2448888
1789685295	62462	4901560	201	88781	18370	121852220	1029208117	88936	2452672	2448888
1789685325	62492	4902000	201	89599	17747	121900587	1029587613	88932	2453112	2448888
1789685356	62523	4905180	201	89629	19462	121974284	1030004961	88944	2455164	2450016
1789685386	62553	4904060	201	88928	18754	122024800	1030429514	89013	2455168	2448892
1789685417	62584	4907088	201	88450	17448	122073359	1030813409	89019	2458196	2448892
1789685447	62614	4908364	201	87409	16927	122139839	1031215976	89014	2458196	2450168
1789685478	62645	4943388	201	88951	17237	122188265	1031686297	89008	2494496	2448892
1789685508	62675	4941968	201	87872	17223	122212640	1032093795	89016	2491832	2450136
1789685539	62706	4940724	201	88744	16368	122275119	1032496908	89019	2491832	2448892
1789685569	62736	4941308	201	87795	15895	122323246	1032889269	89028	2491832	2449476
1789685600	62767	4940728	201	87823	14907	122414428	1033359122	89015	2491832	2448896
1789685630	62797	4975212	201	87912	15567	122414428	1033688189	89017	2526312	2448900
1789685661	62828	4939724	201	87380	16897	122487628	1034227307	89021	2490824	2448900
1789685691	62858	4939724	201	88048	16770	122555286	1034637217	89022	2490824	2448900
1789685721	62888	4946768	201	87567	16279	122579950	1035074107	89023	2490824	2455944
1789685752	62919	4946768	201	87875	16243	122674414	1035418397	89016	2490824	2455944
1789685782	62949	4946808	201	87477	15547	122719497	1035782349	89017	2490824	2455984
1789685813	62980	4954308	201	87794	16506	122792204	1036156935	89003	2498320	2455988
1789685844	63011	4946820	201	87737	15819	122846037	1036561279	88986	2490832	2455988
1789685874	63041	4949744	201	87697	16780	122870211	1036953766	88999	2490832	2458912
1789685905	63072	4950324	201	86586	17545	122918730	1037326072	89000	2491412	2458912
1789685935	63102	4949844	201	88410	16958	122989435	1037764591	88972	2490832	2459012
1789685966	63133	4952360	201	88429	16029	123037265	1038215855	88986	2493348	2459012
1789685997	63164	4949844	201	87632	16527	123137754	1038584402	88981	2490832	2459012
1789686027	63194	4949064	201	87485	16966	123186654	1039009625	88969	2489460	2459604
1789686058	63225	4947796	201	87087	17521	123235070	1039367859	88974	2488784	2459012
1789686088	63255	4947796	201	87850	18354	123279635	1039850127	88950	2488784	2459012
1789686119	63286	4957200	201	86603	16782	123328080	1040259811	88941	2487776	2469424
1789686150	63317	4948484	201	86648	17869	123395711	1040612444	88946	2480264	2468220
1789686180	63347	4940972	201	88137	17960	123440838	1041044817	88934	2480264	2460708
1789686210	63377	4944548	201	88788	17668	123488971	1041604399	88925	2483840	2460708
1789686241	63408	4940840	201	87806	17099	123555319	1042152381	88936	2480264	2460576
1789686271	63438	4944184	201	86075	16360	123603627	1042720316	88936	2483608	2460576
1789686302	63469	4941896	201	88585	15844	123674393	1043146069	88924	2481320	2460576
1789686332	63499	4940840	201	88711	16294	123725596	1043601899	88928	2480264	2460576
1789686363	63530	4945772	201	89073	16389	123795874	1044109044	88924	2484048	2461724
1789686393	63560	4941332	201	88384	16271	123841826	1044525125	88927	2480756	2460576
1789686424	63591	4949856	201	88931	16534	123915449	1044903310	88933	2490288	2459568
1789686454	63621	4951832	201	88725	16016	123989205	1045330622	88937	2492264	2459568
1789686485	63652	4942032	201	88111	17859	124038186	1045697470	88948	2482464	2459568
1789686515	63682	4958064	201	88467	17470	124087174	1046076485	88951	2498496	2459568
1789686546	63713	4940740	201	88495	17308	124136363	1046434660	88945	2481172	2459568
1789686576	63743	4938824	201	88692	18050	124184764	1046920860	88954	2479256	2459568
1789686606	63773	4940708	201	89061	17633	124258074	1047300424	88945	2481136	2459572
1789686637	63804	4940708	201	88362	17297	124306184	1047728346	88947	2481136	2459572
1789686667	63834	4947828	201	88028	18084	124330469	1048015098	88958	2488256	2459572
1789686698	63865	4961188	201	85887	17533	124428277	1048424565	88956	2481136	2480052
1789686729	63896	4961188	201	85899	17231	124476663	1048925863	88955	2481136	2480052
1789686759	63926	4961188	201	87831	17437	124525033	1049344237	88925	2481136	2480052
1789686790	63957	4961192	201	87200	17490	124563246	1049884966	88912	2481136	2480056
1789686821	63988	4961192	201	88775	17712	124611538	1050277590	88912	2481136	2480056
1789686851	64018	4973548	201	88022	16714	124702078	1050842794	88891	2493492	2480056
1789686882	64049	4961192	201	89458	17933	124750591	1051212724	88876	2481136	2480056
1789686912	64079	4964840	201	87768	16770	124842302	1051814758	88946	2484784	2480056
1789686943	64110	4961788	201	89511	17624	124866926	1052270961	88926	2481732	2480056
1789686973	64140	4961788	201	88861	18153	124915409	1052686274	88912	2481732	2480056
1789687004	64171	4962340	201	88613	17002	124985612	1053153030	88917	2481136	2481204
1789687035	64202	4962944	201	87730	17256	125033899	1053488763	88915	2482888	2480056
1789687065	64232	4963056	201	88297	16597	125082070	1053846317	88903	2483000	2480056
1789687095	64262	4961848	201	88407	16660	125150329	1054315183	88897	2481792	2480056
1789687126	64293	4987172	201	88355	16493	125199297	1054636720	88962	2507116	2480056
1789687156	64323	4967120	201	88112	16698	125276387	1055056331	88969	2488072	2479048
1789687187	64354	4964640	201	87440	16335	125349548	1055478134	88967	2485592	2479048
1789687217	64384	4964516	201	87925	16109	125399187	1055914478	88966	2485468	2479048
1789687248	64415	4965968	201	88313	16186	125450141	1056357058	88972	2487928	2478040
1789687278	64445	4961228	201	88394	15797	125498531	1056794940	88976	2483188	2478040
1789687309	64476	4962876	201	88617	16276	125572136	1057111508	88980	2483536	2479340
1789687339	64506	4961836	201	87005	17456	125620664	1057492279	88999	2483188	2478648
1789687370	64537	4961228	201	87500	17443	125689688	1057999328	88999	2483188	2478040
1789687400	64567	4963064	201	87774	17333	125714076	1058457953	89002	2483188	2479876
1789687431	64598	4961228	201	90157	18373	125786665	1058862587	88979	2483188	2478040
1789687461	64628	4965932	201	88215	18200	125847590	1059331142	88997	2487892	2478040
1789687492	64659	4966512	201	88254	18183	125896541	1059784928	89006	2488480	2478032
1789687523	64690	4965868	201	89749	19272	125944672	1060168180	88991	2487860	2478008
1789687554	64721	4965868	201	90250	18866	125984643	1060700053	88982	2487860	2478008
1789687584	64751	4965868	201	88814	16967	126033796	1061040589	88985	2487860	2478008
1789687615	64782	4965868	201	88342	16251	126129115	1061559960	88976	2487860	2478008
1789687645	64812	4967140	201	87827	16382	126177876	1062004051	88966	2489132	2478008
1789687676	64843	4965868	201	87246	15364	126226736	1062438423	88963	2487860	2478008
1789687706	64873	4968676	201	87817	16396	126300098	1062745726	88951	2490668	2478008
1789687737	64904	4965872	201	86369	15901	126348441	1063145814	88942	2487864	2478008
1789687768	64935	4963372	201	86811	15390	126429295	1063523370	88941	2485364	2478008
1789687798	64965	4962692	201	86893	15408	126453333	1063895531	88920	2484684	2478008
1789687829	64996	4964376	201	85886	15201	126527144	1064248187	88921	2486368	2478008
1789687860	65027	4963836	201	86367	16384	126603513	1064527394	88937	2485828	2478008
1789687890	65057	4962088	201	87892	17010	126627280	1064983518	88924	2484080	2478008
1789687921	65088	4962088	201	87503	18014	126701032	1065354576	88920	2484080	2478008
1789687951	65118	4961048	201	89366	17480	126775888	1065872512	88903	2483072	2477976
1789687982	65149	4965752	201	89295	17222	126823732	1066290280	88897	2486168	2479584
1789688012	65179	4962364	201	88596	16801	126872893	1066699293	88909	2484384	2477980
1789688043	65210	4961068	201	86895	17091	126921069	1067190640	88931	2483088	2477980
1789688073	65240	4961728	201	89670	19197	126989809	1067573630	88922	2483740	2477988
1789688103	65270	4961080	201	90001	18106	127008125	1067980223	88916	2483096	2477984
1789688134	65301	4962584	201	88782	17153	127056447	1068399909	88924	2484584	2478000
1789688165	65332	4964028	201	89192	17335	127145586	1068806640	88926	2486028	2478000
1789688195	65362	4961096	201	88688	17155	127145586	1069140040	88926	2483096	2478000
1789688226	65393	4961100	201	88456	17338	127217651	1069568782	88923	2483100	2478000
1789688256	65423	4961100	201	88309	17470	127280641	1069933648	88925	2483100	2478000
1789688286	65453	4961100	201	89049	16738	127329384	1070434604	88916	2483100	2478000
1789688317	65484	4961100	201	87379	14649	127422395	1070907643	88929	2483100	2478000
1789688347	65514	4965840	201	86615	14896	127446531	1071341953	88932	2487840	2478000
1789688378	65545	4961644	201	87893	17653	127520083	1071607038	88931	2483644	2478000
1789688408	65575	4968160	201	87555	16209	127597897	1072083983	88917	2490160	2478000
1789688439	65606	4961640	201	87502	16377	127622134	1072410422	88920	2483108	2478532
1789688469	65636	4963940	201	86654	17289	127721082	1072872952	88933	2485940	2478000
1789688500	65667	4962360	201	88074	17140	127796578	1073301937	88972	2484360	2478000
1789688531	65698	4961108	201	89822	17793	127846445	1073737262	88973	2483108	2478000
1789688562	65729	4961408	201	87176	17052	127924831	1074244109	88958	2483408	2478000
1789688592	65759	4961792	201	89907	17786	127973430	1074620002	88941	2483792	2478000
1789688623	65790	4963940	201	88798	17260	128021664	1075013285	88948	2485940	2478000
1789688654	65821	4977308	201	89707	17835	128069779	1075461095	88936	2497460	2479848
1789688685	65852	4963516	201	89517	17394	128156570	1075978995	88928	2484852	2478664
1789688715	65882	4966676	201	90034	18382	128204912	1076444752	88924	2488676	2478000
1789688746	65913	4961688	201	89728	18201	128253590	1076887126	88910	2483688	2478000
1789688777	65944	4966324	201	87742	17483	128291106	1077271807	88902	2484568	2481756
1789688808	65975	4968620	201	90235	18981	128339854	1077652339	88886	2486864	2481756
1789688838	66005	4969164	201	89459	18457	128410094	1078195606	88891	2487400	2481764
1789688869	66036	4970460	201	90303	18219	128478446	1078651551	88885	2488696	2481764
1789688899	66066	4968628	201	88614	16992	128572452	1079166979	88889	2486864	2481764
1789688930	66097	4968628	201	87477	16360	128621152	1079697695	88899	2486864	2481764
1789688960	66127	4968628	201	86520	16168	128669962	1080031874	88898	2486864	2481764
1789688991	66158	4983524	201	87250	16386	128723103	1080448285	88591	2501928	2481596
1789689021	66188	4975256	201	87506	16583	128796468	1080870237	88891	2493512	2481744
1789689052	66219	4968588	201	87667	16262	128872949	1081323396	88888	2486844	2481744
1789689082	66249	4969744	201	88187	17040	128921450	1081758847	88888	2488000	2481744
1789689113	66280	4973768	201	88275	16988	128999447	1082236757	88885	2492024	2481744
1789689143	66310	4969104	201	89049	17198	129049536	1082618028	88883	2487360	2481744
1789689173	66340	4969848	201	88495	17614	129098631	1083020724	88890	2488104	2481744
1789689204	66371	4970216	201	88410	17439	129178780	1083486610	88893	2488472	2481744
1789689234	66401	4968592	201	89467	17627	129202917	1083902162	88892	2486844	2481748
1789689265	66432	4968592	201	87603	17100	129296118	1084345071	88902	2486844	2481748
1789689295	66462	4985152	201	88871	16821	129342823	1084826671	88901	2503404	2481748
1789689326	66493	4966348	201	88544	17481	129366929	1085209581	88899	2484600	2481748
1789689356	66523	4966608	201	87192	17726	129456920	1085587381	88915	2484848	2481760
1789689387	66554	4964848	201	86450	16604	129481075	1086183159	88907	2483088	2481760
1789689417	66584	4964848	201	88810	17902	129529426	1086626441	88886	2483088	2481760
1789689447	66614	4964848	201	89520	17972	129589459	1087153160	88869	2483088	2481760
1789689478	66645	4964848	201	87568	18567	129638061	1087599744	88884	2483088	2481760
1789689508	66675	4964876	201	88656	17896	129731115	1088091044	88867	2483088	2481788
1789689539	66706	4964876	201	88534	17023	129755568	1088435673	88847	2483088	2481788
1789689569	66736	4967956	201	87787	16087	129803274	1088830765	88845	2486168	2481788
1789689600	66767	4964876	201	86800	16068	129871634	1089379653	88841	2483088	2481788
1789689631	66798	4966212	201	86406	15683	129895676	1089856977	88823	2484424	2481788
1789689661	66828	4964876	201	86542	16159	129964368	1090226375	88817	2483088	2481788
1789689692	66859	4967360	201	86146	14905	130037633	1090601915	88810	2485572	2481788
1789689722	66889	4967632	201	85980	15170	130114130	1091053600	88798	2485844	2481788
1789689753	66920	4964828	201	86408	15271	130184575	1091509076	88797	2483040	2481788
1789689783	66950	4967844	201	85873	16006	130233301	1091932096	88804	2486056	2481788
1789689813	66980	4975204	201	87114	16287	130285333	1092429468	88799	2493416	2481788
1789689844	67011	4964852	201	85393	17605	130337280	1092742064	88822	2483064	2481788
1789689875	67042	4964852	201	85796	17899	130413537	1093138870	88826	2483064	2481788
1789689905	67072	4964852	201	85213	17321	130461924	1093443153	88832	2483064	2481788
1789689936	67103	4965448	201	86781	16917	130510355	1093954790	88818	2483064	2482384
1789689966	67133	4964852	201	84361	16380	130558859	1094347975	88826	2483064	2481788
1789689997	67164	4964852	201	82288	15866	130631685	1094647804	88853	2483064	2481788
1789690027	67194	4965488	201	83055	16658	130676897	1095007415	88854	2483700	2481788
1789690058	67225	4964852	201	83812	16091	130725249	1095486010	88852	2483064	2481788
1789690088	67255	4964852	201	82058	15344	130791802	1095889433	88930	2483064	2481788
1789690119	67286	4967124	201	83799	15996	130813653	1096211203	88927	2485336	2481788
1789690149	67316	4966176	201	84791	16893	130861747	1096766022	88923	2484388	2481788
1789690180	67347	4966176	201	84803	15859	130935234	1097189325	88925	2484388	2481788
1789690210	67377	4977492	201	86152	16666	130979872	1097615419	88918	2495704	2481788
1789690240	67407	4970488	201	87205	17891	131079149	1098101766	88911	2488700	2481788
1789690271	67438	4968068	201	87224	16291	131101121	1098591659	88905	2486280	2481788
1789690301	67468	4972120	201	87390	18184	131173855	1099029381	88886	2486288	2485832
1789690332	67499	4986888	201	87297	16964	131247143	1099680320	88881	2486288	2500600
1789690363	67530	4986288	201	86109	16104	131319536	1100010168	88872	2486288	2500000
1789690393	67560	4984272	201	85594	16062	131392976	1100385198	88857	2486288	2497984
1789690424	67591	4984272	201	83918	15297	131441199	1100818924	88866	2486288	2497984
1789690454	67621	4982256	201	84019	15481	131515281	1101168943	88848	2486288	2495968
1789690485	67652	4992172	201	85815	15565	131568650	1101600606	88826	2496204	2495968
1789690515	67682	4986144	201	85064	16095	131641599	1102043241	88834	2490176	2495968
1789690546	67713	4985244	201	85202	16072	131695173	1102446500	88831	2488660	2496584
1789690576	67743	4982228	201	87055	17732	131743904	1102871454	88813	2486288	2495940
1789690607	67774	4982232	201	87152	17830	131814694	1103404030	88802	2486292	2495940
1789690638	67805	4982232	201	87749	17571	131839811	1103840132	88804	2486292	2495940
1789690668	67835	4985288	201	87863	17185	131912425	1104286000	88807	2489340	2495948
1789690699	67866	4982252	201	87500	17422	131980624	1104731102	88815	2486292	2495960
1789690729	67896	4983920	201	89062	17152	132029119	1105278039	88798	2489976	2493944
1789690759	67926	4980236	201	88206	18276	132101598	1105659167	88806	2486292	2493944
1789690790	67957	4980896	201	86823	17374	132146811	1106209504	88811	2486952	2493944
1789690821	67988	4981888	201	88055	17549	132195474	1106522521	88808	2487944	2493944
1789690852	68019	4983004	201	87635	16423	132263673	1107082204	88809	2489060	2493944
1789690882	68049	4985260	201	88553	17461	132312592	1107495037	88817	2491316	2493944
1789690912	68079	4986852	201	89018	18146	132384934	1108117336	88821	2490708	2496144
1789690943	68110	4987124	201	87947	17596	132430062	1108632692	88818	2490980	2496144
1789690973	68140	4986864	201	87619	17232	132523523	1109083772	88816	2490720	2496144
1789691004	68171	4986864	201	88386	17569	132573187	1109439159	88806	2490720	2496144
1789691034	68201	4987276	201	88562	16431	132645154	1110041420	88807	2491132	2496144
1789691065	68232	4987256	201	87957	16553	132704914	1110411559	88820	2491112	2496144
1789691095	68262	4986864	201	88712	17575	132753104	1110768528	88819	2490720	2496144
1789691126	68293	4986864	201	88095	16890	132857289	1111223911	88807	2490720	2496144
1789691156	68323	4986864	201	86649	16413	132905628	1111554441	88807	2490720	2496144
1789691187	68354	4986984	201	86312	16533	132954624	1111991842	88812	2490840	2496144
1789691217	68384	4984984	201	86336	17375	133006134	1112406561	88806	2488840	2496144
1789691248	68415	4988100	201	85335	16021	133079224	1112855946	88796	2491956	2496144
1789691278	68445	4984984	201	86102	16535	133127985	1113219243	88802	2488840	2496144
1789691309	68476	4985652	201	86673	16127	133172458	1113694191	88857	2489508	2496144
1789691339	68506	5003232	201	87205	17805	133220815	1114092288	88834	2507088	2496144
1789691370	68537	4984988	201	87654	17767	133290800	1114806411	88836	2488840	2496148
1789691400	68567	4985588	201	86252	17164	133339120	1115379771	88826	2489440	2496148
1789691431	68598	4984988	201	87740	17301	133432593	1115962550	88793	2488840	2496148
1789691461	68628	4989024	201	89141	17412	133481090	1116464934	88794	2492876	2496148
1789691492	68659	4984988	201	86739	16486	133529723	1116814239	88796	2488840	2496148
1789691523	68690	4984988	201	86599	17139	133578607	1117204910	88804	2488840	2496148
1789691553	68720	4983980	201	89234	17816	133627634	1117794422	88785	2488840	2495140
1789691584	68751	4983980	201	89802	18118	133722645	1118264464	88799	2488840	2495140
1789691614	68781	4983980	201	90021	19252	133722645	1118607765	88796	2488840	2495140
1789691645	68812	4986044	201	87734	17864	133842796	1119214619	88862	2490904	2495140
1789691675	68842	4984660	201	88867	18107	133867979	1119651591	88861	2489520	2495140
1789691705	68872	4987764	201	87625	17555	133964716	1120113719	88851	2492624	2495140
1789691736	68903	4981928	201	89528	17418	134016154	1120514154	88851	2486788	2495140
1789691766	68933	4981928	201	89009	17125	134064457	1120874330	88856	2486788	2495140
1789691797	68964	4989236	201	88027	17283	134141648	1121226954	88853	2494096	2495140
1789691827	68994	4983868	201	88643	17886	134194541	1121609963	88853	2488728	2495140
1789691857	69024	4987024	201	86643	17716	134242989	1122134540	88867	2491884	2495140
1789691888	69055	4981928	201	87878	18003	134321780	1122467435	88868	2486788	2495140
1789691918	69085	4984472	201	87607	17625	134371851	1122976136	88865	2489332	2495140
1789691949	69116	4983432	201	88764	17048	134442144	1123417686	88857	2488292	2495140
1789691980	69147	4982520	201	88604	16857	134489741	1123954445	88852	2487380	2495140
1789692010	69177	5000004	201	89671	17745	134561835	1124474549	88860	2504864	2495140
1789692041	69208	4988692	201	88557	17576	134611450	1125033356	88862	2493524	2495168
1789692071	69238	4992448	201	87361	16664	134660505	1125476817	88860	2497280	2495168
1789692102	69269	4992448	201	88198	16969	134753057	1125924250	88840	2497280	2495168
1789692133	69300	4992448	201	88307	17137	134753057	1126420392	88851	2497280	2495168
1789692163	69330	4994960	201	88948	17865	134849672	1126783478	88835	2497280	2497680
1789692194	69361	4993660	201	89576	17554	134893254	1127345400	88808	2498492	2495168
1789692224	69391	4992448	201	90202	17748	134942031	1127857470	88812	2497280	2495168
1789692255	69422	4998480	201	90216	18151	135033299	1128328214	88800	2503312	2495168
1789692286	69453	4993272	201	90204	18118	135081839	1128923809	88778	2497280	2495992
1789692317	69484	4996152	201	89442	17657	135153935	1129299060	88789	2500160	2495992
1789692347	69514	4994508	201	89093	18265	135204953	1129653585	88776	2497280	2497228
1789692378	69545	4993272	201	88939	17125	135277859	1130044122	88756	2497280	2495992
1789692409	69576	4994392	201	88247	16966	135327131	1130409898	88758	2498400	2495992
1789692439	69606	4993272	201	88365	17193	135399784	1130847927	88752	2497280	2495992
1789692470	69637	5004060	201	88932	17589	135478626	1131278575	88751	2508068	2495992
1789692500	69667	5001932	201	88918	16859	135527364	1131737517	88748	2505940	2495992
1789692531	69698	5009456	201	88948	16977	135602183	1132207830	88745	2513464	2495992
1789692561	69728	4999764	201	86322	16321	135652867	1132657116	88762	2501688	2498076
1789692591	69758	5001964	201	86846	16670	135701462	1132994329	88769	2501036	2500928
1789692622	69789	5005852	201	86391	17015	135774182	1133408915	88785	2507616	2498236
1789692653	69820	5001268	201	88255	16895	135798176	1133934319	88770	2503032	2498236
1789692683	69850	4999416	201	86756	16679	135846554	1134333834	88783	2501180	2498236
1789692713	69880	5003188	201	86053	16910	135913972	1134787889	88794	2501196	2501992
1789692744	69911	5003216	201	86848	16784	135938477	1135131680	88798	2501196	2502020
1789692774	69941	5003876	201	87662	18141	136010190	1135512448	88793	2501196	2502680
1789692805	69972	5003768	201	88662	18459	136079818	1135972081	88789	2501196	2502572
1789692836	70003	5006340	201	88935	18198	136128615	1136368762	88790	2503768	2502572
1789692867	70034	5012332	201	88349	17478	136196067	1136859968	88793	2501824	2510508
1789692897	70064	5011708	201	88985	16568	136220720	1137404325	88792	2501192	2510516
1789692928	70095	5011716	201	89588	17544	136314370	1137752468	88781	2501192	2510524
1789692959	70126	5013976	201	89664	17323	136365608	1138199414	88770	2503324	2510652
1789692989	70156	5019688	201	89774	17441	136440910	1138617089	88769	2508400	2511288
1789693020	70187	5015588	201	88863	16801	136516311	1139063118	88757	2504928	2510660
1789693050	70217	5018020	201	89168	17015	136564992	1139451389	88741	2507360	2510660
1789693081	70248	5012428	201	88581	16969	136664452	1139836895	88747	2501768	2510660
1789693111	70278	5022136	201	89345	16654	136712963	1140223183	88732	2511476	2510660
1789693142	70309	5011868	201	88172	17008	136740714	1140587017	88718	2501208	2510660
1789693173	70340	5012812	201	88119	16902	136815609	1140971511	88718	2502156	2510656
1789693203	70370	5017224	201	88064	16926	136890087	1141402437	88709	2506568	2510656
1789693233	70400	5014080	201	87057	16662	136914392	1141809249	88776	2502836	2511244
1789693264	70431	5011864	201	88097	17112	136965347	1142294104	88772	2501208	2510656
1789693294	70461	5022284	201	88052	17845	137035884	1142778879	88757	2511628	2510656
1789693325	70492	5013568	201	87626	17473	137107999	1143494791	88758	2502912	2510656
1789693355	70522	5013008	201	89004	19531	137156435	1143872111	88748	2502348	2510660
1789693386	70553	5011868	201	89778	19830	137231189	1144549971	88747	2501208	2510660
1789693416	70583	5011872	201	90010	19987	137304168	1145081793	88742	2501208	2510664
1789693447	70614	5011880	201	89834	19792	137351348	1145578628	88753	2501208	2510672
1789693477	70644	5013788	201	89776	20274	137423579	1145974436	88754	2501208	2512580
1789693508	70675	5011868	201	88312	17615	137472669	1146294629	88766	2501200	2510668
1789693538	70705	5015560	201	87538	17538	137517032	1146600068	88773	2504892	2510668
1789693569	70736	5011868	201	87312	17346	137590501	1147082477	88765	2501200	2510668
1789693599	70766	5011868	201	87096	16514	137634051	1147553571	88766	2501200	2510668
1789693630	70797	5014508	201	87666	15981	137682354	1147964477	88766	2503916	2510592
1789693660	70827	5004296	201	86886	16218	137730647	1148306421	88774	2493688	2510608
1789693691	70858	5004300	201	87144	16708	137828755	1148672528	88779	2493688	2510612
1789693721	70888	5004888	201	87379	16046	137876850	1149011426	88771	2494268	2510620
1789693752	70919	5005628	201	87042	16759	137926613	1149322980	88783	2494996	2510632
1789693782	70949	5010072	201	88295	16685	138000961	1149790077	88769	2499436	2510636
1789693812	70979	5007836	201	88661	16747	138050405	1150177810	88765	2497200	2510636
1789693843	71010	4996812	201	88191	16593	138099125	1150519115	88764	2493688	2503124
1789693873	71040	4997312	201	86526	16609	138125388	1150900352	88776	2494176	2503136
1789693904	71071	4996824	201	86579	16716	138198507	1151368455	88766	2493688	2503136
1789693934	71101	5026860	201	86296	15683	138270204	1151889077	88779	2523724	2503136
1789693965	71132	5026860	201	87131	17164	138319103	1152331472	88766	2523724	2503136
1789693996	71163	5026864	201	86522	16384	138392011	1152868097	88733	2523724	2503140
1789694026	71193	5026864	201	86045	15477	138415900	1153282094	88737	2523724	2503140
1789694057	71224	5026864	201	87202	15928	138487725	1153672560	88714	2523724	2503140
1789694088	71255	5026864	201	87965	16461	138511942	1153966096	88705	2523724	2503140
1789694118	71285	5026864	201	87177	16325	138557079	1154304677	88718	2523724	2503140
1789694149	71316	5027872	201	86908	17003	138628835	1154592991	88704	2524732	2503140
1789694179	71346	5026832	201	87012	17458	138677456	1155009378	88693	2523692	2503140
1789694210	71377	5027492	201	87581	16949	138744953	1155533428	88683	2524352	2503140
1789694241	71408	5027772	201	88645	17188	138793215	1155983603	88665	2524632	2503140
1789694271	71438	5029656	201	89433	17303	138864241	1156448701	88662	2526508	2503148
1789694302	71469	5058888	201	89484	16942	138911326	1156812827	88667	2524280	2534608
1789694332	71499	5029788	201	89003	17250	138959716	1157211580	88673	2525984	2503804
1789694363	71530	5026852	201	88009	18151	139034864	1157497248	88680	2523704	2503148
1789694393	71560	5063784	201	89292	16998	139083491	1157862110	88671	2530704	2533080
1789694424	71591	5057196	201	87333	17160	139156568	1158218829	88685	2524116	2533080
1789694454	71621	5061404	201	87663	17204	139207084	1158663262	88683	2528324	2533080
1789694485	71652	5059696	201	88656	17200	139255698	1159032580	88684	2524052	2535644
1789694515	71682	5061856	201	89513	17157	139328221	1159684254	88671	2528176	2533680
1789694546	71713	5056624	201	89604	17623	139376423	1160083919	88682	2523544	2533080
1789694576	71743	5056624	201	88054	16290	139425199	1160414791	88699	2523544	2533080
1789694607	71774	5058364	201	88556	16702	139475427	1160760262	88701	2525284	2533080
1789694637	71804	5057860	201	88309	16794	139524067	1161282945	88694	2523544	2534316
1789694667	71834	5058600	201	87048	15887	139592199	1161638256	88701	2525520	2533080
1789694698	71865	5058728	201	87711	16703	139616552	1161979006	88701	2523544	2535184
1789694728	71895	5059352	201	89453	16456	139665197	1162509740	88678	2526272	2533080
1789694759	71926	5057216	201	89540	16729	139754013	1162971871	88732	2523544	2533672
1789694789	71956	5066528	201	88977	16755	139802537	1163443296	88738	2530156	2536372
1789694820	71987	5057620	201	89669	17289	139876724	1163911220	88725	2524540	2533080
1789694850	72017	5056624	201	89226	18115	139925966	1164367420	88724	2523544	2533080
1789694881	72048	5061364	201	89780	17756	139974547	1164862247	88715	2527636	2533728
1789694911	72078	5056644	201	88467	17559	140042428	1165296379	88712	2523560	2533084
1789694942	72109	5057184	201	88001	17727	140066431	1165569039	88706	2524100	2533084
1789694972	72139	5057804	201	89581	19563	140138969	1165984568	88682	2524116	2533688
1789695003	72170	5059412	201	89383	18887	140187139	1166319015	88679	2526328	2533084
1789695034	72201	5058696	201	89194	18381	140260085	1166731618	88667	2525612	2533084
1789695064	72231	5061380	201	89190	17918	140334208	1167107917	88647	2528296	2533084
1789695095	72262	5058696	201	88211	17967	140382901	1167506429	88653	2525612	2533084
1789695126	72293	5065816	201	88890	16942	140457836	1168057861	88642	2532716	2533100
1789695156	72323	5068212	201	89212	16569	140482689	1168486622	88640	2535108	2533104
1789695187	72354	5060480	201	87790	16593	140579782	1169014902	88711	2525612	2534868
1789695217	72384	5059084	201	88264	16208	140629415	1169452506	88710	2525612	2533472
1789695248	72415	5067352	201	88206	16505	140677486	1169888271	88717	2533880	2533472
1789695278	72445	5059084	201	87890	17336	140753270	1170366978	88724	2525612	2533472
1789695309	72476	5059628	201	88805	17542	140804068	1170930737	88714	2526156	2533472
1789695339	72506	5066208	201	89538	17912	140877537	1171379621	88711	2530268	2535940
1789695370	72537	5060688	201	89156	17538	140925908	1171839412	88713	2527216	2533472
1789695400	72567	5059068	201	87667	18096	140974347	1172299743	88724	2525596	2533472
1789695430	72597	5059700	201	88660	17901	141062216	1172861002	88716	2526228	2533472
1789695461	72628	5061180	201	88110	18029	141086081	1173255817	88723	2527708	2533472
1789695491	72658	5062036	201	88965	18028	141158931	1173653820	88723	2528564	2533472
1789695522	72689	5059068	201	88361	18577	141210762	1174037855	88733	2525596	2533472
1789695552	72719	5059068	201	87990	17077	141259463	1174486011	88734	2525596	2533472
1789695582	72749	5059772	201	87662	17741	141305588	1174812497	88734	2526300	2533472
1789695613	72780	5059068	201	87009	17695	141375379	1175197134	88739	2525596	2533472
1789695643	72810	5062964	201	87939	17907	141423668	1175598830	88735	2529492	2533472
1789695674	72841	5074924	201	87349	16897	141489676	1175919156	88736	2541452	2533472
1789695705	72872	5075720	201	87226	16921	141537558	1176182113	88731	2542248	2533472
1789695735	72902	5074556	201	87606	16385	141604614	1176543624	88728	2541084	2533472
1789695766	72933	5072724	201	87285	16961	141654863	1176899607	88725	2539252	2533472
1789695796	72963	5074892	201	87384	17951	141727934	1177247480	88714	2541420	2533472
1789695827	72994	5075148	201	87720	18034	141778938	1177877091	88710	2541676	2533472
1789695858	73025	5072676	201	87667	17561	141852088	1178324395	88695	2539204	2533472
1789695889	73056	5077412	201	85991	16903	141928811	1178693257	88686	2543940	2533472
1789695919	73086	5070004	201	86302	16221	141953512	1179083068	88669	2536532	2533472
1789695950	73117	5071236	201	85174	16554	142002511	1179407961	88686	2537764	2533472
1789695980	73147	5069952	201	85375	16206	142076436	1179958421	88674	2536480	2533472
1789696011	73178	5069956	201	85145	17267	142125154	1180272936	88676	2536484	2533472
1789696041	73208	5071528	201	84058	16614	142200341	1180825186	88673	2538056	2533472
1789696072	73239	5074608	201	86400	16334	142247256	1181382034	88650	2541136	2533472
1789696102	73269	5071276	201	86894	16908	142296164	1181752721	88661	2537804	2533472
1789696133	73300	5071100	201	86706	17918	142367769	1182164356	88664	2537628	2533472
1789696163	73330	5073396	201	87524	17684	142391864	1182693537	88660	2539324	2534072
1789696194	73361	5080452	201	88267	17615	142487928	1183157933	88421	2546980	2533472
1789696224	73391	5073220	201	88496	17579	142535728	1183603737	88655	2539100	2534120
1789696254	73421	5073628	201	88626	17354	142583938	1184027237	88657	2538888	2534740
1789696285	73452	5078956	201	89393	17728	142658253	1184440734	88652	2545484	2533472
1789696315	73482	5076176	201	89198	17191	142706721	1184881970	88706	2540884	2535292
1789696346	73513	5075808	201	89212	17248	142778334	1185282402	88707	2542336	2533472
1789696376	73543	5083540	201	89171	16998	142830053	1185682177	88708	2550068	2533472
1789696406	73573	5077792	201	89277	17314	142878714	1186081937	88713	2544316	2533476
1789696437	73604	5074836	201	89188	17344	142957183	1186454239	88718	2540772	2534064
1789696468	73635	5074916	201	88464	17334	143005558	1186894740	88719	2540192	2534724
1789696498	73665	5075916	201	88212	17194	143077986	1187506770	88717	2542436	2533480
1789696529	73696	5077428	201	88312	17757	143126993	1187932620	88722	2540192	2537236
1789696559	73726	5077964	201	88848	17098	143202452	1188451901	88704	2540728	2537236
1789696590	73757	5079240	201	88241	17390	143253681	1188883818	88722	2540192	2539048
1789696620	73787	5078032	201	87581	16460	143326805	1189450327	88702	2540796	2537236
1789696651	73818	5081600	201	87693	16535	143376552	1189891683	88691	2541208	2540392
1789696682	73849	5078628	201	87604	17159	143451095	1190313990	88692	2541392	2537236
1789696712	73879	5079816	201	87831	17174	143524391	1190869612	88682	2542580	2537236
1789696743	73910	5078580	201	87709	17362	143575805	1191346431	88666	2541344	2537236
1789696773	73940	5079844	201	87916	18097	143624245	1191744879	88658	2542604	2537240
1789696804	73971	5077448	201	88628	19465	143668132	1192185251	88662	2540208	2537240
1789696835	74002	5077448	201	88447	19707	143712903	1192614314	88650	2540208	2537240
1789696865	74032	5077936	201	89641	20285	143788457	1193151443	88635	2540696	2537240
1789696896	74063	5078496	201	90179	20514	143860442	1193542450	88636	2541256	2537240
1789696926	74093	5079108	201	90403	20429	143909168	1194004763	88625	2541868	2537240
1789696957	74124	5078572	201	90035	20599	143989420	1194423463	88628	2541332	2537240
1789696988	74155	5077460	201	90066	20715	144061883	1194832189	88628	2540220	2537240
1789697019	74186	5077464	201	89845	19968	144109899	1195207012	88626	2540220	2537244
1789697049	74216	5077464	201	91363	19991	144158059	1195541629	88622	2540220	2537244
1789697080	74247	5077464	201	90702	19613	144230903	1196046494	88623	2540220	2537244
1789697110	74277	5079784	201	90338	19360	144277896	1196330861	88623	2540288	2539496
1789697141	74308	5084772	201	86993	18005	144326297	1196701178	88640	2547420	2537352
1789697171	74338	5079624	201	87872	18568	144398964	1197072526	88635	2542272	2537352
1789697202	74369	5079572	201	87934	17901	144444524	1197513042	88641	2542220	2537352
1789697232	74399	5078732	201	88433	18054	144493014	1198031723	88630	2541380	2537352
1789697263	74430	5082908	201	88075	17906	144570558	1198580768	88634	2540288	2542620
1789697293	74460	5104456	201	87895	17380	144619415	1199057850	88628	2540812	2563644
1789697324	74491	5102060	201	87784	17902	144694739	1199571180	88642	2543428	2558632
1789697354	74521	5103468	201	87672	17603	144744305	1199971142	88648	2541748	2561720
1789697385	74552	5105124	201	86830	17129	144842428	1200467065	88652	2541504	2563620
1789697415	74582	5102036	201	84518	16908	144868601	1201012457	88661	2540316	2561720
1789697446	74613	5104136	201	86763	17419	144941894	1201618899	88653	2541896	2562240
1789697476	74643	5114240	201	87534	16926	145012512	1202161287	88634	2544940	2569300
1789697506	74673	5117640	201	88867	17636	145036763	1202614071	88620	2547664	2569976
1789697537	74704	5109304	201	87350	16892	145129706	1203107151	88626	2539528	2569776
1789697568	74735	5106964	201	88621	18209	145172714	1203549039	88607	2537188	2569776
1789697598	74765	5106836	201	87593	17862	145248449	1204023221	88598	2537060	2569776
1789697629	74796	5110080	201	87902	17247	145320103	1204405809	88598	2538488	2571592
1789697660	74827	5108264	201	88316	18097	145344346	1204701310	88596	2538488	2569776
1789697690	74857	5108264	201	88430	17709	145420355	1205063180	88584	2538488	2569776
1789697721	74888	5113732	201	88829	17492	145465194	1205540876	88569	2540636	2573096
1789697752	74919	5114500	201	88415	17479	145559226	1205940017	88558	2544724	2569776
1789697783	74950	5120412	201	89308	17368	145608613	1206342684	88536	2550584	2569828
1789697813	74980	5108316	201	86768	16998	145657125	1206625807	88606	2538488	2569828
1789697844	75011	5108316	201	87362	17938	145754328	1206945308	88617	2538488	2569828
1789697875	75042	5108316	201	88223	17600	145778307	1207430291	88612	2538488	2569828
1789697905	75072	5108316	201	87593	16929	145851939	1207834352	88617	2538488	2569828
1789697936	75103	5109432	201	87203	17633	145901352	1208287659	88623	2539604	2569828
1789697966	75133	5110128	201	87608	17127	145972877	1208696559	88621	2540300	2569828
1789697997	75164	5108296	201	87841	17413	145997165	1209065381	88616	2538476	2569820
1789698027	75194	5110196	201	86505	17115	146070802	1209452946	88626	2538476	2571720
1789698057	75224	5109320	201	87896	17162	146146511	1210076190	88615	2539460	2569860
1789698088	75255	5108336	201	87933	17361	146193774	1210458487	88640	2538476	2569860
1789698118	75285	5108336	201	87357	17602	146242382	1210991303	88639	2538476	2569860
1789698149	75316	5108340	201	87375	18278	146315162	1211464920	88648	2538480	2569860
1789698179	75346	5115988	201	87924	18092	146339178	1211913410	88644	2546128	2569860
1789698209	75376	5112040	201	88724	18526	146412166	1212424320	88639	2542180	2569860
1789698240	75407	5109972	201	90337	18623	146479052	1212898156	88624	2540112	2569860
1789698270	75437	5108332	201	88747	18296	146527315	1213219261	88636	2538480	2569852
1789698301	75468	5117208	201	90009	18227	146602884	1213607861	88623	2547356	2569852
1789698332	75499	5110484	201	87514	17697	146675397	1213964481	88638	2540632	2569852
1789698362	75529	5106872	201	87223	16942	146725745	1214383862	88633	2537020	2569852
1789698393	75560	5114848	201	88051	17673	146752122	1214796985	88623	2540776	2574072
1789698424	75591	5115748	201	88970	17980	146849579	1215170497	88605	2545260	2570488
1789698454	75621	5116660	201	88725	17321	146921190	1215572119	88587	2546148	2570512
1789698485	75652	5117192	201	88090	17792	146969663	1215962320	88588	2547340	2569852
1789698515	75682	5122672	201	89399	18074	147042277	1216520974	88574	2552820	2569852
1789698546	75713	5110076	201	87363	17664	147115587	1216869282	88575	2540224	2569852
1789698576	75743	5110112	201	90090	19057	147168043	1217301920	88543	2540260	2569852
1789698607	75774	5110112	201	88321	18697	147215763	1217699270	88562	2540260	2569852
1789698637	75804	5112876	201	87952	18497	147264759	1218072326	88552	2541696	2571180
1789698668	75835	5111428	201	87753	18737	147312050	1218610736	88543	2540932	2570496
1789698699	75866	5114372	201	88498	18480	147360411	1219075117	88537	2544520	2569852
1789698730	75897	5112740	201	88116	18190	147454847	1219505866	88539	2542888	2569852
1789698760	75927	5112824	201	88603	17593	147507118	1220168959	88533	2542972	2569852
1789698791	75958	5110752	201	87998	17658	147555939	1220710673	88532	2540900	2569852
1789698821	75988	5110744	201	86339	17500	147629131	1221159140	88552	2540876	2569868
1789698852	76019	5115336	201	87677	18590	147676533	1221637912	88543	2545468	2569868
1789698882	76049	5112444	201	87198	19113	147724927	1222078430	88549	2542576	2569868
1789698913	76080	5118752	201	87205	17839	147796281	1222434654	88556	2548884	2569868
1789698943	76110	5124740	201	87855	18243	147869232	1222756322	88615	2554872	2569868
1789698974	76141	5110132	201	86978	18072	147941628	1223127569	88621	2540264	2569868
1789699004	76171	5120024	201	86663	18550	147990072	1223525258	88620	2550156	2569868
1789699035	76202	5114868	201	86910	18203	148063103	1223936381	88614	2545000	2569868
1789699065	76232	5111240	201	86942	17982	148112258	1224255219	88622	2541372	2569868
1789699095	76262	5121052	201	86733	16874	148159535	1224655910	88615	2551184	2569868
1789699126	76293	5120820	201	86530	16647	148256273	1224979000	88627	2550952	2569868
1789699156	76323	5116908	201	87759	17271	148302661	1225453348	88617	2547032	2569876
1789699187	76354	5111860	201	86914	16489	148375668	1225936830	88618	2541984	2569876
1789699217	76384	5110732	201	87068	16341	148426630	1226336251	88605	2540856	2569876
1789699247	76414	5110188	201	86036	15748	148475044	1226695704	88617	2540312	2569876
1789699278	76445	5110188	201	85141	16603	148523814	1227047504	88623	2540312	2569876
1789699309	76476	5115364	201	86569	17317	148578387	1227425530	88611	2545488	2569876
1789699339	76506	5111716	201	85427	16866	148651326	1227849307	88606	2541840	2569876
1789699370	76537	5118848	201	87706	16710	148701458	1228393798	88587	2548960	2569888
1789699401	76568	5110224	201	87529	16254	148749602	1229017240	88629	2540336	2569888
1789699431	76598	5110224	201	85857	16558	148797994	1229441647	88639	2540336	2569888
1789699462	76629	5112580	201	86767	17159	148869854	1229964756	88641	2542692	2569888
1789699492	76659	5110224	201	88574	18197	148918359	1230529610	88624	2540336	2569888
1789699523	76690	5117376	201	86982	16768	148988869	1231087799	88607	2547488	2569888
1789699554	76721	5113700	201	88023	17912	149036149	1231535799	88613	2543812	2569888
1789699584	76751	5120040	201	88087	17306	149109877	1232063905	88599	2548896	2571144
1789699615	76782	5113860	201	88329	18266	149183343	1232383672	88598	2543972	2569888
1789699646	76813	5114148	201	88363	19002	149207374	1232729313	88592	2544260	2569888
1789699677	76844	5110848	201	90319	18266	149283457	1233095805	88589	2540960	2569888
1789699707	76874	5112404	201	89609	19212	149358767	1233451022	88588	2542516	2569888
1789699738	76905	5112112	201	88828	18078	149406828	1233853333	88587	2542224	2569888
1789699768	76935	5110232	201	89642	18746	149479755	1234174281	88586	2540344	2569888
1789699799	76966	5110228	201	88609	17181	149528220	1234535817	88588	2540344	2569884
1789699829	76996	5117312	201	87421	17110	149577218	1234950766	88591	2546192	2571120
1789699860	77027	5110828	201	87015	17426	149622713	1235379664	88591	2540924	2569904
1789699890	77057	5110828	201	86843	17317	149722270	1235850197	88600	2540924	2569904
1789699920	77087	5112696	201	85861	16486	149750624	1236260259	88604	2541524	2571172
1789699951	77118	5110248	201	86640	16263	149799738	1236715905	88593	2540344	2569904
1789699981	77148	5114348	201	86807	16693	149873879	1237083059	88592	2540344	2574004
1789700012	77179	5113908	201	85656	17022	149925298	1237589287	88606	2540344	2573564
1789700042	77209	5115212	201	84715	16755	150025634	1238043809	88617	2540344	2574868
1789700073	77240	5123496	201	86540	17235	150076080	1238714904	88604	2550320	2573176
1789700103	77270	5114144	201	87179	16538	150124890	1239173354	88594	2540968	2573176
1789700134	77301	5114128	201	85861	16776	150170989	1239661865	88604	2540952	2573176
1789700164	77331	5123028	201	87896	16576	150218786	1240243568	88578	2549852	2573176
1789700195	77362	5124708	201	86373	16620	150291372	1240617977	88602	2544100	2580608
1789700225	77392	5135492	201	88423	17651	150337928	1241037132	88585	2554884	2580608
1789700256	77423	5127188	201	88448	18910	150362227	1241395651	88575	2544100	2583088
1789700287	77454	5129036	201	87876	17613	150458185	1241890553	88566	2544100	2584936
1789700318	77485	5130904	201	89094	18248	150507180	1242268693	88562	2544100	2586804
1789700348	77515	5131492	201	89166	17880	150604443	1242686596	88551	2544680	2586812
1789700379	77546	5131492	201	89638	18433	150655893	1243070525	88530	2544680	2586812
1789700410	77577	5136776	201	89021	17400	150731084	1243480531	88526	2549964	2586812
1789700441	77608	5141568	201	87818	16676	150781113	1243929945	88520	2554708	2586860
1789700471	77638	5131908	201	86932	16666	150854366	1244208834	88514	2545048	2586860
1789700502	77669	5133496	201	87537	15105	150903169	1244675228	88510	2545348	2588148
1789700532	77699	5131924	201	84637	16836	150951390	1244977132	88529	2544680	2587244
1789700563	77730	5139584	201	84376	15959	151023850	1245389158	88525	2546804	2592780
1789700593	77760	5141228	201	83330	16519	151078385	1245679878	88549	2544680	2596548
1789700624	77791	5141228	201	82675	15716	151102515	1245985215	88553	2544680	2596548
1789700654	77821	5141812	201	83068	16111	151151146	1246545173	88546	2545264	2596548
1789700684	77851	5147988	201	83303	15992	151223316	1247063540	88546	2550928	2597060
1789700715	77882	5141356	201	82397	15212	151272304	1247526576	88561	2544564	2596792
1789700745	77912	5153256	201	82531	15765	151341387	1248119919	88561	2556460	2596796
1789700776	77943	5141384	201	82153	15665	151390576	1248558796	88580	2544588	2596796
1789700806	77973	5140804	201	82787	16648	151439380	1248954407	88577	2544008	2596796
1789700837	78004	5140804	201	83113	17237	151484888	1249430377	88581	2544008	2596796
1789700867	78034	5141836	201	84923	18137	151529132	1249964954	88571	2545040	2596796
1789700898	78065	5140808	201	84570	17797	151600587	1250373877	88577	2544012	2596796
1789700928	78095	5140784	201	84341	17510	151672525	1250759781	88578	2544000	2596784
1789700959	78126	5140792	201	84106	17928	151720844	1251129837	88571	2544004	2596788
1789700989	78156	5140796	201	83495	18131	151769802	1251445553	88647	2544004	2596792
1789701019	78186	5144900	201	83650	17984	151819698	1251878924	88636	2544008	2600892
1789701050	78217	5140808	201	83374	17725	151867650	1252125237	88638	2544016	2596792
1789701080	78247	5142544	201	84199	17214	151944633	1252546563	88622	2545752	2596792
1789701110	78277	5142556	201	84129	17231	152017483	1252894012	88609	2545764	2596792
1789701141	78308	5141388	201	83318	16007	152093832	1253393443	88594	2544596	2596792
1789701171	78338	5140812	201	83397	17123	152142124	1253729222	88597	2544016	2596796
1789701202	78369	5140824	201	84262	16714	152219381	1254157096	88574	2544016	2596808
1789701232	78399	5141404	201	84651	16750	152244114	1254623630	88564	2544596	2596808
1789701262	78429	5141440	201	85086	16443	152317266	1254983109	88553	2544596	2596844
1789701293	78460	5154692	201	85715	16344	152416755	1255366968	88530	2557848	2596844
1789701323	78490	5148984	201	85555	16418	152465907	1255742156	88521	2552140	2596844
1789701354	78521	5133348	201	82965	15974	152517127	1256192512	88539	2536504	2596844
1789701384	78551	5151680	201	84221	16695	152566029	1256699612	88528	2554836	2596844
1789701415	78582	5135416	201	83049	15468	152615630	1257342178	88518	2538572	2596844
1789701445	78612	5140936	201	82028	16732	152685999	1257826108	88540	2544092	2596844
1789701475	78642	5130036	201	83245	16606	152710305	1258370088	88532	2533192	2596844
1789701506	78673	5129616	201	83388	17231	152805909	1258764548	88535	2532772	2596844
1789701536	78703	5130352	201	84453	17698	152829315	1259235330	88541	2533500	2596852
1789701567	78734	5130532	201	84839	17777	152877729	1259723537	88536	2533680	2596852
1789701597	78764	5134004	201	85391	19006	152947419	1260164143	88536	2537336	2596668
1789701628	78795	5129968	201	85407	18905	152996039	1260528110	88538	2533280	2596688
1789701658	78825	5140804	201	85450	17654	153070383	1260859311	88542	2544116	2596688
1789701689	78856	5131848	201	85284	17269	153117513	1261242697	88538	2535152	2596696
1789701719	78886	5142680	201	87432	17163	153165781	1261712399	88538	2545976	2596704
1789701749	78916	5129120	201	87066	17682	153262607	1262055280	88526	2539928	2589192
1789701780	78947	5126976	201	87052	16692	153287201	1262498206	88522	2537784	2589192
1789701810	78977	5129432	201	87333	17055	153359888	1262852657	88519	2537784	2591648
1789701840	79007	5131156	201	84967	15789	153438412	1263408452	88533	2541964	2589192
1789701871	79038	5126016	201	87199	16401	153511574	1263846346	88525	2537784	2588232
1789701901	79068	5126624	201	88372	17511	153560899	1264247356	88521	2538392	2588232
1789701932	79099	5131796	201	88624	17244	153633924	1264721375	88511	2543556	2588240
1789701962	79129	5129188	201	87418	16820	153686450	1265127997	88503	2540948	2588240
1789701993	79160	5129780	201	88992	17146	153737671	1265730902	88492	2540936	2588844
1789702024	79191	5129176	201	87884	17621	153786884	1266135172	88498	2540936	2588240
1789702054	79221	5131168	201	88050	16967	153862965	1266499300	88485	2542928	2588240
1789702085	79252	5131824	201	87386	17710	153912072	1267135793	88500	2543584	2588240
1789702116	79283	5133768	201	88469	17093	153983827	1267635202	88482	2544904	2588864
1789702146	79313	5132692	201	88429	17689	154031155	1268140154	88467	2544452	2588240
1789702177	79344	5135576	201	89176	16477	154103457	1268673477	88454	2547336	2588240
1789702208	79375	5132728	201	88598	18607	154150489	1269085977	88459	2544488	2588240
1789702238	79405	5131604	201	89771	18351	154174318	1269569554	88428	2543364	2588240
1789702269	79436	5141080	201	88812	18381	154269524	1270032833	88415	2552840	2588240
1789702299	79466	5131336	201	88438	19346	154315136	1270372550	88431	2543088	2588248
1789702330	79497	5131684	201	87593	18890	154363732	1270799669	88425	2543436	2588248
1789702360	79527	5136348	201	88208	18174	154441421	1271172911	88420	2548100	2588248
1789702391	79558	5132968	201	87840	18508	154490162	1271775602	88419	2544720	2588248
1789702421	79588	5135032	201	88663	18640	154562178	1272048836	88419	2546180	2588852
1789702452	79619	5134428	201	88669	18550	154583673	1272574574	88422	2546180	2588248
1789702482	79649	5136608	201	89220	17825	154680664	1273079969	88414	2548360	2588248
1789702512	79679	5134400	201	88000	17534	154731956	1273489539	88420	2546156	2588244
1789702543	79710	5134400	201	87762	17049	154756520	1273939323	88417	2546156	2588244
1789702573	79740	5137048	201	88517	17071	154854578	1274397805	88417	2548804	2588244
1789702604	79771	5135092	201	87748	16498	154903495	1274762028	88487	2546156	2588936
1789702634	79801	5135028	201	87095	16497	154952256	1275138183	88490	2546764	2588264
1789702665	79832	5147936	201	86319	16374	155029017	1275567415	88489	2559672	2588264
1789702695	79862	5143456	201	86546	17242	155078456	1276063447	88490	2555192	2588264
1789702726	79893	5134420	201	85602	17131	155127535	1276405404	88514	2546156	2588264
1789702756	79923	5135008	201	84500	16950	155185404	1276858035	88521	2546744	2588264
1789702787	79954	5136040	201	84646	16880	155258281	1277309470	88522	2547776	2588264
1789702817	79984	5134420	201	85697	17171	155328745	1277714593	88512	2546156	2588264
1789702848	80015	5134420	201	86704	17356	155352795	1278271124	88509	2546156	2588264
1789702878	80045	5137136	201	86932	17305	155425542	1278718241	88505	2548872	2588264
1789702909	80076	5135008	201	85819	17215	155471097	1279057116	88509	2546744	2588264
1789702939	80106	5156384	201	86685	18003	155495387	1279398864	88565	2568120	2588264
1789702970	80137	5133792	201	87618	19388	155590220	1279797568	88560	2545528	2588264
1789703000	80167	5135456	201	88002	19459	155634182	1280078273	88536	2547192	2588264
1789703031	80198	5133792	201	88257	19895	155706887	1280522569	88527	2545528	2588264
1789703061	80228	5133792	201	87523	18220	155753777	1280874700	88526	2545528	2588264
1789703092	80259	5133792	201	87434	18442	155802275	1281302151	88517	2545528	2588264
1789703122	80289	5133820	201	87597	18040	155876294	1281824098	88501	2545556	2588264
1789703153	80320	5133820	201	88469	18142	155922349	1282253712	88484	2545556	2588264
1789703183	80350	5133820	201	86807	16026	155971410	1282549070	88481	2545556	2588264
1789703214	80381	5132796	201	85835	16357	156040905	1282887205	88486	2544532	2588264
1789703245	80412	5132796	201	87570	17459	156089333	1283285698	88482	2544532	2588264
1789703276	80443	5132796	201	87625	18022	156165001	1283678242	88478	2544532	2588264
1789703306	80473	5132796	201	87300	17148	156215988	1284119835	88481	2544532	2588264
1789703337	80504	5133276	201	86651	17190	156289538	1284559898	88478	2545012	2588264
1789703367	80534	5132796	201	85742	16719	156343029	1285076404	88492	2544532	2588264
1789703398	80565	5133384	201	84517	16482	156391856	1285483954	88499	2544532	2588852
1789703428	80595	5132796	201	83898	17199	156465416	1285932874	88507	2544532	2588264
1789703458	80625	5133828	201	84115	17684	156493369	1286384494	88504	2545564	2588264
1789703489	80656	5132796	201	84318	17331	156541399	1286784409	88509	2544532	2588264
1789703519	80686	5132796	201	84225	17507	156611644	1287103696	88513	2544532	2588264
1789703550	80717	5131396	201	84641	16873	156636110	1287606069	88513	2542480	2588916
1789703580	80747	5131352	201	82727	15230	156684618	1287991985	88511	2542480	2588872
1789703611	80778	5130744	201	83341	16641	156777503	1288282591	88520	2542480	2588264
1789703641	80808	5130744	201	84373	16615	156801926	1288655848	88510	2542480	2588264
1789703671	80838	5130744	201	84524	16794	156874282	1289009849	88513	2542480	2588264
1789703702	80869	5130744	201	82921	15939	156922830	1289481351	88515	2542480	2588264
1789703732	80899	5130744	201	84744	17444	156971572	1289832198	88512	2542480	2588264
1789703763	80930	5131100	201	85360	16673	157068016	1290314079	88496	2542836	2588264
1789703793	80960	5130744	201	83595	16868	157092486	1290716911	88499	2542480	2588264
1789703824	80991	5131920	201	83945	16429	157165291	1290975606	88520	2542524	2589396
1789703855	81022	5139880	201	82887	16568	157216131	1291401459	88512	2550468	2589412
1789703886	81053	5135332	201	82599	16673	157264858	1291713431	88504	2545920	2589412
1789703916	81083	5131936	201	84029	16677	157316107	1292131173	88493	2542524	2589412
1789703947	81114	5131892	201	84443	15596	157389624	1292571691	88478	2542524	2589368
1789703978	81145	5134520	201	82590	16292	157413981	1292902113	88463	2545140	2589380
1789704008	81175	5135660	201	82225	14450	157516639	1293397771	88480	2546280	2589380
1789704039	81206	5135660	201	80565	14876	157540733	1293705611	88478	2546280	2589380
1789704070	81237	5135664	201	79481	15274	157589574	1294049758	88483	2546280	2589384
1789704100	81267	5135664	201	79729	17430	157661293	1294417181	88484	2546280	2589384
1789704131	81298	5139468	201	81034	17356	157685448	1294812801	88470	2550084	2589384
1789704161	81328	5142892	201	81872	17628	157757521	1295320891	88470	2553492	2589400
1789704192	81359	5146596	201	82171	17958	157826772	1295729243	88532	2554888	2591708
1789704222	81389	5135680	201	81962	17451	157875371	1296172073	88534	2546280	2589400
1789704253	81420	5135688	201	83281	17644	157947762	1296577102	88523	2546280	2589408
1789704283	81450	5135688	201	83808	18686	157995948	1296884629	88536	2546280	2589408
1789704314	81481	5135932	201	83590	18266	158064114	1297303256	88539	2546344	2589588
1789704344	81511	5135932	201	83709	17710	158108663	1297660886	88536	2546344	2589588
1789704375	81542	5135940	201	81309	17231	158157225	1297983014	88549	2546348	2589592
1789704405	81572	5139696	201	81199	16966	158206959	1298357222	88546	2546348	2593348
1789704435	81602	5139740	201	82465	17181	158277754	1298791131	88541	2546348	2593392
1789704466	81633	5143728	201	82938	17083	158351986	1299204538	88542	2550288	2593440
1789704496	81663	5141568	201	83084	16274	158404817	1299675482	88536	2548128	2593440
1789704527	81694	5141088	201	84081	16183	158453911	1300040352	88524	2547648	2593440
1789704557	81724	5145220	201	83077	16615	158504695	1300425707	88537	2551116	2594104
1789704588	81755	5144204	201	83149	16311	158579153	1300892573	88535	2548308	2595896
1789704619	81786	5151028	201	85951	17723	158603523	1301248933	88511	2557604	2593424
1789704649	81816	5139756	201	85781	17804	158703948	1301827223	88508	2546332	2593424
1789704680	81847	5159208	201	84500	17646	158752835	1302103869	88527	2546332	2612876
1789704711	81878	5159404	201	83445	18190	158804573	1302429405	88522	2546332	2613072
1789704742	81909	5204044	201	84028	17254	158855400	1302883546	88497	2551632	2652412
1789704772	81939	5162288	201	84349	17296	158879670	1303277407	88496	2548584	2613704
1789704803	81970	5160040	201	83395	16643	158950918	1303660410	88489	2546332	2613708
1789704833	82000	5165872	201	83881	16330	158997555	1304067525	88469	2552164	2613708
1789704864	82031	5159968	201	81374	15906	159065420	1304438115	88484	2546260	2613708
1789704894	82061	5161288	201	82001	16238	159110382	1304808675	88482	2546292	2614996
1789704925	82092	5160000	201	81923	16612	159134530	1305203940	88469	2546292	2613708
1789704956	82123	5160000	201	83037	17536	159205034	1305558968	88460	2546292	2613708
1789704986	82153	5166188	201	83477	16932	159275313	1305998427	88448	2550148	2616040
1789705017	82184	5162340	201	81990	17361	159324170	1306368555	88458	2546292	2616048
1789705047	82214	5162340	201	82910	18439	159371595	1306676537	88457	2546292	2616048
1789705077	82244	5162372	201	82333	17880	159471698	1307284130	88447	2546316	2616056
1789705108	82275	5164020	201	82050	17343	159498915	1307782332	88453	2547964	2616056
1789705138	82305	5162372	201	83670	17148	159573111	1308220307	88436	2546316	2616056
1789705169	82336	5175536	201	83951	17965	159647459	1308649341	88440	2555284	2620252
1789705199	82366	5182872	201	84093	16517	159696454	1309030467	88452	2562620	2620252
1789705230	82397	5166232	201	83416	17066	159744919	1309435775	88449	2545980	2620252
1789705260	82427	5172364	201	82639	17344	159792644	1309706598	88465	2552112	2620252
1789705291	82458	5169008	201	81782	16427	159863598	1310023383	88475	2548756	2620252
1789705321	82488	5170660	201	81470	16760	159911934	1310360029	88488	2547776	2622884
1789705351	82518	5164704	201	82372	16779	159937110	1310747006	88478	2544448	2620256
1789705382	82549	5164844	201	82576	15985	160007298	1311163919	88471	2544496	2620348
1789705412	82579	5166144	201	82514	17277	160078476	1311425124	88491	2545796	2620348
1789705443	82610	5164844	201	82556	19214	160102771	1311779238	88494	2544496	2620348
1789705473	82640	5165252	201	82547	18050	160177190	1312093572	88488	2544496	2620756
1789705504	82671	5166232	201	83207	16604	160224771	1312697503	88483	2545476	2620756
1789705534	82701	5165252	201	82234	17201	160273596	1313011232	88490	2544496	2620756
1789705565	82732	5165252	201	81789	17291	160349182	1313412555	88479	2544496	2620756
1789705595	82762	5161496	201	83364	17528	160373173	1313777904	88458	2540740	2620756
1789705626	82793	5175648	201	84613	17365	160466227	1314163994	88445	2554892	2620756
1789705657	82824	5161496	201	84584	17958	160513789	1314653768	88430	2540740	2620756
1789705687	82854	5161496	201	84467	18047	160591459	1315096843	88426	2540740	2620756
1789705718	82885	5162072	201	83219	17498	160642898	1315459498	88429	2541316	2620756
1789705749	82916	5161952	201	84208	16228	160691614	1315998320	88475	2540740	2621212
1789705779	82946	5163936	201	83537	17668	160767818	1316270687	88462	2542724	2621212
1789705810	82977	5161956	201	82853	18020	160816642	1316701792	88465	2540740	2621216
1789705841	83008	5161956	201	83413	16441	160891758	1317328102	88455	2540740	2621216
1789705871	83038	5162624	201	83488	17313	160968611	1317659599	88443	2541408	2621216
1789705902	83069	5165852	201	83855	17352	161017406	1318091537	88442	2544068	2621784
1789705932	83099	5168272	201	84061	18659	161094569	1318445819	88445	2547056	2621216
1789705963	83130	5162676	201	82693	17871	161145981	1318795519	88454	2541460	2621216
1789705994	83161	5161956	201	84622	17854	161196219	1319170928	88449	2540740	2621216
1789706024	83191	5162496	201	84968	17090	161265816	1319593577	88433	2541280	2621216
1789706055	83222	5166928	201	85375	17253	161289894	1320047777	88432	2545712	2621216
1789706085	83252	5169060	201	86096	17092	161360652	1320484887	88424	2547188	2621872
1789706116	83283	5164440	201	84977	16736	161409921	1320867885	88434	2543224	2621216
1789706146	83313	5161956	201	84880	16257	161485290	1321267209	88436	2540740	2621216
1789706177	83344	5161956	201	85318	16658	161535985	1321640496	88440	2540740	2621216
1789706207	83374	5163400	201	86498	15978	161584334	1322122165	88420	2542184	2621216
1789706238	83405	5162368	201	84057	15574	161632763	1322396938	88453	2541148	2621220
1789706268	83435	5162592	201	83483	15775	161705727	1322841054	88455	2541372	2621220
1789706298	83465	5161960	201	83978	16954	161780548	1323241496	88458	2540740	2621220
1789706329	83496	5161960	201	84397	15136	161804813	1323728199	88450	2540740	2621220
1789706359	83526	5172044	201	83240	15884	161880054	1324112757	88455	2550824	2621220
1789706390	83557	5165736	201	85206	15932	161929616	1324616707	88444	2544516	2621220
1789706420	83587	5168768	201	84830	16149	162003621	1324980658	88432	2547548	2621220
1789706451	83618	5169540	201	85094	15701	162052313	1325468195	88443	2545896	2623644
1789706482	83649	5170452	201	85618	16810	162102180	1325841624	88433	2549232	2621220
1789706513	83680	5166072	201	86638	17633	162179076	1326266790	88414	2544852	2621220
1789706543	83710	5169104	201	86157	17923	162254370	1326729081	88401	2548340	2620764
1789706574	83741	5167972	201	85751	17186	162305332	1327096263	88405	2547208	2620764
1789706604	83771	5169500	201	83720	16352	162353705	1327378621	88405	2548736	2620764
1789706635	83802	5167972	201	83878	17466	162403721	1327678270	88396	2547208	2620764
1789706666	83833	5168112	201	84698	17571	162451769	1328047377	88385	2547348	2620764
1789706696	83863	5168128	201	85049	16953	162500331	1328525610	88367	2547364	2620764
1789706727	83894	5171948	201	85551	16788	162595185	1329011743	88342	2551184	2620764
1789706758	83925	5171948	201	83799	16518	162643408	1329339073	88352	2551184	2620764
1789706788	83955	5173856	201	84009	16192	162692978	1329717064	88338	2552428	2621428
1789706819	83986	5171948	201	84834	15916	162742527	1330132343	88339	2551184	2620764
1789706849	84016	5171948	201	84848	16235	162790980	1330460479	88343	2551184	2620764
1789706880	84047	5172616	201	85952	18444	162840713	1330851224	88338	2551852	2620764
1789706911	84078	5172496	201	86939	17912	162890610	1331377833	88333	2551184	2621312
1789706941	84108	5182108	201	85643	17593	162987560	1331887365	88343	2561344	2620764
1789706972	84139	5177864	201	86334	18179	163034788	1332380523	88335	2557100	2620764
1789707002	84169	5183300	201	87963	16450	163110314	1333006306	88311	2562768	2620532
1789707033	84200	5179964	201	87152	16509	163182628	1333383600	88316	2559432	2620532
1789707063	84230	5191944	201	87524	16438	163207055	1333809571	88310	2571412	2620532
1789707094	84261	5194264	201	87498	15704	163285036	1334196563	88316	2573732	2620532
1789707124	84291	5176436	201	87206	15857	163337346	1334512270	88387	2555904	2620532
1789707155	84322	5182568	201	87777	16162	163416405	1334928223	88391	2560772	2621796
1789707185	84352	5181204	201	87792	15941	163468186	1335414344	88382	2560672	2620532
1789707215	84382	5185244	201	87741	16062	163541044	1335813066	88384	2564712	2620532
1789707246	84413	5176592	201	86762	16500	163589598	1336139310	88391	2556060	2620532
1789707276	84443	5180160	201	85467	16014	163638044	1336408257	88396	2556060	2624100
1789707307	84474	5176592	201	84831	16292	163662257	1336754141	88396	2556060	2620532
1789707337	84504	5176592	201	85030	15655	163713775	1337093641	88485	2556060	2620532
1789707367	84534	5177844	201	83866	16218	163782042	1337429763	88471	2556060	2621784
1789707398	84565	5177732	201	83522	15751	163828335	1337807248	88468	2557200	2620532
1789707428	84595	5177704	201	82722	15999	163900350	1338147368	88478	2556616	2621088
1789707459	84626	5177240	201	82793	15419	163949485	1338465786	88476	2556708	2620532
1789707489	84656	5176592	201	81897	16753	163973661	1338767174	88460	2556060	2620532
1789707520	84687	5177872	201	83045	16068	164026149	1339249716	88444	2557340	2620532
1789707550	84717	5179448	201	82352	15287	164095488	1339638588	88445	2558916	2620532
1789707581	84748	5179680	201	81607	16818	164146245	1340033543	88428	2559148	2620532
1789707612	84779	5179976	201	81186	17218	164219494	1340416856	88440	2559444	2620532
1789707642	84809	5176932	201	81066	16940	164244055	1340927541	88431	2556400	2620532
1789707673	84840	5202940	201	82563	16581	164319904	1341370672	88411	2582408	2620532
1789707703	84870	5186584	201	81746	17066	164370347	1341654180	88423	2567060	2619524
1789707734	84901	5184664	201	82116	16335	164444867	1342228836	88406	2565176	2619488
1789707765	84932	5183984	201	81002	15228	164469469	1342588380	88407	2564496	2619488
1789707795	84962	5183996	201	80998	15691	164545998	1342974100	88419	2564508	2619488
1789707826	84993	5183944	201	80187	15142	164573833	1343363475	88423	2564456	2619488
1789707856	85023	5187712	201	79779	14986	164622314	1343657542	88421	2568216	2619496
1789707886	85053	5187716	201	80487	14886	164693218	1344057316	88420	2568220	2619496
1789707917	85084	5188848	201	80904	14775	164741734	1344413336	88411	2569360	2619488
1789707947	85114	5187708	201	80093	14300	164790215	1344774208	88418	2568220	2619488
1789707978	85145	5196292	201	79963	14570	164837963	1345068478	88426	2576804	2619488
1789708008	85175	5188928	201	79134	14536	164888333	1345424859	88423	2568884	2620044
1789708039	85206	5187752	201	78946	15242	164936969	1345696405	88436	2568232	2619520
1789708069	85236	5189780	201	78537	15016	165011129	1346076729	88437	2568912	2620868
1789708100	85267	5189512	201	79694	15371	165035530	1346442584	88428	2569992	2619520
1789708130	85297	5186752	201	77351	15577	165083362	1346687455	88447	2567232	2619520
1789708161	85328	5188108	201	77420	15823	165157970	1347095467	88448	2568580	2619528
1789708191	85358	5186764	201	77926	16036	165206955	1347323560	88452	2567236	2619528
1789708222	85389	5187232	201	79082	16545	165255211	1347721475	88431	2567704	2619528
1789708252	85419	5189444	201	78028	15541	165305104	1348195587	88425	2569912	2619532
1789708283	85450	5188520	201	79887	17564	165353905	1348496014	88428	2568988	2619532
1789708313	85480	5193916	201	79948	15522	165430040	1348973992	88415	2574384	2619532
1789708344	85511	5189832	201	79542	16985	165457611	1349349669	88407	2568956	2620876
1789708374	85541	5192524	201	80241	16858	165530730	1349769176	88411	2569236	2623288
1789708405	85572	5192264	201	80746	17048	165610032	1350236055	88402	2568976	2623288
1789708435	85602	5195008	201	80979	16767	165658062	1350539668	88376	2571720	2623288
1789708466	85633	5193876	201	79986	16023	165732309	1350955444	88379	2570588	2623288
1789708497	85664	5199780	201	79795	16598	165760070	1351369934	88368	2576492	2623288
1789708527	85694	5192624	201	79547	16058	165807829	1351782089	88364	2569336	2623288
1789708558	85725	5192624	201	78696	15944	165904577	1352210990	88374	2569336	2623288
1789708589	85756	5192624	201	80622	16938	165904577	1352575500	88365	2569336	2623288
1789708619	85786	5196084	201	80447	16081	166001815	1353013340	88351	2572788	2623296
1789708650	85817	5192648	201	80343	16767	166051183	1353390550	88360	2569352	2623296
1789708680	85847	5203916	201	81250	18954	166100059	1353704594	88352	2580616	2623300
1789708711	85878	5203520	201	82821	19162	166195484	1354223812	88347	2580220	2623300
1789708742	85909	5192704	201	81830	18962	166243544	1354640254	88349	2569404	2623300
1789708772	85939	5195204	201	81399	18322	166318764	1355094912	88354	2569404	2625800
1789708803	85970	5195776	201	81822	17890	166344759	1355405363	88350	2569404	2626372
1789708833	86000	5211364	201	81167	17602	166393616	1355866349	88361	2585552	2625812
1789708863	86030	5195808	201	80947	17803	166489957	1356350774	88357	2569996	2625812
1789708894	86061	5200964	201	81617	17525	166538846	1356726927	88353	2575152	2625812
1789708924	86091	5203868	201	82110	16764	166613588	1357107738	88347	2578056	2625812
1789708954	86121	5197228	201	80804	16667	166666366	1357522609	88419	2569404	2627824
1789708985	86152	5202752	201	81671	16163	166715193	1357948669	88427	2576940	2625812
1789709015	86182	5198596	201	81769	16813	166792419	1358322523	88423	2572784	2625812
1789709046	86213	5187704	201	81041	16729	166841670	1358678159	88432	2561892	2625812
1789709076	86243	5197504	201	80982	16042	166891745	1359186528	88426	2571692	2625812
1789709107	86274	5189732	201	80771	16670	166965819	1359484754	88427	2563920	2625812
1789709137	86304	5187232	201	81457	16487	167014295	1359950106	88415	2561420	2625812
1789709168	86335	5187912	201	81204	17209	167060803	1360345450	88422	2562100	2625812
1789709198	86365	5195704	201	82384	17045	167134849	1360856686	88390	2568052	2627652
1789709229	86396	5186696	201	82117	17495	167185676	1361325596	88397	2560884	2625812
1789709260	86427	5187296	201	82075	17607	167258773	1361717220	88389	2561484	2625812
1789709290	86457	5186696	201	82088	17659	167333267	1362143074	88384	2560884	2625812
1789709321	86488	5189916	201	82427	18205	167357743	1362591013	88386	2564104	2625812
1789709352	86519	5189396	201	81079	18875	167430806	1362969806	88372	2563584	2625812
1789709382	86549	5196060	201	81983	17782	167479256	1363404331	88357	2570248	2625812
1789709413	86580	5199356	201	81013	18539	167554135	1363748394	88364	2573544	2625812
1789709444	86611	5188172	201	80635	18203	167627421	1364102637	88355	2562020	2626152
1789709474	86641	5192184	201	81144	17881	167699037	1364538380	88339	2565472	2626712
1789709505	86672	5182008	201	82368	17659	167773704	1365089150	88331	2563364	2618644
1789709535	86702	5186976	201	81896	17626	167822035	1365495326	88328	2568328	2618648
1789709566	86733	5190040	201	83207	17956	167872130	1365872187	88324	2570680	2619360
1789709596	86763	5185872	201	83889	18120	167970299	1366253262	88322	2567224	2618648
1789709627	86794	5180828	201	83889	18017	168021086	1366716283	88318	2562180	2618648
1789709657	86824	5184304	201	83556	18215	168071707	1367154065	88314	2565656	2618648
1789709688	86855	5179532	201	84662	18426	168147745	1367630524	88316	2560884	2618648
1789709718	86885	5179532	201	84771	18744	168196728	1367987597	88321	2560884	2618648
1789709749	86916	5180116	201	84701	18527	168245277	1368340432	88314	2561468	2618648
1789709779	86946	5183768	201	83578	17350	168322033	1368784380	88319	2565120	2618648
1789709810	86977	5180856	201	84187	18083	168371050	1369066944	88329	2562208	2618648
1789709840	87007	5182696	201	84973	17830	168444362	1369507398	88319	2563024	2619672
1789709871	87038	5180612	201	84308	18477	168492649	1369882375	88331	2560884	2619728
1789709901	87068	5180604	201	84256	17732	168542266	1370320147	88328	2560880	2619724
1789709932	87099	5181136	201	84689	17698	168594113	1370735661	88338	2561428	2619708
1789709962	87129	5191720	201	85892	17896	168666357	1371307217	88312	2562172	2629548
1789709993	87160	5182920	201	85110	17441	168738054	1371797560	88322	2560856	2622064
1789710024	87191	5187056	201	85682	18108	168785804	1372136268	88309	2564992	2622064
1789710054	87221	5184340	201	86219	17325	168857301	1372562183	88296	2561868	2622472
1789710085	87252	5190964	201	85781	17849	168931340	1372956064	88317	2564536	2626428
1789710115	87282	5192656	201	86436	18281	168958214	1373399937	88291	2570184	2622472
1789710146	87313	5189896	201	86885	18068	169028658	1373766837	88277	2567424	2622472
1789710176	87343	5200220	201	87140	17834	169103638	1374195883	88277	2577680	2622540
1789710207	87374	5197080	201	86630	18148	169151948	1374580827	88269	2574540	2622540
1789710238	87405	5189604	201	85935	17304	169204085	1375018217	88252	2567064	2622540
1789710268	87435	5212420	201	85350	17450	169280375	1375362850	88259	2589880	2622540
1789710299	87466	5193512	201	84809	17280	169355939	1375830458	88255	2570972	2622540
1789710330	87497	5191928	201	83624	16393	169407514	1376146032	88257	2569388	2622540
1789710360	87527	5199152	201	84044	16557	169456231	1376556863	88252	2576612	2622540
1789710391	87558	5192444	201	83533	16370	169502777	1377009750	88250	2569904	2622540
1789710422	87589	5196424	201	83619	16108	169578399	1377526824	88249	2573884	2622540
1789710452	87619	5205976	201	84153	16464	169653995	1377894150	88297	2583436	2622540
1789710483	87650	5193428	201	84468	16742	169703613	1378327322	88298	2570604	2622824
1789710513	87680	5203004	201	83920	16906	169778095	1378757136	88304	2580180	2622824
1789710544	87711	5204156	201	83814	17933	169850734	1379106514	88308	2581332	2622824
1789710574	87741	5201620	201	84838	16959	169900091	1379611904	88310	2578796	2622824
1789710605	87772	5205844	201	85703	18455	169950104	1379956118	88297	2581160	2624684
1789710636	87803	5219292	201	85418	16815	169999994	1380548235	88298	2585836	2633456
1789710666	87833	5200768	201	84786	18201	170048819	1380784190	88313	2570784	2629984
1789710696	87863	5208912	201	84842	17235	170123522	1381185517	88314	2579016	2629896
1789710727	87894	5202144	201	83530	17270	170196799	1381513165	88331	2571648	2630496
1789710757	87924	5200140	201	83786	17141	170223297	1381922849	88332	2569016	2631124
1789710788	87955	5208940	201	86937	17453	170271157	1382317346	88301	2579028	2629912
1789710818	87985	5201888	201	87634	17683	170343238	1382732589	88296	2571976	2629912
1789710849	88016	5210392	201	87120	17023	170393504	1383063732	88296	2579188	2631204
1789710879	88046	5200512	201	85909	16911	170443488	1383461918	88299	2569596	2630916
1789710910	88077	5209872	201	87055	17253	170492396	1383853580	88292	2578952	2630920
1789710940	88107	5199936	201	85862	17222	170567845	1384356647	88297	2569016	2630920
1789710971	88138	5223456	201	87521	15741	170640672	1384778541	88281	2592536	2630920
1789711001	88168	5204812	201	86165	16811	170717260	1385150096	88273	2573892	2630920
1789711032	88199	5208812	201	86625	16234	170765729	1385603575	88274	2577892	2630920
1789711063	88230	5205172	201	86445	16465	170842748	1386013250	88266	2574252	2630920
1789711093	88260	5201952	201	84880	16300	170893210	1386375153	88262	2571032	2630920
1789711124	88291	5203832	201	86297	17531	170941900	1386642669	88259	2572912	2630920
1789711155	88322	5204444	201	86833	18036	170990648	1387035273	88235	2573524	2630920
1789711185	88352	5203832	201	86437	17423	171036050	1387451347	88232	2572912	2630920
1789711216	88383	5219456	201	86570	18280	171084492	1387884092	88289	2587216	2632240
1789711247	88414	5207028	201	86243	17780	171159723	1388423724	88282	2576108	2630920
1789711278	88445	5220992	201	86971	17970	171232293	1388806967	88265	2590072	2630920
1789711308	88475	5211796	201	86935	18162	171309499	1389233425	88268	2580336	2631460
1789711339	88506	5204460	201	86023	19197	171357826	1389566699	88278	2572916	2631544
1789711369	88536	5220992	201	88475	19450	171410847	1389991413	88257	2589460	2631532
1789711400	88567	5222804	201	88035	18291	171473364	1390362676	88254	2591328	2631476
1789711431	88598	5229400	201	87408	18835	171537636	1390720209	88258	2595396	2634004
1789711461	88628	5249220	201	86937	17506	171595472	1390964891	88267	2590360	2658860
1789711492	88659	5249328	201	85601	16932	171652287	1391317724	88037	2591676	2657652
1789711522	88689	5250460	201	86357	16232	171727445	1391650489	88265	2591868	2658592
1789711553	88720	5247944	201	87789	16887	171800791	1392116577	88256	2589420	2658524
1789711583	88750	5284696	201	86334	15241	171849807	1392558159	88259	2626704	2657992
1789711614	88781	5247972	201	86841	16040	171877031	1393059603	88263	2589980	2657992
1789711644	88811	5246376	201	87176	16801	171951807	1393534129	88261	2589408	2656968
1789711675	88842	5245808	201	86318	16481	172027697	1393951411	88260	2588840	2656968
1789711705	88872	5246352	201	88242	17761	172051668	1394332707	88253	2589384	2656968
1789711735	88902	5245808	201	88795	18185	172128548	1394796878	88249	2588840	2656968
1789711766	88933	5245364	201	87655	16982	172204220	1395214090	88252	2589420	2655944
1789711796	88963	5252864	201	88049	17153	172254085	1395538371	88250	2595696	2657168
1789711827	88994	5253112	201	88840	18633	172304106	1395897175	88255	2597168	2655944
1789711858	89025	5253588	201	87931	17944	172328160	1396372595	88248	2597644	2655944
1789711889	89056	5242768	201	88277	18510	172426573	1396814466	88246	2586824	2655944
1789711919	89086	5255820	201	89687	17963	172473350	1397259425	88230	2599864	2655956
1789711950	89117	5253852	201	89241	18029	172545633	1397594144	88219	2597896	2655956
1789711980	89147	5255456	201	87237	17229	172600340	1397968398	88228	2598828	2656628
1789712011	89178	5242780	201	84008	18357	172673096	1398364943	88302	2586824	2655956
1789712042	89209	5255528	201	85971	18790	172735451	1398681358	88285	2599572	2655956
1789712073	89240	5256348	201	85942	17203	172782948	1399032465	88291	2600392	2655956
1789712103	89270	5255488	201	85143	18070	172859985	1399379391	88302	2600536	2654952
1789712134	89301	5253576	201	84186	17419	172906973	1399708519	88296	2598520	2655056
1789712164	89331	5254196	201	83431	16208	172963654	1399989465	88291	2599140	2655056
1789712195	89362	5252996	201	83281	16004	173029107	1400381680	88292	2597940	2655056
1789712225	89392	5252996	201	84742	15877	173101354	1400877763	88280	2597940	2655056
1789712256	89423	5261288	201	84483	16228	173151694	1401305859	88288	2606232	2655056
1789712287	89454	5256756	201	83602	16127	173200029	1401703164	88292	2597940	2658816
1789712317	89484	5256356	201	84347	16373	173249445	1402084722	88286	2597540	2658816
1789712348	89515	5256328	201	83824	16835	173301120	1402494082	88293	2597512	2658816
1789712379	89546	5255920	201	84672	17194	173374202	1402800838	88289	2597104	2658816
1789712409	89576	5258616	201	85126	17434	173449241	1403280993	88280	2599900	2658716
1789712440	89607	5256052	201	85101	17360	173498273	1403698251	88280	2597336	2658716
1789712470	89637	5255284	201	84484	17170	173550347	1404124484	88280	2596564	2658720
1789712501	89668	5267948	201	84330	16628	173601005	1404492165	88287	2609228	2658720
1789712531	89698	5261808	201	84239	16377	173676512	1404947213	88291	2603088	2658720
1789712562	89729	5269884	201	84813	16373	173724097	1405397150	88283	2611164	2658720
1789712592	89759	5255348	201	85764	17940	173773218	1405717875	88293	2596628	2658720
1789712623	89790	5271136	201	85582	16329	173848412	1406052462	88284	2611700	2659436
1789712653	89820	5254668	201	83350	17000	173875468	1406323731	88311	2595948	2658720
1789712683	89850	5253660	201	82206	15913	173923597	1406667042	88317	2594940	2658720
1789712714	89881	5253596	201	82724	16888	173997016	1406983412	88312	2594940	2658656
1789712745	89912	5259592	201	83478	17331	174046183	1407425876	88303	2600920	2658672
1789712775	89942	5255660	201	83910	16644	174118719	1407811735	88289	2596988	2658672
1789712806	89973	5259632	201	82679	15441	174166706	1408111592	88284	2601956	2657676
1789712836	90003	5258320	201	80430	15227	174240157	1408497121	88297	2600644	2657676
1789712867	90034	5253112	201	81033	16018	174290549	1408922001	88281	2595436	2657676
1789712897	90064	5255636	201	81366	15790	174338781	1409390773	88261	2597956	2657680
1789712928	90095	5271792	201	82012	16453	174387144	1409803596	88265	2614108	2657684
1789712959	90126	5251616	201	81636	16996	174464559	1410211114	88256	2593932	2657684
1789712989	90156	5252180	201	82370	16696	174512877	1410655599	88237	2594496	2657684
1789713020	90187	5250628	201	84787	17303	174585925	1411125903	88211	2593948	2656680
1789713051	90218	5250628	201	85092	17101	174638505	1411514489	88209	2593948	2656680
1789713081	90248	5252316	201	85135	17103	174711699	1411912925	88198	2595636	2656680
1789713112	90279	5250628	201	85648	17496	174786698	1412394014	88187	2593948	2656680
1789713142	90309	5250628	201	85344	17773	174810992	1412704770	88206	2593948	2656680
1789713173	90340	5250628	201	84659	18042	174884318	1413147800	88193	2593948	2656680
1789713203	90370	5261628	201	85111	18217	174937141	1413433423	88196	2604948	2656680
1789713233	90400	5251904	201	84822	17977	175009431	1413757827	88198	2595220	2656684
1789713264	90431	5252580	201	84752	16577	175061250	1414114927	88197	2595896	2656684
1789713294	90461	5261816	201	85368	16683	175109858	1414535524	87963	2605256	2656560
1789713325	90492	5258252	201	84999	16612	175182803	1414981149	88194	2601036	2657216
1789713355	90522	5254808	201	85142	16370	175233032	1415347160	88192	2598152	2656656
1789713386	90553	5268932	201	86680	16720	175280957	1415704400	88184	2612276	2656656
1789713416	90583	5251888	201	85688	16993	175331740	1415999288	88193	2595232	2656656
1789713447	90614	5261596	201	86715	15930	175379373	1416499037	88183	2604940	2656656
1789713477	90644	5261576	201	87287	16961	175451936	1416824051	88180	2604920	2656656
1789713508	90675	5264340	201	86804	17044	175524961	1417335147	88183	2607684	2656656
1789713538	90705	5251624	201	86077	17109	175573621	1417739316	88185	2594968	2656656
1789713568	90735	5252116	201	86393	16264	175627532	1418110307	88179	2595460	2656656
1789713599	90766	5254144	201	85830	17512	175678654	1418452661	88244	2597488	2656656
1789713629	90796	5250592	201	84325	17739	175726935	1418842489	88258	2593936	2656656
1789713660	90827	5250592	201	84562	17801	175798720	1419209793	88246	2593936	2656656
1789713690	90857	5251284	201	84706	17175	175823009	1419545368	88271	2594628	2656656
1789713721	90888	5251688	201	83915	17522	175871862	1419911559	88257	2595032	2656656
1789713751	90918	5251172	201	84614	18134	175945406	1420295655	88251	2594516	2656656
1789713782	90949	5250596	201	83519	18257	175970164	1420623448	88246	2593936	2656660
1789713812	90979	5256572	201	83897	18101	176040359	1421087134	88239	2599896	2656676
1789713843	91010	5257672	201	84194	17549	176112903	1421426758	88227	2600988	2656684
1789713873	91040	5256300	201	84627	17637	176160852	1421797444	88224	2599616	2656684
1789713904	91071	5262008	201	83064	16409	176212447	1422125259	88226	2604680	2657328
1789713935	91102	5261356	201	83801	16423	176267342	1422498299	88213	2604672	2656684
1789713965	91132	5254332	201	82422	15807	176341017	1422889184	88219	2597648	2656684
1789713996	91163	5253316	201	81355	16771	176365267	1423154368	88234	2596632	2656684
1789714027	91194	5252296	201	81809	16219	176415265	1423503678	88227	2595612	2656684
1789714057	91224	5251888	201	80739	16082	176487459	1423835040	88234	2595204	2656684
1789714088	91255	5261752	201	81849	16285	176536734	1424281887	88226	2603816	2657936
1789714118	91285	5254512	201	81105	15925	176609790	1424704285	88228	2597828	2656684
1789714148	91315	5252904	201	80738	16708	176661593	1425139305	88232	2596192	2656712
1789714179	91346	5264956	201	81512	16305	176711495	1425600805	88225	2608244	2656712
1789714209	91376	5251396	201	80127	17285	176760536	1425943974	88244	2594616	2656780
1789714240	91407	5268600	201	80529	16402	176837492	1426494698	88234	2611756	2656844
1789714270	91437	5251460	201	81467	17139	176885776	1426962458	88236	2594616	2656844
1789714301	91468	5257300	201	81596	16783	176951258	1427430030	88238	2600456	2656844
1789714331	91498	5260932	201	81008	16362	176998550	1427927317	88233	2604088	2656844
1789714362	91529	5253108	201	79448	16545	177074960	1428245772	88259	2596264	2656844
1789714392	91559	5253388	201	81078	17135	177099350	1428572433	88248	2596544	2656844
1789714422	91589	5256488	201	80498	16722	177148439	1429053790	88249	2599620	2656868
1789714453	91620	5255612	201	82647	18886	177221443	1429420306	88246	2598744	2656868
1789714483	91650	5264120	201	82349	18011	177295055	1429890540	88227	2607252	2656868
1789714514	91681	5260768	201	81710	15919	177343482	1430318648	88227	2603900	2656868
1789714545	91712	5257160	201	80410	16725	177448030	1430737991	88236	2600292	2656868
1789714575	91742	5260788	201	80759	17524	177472402	1431003498	88232	2603920	2656868
1789714606	91773	5252012	201	81025	18005	177524271	1431329131	88215	2595136	2656876
1789714636	91803	5290272	201	81231	17091	177598401	1431677425	88213	2600608	2689664
1789714667	91834	5261656	201	80664	17251	177622707	1432022878	88211	2604752	2656904
1789714698	91865	5253176	201	80318	16148	177697291	1432570521	88194	2596272	2656904
1789714728	91895	5255900	201	80234	16541	177769722	1432928739	88189	2598980	2656920
1789714759	91926	5279604	201	80695	16375	177822044	1433400754	88192	2622684	2656920
1789714790	91957	5256772	201	79918	17136	177870851	1433780655	88195	2599852	2656920
1789714820	91987	5267364	201	78813	16289	177945690	1434268203	88186	2610444	2656920
1789714851	92018	5257756	201	77457	16056	177996637	1434645081	88204	2600836	2656920
1789714881	92048	5266344	201	75257	15981	178048901	1435034575	88217	2609332	2657012
1789714912	92079	5273844	201	76967	16530	178097033	1435460708	88208	2616832	2657012
1789714943	92110	5271776	201	77316	17164	178170186	1435891166	88211	2614764	2657012
1789714973	92140	5280276	201	76658	17035	178214722	1436291476	88213	2619712	2660564
1789715004	92171	5261420	201	77700	17223	178289069	1436760632	88205	2604408	2657012
1789715034	92201	5264844	201	76799	17368	178340401	1437125638	88221	2607824	2657020
1789715064	92231	5262832	201	77150	17246	178416582	1437522479	88213	2605812	2657020
1789715095	92262	5263264	201	77111	17455	178492438	1437879410	88220	2606252	2657012
1789715125	92292	5280112	201	77289	17419	178516067	1438200836	88216	2623100	2657012
1789715156	92323	5269356	201	77615	17686	178588805	1438669333	88337	2612344	2657012
1789715186	92353	5281628	201	78287	17178	178640716	1439030182	88324	2624616	2657012
1789715217	92384	5262724	201	78495	16535	178716780	1439471218	88321	2605712	2657012
1789715247	92414	5274464	201	78543	16387	178741003	1439747068	88323	2617452	2657012
1789715278	92445	5262236	201	77793	16970	178814637	1440119945	88325	2605224	2657012
1789715308	92475	5268236	201	76629	16134	178891721	1440545422	88327	2611224	2657012
1789715338	92505	5269392	201	76792	16207	178941590	1440910585	88324	2612380	2657012
1789715369	92536	5264668	201	75288	15767	178990312	1441168590	88331	2607656	2657012
1789715399	92566	5270688	201	75274	16001	179040983	1441648678	88331	2613676	2657012
1789715430	92597	5262164	201	74981	15859	179092599	1442071559	88321	2605152	2657012
1789715460	92627	5266952	201	75607	16483	179141596	1442384845	88307	2609940	2657012
1789715491	92658	5275920	201	76162	16835	179218011	1442887267	88304	2618908	2657012
1789715521	92688	5273624	201	77063	16716	179242339	1443289888	88291	2616612	2657012
1789715552	92719	5275916	201	77195	16375	179336651	1443623893	88276	2618856	2657060
1789715583	92750	5262636	201	77737	16221	179386701	1444059669	88260	2605576	2657060
1789715613	92780	5276504	201	77722	16708	179460840	1444406717	88260	2619444	2657060
1789715644	92811	5266780	201	78229	16498	179536039	1444812779	88248	2608128	2658652
1789715675	92842	5276688	201	77625	16455	179584809	1445205206	88248	2618036	2658652
1789715705	92872	5277708	201	78057	16402	179634459	1445536375	88242	2618616	2659092
1789715736	92903	5277840	201	77745	16713	179685428	1445945962	88245	2618180	2659660
1789715767	92934	5277732	201	77547	16491	179761183	1446267860	88228	2618640	2659092
1789715797	92964	5263320	201	78231	16767	179810520	1446668280	88240	2604228	2659092
1789715828	92995	5276832	201	78417	17914	179859035	1447052991	88240	2617740	2659092
1789715858	93025	5271148	201	78898	17400	179933887	1447411635	88235	2612056	2659092
1789715889	93056	5277512	201	78673	16926	179983818	1447830607	88237	2618420	2659092
1789715919	93086	5273800	201	78594	17478	180032698	1448186428	88241	2614100	2659700
1789715949	93116	5272156	201	78283	17238	180087683	1448585932	88245	2613064	2659092
1789715980	93147	5270152	201	78129	16334	180138246	1448978825	88248	2611060	2659092
1789716011	93178	5270116	201	77842	16504	180212490	1449320861	88248	2611060	2659056
1789716041	93208	5277692	201	77918	15588	180289867	1449704428	88251	2618628	2659064
1789716071	93238	5278084	201	78098	16653	180338582	1450080163	88250	2618792	2659292
1789716102	93269	5285696	201	77831	15752	180387793	1450663895	88251	2623572	2662124
1789716132	93299	5282076	201	77554	17670	180436043	1451072217	88258	2611640	2670436
1789716163	93330	5282224	201	78733	17629	180506403	1451449683	88257	2611060	2671164
1789716193	93360	5282636	201	77521	17075	180554804	1451753124	88250	2611472	2671164
1789716224	93391	5292756	201	79962	18444	180604980	1452172972	88240	2611060	2681696
1789716255	93422	5307492	201	77507	16489	180680003	1452522933	88246	2617400	2690092
1789716285	93452	5310800	201	79878	18331	180728571	1452848129	88238	2612652	2698148
1789716316	93483	5333988	201	79042	16599	180806272	1453305749	88228	2632084	2701904
1789716346	93513	5319240	201	79803	16230	180855028	1453559905	88232	2618344	2700896
1789716377	93544	5336688	201	81355	15657	180929554	1453950040	88198	2631652	2705036
1789716408	93575	5320156	201	79788	16037	180953842	1454305744	88195	2615160	2704996
1789716438	93605	5320156	201	80134	15500	181002752	1454559006	88194	2615160	2704996
1789716469	93636	5324732	201	79727	16245	181079594	1454949079	88182	2619708	2705024
1789716499	93666	5366380	201	80064	16459	181128485	1455270182	88171	2622944	2743436
1789716530	93697	5318308	201	80263	16109	181176978	1455649914	88173	2613284	2705024
1789716561	93728	5323656	201	79002	15624	181229673	1456063674	88172	2617860	2705796
1789716591	93758	5318784	201	79212	16572	181303059	1456382771	88168	2617860	2700924
1789716622	93789	5318136	201	78606	17074	181356711	1456879963	88170	2617860	2700276
1789716653	93820	5320388	201	78986	17383	181407857	1457324327	88176	2620112	2700276
1789716683	93850	5318136	201	79524	16764	181456512	1457827143	88167	2617860	2700276
1789716714	93881	5318136	201	79629	16599	181531587	1458213748	88238	2617860	2700276
1789716744	93911	5318136	201	79749	16750	181580147	1458585489	88238	2617860	2700276
1789716775	93942	5324184	201	80087	16870	181654433	1458950243	88245	2623908	2700276
1789716806	93973	5318980	201	79649	18474	181680778	1459269764	88243	2617860	2701120
1789716836	94003	5319112	201	80005	18457	181753826	1459704217	88241	2617860	2701252
1789716867	94034	5318516	201	80248	18712	181826331	1460040483	88240	2617860	2700656
1789716897	94064	5325440	201	79756	17550	181874809	1460445634	88239	2624860	2700580
1789716928	94095	5318776	201	79240	17662	181923466	1460890305	88254	2618156	2700620
1789716958	94125	5319616	201	78607	17096	181977460	1461120944	88258	2618384	2701232
1789716989	94156	5318424	201	78996	16010	182026021	1461393283	88256	2617804	2700620
1789717019	94186	5322512	201	77926	16281	182126591	1461835957	88256	2621892	2700620
1789717049	94216	5327092	201	77813	15727	182175496	1462307664	88253	2625192	2701900
1789717080	94247	5324280	201	78194	15968	182224392	1462634433	88247	2623648	2700632
1789717110	94277	5324820	201	77959	15913	182281225	1462949727	88248	2624188	2700632
1789717141	94308	5327132	201	78855	16298	182330239	1463563313	88241	2626500	2700632
1789717171	94338	5313112	201	77791	16235	182434776	1464296750	88237	2612480	2700632
1789717202	94369	5313720	201	77501	15659	182459079	1464943890	88250	2612480	2701240
1789717232	94399	5321956	201	75954	16083	182532126	1465402554	88250	2621324	2700632
1789717263	94430	5321064	201	77523	17745	182584541	1465757712	88238	2620432	2700632
1789717293	94460	5323396	201	77365	17328	182633451	1466157779	88236	2622764	2700632
1789717324	94491	5311072	201	77383	17564	182705337	1466569862	88233	2608732	2702340
1789717355	94522	5309944	201	77771	17736	182754719	1466913594	88217	2609312	2700632
1789717385	94552	5312044	201	77857	16962	182827732	1467363725	88202	2609312	2702732
1789717416	94583	5316232	201	78604	17077	182906423	1467734864	88203	2615000	2701232
1789717447	94614	5314436	201	79193	17827	182955132	1468181208	88193	2613804	2700632
1789717477	94644	5311280	201	78585	17748	183031942	1468514081	88182	2610648	2700632
1789717508	94675	5311280	201	79384	18027	183056191	1468839855	88179	2610648	2700632
1789717539	94706	5315384	201	78075	16971	183104370	1469219479	88174	2612932	2702452
1789717569	94736	5322648	201	79002	16858	183205831	1469872392	88165	2620804	2701844
1789717600	94767	5331244	201	77947	16775	183254412	1470231311	88164	2630612	2700632
1789717630	94797	5316836	201	79573	18131	183331393	1470606033	88158	2623716	2693120
1789717661	94828	5305688	201	78042	16726	183380144	1471016462	88161	2612568	2693120
1789717691	94858	5307968	201	78844	16733	183457432	1471383210	88160	2614848	2693120
1789717722	94889	5316800	201	78379	17304	183485722	1471713532	88163	2623680	2693120
1789717753	94920	5307492	201	78648	16808	183534501	1472080924	88160	2614372	2693120
1789717783	94950	5320480	201	79299	16586	183610408	1472609285	88165	2627360	2693120
1789717814	94981	5302052	201	78165	17564	183660996	1473246086	88182	2610012	2692040
1789717845	95012	5304944	201	77616	17164	183710167	1473633879	88178	2613912	2691032
1789717875	95042	5301044	201	78238	16532	183760337	1474119249	88171	2610012	2691032
1789717906	95073	5321212	201	78112	15269	183810178	1474451658	88173	2630180	2691032
1789717936	95103	5315004	201	78011	15804	183882886	1474764648	88161	2623972	2691032
1789717966	95133	5301584	201	76547	14693	183939174	1475079204	88181	2610592	2690992
1789717997	95164	5326116	201	77738	15616	183988268	1475488089	88172	2634548	2691568
1789718027	95194	5301024	201	77255	16822	184062356	1475909338	88163	2610012	2691012
1789718058	95225	5318160	201	78195	15693	184113491	1476374769	88160	2626480	2691680
1789718088	95255	5304068	201	78846	16227	184162284	1476637152	88148	2613056	2691012
1789718119	95286	5315300	201	79664	16676	184235053	1477094918	88133	2624288	2691012
1789718149	95316	5310332	201	78664	17391	184283657	1477505518	88139	2616800	2693532
1789718180	95347	5313340	201	79203	16903	184332120	1477902080	88128	2622320	2691020
1789718211	95378	5307776	201	79739	17744	184406254	1478355091	88116	2616752	2691024
1789718241	95408	5336852	201	80014	17173	184454797	1478783227	88102	2645828	2691024
1789718272	95439	5313040	201	80606	16074	184533931	1479167678	88101	2623020	2690020
1789718302	95469	5325288	201	80476	15918	184582438	1479628577	88149	2635268	2690020
1789718333	95500	5302532	201	80554	17096	184660374	1480029528	88144	2612512	2690020
1789718363	95530	5306548	201	79771	16470	184688966	1480327737	88149	2616528	2690020
1789718394	95561	5301952	201	80252	16337	184786705	1480849137	88137	2611932	2690020
1789718425	95592	5303300	201	80441	16650	184844988	1481245218	88133	2612592	2690708
1789718455	95622	5308328	201	80425	17282	184893826	1481717671	88138	2618308	2690020
1789718486	95653	5302616	201	79526	16489	184967646	1482060664	88132	2612596	2690020
1789718516	95683	5303268	201	79929	16796	184993556	1482377581	88128	2612596	2690672
1789718547	95714	5303940	201	79717	17261	185066643	1482767092	88131	2613840	2690100
1789718577	95744	5310916	201	79535	16962	185146764	1483258435	88130	2620816	2690100
1789718608	95775	5303920	201	78710	16405	185171170	1483621449	88137	2613820	2690100
1789718638	95805	5304732	201	78170	16379	185243364	1483970902	88148	2612788	2691944
1789718668	95835	5312668	201	77711	16529	185295538	1484228021	88166	2622568	2690100
1789718699	95866	5303336	201	77796	17749	185344243	1484600943	88165	2612752	2690584
1789718730	95897	5304056	201	77034	17062	185393233	1484969822	88172	2614016	2690040
1789718760	95927	5313596	201	77136	16573	185461756	1485389596	88171	2623556	2690040
1789718790	95957	5313984	201	78939	16335	185510016	1485894419	88157	2622632	2691352
1789718821	95988	5313668	201	78869	16771	185585322	1486354625	88152	2622972	2690696
1789718851	96018	5303552	201	78772	16813	185634520	1486692080	88153	2613512	2690040
1789718882	96049	5312628	201	78717	16921	185709919	1487059045	88146	2622588	2690040
1789718912	96079	5303684	201	79395	17262	185763058	1487603552	88145	2613644	2690040
1789718942	96109	5302976	201	78872	17202	185836489	1488016354	88145	2612932	2690044
1789718973	96140	5315804	201	78843	16758	185889974	1488243930	88134	2625760	2690044
1789719004	96171	5309208	201	78755	15894	185938556	1488791112	88127	2619092	2690116
1789719034	96201	5308956	201	79174	16889	185987243	1489071315	88132	2618840	2690116
1789719065	96232	5312816	201	78992	17524	186067381	1489485957	88123	2622700	2690116
1789719095	96262	5303680	201	78905	17766	186115851	1489948613	88114	2612984	2690696
1789719126	96293	5317304	201	78523	17054	186193197	1490305998	88113	2627188	2690116
1789719157	96324	5307468	201	79490	17235	186241507	1490675537	88095	2617352	2690116
1789719188	96355	5310908	201	78773	17353	186314824	1491128009	88090	2620792	2690116
1789719218	96385	5320888	201	79218	16951	186342288	1491516240	88087	2630772	2690116
1789719249	96416	5315756	201	79048	17219	186414839	1491861480	88080	2625060	2690696
1789719279	96446	5319220	201	78793	16716	186465234	1492267036	88138	2629104	2690116
1789719310	96477	5316336	201	79076	16231	186514307	1492682787	88138	2626220	2690116
1789719340	96507	5307136	201	76514	16616	186563090	1493080445	88150	2616476	2690660
1789719371	96538	5304924	201	78448	16505	186636031	1493481884	88158	2614808	2690116
1789719402	96569	5310080	201	77813	17196	186708752	1493924856	88153	2619964	2690116
1789719432	96599	5310116	201	77394	15973	186781943	1494420577	88146	2617656	2692460
1789719463	96630	5313620	201	78854	16869	186830787	1494794379	88138	2623504	2690116
1789719493	96660	5316840	201	79240	16388	186879751	1495189776	88140	2626724	2690116
1789719523	96690	5319576	201	79130	17269	186933481	1495504737	88144	2628792	2690784
1789719554	96721	5318116	201	79977	17474	187006677	1495947178	88136	2628064	2690052
1789719584	96751	5329256	201	79058	17519	187088363	1496305938	88144	2639204	2690052
1789719615	96782	5307492	201	79782	17740	187137513	1496598107	88143	2618060	2689432
1789719645	96812	5306912	201	78887	17635	187186092	1496972706	88144	2617480	2689432
1789719676	96843	5317848	201	78522	17127	187241468	1497280310	88155	2628416	2689432
1789719706	96873	5315332	201	78662	16307	187289836	1497644376	88160	2625900	2689432
1789719737	96904	5306332	201	76955	17274	187338256	1497942075	88170	2616900	2689432
1789719767	96934	5318320	201	78095	16576	187396678	1498310325	88165	2628888	2689432
1789719797	96964	5313260	201	78602	15597	187445384	1498886394	88159	2622516	2690744
1789719828	96995	5322484	201	77798	15725	187544352	1499210276	88152	2631800	2690684
1789719858	97025	5313140	201	77973	15891	187568551	1499629220	88149	2621564	2691576
1789719888	97055	5315340	201	79329	15666	187641258	1500054347	88129	2625864	2689476
1789719919	97086	5311644	201	79193	15999	187691414	1500494067	88189	2621568	2690076
1789719949	97116	5312120	201	80368	16104	187715755	1500886334	88171	2622644	2689476
1789719980	97147	5313076	201	80889	16318	187788385	1501339293	88168	2623600	2689476
1789720010	97177	5318364	201	79841	15064	187862851	1501712029	88152	2628888	2689476
1789720041	97208	5316020	201	81233	16463	187911437	1502094122	88148	2626008	2690012
1789720071	97238	5316992	201	82052	15627	187986137	1502471928	88119	2627516	2689476
1789720102	97269	5310928	201	82444	17136	188034356	1502743469	88115	2621452	2689476
1789720133	97300	5319232	201	81644	16820	188083090	1503259586	88108	2628964	2690268
1789720163	97330	5315472	201	81694	16911	188138021	1503524593	88111	2625912	2689560
1789720194	97361	5318296	201	79882	16316	188186869	1503975149	88113	2628736	2689560
1789720225	97392	5326196	201	81192	16714	188292622	1504351252	88098	2636636	2689560
1789720255	97422	5333276	201	81511	16574	188317225	1504771449	88094	2643716	2689560
1789720286	97453	5334856	201	81549	16789	188390040	1505140109	88086	2645296	2689560
1789720316	97483	5334036	201	82237	16857	188443222	1505577744	88073	2640720	2693316
1789720347	97514	5335376	201	81976	17280	188516592	1505928442	88077	2642060	2693316
1789720377	97544	5345196	201	82310	16589	188596303	1506421803	88086	2651880	2693316
1789720408	97575	5326004	201	81320	16593	188643820	1506900478	88088	2631360	2694644
1789720439	97606	5344020	201	88646	16203	188691931	1507321863	88020	2650704	2693316
1789720469	97636	5324928	201	87039	15845	188742524	1507722963	88031	2631612	2693316
1789720500	97667	5323852	201	88016	15801	188790676	1508053529	88025	2630660	2693192
1789720530	97697	5333272	201	87416	16478	188839251	1508498060	88049	2640080	2693192
1789720561	97728	5336960	201	86323	16792	188887060	1509036719	88051	2641528	2695432
1789720591	97758	5335192	201	87112	15014	188936024	1509430690	88038	2642000	2693192
1789720621	97788	5336860	201	86087	15979	189004376	1509815927	88040	2642512	2694348
1789720652	97819	5339280	201	87242	15115	189022663	1510318647	88025	2646080	2693200
1789720682	97849	5340652	201	87835	15951	189095611	1510597411	88025	2647452	2693200
1789720713	97880	5354456	201	88275	16323	189146804	1511003929	88023	2656896	2697560
1789720743	97910	5342612	201	88908	16895	189220883	1511323959	88020	2645656	2696956
1789720774	97941	5350816	201	88536	16396	189296664	1511815548	88006	2653864	2696952
1789720805	97972	5347640	201	88097	16499	189327582	1512161260	88016	2650692	2696948
1789720835	98002	5350976	201	88912	16261	189425376	1512619272	88007	2654028	2696948
1789720866	98033	5343136	201	87597	17267	189478612	1513021022	88008	2641116	2702020
1789720897	98064	5342652	201	87948	17726	189527297	1513356486	88001	2645704	2696948
1789720928	98095	5337408	201	87587	15760	189604378	1513828457	87986	2640460	2696948
1789720958	98125	5345320	201	86852	15981	189633972	1514182909	87990	2647816	2697504
1789720989	98156	5346724	201	86715	16287	189706209	1514638364	87972	2649776	2696948
1789721020	98187	5341168	201	85552	16609	189754722	1515018629	87997	2644220	2696948
1789721050	98217	5341168	201	87721	17084	189803234	1515374796	87962	2644220	2696948
1789721081	98248	5356028	201	87083	17711	189866897	1515668353	87966	2644224	2711804
1789721111	98278	5358396	201	85376	16893	189891200	1515927892	87988	2646592	2711804
1789721142	98309	5382432	201	83118	13958	189952454	1516167667	87989	2666208	2716224
1789721172	98339	5377436	201	81071	12900	190009521	1516524362	87985	2665632	2711804
1789721203	98370	5387464	201	78121	13030	190058307	1516855914	88019	2675660	2711804
1789721233	98400	5376648	201	79762	13901	190098762	1517229984	88019	2664844	2711804
1789721264	98431	5376648	201	79615	14024	190147932	1517617464	88027	2664844	2711804
1789721294	98461	5378276	201	80407	14318	190218998	1517936712	88022	2666472	2711804
1789721325	98492	5373640	201	80995	14920	190259187	1518208899	88017	2661836	2711804
1789721356	98523	5375452	201	80360	14508	190324336	1518574522	88013	2663636	2711816
1789721386	98553	5374864	201	81193	15295	190372656	1518917449	88016	2663048	2711816
1789721417	98584	5372464	201	81043	15925	190425150	1519199897	88021	2660744	2711720
1789721448	98615	5372468	201	79946	15079	190496067	1519484055	88029	2660744	2711724
1789721478	98645	5378184	201	79016	15312	190572206	1519887904	88031	2666460	2711724
1789721508	98675	5371512	201	78455	15180	190596655	1520281219	88022	2660796	2710716
1789721539	98706	5371564	201	78467	15470	190670951	1520617326	88023	2660808	2710756
1789721569	98736	5371600	201	79830	15515	190723171	1521039178	88018	2660820	2710780
1789721600	98767	5377240	201	80053	15849	190798519	1521445490	88026	2662360	2714880
1789721630	98797	5371956	201	80226	15916	190874061	1521791942	88094	2661176	2710780
1789721661	98828	5371976	201	81197	17105	190922696	1522145912	88105	2661196	2710780
1789721691	98858	5383660	201	81778	17116	190950351	1522540161	88102	2672880	2710780
1789721722	98889	5373748	201	82536	16222	191003212	1522808903	88100	2663976	2709772
1789721752	98919	5370628	201	82013	15653	191050485	1523214461	88096	2660856	2709772
1789721783	98950	5368992	201	81396	14784	191111829	1523571574	88109	2659220	2709772
1789721813	98980	5369560	201	81351	15594	191135759	1523820167	88105	2659788	2709772
1789721844	99011	5368128	201	77760	13251	191210896	1524228517	88105	2659380	2708748
1789721875	99042	5368128	201	76608	13196	191259070	1524616592	88098	2659380	2708748
1789721905	99072	5368140	201	77718	13879	191354559	1525105739	88081	2659380	2708760
1789721936	99103	5366216	201	75318	14838	191404298	1525426532	88084	2657500	2708716
1789721966	99133	5366220	201	75838	15282	191452919	1525806681	88079	2657504	2708716
1789721997	99164	5366232	201	77348	15618	191499841	1526178991	88069	2657504	2708728
1789722027	99194	5366812	201	78422	16200	191550841	1526543239	88054	2658084	2708728
1789722058	99225	5366812	201	80006	17123	191652037	1526877886	88055	2658084	2708728
1789722088	99255	5366804	201	78644	16276	191680629	1527192046	88065	2658084	2708720
1789722119	99286	5366236	201	78667	16310	191729648	1527568553	88069	2657516	2708720
1789722149	99316	5366248	201	77882	16781	191802158	1527872712	88078	2657516	2708732
1789722180	99347	5366248	201	78384	15879	191850296	1528268130	88070	2657516	2708732
1789722210	99377	5375844	201	78037	16362	191922227	1528697597	88083	2667108	2708736
1789722241	99408	5365636	201	76809	16274	191973997	1529038544	88082	2656900	2708736
1789722272	99439	5366212	201	76271	16152	192022084	1529452045	88085	2657476	2708736
1789722302	99469	5375268	201	76809	16222	192070489	1529886686	88086	2666720	2708548
1789722333	99500	5382384	201	76774	16235	192120206	1530217177	88093	2671592	2710792
1789722363	99530	5369936	201	77219	15928	192168731	1530504242	88087	2661368	2708568
1789722393	99560	5372088	201	78218	16083	192237092	1530773396	88075	2664528	2707560
1789722424	99591	5377152	201	77978	16227	192286227	1531081799	88083	2669568	2707584
1789722454	99621	5363048	201	78008	16758	192359026	1531575193	88090	2655464	2707584
1789722485	99652	5363060	201	76668	15825	192414518	1531855215	88084	2655464	2707596
1789722515	99682	5363060	201	75070	14698	192462483	1532182506	88089	2655464	2707596
1789722546	99713	5363028	201	74512	15378	192513820	1532370669	88101	2655464	2707564
1789722576	99743	5362020	201	74332	14803	192558912	1532598040	88089	2654440	2707580
1789722607	99774	5367548	201	73645	14801	192607392	1532842793	88093	2659956	2707592
1789722637	99804	5371672	201	73784	14383	192669905	1533095692	88085	2664068	2707604
1789722668	99835	5362624	201	72682	15256	192718817	1533438558	88079	2655020	2707604
1789722698	99865	5374392	201	73414	14737	192768089	1533825243	88066	2666788	2707604
1789722729	99896	5362044	201	74607	15727	192847836	1534149595	88064	2654440	2707604
1789722760	99927	5362068	201	75021	15955	192920791	1534477215	88112	2654464	2707604
1789722790	99957	5363532	201	76615	16346	192973717	1534922696	88107	2655928	2707604
1789722821	99988	5362068	201	76182	15967	193021933	1535293476	88099	2654464	2707604
1789722851	100018	5362088	201	74761	15620	193070221	1535644956	88096	2654480	2707608
1789722882	100049	5362088	201	74721	15896	193147017	1536044378	88091	2654480	2707608
1789722913	100080	5362088	201	73847	14927	193195612	1536444005	88098	2654480	2707608
1789722943	100110	5365608	201	73659	15673	193265858	1536761091	88095	2658000	2707608
1789722974	100141	5362112	201	73054	15318	193292145	1537124976	88097	2654504	2707608
1789723004	100171	5362120	201	74188	16644	193340795	1537449199	88102	2654504	2707616
1789723035	100202	5362124	201	73591	17047	193438077	1537745078	88108	2654508	2707616
1789723066	100233	5362124	201	72843	16320	193486791	1538120856	88107	2654508	2707616
1789723096	100263	5362124	201	73637	16688	193535607	1538421169	88113	2654508	2707616
1789723127	100294	5362124	201	74257	16785	193593174	1538736952	88113	2654508	2707616
1789723157	100324	5363800	201	75781	17295	193665935	1539109157	88106	2656184	2707616
1789723188	100355	5362788	201	75581	15917	193742292	1539445913	87900	2654504	2708284
1789723218	100385	5362940	201	74475	16782	193791125	1539752248	88118	2655324	2707616
1789723249	100416	5398948	201	75501	17096	193839827	1540080393	88115	2654504	2744444
1789723279	100446	5363808	201	76904	16780	193890900	1540525169	88107	2656192	2707616
1789723309	100476	5370152	201	76780	17123	193939536	1540789685	88110	2662536	2707616
1789723340	100507	5397276	201	76882	17117	193987665	1541158166	88108	2689660	2707616
1789723370	100537	5363496	201	76849	16233	194060977	1541608585	88095	2655880	2707616
1789723400	100567	5365480	201	76225	16181	194109035	1541979357	88162	2657864	2707616
1789723431	100598	5362712	201	76817	16531	194185902	1542431935	88155	2655096	2707616
1789723461	100628	5369000	201	76888	16392	194210016	1542668254	88155	2661384	2707616
1789723492	100659	5362132	201	76874	15059	194234444	1542821784	88147	2654516	2707616
1789723523	100690	5361996	201	74970	14065	194282756	1543062306	88139	2654428	2707568
1789723554	100721	5368888	201	74483	14976	194334564	1543333975	88130	2661320	2707568
1789723585	100752	5361976	201	75297	15524	194383283	1543764700	88126	2654408	2707568
1789723615	100782	5365832	201	75303	15175	194457734	1544056893	88115	2655832	2710000
1789723645	100812	5361992	201	73904	14420	194510623	1544381345	88105	2654408	2707584
1789723676	100843	5362508	201	75097	16106	194583625	1544703439	88111	2654924	2707584
1789723706	100873	5361996	201	73593	12961	194642917	1545130969	88109	2654408	2707588
1789723736	100903	5369312	201	74494	14799	194740103	1545519495	88087	2661724	2707588
1789723767	100934	5371020	201	75154	15272	194794182	1545884645	88087	2663424	2707596
1789723797	100964	5366488	201	75236	15421	194843021	1546222330	88086	2658892	2707596
1789723828	100995	5366360	201	75296	15472	194891624	1546610743	88085	2658764	2707596
1789723858	101025	5362020	201	74932	15747	194941938	1547009044	88089	2654424	2707596
1789723888	101055	5362024	201	74705	15759	195014845	1547421093	88092	2654428	2707596
1789723919	101086	5385532	201	75201	14701	195090967	1547882476	88087	2677936	2707596
1789723949	101116	5369020	201	74633	15601	195164233	1548200922	88099	2661424	2707596
1789723979	101146	5361044	201	73957	15947	195212650	1548624467	88096	2653448	2707596
1789724010	101177	5364604	201	73924	16045	195265521	1549082757	88100	2657008	2707596
1789724041	101208	5367588	201	74917	17223	195290202	1549428344	88094	2659992	2707596
1789724071	101238	5361624	201	75086	15877	195389624	1549817501	88095	2654028	2707596
1789724102	101269	5394340	201	74876	15820	195433861	1550080249	88092	2686804	2707536
1789724132	101299	5361548	201	74501	16200	195507512	1550459590	88096	2654012	2707536
1789724163	101330	5368568	201	74662	16380	195559095	1550761391	88090	2661032	2707536
1789724193	101360	5363444	201	74307	17566	195583241	1551039396	88099	2655908	2707536
1789724224	101391	5361168	201	73610	17290	195660819	1551347899	88100	2653632	2707536
1789724254	101421	5357412	201	73669	17383	195713065	1551703033	88099	2653632	2703780
1789724284	101451	5358048	201	72928	14746	195812300	1552041817	88097	2654268	2703780
1789724315	101482	5357412	201	71764	14106	195865291	1552385134	88108	2653632	2703780
1789724345	101512	5361496	201	71881	15176	195914179	1552745835	88103	2657704	2703792
1789724375	101542	5358108	201	70337	15345	195962696	1553010534	88114	2654316	2703792
1789724406	101573	5359576	201	71363	16718	196015229	1553314154	88111	2655700	2703876
1789724436	101603	5360596	201	69742	14596	196087972	1553698472	88113	2656720	2703876
1789724467	101634	5358188	201	70387	14904	196112034	1554050339	88097	2654312	2703876
1789724497	101664	5357580	201	70885	15642	196189594	1554505807	88087	2653696	2703884
1789724528	101695	5357580	201	71172	16311	196240091	1554874024	88086	2653696	2703884
1789724558	101725	5358212	201	71260	16138	196288148	1555265312	88077	2654324	2703888
1789724589	101756	5360164	201	69397	15973	196335974	1555631692	88077	2655620	2704544
1789724619	101786	5363268	201	69892	16769	196386550	1555955393	88076	2659376	2703892
1789724650	101817	5363268	201	69759	15792	196454432	1556258507	88067	2659376	2703892
1789724680	101847	5363268	201	69394	15912	196532196	1556528210	88071	2659376	2703892
1789724711	101878	5365376	201	69097	15403	196581016	1556921083	88065	2659380	2705996
1789724741	101908	5367376	201	70750	16047	196631139	1557377957	88047	2663484	2703892
1789724772	101939	5366620	201	71031	16708	196731004	1557726625	88047	2662168	2704452
1789724802	101969	5363948	201	71310	16927	196760649	1558001363	88048	2659460	2704488
1789724833	102000	5374860	201	72673	17038	196834364	1558532001	88039	2670968	2703892
1789724863	102030	5373164	201	73742	17720	196907905	1558919712	88038	2669272	2703892
1789724894	102061	5367292	201	73466	16840	196967088	1559256615	88036	2663400	2703892
1789724924	102091	5363884	201	73837	16265	197040383	1559670666	88042	2659460	2704424
1789724954	102121	5371440	201	72837	15713	197121382	1560040375	88038	2667536	2703904
1789724985	102152	5365224	201	71900	16419	197145650	1560411726	88046	2661304	2703920
1789725016	102183	5363916	201	73719	15906	197194784	1560797951	88108	2660072	2703844
1789725046	102213	5363368	201	72746	16768	197246940	1561019474	88102	2659492	2703876
1789725077	102244	5363372	201	73339	16132	197273223	1561461668	88096	2659492	2703880
1789725107	102274	5363376	201	71853	15389	197346209	1561801508	88094	2659492	2703884
1789725138	102305	5363892	201	71588	15308	197423056	1562003517	88096	2660008	2703884
1789725168	102335	5365180	201	72075	15140	197471365	1562346060	88088	2661296	2703884
1789725198	102365	5371796	201	70362	14951	197495665	1562647196	88095	2667904	2703892
1789725229	102396	5368860	201	71701	14876	197573359	1563054524	88081	2664968	2703892
1789725259	102426	5364912	201	72122	16101	197646261	1563380716	88086	2661020	2703892
1789725290	102457	5383060	201	72953	15122	197671476	1563763625	88072	2679168	2703892
1789725320	102487	5367484	201	72908	15390	197746647	1564062201	88066	2663592	2703892
1789725351	102518	5373584	201	73054	15377	197794821	1564407449	88054	2669708	2703876
1789725381	102548	5371892	201	73649	16161	197848032	1564736163	88055	2668012	2703880
1789725412	102579	5369468	201	73327	16896	197949852	1565096212	88048	2665588	2703880
1789725443	102610	5364004	201	72583	16377	198001376	1565487180	88045	2660124	2703880
1789725473	102640	5365460	201	73375	16874	198053893	1565899317	88038	2661580	2703880
1789725504	102671	5369388	201	73555	16424	198103096	1566265304	88038	2661752	2707636
1789725534	102701	5370236	201	72261	16077	198179605	1566671583	88029	2662572	2707664
1789725565	102732	5379268	201	72708	16164	198231947	1567006355	88025	2670952	2708316
1789725595	102762	5378192	201	72865	15887	198285594	1567370153	88017	2670488	2707704
1789725626	102793	5375384	201	70879	15495	198362142	1567768551	88021	2667680	2707704
1789725656	102823	5377944	201	72512	16377	198410691	1568064316	88019	2670240	2707704
1789725687	102854	5379232	201	73085	16349	198460110	1568366277	88014	2671528	2707704
1789725718	102885	5373800	201	73201	16737	198510579	1568689919	88016	2665736	2708064
1789725748	102915	5388460	201	73218	15099	198606636	1569157528	88011	2678036	2710424
1789725779	102946	5379992	201	74108	16378	198658588	1569393558	88010	2669556	2710436
1789725809	102976	5370560	201	74074	16793	198707650	1569809890	88006	2660124	2710436
1789725840	103007	5372680	201	74012	16868	198760260	1570069288	88003	2660124	2712556
1789725870	103037	5378956	201	74563	15585	198831151	1570496530	88002	2664992	2713964
1789725901	103068	5387392	201	72833	14490	198880087	1570810670	87998	2673436	2713956
1789725932	103099	5384828	201	74659	15173	198937444	1571197273	87991	2670556	2714272
1789725962	103129	5379288	201	74356	15592	199010886	1571548396	87995	2660128	2719160
1789725993	103160	5379316	201	72673	15699	199089848	1571868524	88011	2660128	2719188
1789726023	103190	5391432	201	73596	15639	199114096	1572337010	88006	2672232	2719200
1789726053	103220	5385784	201	74216	15418	199187931	1572720695	88012	2666584	2719200
1789726084	103251	5393052	201	73150	15234	199263625	1573044625	88010	2673844	2719208
1789726114	103281	5393144	201	74852	16635	199312286	1573438673	87990	2673936	2719208
1789726145	103312	5385808	201	74865	15629	199366804	1573834236	87994	2666600	2719208
1789726175	103342	5400876	201	74231	15701	199418051	1574205554	87983	2681668	2719208
1789726206	103373	5406360	201	74439	15855	199490894	1574555947	87981	2687152	2719208
1789726237	103404	5394472	201	74189	16760	199544342	1574881794	87984	2671580	2722892
1789726267	103434	5395100	201	74189	16434	199592970	1575250696	87967	2675892	2719208
1789726298	103465	5385892	201	73759	16965	199665901	1575666069	87955	2666676	2719216
1789726329	103496	5382740	201	73167	16563	199717112	1576008474	87956	2663496	2719244
1789726359	103526	5399980	201	72946	14751	199817678	1576389952	87949	2680736	2719244
1789726390	103557	5410884	201	73149	15474	199868372	1576732588	87948	2688092	2722792
1789726420	103587	5394828	201	72783	16316	199917780	1577166957	87952	2675504	2719324
1789726451	103618	5383384	201	73364	17143	199970399	1577500087	87946	2663496	2719888
1789726482	103649	5388224	201	72229	14740	200048050	1578009308	87943	2668900	2719324
1789726512	103679	5405888	201	73162	15517	200099894	1578325683	87941	2686564	2719324
1789726543	103710	5406076	201	72557	16059	200174399	1578686126	87938	2686752	2719324
1789726573	103740	5391324	201	72886	16019	200223068	1579133429	88006	2672000	2719324
1789726604	103771	5384028	201	72725	16915	200273876	1579422475	88076	2664704	2719324
1789726634	103801	5395228	201	72264	17237	200327222	1579736132	88078	2675904	2719324
1789726665	103832	5383408	201	71302	14713	200427864	1580008835	88080	2664084	2719324
1789726695	103862	5387104	201	69969	14836	200455731	1580315737	88090	2667780	2719324
1789726726	103893	5398132	201	70969	15470	200528486	1580631523	88077	2679816	2718316
1789726756	103923	5382400	201	69700	14381	200579819	1581035419	88085	2664084	2718316
1789726787	103954	5386292	201	70224	14813	200631961	1581246769	88094	2667976	2718316
1789726817	103984	5382224	201	69483	14623	200680348	1581526268	88087	2663964	2718260
1789726848	104015	5382820	201	70031	14784	200729333	1581829916	88085	2664560	2718260
1789726878	104045	5382820	201	70306	14314	200778364	1582134927	88087	2664560	2718260
1789726909	104076	5384700	201	69651	13625	200855222	1582526514	88088	2666440	2718260
1789726939	104106	5384716	201	69282	14421	200929684	1582889812	88082	2666456	2718260
1789726969	104136	5388164	201	70008	14145	200954146	1583190007	88073	2669904	2718260
1789727000	104167	5387004	201	70336	15448	201030502	1583465661	88070	2668744	2718260
1789727030	104197	5387844	201	69409	15446	201083545	1583707136	88073	2669584	2718260
1789727061	104228	5410740	201	69531	14622	201132196	1584096775	88073	2692480	2718260
1789727091	104258	5412892	201	70302	14696	201183833	1584470144	88071	2702144	2710748
1789727122	104289	5380040	201	70679	15666	201236413	1584772954	88061	2669316	2710724
1789727152	104319	5380040	201	70434	16113	201260684	1584996576	88059	2669316	2710724
1789727183	104350	5386540	201	69298	15231	201336060	1585343637	88064	2675816	2710724
1789727214	104381	5379464	201	69036	16157	201410628	1585539664	88064	2668736	2710728
1789727244	104411	5379852	201	69145	14700	201465078	1585901985	88044	2669124	2710728
1789727275	104442	5388476	201	68524	14439	201513544	1586268257	88048	2677088	2711388
1789727306	104473	5384284	201	69233	15412	201588556	1586585018	88039	2673576	2710708
1789727336	104503	5384628	201	68645	15509	201636542	1586920296	88042	2674944	2709684
1789727366	104533	5389048	201	68691	15118	201708534	1587228413	88033	2678804	2710244
1789727397	104564	5378420	201	68561	15620	201760582	1587511300	88036	2668736	2709684
1789727428	104595	5388176	201	69293	16485	201809194	1587835025	88031	2677956	2710220
1789727458	104625	5380080	201	68963	16197	201856604	1588261621	88031	2670388	2709692
1789727489	104656	5379868	201	69375	17357	201933705	1588600174	88033	2670176	2709692
1789727519	104686	5395268	201	69730	17266	202011469	1588892486	88026	2685576	2709692
1789727549	104716	5377588	201	70896	17538	202089331	1589392035	88031	2667896	2709692
1789727580	104747	5375712	201	70451	17617	202141521	1589767952	88032	2666016	2709696
1789727610	104777	5375712	201	71267	17187	202190469	1590121021	88019	2666016	2709696
1789727641	104808	5379924	201	70193	16348	202267172	1590453624	88019	2670228	2709696
1789727671	104838	5381128	201	70945	16597	202321012	1590784480	88011	2671432	2709696
1789727702	104869	5389344	201	71420	16599	202373325	1591202639	88011	2679676	2709668
1789727732	104899	5384768	201	71222	16765	202422087	1591454391	88014	2675100	2709668
1789727763	104930	5386872	201	71305	16438	202474533	1591759421	88016	2677184	2709688
1789727793	104960	5375692	201	70421	14601	202554549	1592064622	88019	2666004	2709688
1789727824	104991	5389880	201	70445	15234	202604907	1592449413	88013	2679360	2710520
1789727854	105021	5378696	201	70536	15419	202653367	1592764717	88008	2669008	2709688
1789727885	105052	5383880	201	70223	16263	202701657	1593119647	88019	2673660	2710220
1789727915	105082	5374664	201	69229	15514	202754023	1593431627	88020	2664996	2709668
1789727945	105112	5374672	201	69330	16877	202855570	1593766629	88026	2665004	2709668
1789727976	105143	5376032	201	69523	15007	202903566	1594162793	88015	2666364	2709668
1789728006	105173	5374672	201	69726	15100	202976296	1594547859	87998	2665004	2709668
1789728037	105204	5374964	201	68998	15179	203033367	1594792125	88004	2663996	2710968
1789728067	105234	5372620	201	69307	16639	203082500	1595107745	87992	2662952	2709668
1789728098	105265	5373628	201	67620	15540	203131602	1595474067	87987	2663960	2709668
1789728128	105295	5375048	201	67921	15404	203232960	1595931675	87984	2665380	2709668
1789728159	105326	5376008	201	68111	14172	203282041	1596324786	87975	2666340	2709668
1789728189	105356	5381204	201	68386	14498	203337516	1596630924	87973	2671536	2709668
1789728220	105387	5378412	201	68114	15390	203385796	1596968997	88047	2668744	2709668
1789728250	105417	5372624	201	68089	15383	203464808	1597354084	88035	2662980	2709644
1789728281	105448	5394556	201	68722	15957	203493654	1597621538	88036	2684908	2709648
1789728311	105478	5392268	201	68716	14758	203590045	1598028310	88025	2682620	2709648
1789728342	105509	5376768	201	68246	14508	203651086	1598324251	88033	2665952	2710816
1789728372	105539	5386108	201	68179	16126	203724169	1598685312	88036	2676452	2709656
1789728403	105570	5374716	201	68310	16665	203804602	1599074742	88042	2665056	2709660
1789728433	105600	5375928	201	67250	16894	203852926	1599464887	88044	2665636	2710292
1789728464	105631	5375300	201	69084	16737	203901536	1599851815	88034	2665636	2709664
1789728494	105661	5385540	201	67853	15713	203958743	1600274189	88035	2675868	2709672
1789728525	105692	5386532	201	68270	16315	204056311	1600643147	88033	2676856	2709676
1789728555	105722	5384772	201	68260	17133	204115098	1600923670	88037	2675096	2709676
1789728586	105753	5376116	201	69303	17141	204164499	1601345052	88043	2666440	2709676
1789728616	105783	5376952	201	68375	15531	204241163	1601741677	88031	2667276	2709676
1789728647	105814	5407020	201	69558	15188	204291652	1602056509	88034	2697344	2709676
1789728677	105844	5386132	201	68661	15354	204340755	1602457372	88038	2676456	2709676
1789728708	105875	5384524	201	68849	15378	204421801	1602848324	88035	2674848	2709676
1789728738	105905	5376756	201	67832	14793	204446159	1603173471	88034	2667080	2709676
1789728768	105935	5394976	201	68711	15274	204549183	1603487742	88030	2685300	2709676
1789728799	105966	5396192	201	68473	15184	204603081	1603778110	88026	2686516	2709676
1789728829	105996	5402432	201	68762	15650	204651741	1604124128	88018	2692756	2709676
1789728860	106027	5376416	201	69009	14895	204735537	1604529525	88014	2666740	2709676
1789728891	106058	5419148	201	67573	14346	204808288	1604884816	88008	2708800	2710348
1789728921	106088	5391568	201	68508	14907	204862774	1605212014	87994	2681892	2709676
1789728952	106119	5375836	201	65679	14237	204914702	1605535757	88015	2666160	2709676
1789728982	106149	5390976	201	68309	15109	204963291	1605979814	87992	2681300	2709676
1789729012	106179	5380960	201	68553	15357	205042510	1606291044	87984	2671284	2709676
1789729043	106210	5388988	201	68860	15913	205091211	1606683708	87984	2679312	2709676
1789729074	106241	5379120	201	68941	15875	205167793	1607025293	87975	2669444	2709676
1789729104	106271	5378044	201	69152	17230	205221975	1607346854	87975	2668368	2709676
1789729135	106302	5375452	201	69413	16867	205295068	1607915490	87975	2665776	2709676
1789729165	106332	5395984	201	69449	16488	205348301	1608232644	87965	2686308	2709676
1789729196	106363	5374880	201	70285	17905	205397020	1608518972	87963	2665204	2709676
1789729227	106394	5374880	201	70170	17701	205495756	1608896497	87958	2665204	2709676
1789729257	106424	5380404	201	70835	18193	205551735	1609203985	87958	2670728	2709676
1789729287	106454	5377476	201	70427	18648	205600407	1609595456	87962	2667800	2709676
1789729318	106485	5374880	201	70076	18335	205683011	1609850536	87965	2665204	2709676
1789729349	106516	5376104	201	67808	16268	205731435	1610199643	87968	2666428	2709676
1789729379	106546	5378336	201	68457	17294	205785739	1610519589	87966	2668108	2710228
1789729410	106577	5381452	201	68630	15681	205838130	1610901201	87956	2671776	2709676
1789729440	106607	5379956	201	68805	15003	205910959	1611198374	87964	2670280	2709676
1789729471	106638	5380664	201	69205	14831	205968019	1611449408	87957	2670988	2709676
1789729501	106668	5375484	201	67916	14678	206016529	1611721036	87967	2665808	2709676
1789729532	106699	5381504	201	66957	14440	206093845	1612100923	87967	2666416	2715088
1789729562	106729	5376388	201	67716	14587	206121881	1612390789	87972	2666712	2709676
1789729592	106759	5378076	201	67346	15012	206194841	1612711463	87970	2668400	2709676
1789729623	106790	5394400	201	68467	15872	206275227	1613032661	87968	2684724	2709676
1789729653	106820	5376064	201	67843	17180	206324665	1613511970	87969	2666388	2709676
1789729684	106851	5376064	201	66808	17125	206400042	1613831550	87962	2666388	2709676
1789729714	106881	5374904	201	67274	15987	206427173	1614207522	87959	2665228	2709676
1789729745	106912	5374904	201	67423	16569	206524770	1614540814	87952	2665228	2709676
1789729775	106942	5375496	201	67585	16511	206583701	1614911339	87946	2665228	2710268
1789729806	106973	5375484	201	68247	16849	206632157	1615205180	87992	2665808	2709676
1789729836	107003	5376156	201	66948	15786	206739087	1615591266	87992	2665808	2710348
1789729867	107034	5382072	201	66415	14754	206763357	1615802160	87981	2672392	2709680
1789729897	107064	5385832	201	67656	15152	206812235	1616220691	87974	2676148	2709684
1789729928	107095	5375516	201	66590	15375	206892756	1616447599	87986	2665228	2710288
1789729958	107125	5389716	201	67567	15987	206941629	1616858547	87974	2680032	2709684
1789729989	107156	5393276	201	68917	16218	207017224	1617201788	87956	2683592	2709684
1789730019	107186	5376032	201	67715	15624	207092429	1617589044	87961	2666348	2709684
1789730050	107217	5374912	201	68191	14338	207141207	1617852246	87957	2665228	2709684
1789730080	107247	5379188	201	67351	14982	207201103	1618197409	87957	2669504	2709684
1789730111	107278	5380008	201	68107	15788	207250327	1618458606	87951	2670324	2709684
1789730141	107308	5384312	201	67885	16257	207353211	1618896980	87956	2674628	2709684
1789730172	107339	5383176	201	68677	16599	207402387	1619289232	87954	2672824	2710352
1789730202	107369	5378248	201	68877	16753	207451347	1619656060	87951	2668564	2709684
1789730233	107400	5378808	201	69590	15865	207529295	1620036071	87955	2668564	2710244
1789730263	107430	5378848	201	69210	16576	207602291	1620441749	87951	2668560	2710288
1789730294	107461	5377796	201	69479	16626	207661451	1620757755	87949	2667984	2709812
1789730324	107491	5380852	201	68025	15678	207733761	1621167344	87952	2671180	2709672
1789730355	107522	5386064	201	69514	16288	207815643	1621549445	87940	2673368	2712696
1789730385	107552	5398584	201	69278	16376	207864385	1621865392	88008	2688896	2709688
1789730416	107583	5378300	201	69039	16482	207913112	1622144129	88006	2668620	2709680
1789730446	107613	5378336	201	68255	16601	207969343	1622533521	88019	2668656	2709680
1789730477	107644	5378172	201	67937	16122	208018115	1622822558	88006	2667952	2710220
1789730507	107674	5389372	201	68104	16817	208066877	1623284798	88007	2679692	2709680
1789730538	107705	5378968	201	68909	17023	208123873	1623619166	87997	2669288	2709680
1789730568	107735	5376636	201	69346	16373	208221781	1624038942	87988	2666956	2709680
1789730598	107765	5377080	201	67661	15155	208279449	1624435014	87984	2667400	2709680
1789730629	107796	5382512	201	68354	15065	208377537	1624889763	87970	2669612	2712900
1789730659	107826	5398468	201	68455	15355	208433862	1625181481	87979	2688788	2709680
1789730690	107857	5378632	201	69157	16433	208482798	1625511195	87974	2666960	2711672
1789730720	107887	5383564	201	69514	16212	208531517	1625869342	87967	2673884	2709680
1789730751	107918	5407736	201	69264	16608	208591694	1626133846	87969	2698056	2709680
1789730781	107948	5377712	201	68949	17173	208640053	1626551659	87970	2668032	2709680
1789730812	107979	5376644	201	67978	17220	208721760	1626866611	87971	2666964	2709680
1789730842	108009	5376644	201	68271	17522	208797252	1627186977	87964	2666964	2709680
1789730873	108040	5376724	201	68042	17369	208821712	1627456457	87970	2666964	2709760
1789730904	108071	5380704	201	66144	16391	208898366	1627801671	87970	2670944	2709760
1789730934	108101	5377332	201	66455	15319	208946940	1628207242	87962	2666964	2710368
1789730965	108132	5389780	201	66584	15696	209052012	1628602938	87960	2680020	2709760
1789730995	108162	5389688	201	67706	14989	209052012	1628988818	87954	2679924	2709764
1789731026	108193	5376760	201	67925	15943	209149879	1629310057	87944	2666996	2709764
1789731056	108223	5376760	201	68050	16235	209209905	1629695322	87947	2666996	2709764
1789731087	108254	5374712	201	68524	16380	209258901	1630065042	87944	2666996	2707716
1789731118	108285	5374720	201	68143	16517	209363859	1630345647	87955	2667004	2707716
1789731148	108315	5375364	201	67978	16576	209412826	1630788865	87948	2667648	2707716
1789731179	108346	5374720	201	67609	17418	209461679	1631039302	87954	2667004	2707716
1789731209	108376	5372668	201	68045	17968	209519518	1631351394	87953	2667004	2705664
1789731240	108407	5373908	201	68110	17813	209591899	1631727417	87950	2668244	2705664
1789731271	108438	5378476	201	68142	17404	209675217	1632094140	87955	2667004	2711472
1789731301	108468	5378284	201	67105	16624	209724045	1632393699	87957	2668800	2709484
1789731332	108499	5387844	201	67753	17045	209801181	1632685433	87947	2678360	2709484
1789731362	108529	5387940	201	68052	15930	209830934	1632993958	88009	2678456	2709484
1789731393	108560	5389464	201	67638	15782	209904286	1633310708	87999	2676880	2712584
1789731423	108590	5378820	201	68371	16019	209982226	1633661095	87996	2669336	2709484
1789731453	108620	5377060	201	66613	15504	210030856	1634037547	88005	2667564	2709496
1789731484	108651	5382232	201	66667	15197	210108268	1634382852	88004	2672736	2709496
1789731514	108681	5382232	201	67799	15777	210160432	1634725798	87993	2670684	2711548
1789731545	108712	5379168	201	68361	16924	210209443	1635074161	87992	2667024	2712144
1789731575	108742	5378556	201	67331	16766	210290362	1635405779	87990	2667016	2711540
1789731606	108773	5381256	201	67200	17347	210339650	1635707459	87986	2669752	2711504
1789731636	108803	5380512	201	67471	18338	210417326	1636121504	87990	2671060	2709452
1789731667	108834	5381356	201	65641	16788	210444437	1636425314	87982	2671904	2709452
1789731697	108864	5384372	201	65456	17241	210542765	1636795722	87984	2670820	2713552
1789731728	108895	5384136	201	66324	15778	210599675	1637097949	87977	2670432	2713704
1789731758	108925	5387016	201	66051	16139	210672853	1637396884	87973	2673312	2713704
1789731789	108956	5391604	201	66127	15928	210755508	1637742004	87968	2677900	2713704
1789731819	108986	5402240	201	66540	16375	210779695	1638058511	87965	2688536	2713704
1789731850	109017	5390924	201	66028	15809	210852943	1638409942	87957	2676604	2714320
1789731880	109047	5395256	201	66695	16550	210908694	1638687830	87951	2680884	2714372
1789731911	109078	5390264	201	66572	16074	210981922	1639074017	87950	2676560	2713704
1789731941	109108	5383644	201	67842	17158	211035425	1639447085	87940	2669940	2713704
1789731972	109139	5384180	201	66283	16078	211111687	1639871066	87942	2670476	2713704
1789732002	109169	5383644	201	66918	15121	211190049	1640248351	87945	2669940	2713704
1789732032	109199	5390104	201	67651	16159	211242358	1640573154	87936	2675184	2714920
1789732063	109230	5393100	201	68246	16791	211291583	1640986745	87932	2677364	2715736
1789732093	109260	5384224	201	69295	17663	211342011	1641415400	87924	2669940	2714284
1789732124	109291	5383216	201	69420	17708	211419128	1641797769	87928	2668932	2714284
1789732155	109322	5385444	201	69352	16747	211522994	1642238850	87918	2671160	2714284
1789732185	109352	5388096	201	68016	15833	211575356	1642566104	87914	2674392	2713704
1789732216	109383	5404184	201	68886	16713	211655536	1642868206	87916	2690684	2713500
1789732246	109413	5404976	201	68912	17377	211711420	1643239347	87920	2691472	2713504
1789732277	109444	5404264	201	68546	15811	211784177	1643611774	87915	2690760	2713504
1789732307	109474	5398516	201	68331	15969	211812737	1643996377	87917	2684440	2714076
1789732337	109504	5387224	201	68286	15986	211889559	1644353227	87910	2673720	2713504
1789732368	109535	5393696	201	67564	15703	211964524	1644764360	87907	2680192	2713504
1789732398	109565	5393316	201	67687	15402	212016271	1645144378	87902	2679212	2714104
1789732429	109596	5402472	201	69270	15746	212091710	1645548553	87882	2688968	2713504
1789732459	109626	5387784	201	69288	16568	212168403	1645926967	87880	2674280	2713504
1789732490	109657	5405736	201	68796	15438	212217047	1646347449	87872	2692224	2713512
1789732520	109687	5405108	201	69654	16381	212299700	1646639437	87859	2691624	2713484
1789732551	109718	5414500	201	68362	16089	212348481	1646907434	87863	2701028	2713472
1789732581	109748	5397012	201	68419	17148	212425292	1647264204	87870	2683540	2713472
1789732612	109779	5393076	201	66984	16512	212478944	1647728414	87868	2679604	2713472
1789732642	109809	5393696	201	67154	16360	212552341	1648085377	87865	2679604	2714092
1789732673	109840	5392496	201	67685	17670	212610940	1648364916	87863	2679024	2713472
1789732703	109870	5402240	201	68142	18254	212683468	1648821270	87858	2688768	2713472
1789732734	109901	5404928	201	67764	16928	212768626	1649149505	87849	2691456	2713472
1789732764	109931	5418752	201	67305	17378	212817068	1649496387	87849	2705280	2713472
1789732795	109962	5409100	201	67172	15640	212895293	1649845134	87844	2693672	2715428
1789732826	109993	5401508	201	67021	16386	212949565	1650186252	87854	2687416	2714092
1789732856	110023	5394192	201	67496	16746	213049671	1650693162	87859	2679352	2714840
1789732886	110053	5392532	201	67629	17538	213076918	1651031759	87916	2679024	2713508
1789732917	110084	5395248	201	66590	16280	213150147	1651502484	87921	2681144	2714104
1789732947	110114	5394300	201	67157	16585	213201781	1651952750	87923	2680756	2713544
1789732978	110145	5392572	201	67279	16562	213253538	1652289835	87918	2679028	2713544
1789733008	110175	5393120	201	66002	15592	213353317	1652627279	87919	2679576	2713544
1789733039	110206	5402804	201	67096	16682	213411033	1653104816	87911	2688732	2714072
1789733069	110236	5396368	201	67321	17169	213488955	1653459187	87917	2682820	2713548
1789733100	110267	5406640	201	66900	16660	213540867	1653747558	87915	2693092	2713548
1789733130	110297	5395372	201	68071	16135	213614122	1654130017	87917	2681824	2713548
1789733161	110328	5400232	201	67930	16854	213666883	1654447020	87910	2686684	2713548
1789733191	110358	5408636	201	66997	16419	213720609	1654755201	87905	2693900	2714736
1789733221	110388	5396180	201	67951	17180	213824318	1655099518	87907	2682632	2713548
1789733251	110418	5392164	201	68071	18098	213878311	1655428512	87904	2678616	2713548
1789733282	110449	5392140	201	67790	17501	213927067	1655695748	87899	2678592	2713548
1789733312	110479	5393016	201	67347	17431	214009265	1656044205	87893	2679468	2713548
1789733343	110510	5391560	201	67150	17768	214057912	1656336945	87895	2678012	2713548
1789733373	110540	5391560	201	67472	17960	214112539	1656700316	87886	2678012	2713548
1789733403	110570	5391560	201	66220	16850	214162440	1657128514	87896	2678012	2713548
1789733434	110601	5392204	201	66475	17701	214234931	1657434056	87893	2678016	2714188
1789733464	110631	5393904	201	64978	15930	214314236	1657855008	87879	2680356	2713548
1789733495	110662	5404176	201	65803	15961	214362553	1658272741	87868	2689984	2714192
1789733525	110692	5400648	201	65308	16413	214470621	1658678319	87873	2687100	2713548
1789733556	110723	5395480	201	65424	16803	214495191	1658995553	87867	2681932	2713548
1789733586	110753	5402224	201	65868	17063	214544403	1659383047	87860	2688676	2713548
1789733617	110784	5409716	201	66778	17663	214625055	1659758980	87854	2695452	2714264
1789733647	110814	5401084	201	66567	16047	214698152	1660056007	87855	2686924	2714160
1789733678	110845	5406400	201	66567	16695	214782805	1660359952	87856	2692852	2713548
1789733708	110875	5406804	201	67339	16998	214855804	1660747474	87849	2693256	2713548
1789733738	110905	5405628	201	67360	17103	214909548	1661086428	87838	2692080	2713548
1789733769	110936	5390556	201	66905	17251	214963866	1661349546	87840	2677008	2713548
1789733799	110966	5402380	201	67341	17147	215066415	1661660096	87840	2687612	2714768
1789733830	110997	5396504	201	67122	17498	215119112	1661961777	87848	2682956	2713548
1789733861	111028	5391116	201	66189	17318	215167907	1662338321	87851	2677008	2714108
1789733891	111058	5390556	201	67761	17640	215221502	1662707145	87844	2677008	2713548
1789733922	111089	5407932	201	67301	16098	215299198	1663227074	87836	2694384	2713548
1789733952	111119	5398852	201	67942	16871	215374733	1663530298	87834	2685304	2713548
1789733983	111150	5394056	201	68124	16292	215427182	1663981981	87893	2680508	2713548
1789734013	111180	5400448	201	68278	17308	215476403	1664220752	87892	2686900	2713548
1789734044	111211	5396168	201	68131	17068	215556642	1664536163	87892	2682620	2713548
1789734074	111241	5392556	201	68010	16052	215629430	1665044299	87889	2679008	2713548
1789734105	111272	5390556	201	67636	16106	215707377	1665362426	87883	2677008	2713548
1789734135	111302	5398840	201	67929	16462	215784007	1665648637	87874	2685292	2713548
1789734166	111333	5392776	201	67277	16732	215838855	1665987662	87873	2677864	2714912
1789734196	111363	5398320	201	67241	17090	215914492	1666307941	87868	2682044	2716276
1789734226	111393	5409228	201	67545	16367	215966900	1666642776	87856	2691580	2717648
1789734257	111424	5400092	201	67469	16742	216040014	1666971215	87858	2682444	2717648
1789734287	111454	5407876	201	67870	16894	216097070	1667331279	87850	2690228	2717648
1789734318	111485	5398588	201	67809	18189	216170092	1667777360	87847	2680940	2717648
1789734348	111515	5397164	201	66963	17884	216223683	1668150799	87845	2679516	2717648
1789734379	111546	5396536	201	66924	17227	216277362	1668455589	87847	2678888	2717648
1789734409	111576	5399204	201	65802	16428	216350483	1668728683	87851	2681556	2717648
1789734440	111607	5396536	201	67371	17513	216408517	1669141194	87840	2678888	2717648
1789734470	111637	5412168	201	67234	16446	216457328	1669514985	87908	2690420	2721748
1789734501	111668	5398044	201	67507	17084	216557567	1669962553	87899	2680396	2717648
1789734531	111698	5402220	201	66423	15028	216630718	1670460034	87888	2684572	2717648
1789734562	111729	5418936	201	67296	15858	216713715	1670755884	87887	2701288	2717648
1789734592	111759	5412996	201	67850	15998	216737964	1671090293	87886	2695348	2717648
1789734622	111789	5398048	201	66910	16372	216810968	1671395992	87888	2680400	2717648
1789734653	111820	5411044	201	67962	17281	216874568	1671767244	87887	2691560	2719484
1789734683	111850	5409684	201	68569	17126	216923147	1672039497	87884	2692036	2717648
1789734713	111880	5399720	201	67881	17815	216996827	1672280658	87891	2682072	2717648
1789734744	111911	5399732	201	68389	16919	217072432	1672633127	87887	2680904	2718828
1789734774	111941	5400124	201	67597	15608	217153182	1673073167	87883	2681768	2718356
1789734805	111972	5403988	201	66543	15699	217207825	1673387990	87882	2685740	2718248
1789734835	112002	5398544	201	67162	15664	217280368	1673676257	87876	2680840	2717704
1789734865	112032	5399216	201	67025	15810	217337337	1674082835	87878	2681524	2717692
1789734896	112063	5399072	201	66501	15692	217361829	1674430863	87881	2681412	2717660
1789734927	112094	5399052	201	66973	15215	217410953	1674819637	87880	2680852	2718200
1789734957	112124	5413976	201	67356	15077	217513864	1675198819	87875	2696316	2717660
1789734988	112155	5401660	201	67785	14601	217587325	1675511711	87870	2684000	2717660
1789735018	112185	5399744	201	67468	15776	217646709	1675842817	87873	2682084	2717660
1789735048	112215	5399440	201	68369	15751	217695341	1676282180	87852	2681780	2717660
1789735079	112246	5399636	201	68322	15788	217773520	1676672663	87845	2681976	2717660
1789735109	112276	5399096	201	69053	15893	217826539	1676929545	87843	2681436	2717660
1789735140	112307	5407780	201	67926	16119	217899148	1677233532	87839	2690120	2717660
1789735170	112337	5411820	201	68082	17053	217958742	1677492252	87839	2694160	2717660
1789735201	112368	5399948	201	68937	17573	218031775	1677914054	87827	2682288	2717660
1789735231	112398	5399100	201	68727	17506	218083651	1678167492	87829	2681440	2717660
1789735262	112429	5404252	201	67474	15449	218161129	1678553871	87823	2686592	2717660
1789735292	112459	5402552	201	68354	15347	218210028	1678929738	87829	2684892	2717660
1789735323	112490	5399124	201	68847	17105	218265477	1679149688	87823	2681488	2717636
1789735353	112520	5407288	201	67324	15475	218313721	1679557163	87814	2689628	2717660
1789735384	112551	5400384	201	68689	16779	218390519	1679901274	87816	2682720	2717664
1789735414	112581	5400636	201	67076	15811	218445512	1680270851	87808	2682972	2717664
1789735445	112612	5400396	201	67546	15510	218519392	1680664202	87803	2682732	2717664
1789735475	112642	5411592	201	67668	16511	218595636	1681024927	87806	2693924	2717668
1789735506	112673	5410972	201	68348	15263	218669474	1681497911	87799	2685452	2725520
1789735536	112703	5412464	201	67770	16258	218729795	1681790605	87809	2687448	2725016
1789735567	112734	5406928	201	68367	16432	218802757	1682151450	87806	2681912	2725016
1789735597	112764	5405932	201	69290	17569	218856028	1682476150	87805	2680916	2725016
1789735628	112795	5411180	201	68791	17796	218933478	1682796811	87804	2681288	2729892
1789735658	112825	5415004	201	69228	16917	218985090	1683075438	87799	2685112	2729892
1789735689	112856	5410808	201	69327	16872	219058339	1683307943	87795	2680916	2729892
1789735719	112886	5411804	201	68125	15683	219141822	1683690567	87800	2681912	2729892
1789735750	112917	5410840	201	67751	16539	219191019	1683954766	87809	2680948	2729892
1789735781	112948	5426816	201	67727	15912	219244318	1684363636	87803	2696924	2729892
1789735811	112978	5410840	201	68532	16482	219322487	1684756892	87799	2680948	2729892
1789735842	113009	5424012	201	67142	16454	219400344	1685044896	87807	2694120	2729892
1789735872	113039	5417384	201	68321	16919	219454001	1685469624	87808	2687484	2729900
1789735902	113069	5417384	201	68122	17314	219502977	1685830886	87802	2687484	2729900
1789735933	113100	5417384	201	67726	15922	219581578	1686350517	87797	2687484	2729900
1789735963	113130	5417384	201	67810	17358	219630932	1686703668	87800	2687484	2729900
1789735994	113161	5420728	201	67224	16937	219707873	1687121842	87798	2690828	2729900
1789736024	113191	5420728	201	66454	17829	219760389	1687437354	87793	2690828	2729900
1789736054	113221	5429144	201	65666	17500	219856677	1687806506	87788	2699240	2729904
1789736085	113252	5421140	201	67129	18169	219894635	1688127424	87781	2691236	2729904
1789736115	113282	5421140	201	65662	16554	219967078	1688439478	87835	2691236	2729904
1789736146	113313	5445796	201	67256	16394	220045467	1688870136	87816	2715892	2729904
1789736177	113344	5436720	201	67254	15613	220118940	1689172569	87815	2706816	2729904
1789736207	113374	5442716	201	66880	16245	220202253	1689494790	87809	2712200	2730516
1789736238	113405	5427608	201	66682	16529	220251443	1689838981	87816	2697704	2729904
1789736268	113435	5426324	201	67285	16320	220300545	1690198505	87809	2696420	2729904
1789736299	113466	5424472	201	65701	15760	220360520	1690647746	87815	2694568	2729904
1789736329	113496	5424068	201	66226	16843	220409404	1690943520	87812	2694164	2729904
1789736360	113527	5435264	201	64671	15230	220514101	1691442979	87813	2705360	2729904
1789736390	113557	5431048	201	66049	15201	220588212	1691905449	87804	2701144	2729904
1789736421	113588	5440796	201	67485	16269	220668671	1692298518	87794	2710892	2729904
1789736451	113618	5434880	201	67559	16494	220717552	1692724175	87795	2704976	2729904
1789736481	113648	5424164	201	67268	16742	220766674	1693075259	87791	2694260	2729904
1789736512	113679	5432904	201	67112	15712	220849942	1693367781	87800	2703000	2729904
1789736542	113709	5444888	201	67592	16917	220898520	1693693163	87808	2714984	2729904
1789736573	113740	5447436	201	67487	16476	220983404	1694165383	87795	2717532	2729904
1789736604	113771	5433244	201	67698	17240	221056115	1694436445	87797	2702756	2730488
1789736634	113801	5432660	201	67483	17367	221109373	1694706674	87798	2702756	2729904
1789736665	113832	5432660	201	69109	17883	221161250	1695181081	87784	2702756	2729904
1789736695	113862	5444552	201	68222	15984	221264093	1695522677	87781	2714612	2729940
1789736726	113893	5451980	201	68414	15294	221316896	1695932405	87780	2717936	2734044
1789736756	113923	5439260	201	68491	16788	221365555	1696188738	87777	2709316	2729944
1789736787	113954	5447504	201	68759	16583	221447363	1696535264	87773	2717560	2729944
1789736817	113984	5433252	201	67888	17705	221496226	1696933497	87782	2703308	2729944
1789736848	114015	5439184	201	68427	17304	221573307	1697256087	87772	2709240	2729944
1789736878	114045	5438420	201	68101	16923	221625910	1697681853	87768	2708464	2729956
1789736908	114075	5433940	201	67465	16791	221674932	1698076345	87770	2703984	2729956
1789736939	114106	5442668	201	68378	16473	221727093	1698419778	87759	2712712	2729956
1789736969	114136	5435308	201	68803	17262	221829301	1698777427	87748	2705352	2729956
1789737000	114167	5433264	201	68474	17461	221883121	1699104204	87750	2703308	2729956
1789737030	114197	5438796	201	67492	17219	221936353	1699458523	87745	2708840	2729956
1789737061	114228	5433272	201	68089	18264	222015630	1699807689	87739	2703308	2729964
1789737091	114258	5443908	201	67158	16901	222090676	1700134523	87733	2713944	2729964
1789737122	114289	5433272	201	66813	17140	222138848	1700461018	87738	2703308	2729964
1789737153	114320	5433272	201	66647	16906	222191030	1700722267	87737	2703308	2729964
1789737183	114350	5434268	201	65689	17936	222267706	1701020907	87741	2704304	2729964
1789737214	114381	5434336	201	64228	16221	222319221	1701390343	87729	2704372	2729964
1789737244	114411	5435760	201	65423	15443	222419138	1701739505	87721	2705796	2729964
1789737275	114442	5433272	201	65638	15543	222473327	1702127468	87725	2703308	2729964
1789737305	114472	5442968	201	63421	16002	222546838	1702408938	87730	2713004	2729964
1789737336	114503	5443992	201	65643	17030	222576354	1702834583	87730	2713360	2730632
1789737366	114533	5440196	201	65146	16610	222628637	1703126509	87735	2710232	2729964
1789737396	114563	5442748	201	65462	16937	222729248	1703496748	87727	2712784	2729964
1789737427	114594	5446364	201	65695	17008	222782753	1703857624	87722	2714220	2732144
1789737457	114624	5440820	201	66314	17850	222831512	1704134015	87729	2710856	2729964
1789737488	114655	5440200	201	65826	18080	222940768	1704507395	87794	2710236	2729964
1789737519	114686	5440200	201	65605	18396	222989363	1704815500	87791	2710236	2729964
1789737549	114716	5445296	201	64564	17259	223041059	1705187937	87793	2715332	2729964
1789737580	114747	5440324	201	64941	16237	223115313	1705519891	87784	2710360	2729964
1789737610	114777	5440304	201	63432	15042	223163952	1705843621	87788	2710332	2729972
1789737641	114808	5462736	201	65287	15131	223244232	1706125083	87775	2732764	2729972
1789737671	114838	5459316	201	64825	14614	223293337	1706478016	87781	2725160	2734156
1789737701	114868	5460148	201	65328	15626	223346091	1706706870	87845	2722196	2737952
1789737732	114899	5451204	201	65572	16408	223422140	1707090456	87835	2713252	2737952
1789737762	114929	5458424	201	65705	17103	223501962	1707471167	87830	2720472	2737952
1789737792	114959	5450544	201	65752	16134	223553226	1707938986	87823	2712592	2737952
1789737823	114990	5457192	201	64321	15598	223656636	1708339237	87817	2719240	2737952
1789737853	115020	5452880	201	65891	16994	223708723	1708638908	87810	2714928	2737952
1789737883	115050	5452336	201	65018	17049	223757513	1708944230	87811	2714384	2737952
1789737914	115081	5452740	201	64100	17124	223867795	1709315702	87810	2714788	2737952
1789737944	115111	5461016	201	64540	15703	223915743	1709715038	87809	2723064	2737952
1789737975	115142	5456404	201	65125	16110	223999047	1710014423	87801	2717800	2738604
1789738005	115172	5473068	201	64703	16322	224047532	1710372865	87795	2735116	2737952
1789738036	115203	5465040	201	65626	17314	224096415	1710773181	87795	2727088	2737952
1789738066	115233	5447812	201	65768	17916	224176591	1711196224	87786	2709860	2737952
1789738097	115264	5461892	201	64616	16404	224249872	1711653241	87779	2723940	2737952
1789738128	115295	5457524	201	66144	16882	224308332	1712077147	87768	2719568	2737956
1789738158	115325	5480636	201	66256	15507	224357198	1712550704	87765	2723808	2756828
1789738189	115356	5463792	201	66322	16626	224466365	1712964874	87756	2725836	2737956
1789738219	115386	5454552	201	66458	17200	224515049	1713266338	87757	2716592	2737960
1789738250	115417	5450228	201	66961	17659	224564102	1713706456	87755	2711732	2738496
1789738280	115447	5456416	201	67353	16717	224670892	1714190016	87755	2718452	2737964
1789738311	115478	5450336	201	66789	16920	224719689	1714592054	87749	2712372	2737964
1789738342	115509	5477512	201	67925	18470	224796627	1714911696	87749	2739544	2737968
1789738372	115539	5473908	201	67308	18023	224870158	1715269007	87759	2735940	2737968
1789738403	115570	5453384	201	67358	19100	224931955	1715621223	87758	2714792	2738592
1789738433	115600	5451360	201	66746	16518	225028461	1716014885	87753	2713384	2737976
1789738464	115631	5487396	201	66766	17095	225084864	1716294872	87744	2749420	2737976
1789738495	115662	5482244	201	66688	17555	225157165	1716540963	87749	2744268	2737976
1789738525	115692	5450460	201	66415	17759	225242473	1716924051	87755	2712484	2737976
1789738556	115723	5454164	201	64168	16088	225291714	1717288129	87759	2716188	2737976
1789738586	115753	5461392	201	65575	16547	225367582	1717694301	87746	2723416	2737976
1789738616	115783	5467196	201	65426	16396	225419126	1718047026	87747	2729220	2737976
1789738647	115814	5459548	201	66318	16738	225492339	1718411989	87744	2721572	2737976
1789738677	115844	5480968	201	66315	17450	225548928	1718782938	87736	2742992	2737976
1789738708	115875	5471628	201	66539	16922	225622421	1719184888	87734	2733652	2737976
1789738738	115905	5464856	201	64231	15006	225702079	1719589130	87727	2726288	2738568
1789738768	115935	5474488	201	65990	15634	225776138	1719877613	87713	2736512	2737976
1789738799	115966	5479048	201	66544	16642	225829255	1720251964	87715	2741072	2737976
1789738829	115996	5479680	201	66890	17383	225880755	1720726318	87706	2741704	2737976
1789738860	116027	5483944	201	67042	17445	225953903	1721107897	87699	2745968	2737976
1789738890	116057	5473820	201	66733	16875	226014626	1721457900	87703	2735844	2737976
1789738921	116088	5472056	201	67039	16609	226087097	1721826207	87684	2734080	2737976
1789738951	116118	5464264	201	67320	16806	226171278	1722126891	87677	2726288	2737976
1789738982	116149	5494656	201	67459	16777	226244155	1722477501	87668	2756680	2737976
1789739012	116179	5476364	201	67392	17436	226326716	1722862071	87665	2738388	2737976
1789739043	116210	5484096	201	66187	16806	226375534	1723160305	87673	2746120	2737976
1789739074	116241	5469080	201	66686	17291	226452397	1723572304	87673	2731104	2737976
1789739104	116271	5467164	201	66901	16959	226506135	1724043096	87677	2731240	2735924
1789739135	116302	5462212	201	67265	17250	226579061	1724389926	87665	2726288	2735924
1789739165	116332	5462692	201	67633	17273	226636839	1724873503	87665	2726768	2735924
1789739196	116363	5462732	201	67837	17119	226710360	1725261247	87664	2726808	2735924
1789739226	116393	5461828	201	69210	17166	226790673	1725562048	87663	2725904	2735924
1789739257	116424	5463268	201	68032	15988	226839832	1725934192	87733	2727344	2735924
1789739287	116454	5461204	201	67792	18081	226888678	1726191435	87738	2725280	2735924
1789739318	116485	5472328	201	67629	16612	226968731	1726637695	87728	2736404	2735924
1789739348	116515	5468552	201	66953	15857	227042073	1726984005	87726	2732628	2735924
1789739379	116546	5474444	201	67809	17327	227102972	1727242062	87727	2738520	2735924
1789739409	116576	5461204	201	67352	17843	227151792	1727591213	87726	2725280	2735924
1789739440	116607	5467212	201	66934	16711	227257110	1727901897	87730	2729124	2738088
1789739470	116637	5461228	201	66594	16340	227281420	1728269199	87722	2725280	2735948
1789739501	116668	5463228	201	67152	16772	227354884	1728539115	87721	2727280	2735948
1789739531	116698	5461192	201	66037	16620	227411671	1728798916	87720	2725280	2735912
1789739561	116728	5462196	201	66663	16440	227484933	1729298027	87712	2726276	2735920
1789739592	116759	5461788	201	66050	16504	227564366	1729592328	87713	2725860	2735928
1789739622	116789	5463668	201	66168	16705	227613201	1730039508	87708	2727740	2735928
1789739653	116820	5463668	201	66148	16506	227661802	1730448666	87706	2727740	2735928
1789739683	116850	5463092	201	65310	16596	227719625	1730743307	87701	2727160	2735932
1789739713	116880	5464448	201	65625	18176	227792798	1731120005	87697	2728516	2735932
1789739744	116911	5458036	201	65737	16348	227871951	1731574888	87695	2726920	2731116
1789739775	116942	5461788	201	64224	15631	227920613	1731824681	87697	2733356	2728432
1789739805	116972	5455352	201	65496	16931	227999241	1732179265	87681	2726920	2728432
1789739836	117003	5455352	201	65548	16858	228052980	1732499458	87679	2726920	2728432
1789739866	117033	5462008	201	65243	16229	228125590	1732797206	87670	2733576	2728432
1789739897	117064	5460404	201	65326	16140	228185339	1733112657	87664	2731344	2729060
1789739927	117094	5463788	201	66243	16513	228258156	1733440594	87658	2735356	2728432
1789739958	117125	5483292	201	66577	16746	228339308	1733791059	87649	2754860	2728432
1789739988	117155	5458064	201	67379	17810	228388312	1734137607	87646	2729632	2728432
1789740019	117186	5477252	201	67313	16129	228466024	1734583701	87648	2745112	2732140
1789740049	117216	5455948	201	67670	17198	228520518	1734973094	87650	2727516	2728432
1789740080	117247	5461112	201	66031	15689	228621752	1735345892	87658	2732680	2728432
1789740110	117277	5455352	201	67943	17270	228675220	1735757356	87649	2726920	2728432
1789740141	117308	5455352	201	67712	17854	228723968	1736081062	87654	2726920	2728432
1789740171	117338	5459568	201	67053	16664	228803655	1736373778	87654	2731136	2728432
1789740202	117369	5457964	201	67255	16960	228852783	1736859749	87654	2729560	2728404
1789740232	117399	5464172	201	67901	15415	228926998	1737234917	87641	2735768	2728404
1789740263	117430	5463548	201	68276	15465	228981284	1737539956	87641	2735140	2728408
1789740293	117460	5463544	201	67902	16114	229082680	1737822996	87639	2735336	2728208
1789740324	117491	5473632	201	68829	17134	229134852	1738136296	87636	2745416	2728216
1789740354	117521	5458708	201	68750	17841	229183257	1738494912	87643	2730492	2728216
1789740385	117552	5454952	201	67918	17415	229265155	1738731132	87642	2726720	2728232
1789740415	117582	5454968	201	67833	16886	229313486	1739050360	87645	2726736	2728232
1789740446	117613	5455324	201	67821	17329	229391475	1739354557	87637	2727092	2728232
1789740476	117643	5460388	201	66726	15404	229443133	1739768991	87631	2732156	2728232
1789740506	117673	5465684	201	67485	16521	229545125	1740083889	87630	2737452	2728232
1789740537	117704	5468304	201	67236	15784	229596983	1740444793	87617	2739532	2728772
1789740567	117734	5454984	201	67329	16002	229645703	1740833086	87606	2726736	2728248
1789740598	117765	5455592	201	65599	15091	229698912	1741180646	87609	2727336	2728256
1789740628	117795	5477852	201	66484	16382	229751421	1741391174	87609	2749592	2728260
1789740659	117826	5455576	201	66752	16596	229851268	1741791346	87603	2727316	2728260
1789740689	117856	5455576	201	65938	15212	229904060	1742143334	87600	2727316	2728260
1789740720	117887	5453632	201	65833	16578	229953279	1742422811	87599	2725372	2728260
1789740750	117917	5455752	201	65262	15222	230036480	1742772718	87589	2727492	2728260
1789740781	117948	5453116	201	65460	15286	230061038	1743034329	87584	2724856	2728260
1789740811	117978	5457344	201	64976	15745	230164433	1743326520	87583	2727764	2729580
1789740842	118009	5456872	201	65474	16424	230214221	1743540593	87576	2728612	2728260
1789740872	118039	5461892	201	65933	16676	230263067	1743889620	87639	2733632	2728260
1789740903	118070	5454296	201	65387	16962	230317891	1744173631	87642	2726032	2728264
1789740933	118100	5454940	201	65593	17512	230394246	1744483056	87640	2726676	2728264
1789740963	118130	5458756	201	64859	14952	230497520	1744918903	87689	2730492	2728264
1789740994	118161	5462776	201	65334	16002	230549606	1745233835	87695	2734512	2728264
1789741024	118191	5457084	201	64527	16502	230604732	1745610176	87709	2728820	2728264
1789741055	118222	5463064	201	64940	16611	230681373	1746001477	87709	2734800	2728264
1789741085	118252	5467068	201	65021	16689	230730460	1746365947	87709	2738804	2728264
1789741116	118283	5453084	201	64784	15797	230808672	1746856706	87705	2724820	2728264
1789741146	118313	5455436	201	64528	15901	230885538	1747184680	87707	2727172	2728264
1789741177	118344	5460304	201	64825	14893	230936953	1747648424	87698	2732040	2728264
1789741207	118374	5455644	201	66265	16692	231014896	1747948968	87692	2727380	2728264
1789741238	118405	5453696	201	65908	16409	231067115	1748213810	87697	2725432	2728264
1789741268	118435	5458356	201	66727	15016	231115626	1748501329	87681	2730092	2728264
1789741299	118466	5453704	201	68043	15314	231192624	1748860246	87664	2725440	2728264
1789741329	118496	5453092	201	67728	15683	231248101	1749153889	87660	2724828	2728264
1789741359	118526	5456600	201	68060	16838	231300328	1749457394	87661	2728336	2728264
1789741390	118557	5453668	201	67920	17278	231401519	1749875128	87654	2725404	2728264
1789741420	118587	5455604	201	66985	15000	231456250	1750160852	87652	2727340	2728264
1789741450	118617	5461240	201	67618	15139	231534109	1750649795	87637	2730348	2730892
1789741481	118648	5454464	201	68212	15821	231612456	1750955468	87631	2725552	2728912
1789741511	118678	5458176	201	68385	16275	231636866	1751344007	87618	2729912	2728264
1789741542	118709	5460580	201	68140	16781	231715444	1751653284	87621	2732316	2728264
1789741573	118740	5453792	201	68665	16899	231792480	1752011382	87614	2725528	2728264
1789741603	118770	5466980	201	69084	17464	231845682	1752354988	87607	2738716	2728264
1789741634	118801	5453112	201	68684	15827	231924838	1752677538	87611	2724848	2728264
1789741664	118831	5454928	201	68925	17439	231999569	1753029621	87609	2726664	2728264
1789741695	118862	5468752	201	69268	18046	232048133	1753309463	87595	2740488	2728264
1789741725	118892	5458152	201	69792	18223	232127357	1753676453	87597	2729888	2728264
1789741756	118923	5453120	201	67740	17648	232200005	1754034611	87609	2724852	2728268
1789741786	118953	5456644	201	67151	17811	232252938	1754334495	87615	2726456	2730188
1789741817	118984	5457948	201	66225	17452	232308197	1754617407	87625	2729680	2728268
1789741847	119014	5453120	201	66787	17550	232380937	1754965334	87625	2724852	2728268
1789741877	119044	5453756	201	66332	17181	232438328	1755179279	87625	2725488	2728268
1789741908	119075	5456612	201	64699	16781	232487343	1755476363	87630	2728344	2728268
1789741938	119105	5460124	201	65194	15955	232565522	1755815788	87626	2731856	2728268
1789741969	119136	5469816	201	65426	15510	232618517	1756115702	87629	2741548	2728268
1789741999	119166	5454328	201	65389	15592	232667590	1756459844	87628	2726060	2728268
1789742030	119197	5453700	201	65407	15629	232751219	1756752231	87635	2725432	2728268
1789742060	119227	5454244	201	64485	14564	232800205	1757082889	87627	2725976	2728268
1789742091	119258	5466900	201	66168	15455	232878676	1757423410	87620	2738632	2728268
1789742121	119288	5460640	201	66831	15899	232930970	1757693145	87622	2732436	2728204
1789742152	119319	5467192	201	66537	14902	232980149	1758088084	87625	2738984	2728208
1789742183	119350	5453992	201	66932	15891	233064411	1758396736	87614	2725784	2728208
1789742213	119380	5455716	201	66843	16160	233137072	1758758896	87613	2727508	2728208
1789742243	119410	5451980	201	66665	16876	233190529	1759008316	87612	2723772	2728208
1789742274	119441	5452616	201	66372	17080	233243547	1759313533	87609	2723796	2728820
1789742304	119471	5453140	201	67670	18443	233292195	1759696628	87606	2724932	2728208
1789742335	119502	5452600	201	65912	16833	233374394	1760099958	87597	2723796	2728804
1789742365	119532	5456172	201	66346	15314	233447404	1760435499	87581	2727944	2728228
1789742395	119562	5456296	201	67087	15860	233530143	1760731806	87575	2728068	2728228
1789742426	119593	5463472	201	66831	16148	233578928	1760965720	87574	2735244	2728228
1789742457	119624	5452220	201	67308	17313	233652441	1761339483	87566	2723992	2728228
1789742487	119654	5452048	201	65859	14484	233711754	1761710064	87572	2723368	2728680
1789742518	119685	5473100	201	67108	14918	233785647	1762096691	87617	2744872	2728228
1789742548	119715	5455352	201	67182	15191	233844014	1762392794	87614	2727124	2728228
1789742579	119746	5456036	201	66457	15625	233892804	1762678734	87625	2727808	2728228
1789742609	119776	5455492	201	67808	16527	233941436	1762980317	87615	2727264	2728228
1789742640	119807	5455448	201	67012	14602	234023434	1763354819	87603	2727280	2728168
1789742671	119838	5458556	201	67200	15298	234096804	1763631581	87604	2730348	2728208
1789742701	119868	5454984	201	66965	15325	234151841	1763917940	87606	2726776	2728208
1789742731	119898	5460860	201	68201	16631	234224715	1764202117	87608	2732652	2728208
1789742762	119929	5468032	201	68514	17274	234276115	1764485904	87611	2739824	2728208
1789742793	119960	5455532	201	68254	15951	234326413	1764816925	87611	2727324	2728208
1789742823	119990	5457492	201	66773	15044	234428042	1765121107	87614	2727940	2729552
1789742854	120021	5455644	201	68019	15254	234481340	1765482414	87608	2727436	2728208
1789742884	120051	5461680	201	68251	16298	234530207	1765762513	87608	2733472	2728208
1789742915	120082	5455564	201	68049	16578	234613351	1766093548	87611	2727356	2728208
1789742945	120112	5481900	201	68386	16539	234661470	1766369700	87614	2753692	2728208
1789742976	120143	5459568	201	69042	15730	234740757	1766750891	87601	2730652	2728916
1789743007	120174	5457080	201	66834	13413	234795476	1767130440	87603	2727224	2729856
1789743037	120204	5465760	201	68026	14649	234844366	1767364650	87594	2735580	2730180
1789743068	120235	5457532	201	66441	15409	234897031	1767668537	87599	2727348	2730184
1789743098	120265	5457580	201	65336	15551	234949584	1767953249	87604	2727348	2730232
1789743128	120295	5458120	201	65444	14236	235025870	1768198123	87592	2727644	2730476
1789743159	120326	5473608	201	65617	14462	235100670	1768499142	87588	2741860	2731748
1789743189	120356	5483344	201	65493	14066	235124956	1768729912	87588	2752780	2730564
1789743220	120387	5460612	201	65358	15814	235202958	1768994704	87590	2730048	2730564
1789743250	120417	5458904	201	65551	16388	235255747	1769292974	87591	2728336	2730568
1789743280	120447	5459472	201	65207	15343	235304413	1769707441	87577	2728876	2730596
1789743311	120478	5458472	201	64711	14228	235379053	1769992445	87576	2727756	2730716
1789743341	120508	5459108	201	64862	14591	235431564	1770253412	87573	2728392	2730716
1789743372	120539	5459724	201	64189	15676	235487362	1770525459	87577	2727756	2731968
1789743402	120569	5458508	201	64797	16271	235564901	1770830739	87568	2727756	2730752
1789743433	120600	5458968	201	63893	15807	235643874	1771230303	87571	2728216	2730752
1789743464	120631	5464636	201	64992	15756	235668635	1771585191	87557	2733884	2730752
1789743494	120661	5462732	201	65267	14519	235745265	1771967214	87551	2731852	2730880
1789743525	120692	5458636	201	64786	15070	235798890	1772227637	87549	2727756	2730880
1789743555	120722	5472308	201	64788	16271	235899490	1772475898	87546	2741428	2730880
1789743586	120753	5472064	201	65171	16428	235926203	1772794809	87554	2741184	2730880
1789743616	120783	5469492	201	64528	16073	236023391	1773144522	87550	2738608	2730884
1789743647	120814	5468912	201	63787	15641	236055169	1773404614	87550	2738028	2730884
1789743677	120844	5477760	201	63973	15352	236130012	1773703723	87542	2746868	2730892
1789743708	120875	5481632	201	64800	16740	236181747	1773965683	87540	2750740	2730892
1789743738	120905	5469976	201	64645	16403	236259810	1774295874	87546	2739084	2730892
1789743769	120936	5469512	201	64940	16177	236308733	1774553697	87537	2738032	2731480
1789743799	120966	5471336	201	63945	14977	236361434	1774910124	87535	2740444	2730892
1789743830	120997	5480936	201	64666	15496	236439506	1775202041	87536	2750044	2730892
1789743860	121027	5477596	201	64488	15357	236493260	1775520144	87539	2746704	2730892
1789743891	121058	5468848	201	64849	15974	236572311	1775822374	87543	2738004	2730844
1789743921	121088	5470772	201	64025	16505	236621542	1776132315	87544	2739928	2730844
1789743952	121119	5476244	201	64291	14991	236675624	1776537014	87538	2745400	2730844
1789743982	121149	5468852	201	63545	15449	236751927	1776856967	87536	2738008	2730844
1789744013	121180	5468932	201	64135	15787	236828737	1777137867	87536	2738080	2730852
1789744043	121210	5468940	201	65918	17421	236880124	1777424185	87527	2738088	2730852
1789744073	121240	5472040	201	64908	15437	236960565	1777824051	87516	2741188	2730852
1789744104	121271	5468944	201	65433	16208	237008852	1778107653	87511	2738088	2730856
1789744134	121301	5469560	201	66233	17924	237083722	1778374278	87508	2738088	2731472
1789744164	121331	5470492	201	65686	17718	237137899	1778714588	87572	2739636	2730856
1789744195	121362	5468948	201	65271	17527	237193087	1779009894	87569	2738092	2730856
1789744225	121392	5473568	201	65911	16448	237295183	1779406323	87558	2742712	2730856
1789744256	121423	5470160	201	66274	16439	237349972	1779685900	87551	2739304	2730856
1789744286	121453	5472276	201	66556	17023	237398887	1779915224	87548	2741416	2730860
1789744317	121484	5468952	201	66645	17639	237474454	1780304775	87545	2738092	2730860
1789744347	121514	5471284	201	65965	17848	237527123	1780621388	87550	2740424	2730860
1789744378	121545	5468952	201	65629	17204	237607003	1781033377	87546	2738092	2730860
1789744408	121575	5475916	201	64381	16692	237685144	1781433824	87541	2745056	2730860
1789744439	121606	5468568	201	65713	15349	237763363	1781852266	87524	2737708	2730860
1789744469	121636	5470124	201	65336	16134	237816209	1782191752	87527	2739264	2730860
1789744500	121667	5470088	201	65857	16516	237864865	1782532657	87521	2739228	2730860
1789744530	121697	5475748	201	66354	16643	237947217	1782908501	87583	2744884	2730864
1789744561	121728	5468172	201	65757	16853	238020938	1783223091	87580	2736636	2731536
1789744591	121758	5489284	201	66015	17857	238073108	1783547145	87582	2758412	2730872
1789744621	121788	5479848	201	67101	17937	238151626	1783862578	87582	2745220	2734628
1789744652	121819	5471364	201	67610	18937	238224606	1784118186	87579	2736736	2734628
1789744682	121849	5471984	201	67331	17987	238304661	1784488475	87579	2737356	2734628
1789744712	121879	5472436	201	66245	16875	238353311	1784865237	87578	2737808	2734628
1789744743	121910	5475364	201	66884	17019	238415333	1785183115	87568	2740736	2734628
1789744774	121941	5478576	201	67067	17289	238489192	1785439145	87567	2743948	2734628
1789744804	121971	5470848	201	68352	17514	238542745	1785844077	87558	2736220	2734628
1789744835	122002	5470848	201	68188	17450	238619138	1786233623	87561	2736220	2734628
1789744865	122032	5472076	201	65554	15355	238698771	1786603167	87560	2737448	2734628
1789744895	122062	5479720	201	67008	14645	238751908	1787022778	87545	2744520	2735200
1789744926	122093	5470820	201	66255	15529	238800852	1787333784	87550	2736216	2734604
1789744956	122123	5483584	201	66894	16650	238879194	1787612084	87545	2748980	2734604
1789744987	122154	5477036	201	67186	16539	238928250	1787993125	87540	2742432	2734604
1789745017	122184	5483876	201	67254	15582	239034965	1788253591	87536	2749272	2734604
1789745048	122215	5483556	201	67328	15718	239083939	1788581221	87527	2748952	2734604
1789745078	122245	5472036	201	67428	16623	239133013	1788831044	87524	2737432	2734604
1789745109	122276	5473324	201	67660	17246	239190419	1789085602	87515	2738720	2734604
1789745139	122306	5484792	201	67428	16668	239239039	1789389186	87510	2750188	2734604
1789745170	122337	5474084	201	67496	14796	239344157	1789617597	87503	2739480	2734604
1789745201	122368	5480132	201	66813	15183	239368702	1789883109	87505	2745528	2734604
1789745231	122398	5472080	201	67320	16123	239442061	1790218464	87496	2737476	2734604
1789745262	122429	5472824	201	65941	14672	239500384	1790534838	87494	2738200	2734624
1789745292	122459	5485352	201	67018	14695	239573364	1790925412	87488	2749516	2735836
1789745323	122490	5491708	201	66638	14876	239656541	1791229903	87491	2757080	2734628
1789745354	122521	5473460	201	66706	15001	239705650	1791532563	87489	2738280	2735180
1789745384	122551	5470992	201	66784	16491	239754665	1791842780	87492	2736364	2734628
1789745415	122582	5488876	201	66778	15943	239810141	1792244869	87483	2754244	2734632
1789745446	122613	5471000	201	65346	16607	239908261	1792540715	87491	2736364	2734636
1789745476	122643	5480016	201	65259	15233	239966640	1792905124	87487	2745380	2734636
1789745506	122673	5471580	201	66204	15978	240039585	1793211162	87491	2736944	2734636
1789745537	122704	5475200	201	66080	16713	240092681	1793489221	87495	2740024	2735176
1789745567	122734	5506840	201	65555	16556	240147399	1793832442	87495	2772204	2734636
1789745598	122765	5484668	201	65113	15129	240195770	1794102375	87491	2750032	2734636
1789745628	122795	5494048	201	66274	16025	240278828	1794245817	87491	2759412	2734636
1789745659	122826	5471000	201	65644	16806	240327551	1794489326	87497	2736364	2734636
1789745689	122856	5471628	201	65556	15339	240405445	1794861860	87491	2736364	2735264
1789745720	122887	5477760	201	64180	14653	240434163	1795162097	87490	2742512	2735248
1789745750	122917	5479312	201	65753	15274	240532001	1795460257	87482	2744040	2735272
1789745781	122948	5472140	201	64417	14884	240591323	1795825814	87486	2737524	2734616
1789745811	122978	5483240	201	65787	15531	240639898	1796148344	87484	2748620	2734620
1789745842	123009	5473648	201	65940	16877	240688879	1796475554	87543	2738448	2735200
1789745872	123039	5472236	201	65447	14776	240745400	1796817394	87540	2737612	2734624
1789745902	123069	5470984	201	65813	15895	240843305	1797126763	87533	2736360	2734624
1789745933	123100	5470984	201	64226	15396	240901583	1797541203	87528	2736360	2734624
1789745963	123130	5487612	201	65897	16647	240950153	1797812212	87521	2752988	2734624
1789745994	123161	5476320	201	65589	16740	241057699	1798139972	87518	2741100	2735220
1789746024	123191	5476292	201	65708	17663	241081887	1798456957	87517	2741004	2735288
1789746055	123222	5472956	201	65472	17700	241179548	1798783991	87511	2738328	2734628
1789746085	123252	5497648	201	66490	16705	241264033	1799067958	87504	2762976	2734672
1789746116	123283	5481900	201	65267	15717	241312817	1799415108	87502	2747228	2734672
1789746146	123313	5477936	201	65366	16226	241395579	1799746279	87493	2743264	2734672
1789746177	123344	5472092	201	65432	17034	241444454	1800050212	87496	2737420	2734672
1789746207	123374	5471052	201	64727	16840	241527764	1800385002	87500	2736372	2734680
1789746238	123405	5471052	201	65907	17196	241551675	1800681429	87485	2736372	2734680
1789746268	123435	5476100	201	64616	16026	241681782	1801146703	87487	2741420	2734680
1789746299	123466	5472952	201	65502	17088	241705991	1801380612	87487	2738252	2734700
1789746330	123497	5473492	201	66282	18122	241779091	1801794389	87486	2738260	2735232
1789746360	123527	5484520	201	66070	17218	241856964	1802250224	87476	2749816	2734704
1789746390	123557	5475604	201	65965	18005	241930873	1802549247	87478	2740900	2734704
1789746421	123588	5474112	201	66188	18074	241988708	1802918664	87479	2739408	2734704
1789746451	123618	5483124	201	65945	17752	242061613	1803176104	87488	2748420	2734704
1789746482	123649	5477976	201	66746	17312	242145840	1803553545	87477	2742676	2735300
1789746512	123679	5472980	201	67762	18463	242194124	1803855554	87472	2738276	2734704
1789746543	123710	5475044	201	65276	16588	242298378	1804201186	87475	2740340	2734704
1789746573	123740	5472980	201	65291	16690	242322775	1804495209	87472	2738276	2734704
1789746604	123771	5472980	201	66054	17121	242395908	1804909751	87465	2738276	2734704
1789746634	123801	5487700	201	67033	16220	242453579	1805312942	87463	2752996	2734704
1789746665	123832	5474908	201	66774	16364	242526927	1805702746	87455	2740204	2734704
1789746695	123862	5472980	201	66353	16592	242608655	1806081360	87462	2738276	2734704
1789746725	123892	5472980	201	67374	16472	242657529	1806499203	87443	2738276	2734704
1789746756	123923	5483224	201	67316	17171	242733507	1806751840	87450	2738280	2744944
1789746786	123953	5483224	201	67661	17302	242787303	1807063164	87447	2738280	2744944
1789746816	123983	5483224	201	68205	17564	242836265	1807491141	87441	2738280	2744944
1789746847	124014	5483224	201	68512	18429	242917871	1807852819	87435	2738280	2744944
1789746877	124044	5483224	201	67939	18299	242991027	1808232952	87423	2738280	2744944
1789746908	124075	5485464	201	67109	16123	243073089	1808620830	87416	2740520	2744944
1789746938	124105	5490896	201	67475	16639	243169338	1808964145	87404	2745952	2744944
1789746969	124136	5484672	201	67249	16983	243231979	1809184787	87401	2739728	2744944
1789746999	124166	5506548	201	68121	17619	243280266	1809529491	87393	2761604	2744944
1789747030	124197	5483804	201	67591	18023	243353333	1809783278	87400	2738860	2744944
1789747060	124227	5488304	201	67517	16835	243414874	1810087321	87398	2743360	2744944
1789747091	124258	5484712	201	67640	16676	243488022	1810544625	87383	2739768	2744944
1789747121	124288	5484952	201	67251	16302	243546417	1810955014	87383	2739356	2745596
1789747152	124319	5486812	201	67666	15773	243620114	1811327230	87374	2741868	2744944
1789747183	124350	5483804	201	67665	17329	243671865	1811587080	87374	2738860	2744944
1789747213	124380	5483792	201	67829	17745	243722996	1811902155	87385	2738848	2744944
1789747244	124411	5492556	201	67047	16087	243824143	1812275772	87381	2747612	2744944
1789747274	124441	5493740	201	67362	16801	243876884	1812621977	87385	2748796	2744944
1789747305	124472	5485620	201	66591	15522	243952975	1812986134	87389	2740140	2745480
1789747335	124502	5491460	201	67199	16460	244030125	1813296756	87381	2746516	2744944
1789747365	124532	5488056	201	68201	17103	244078830	1813652319	87383	2743112	2744944
1789747396	124563	5483224	201	68316	17995	244129011	1813934561	87387	2738280	2744944
1789747426	124593	5486928	201	67049	15329	244206821	1814331311	87449	2742028	2744900
1789747457	124624	5485556	201	66799	15163	244284144	1814625530	87449	2740636	2744920
1789747488	124655	5499132	201	67733	16179	244339261	1814866362	87442	2754208	2744924
1789747518	124685	5505336	201	67268	15847	244388155	1815084280	87444	2760412	2744924
1789747549	124716	5489320	201	67316	16902	244439854	1815437923	87448	2744396	2744924
1789747579	124746	5493836	201	68233	15740	244517754	1815829449	87444	2748912	2744924
1789747609	124776	5483536	201	68453	14865	244595823	1816214995	87444	2738612	2744924
1789747640	124807	5490844	201	66868	14669	244647917	1816558635	87433	2745920	2744924
1789747670	124837	5484780	201	69482	15204	244696833	1816929939	87413	2739256	2745524
1789747701	124868	5490336	201	69226	16154	244778459	1817271385	87416	2745400	2744936
1789747731	124898	5498208	201	69260	16473	244852112	1817601015	87411	2753272	2744936
1789747762	124929	5483268	201	68964	16864	244903234	1817909634	87406	2738332	2744936
1789747792	124959	5483268	201	68547	16989	244956550	1818268663	87411	2738332	2744936
1789747823	124990	5483848	201	68524	16959	245033952	1818562391	87403	2738912	2744936
1789747853	125020	5484844	201	68045	17235	245088709	1818865242	87402	2739908	2744936
1789747884	125051	5483848	201	67039	16812	245161796	1819181912	87399	2738912	2744936
1789747914	125081	5484816	201	67509	17346	245243168	1819547040	87385	2739880	2744936
1789747944	125111	5502520	201	67646	16051	245291920	1819866777	87376	2757584	2744936
1789747975	125142	5492884	201	67468	16282	245366471	1820152610	87380	2747948	2744936
1789748005	125172	5483268	201	66695	16335	245421307	1820399885	87382	2738332	2744936
1789748036	125203	5483268	201	66924	16715	245446112	1820688123	87378	2738332	2744936
1789748066	125233	5490304	201	66882	16123	245524005	1821170158	87374	2745368	2744936
1789748097	125264	5484208	201	66471	15016	245600569	1821572763	87444	2739272	2744936
1789748127	125294	5492384	201	67622	15077	245678274	1822082035	87427	2747448	2744936
1789748158	125325	5486132	201	66794	15408	245728574	1822360967	87438	2741196	2744936
1789748189	125356	5483092	201	66877	16513	245802998	1822718095	87440	2738156	2744936
1789748219	125386	5483092	201	65968	16845	245881332	1823058241	87447	2738156	2744936
1789748250	125417	5485432	201	65810	15854	245930750	1823458234	87441	2740496	2744936
1789748280	125447	5483092	201	65755	16369	245984494	1823710867	87444	2738156	2744936
1789748311	125478	5485644	201	66583	15078	246083958	1824070432	87432	2740708	2744936
1789748341	125508	5483092	201	67214	15204	246113486	1824428029	87432	2738156	2744936
1789748372	125539	5488904	201	66687	16569	246214990	1824693279	87439	2743416	2745488
1789748403	125570	5485084	201	66365	17203	246270103	1825002146	87440	2740148	2744936
1789748433	125600	5484224	201	66142	16946	246347927	1825266774	87438	2739288	2744936
1789748463	125630	5493448	201	65579	14183	246396571	1825586669	87436	2748512	2744936
1789748494	125661	5489012	201	66091	14510	246451105	1825864945	87430	2744076	2744936
1789748524	125691	5489988	201	66240	14825	246527314	1826127279	87431	2745052	2744936
1789748554	125721	5481788	201	65541	15781	246579564	1826421309	87431	2736852	2744936
1789748585	125752	5481176	201	64986	15796	246655362	1826772322	87430	2736240	2744936
1789748615	125782	5481176	201	65941	15547	246679898	1827093276	87425	2736240	2744936
1789748645	125812	5481852	201	65860	16358	246758068	1827383615	87423	2736916	2744936
1789748676	125843	5482288	201	65361	16942	246832806	1827696698	87422	2737352	2744936
1789748706	125873	5481196	201	66193	17585	246883308	1828143529	87407	2736260	2744936
1789748737	125904	5481196	201	66610	16322	246982254	1828453040	87402	2736260	2744936
1789748767	125934	5483856	201	65898	14898	247035470	1828742127	87399	2738920	2744936
1789748798	125965	5482452	201	66325	15936	247112411	1829017318	87385	2737516	2744936
1789748828	125995	5481196	201	66332	16402	247161025	1829246980	87387	2736260	2744936
1789748859	126026	5487272	201	65946	16965	247238692	1829524253	87388	2742336	2744936
1789748889	126056	5481196	201	66039	17250	247294410	1829812009	87382	2736260	2744936
1789748920	126087	5493124	201	66467	15994	247348095	1830148797	87385	2748188	2744936
1789748950	126117	5481196	201	66772	16942	247450046	1830480455	87379	2736260	2744936
1789748981	126148	5481196	201	65913	16878	247503455	1830745362	87381	2736260	2744936
1789749011	126178	5481196	201	66029	17852	247552131	1831037935	87387	2736260	2744936
1789749042	126209	5482040	201	65508	16489	247634062	1831461389	87451	2737104	2744936
1789749072	126239	5481196	201	65270	16656	247707740	1831769618	87461	2736260	2744936
1789749102	126269	5494664	201	65188	16498	247758732	1832100468	87449	2749728	2744936
1789749133	126300	5484956	201	65229	16809	247811177	1832423136	87451	2740016	2744940
1789749163	126330	5486148	201	64557	16844	247887231	1832754916	87456	2741208	2744940
1789749193	126360	5493384	201	66069	17738	247963691	1833183171	87440	2748444	2744940
1789749224	126391	5485532	201	66751	17548	247988394	1833418128	87432	2740592	2744940
1789749255	126422	5485480	201	66693	16960	248091278	1833766935	87435	2740540	2744940
1789749285	126452	5485572	201	66637	16460	248139692	1834034069	87427	2740632	2744940
1789749316	126483	5491724	201	67244	17728	248187811	1834260380	87427	2747020	2744704
1789749346	126513	5489580	201	67049	18593	248275912	1834499672	87429	2744840	2744740
1789749377	126544	5486808	201	66564	18096	248349162	1834801389	87430	2740008	2746800
1789749407	126574	5487136	201	65784	17133	248409262	1835125436	87432	2740336	2746800
1789749437	126604	5489424	201	65863	17550	248458075	1835407756	87425	2742624	2746800
1789749468	126635	5491956	201	64968	16148	248535641	1835773071	87425	2745152	2746804
1789749498	126665	5488756	201	65078	16830	248613646	1836180318	87413	2741952	2746804
1789749528	126695	5503484	201	66068	15450	248662744	1836505362	87401	2756680	2746804
1789749559	126726	5493432	201	66373	16135	248721268	1836888563	87396	2746628	2746804
1789749589	126756	5488424	201	66145	16092	248794889	1837287768	87391	2741616	2746808
1789749620	126787	5490764	201	66215	16813	248872418	1837626859	87385	2743956	2746808
1789749650	126817	5486816	201	66804	17736	248921221	1837965965	87379	2740008	2746808
1789749681	126848	5486752	201	66443	16510	248998363	1838326964	87380	2740008	2746744
1789749711	126878	5486792	201	66874	16945	249051054	1838673901	87370	2740008	2746784
1789749742	126909	5487332	201	67251	18004	249154893	1838920449	87368	2740008	2747324
1789749772	126939	5487200	201	65776	16648	249204849	1839214914	87363	2740416	2746784
1789749803	126970	5490804	201	65096	17250	249253708	1839462738	87363	2744020	2746784
1789749833	127000	5497780	201	65523	17334	249335538	1839763068	87354	2750996	2746784
1789749864	127031	5503084	201	67057	16024	249408700	1840079008	87343	2756300	2746784
1789749894	127061	5489664	201	68007	17050	249461266	1840399115	87342	2742876	2746788
1789749925	127092	5489084	201	67580	17053	249516407	1840670503	87343	2742296	2746788
1789749955	127122	5489620	201	66620	17308	249619050	1841016691	87345	2742832	2746788
1789749986	127153	5489676	201	66650	17596	249672817	1841369457	87346	2742888	2746788
1789750016	127183	5489084	201	67617	17948	249751285	1841705974	87342	2742296	2746788
1789750047	127214	5489232	201	67048	15716	249827817	1842118224	87344	2742444	2746788
1789750077	127244	5495804	201	67309	15891	249901548	1842491875	87329	2749016	2746788
1789750108	127275	5493604	201	69101	16475	249954813	1842825960	87311	2746816	2746788
1789750139	127306	5489348	201	68242	16496	250028003	1843164687	87323	2742560	2746788
1789750169	127336	5496456	201	68859	16927	250077860	1843429718	87318	2749656	2746800
1789750200	127367	5495456	201	69012	16959	250130488	1843733810	87320	2748680	2746776
1789750230	127397	5500780	201	69600	17451	250203572	1843948939	87317	2754004	2746776
1789750260	127427	5490160	201	69683	17866	250285717	1844237238	87311	2743384	2746776
1789750291	127458	5495096	201	69075	17399	250334227	1844599534	87310	2748320	2746776
1789750321	127488	5513044	201	69908	16233	250420223	1844915086	87303	2766268	2746776
1789750351	127518	5510916	201	69628	16887	250469139	1845182390	87294	2764140	2746776
1789750382	127549	5489292	201	70478	17075	250546994	1845549269	87284	2741884	2747408
1789750412	127579	5489136	201	69471	16367	250601391	1845889887	87284	2742360	2746776
1789750443	127610	5492688	201	68212	16293	250703710	1846293043	87280	2745912	2746776
1789750474	127641	5497388	201	67707	16349	250731454	1846588254	87276	2750612	2746776
1789750504	127671	5497008	201	69301	14774	250804793	1846983716	87266	2750232	2746776
1789750535	127702	5505116	201	69632	15886	250909322	1847411083	87254	2758340	2746776
1789750565	127732	5495200	201	69522	17168	250958197	1847739113	87251	2748424	2746776
1789750596	127763	5494692	201	67413	16339	251010824	1848079217	87258	2747916	2746776
1789750626	127793	5494692	201	67181	16672	251063990	1848347191	87255	2747916	2746776
1789750657	127824	5494712	201	67580	16755	251138820	1848649210	87253	2747916	2746796
1789750688	127855	5497728	201	68497	17632	251187795	1849024434	87241	2750932	2746796
1789750718	127885	5500012	201	68185	16612	251240497	1849389394	87296	2753216	2746796
1789750749	127916	5497676	201	68281	17144	251343041	1849736176	87289	2750880	2746796
1789750779	127946	5506296	201	67965	16144	251398315	1850051964	87285	2759500	2746796
1789750810	127977	5504672	201	68058	16236	251478958	1850328587	87292	2757272	2747400
1789750840	128007	5496188	201	68172	17167	251533438	1850590432	87295	2749392	2746796
1789750870	128037	5494712	201	66987	16880	251610818	1850961572	87302	2747916	2746796
1789750901	128068	5494712	201	67749	16856	251659697	1851332842	87292	2747916	2746796
1789750931	128098	5497416	201	67025	15147	251735045	1851761308	87292	2750620	2746796
1789750962	128129	5496468	201	68070	16453	251787114	1851981308	87293	2748496	2747972
1789750992	128159	5499168	201	67736	16873	251839227	1852276222	87299	2752372	2746796
1789751023	128190	5499984	201	67683	16815	251915054	1852706945	87298	2753188	2746796
1789751054	128221	5495316	201	69221	17254	251991271	1853126164	87290	2748520	2746796
1789751084	128251	5494712	201	68580	15703	252069515	1853429994	87296	2747916	2746796
1789751115	128282	5486460	201	68569	17967	252094085	1853658316	87296	2740044	2746416
1789751145	128312	5487592	201	68628	16350	252169619	1854040537	87288	2741176	2746416
1789751176	128343	5486460	201	69325	16989	252246417	1854363940	87286	2740044	2746416
1789751206	128373	5497204	201	69001	15863	252298505	1854687697	87283	2750788	2746416
1789751237	128404	5489940	201	69027	16800	252375238	1854876968	87279	2743524	2746416
1789751267	128434	5494680	201	69153	17090	252447847	1855173300	87279	2748264	2746416
1789751298	128465	5486416	201	69159	17391	252506548	1855498056	87272	2740028	2746388
1789751328	128495	5486416	201	69363	16613	252561067	1855825467	87271	2740028	2746388
1789751359	128526	5495324	201	68069	15527	252640504	1856194862	87272	2748936	2746388
1789751389	128556	5487952	201	69209	16238	252716726	1856592243	87254	2741564	2746388
1789751420	128587	5486984	201	68617	15787	252769667	1856831122	87248	2740596	2746388
1789751450	128617	5494392	201	68236	16621	252844848	1857204355	87247	2743904	2750488
1789751481	128648	5491320	201	68381	16278	252893923	1857586330	87237	2744932	2746388
1789751511	128678	5485116	201	67568	15911	252945992	1857791167	87233	2738728	2746388
1789751542	128709	5491040	201	66910	15543	253024162	1858205798	87290	2744652	2746388
1789751572	128739	5484544	201	67063	16781	253077633	1858482231	87306	2738156	2746388
1789751603	128770	5493880	201	65825	16211	253126179	1858741950	87301	2747492	2746388
1789751634	128801	5487472	201	65934	16939	253204059	1859055271	87306	2741084	2746388
1789751664	128831	5486448	201	65835	17006	253256741	1859392472	87304	2740060	2746388
1789751695	128862	5485592	201	66610	17592	253310041	1859678800	87294	2739204	2746388
1789751725	128892	5485708	201	66410	17531	253383235	1859939875	87301	2739320	2746388
1789751755	128922	5485932	201	66268	17074	253467934	1860274959	87304	2738844	2747088
1789751786	128953	5494248	201	66127	17152	253541138	1860518234	87298	2747860	2746388
1789751816	128983	5488968	201	65980	17567	253599564	1860809518	87300	2738824	2750144
1789751847	129014	5489460	201	65869	17573	253623689	1861092686	87301	2739316	2750144
1789751877	129044	5488300	201	64736	17726	253697063	1861373223	87311	2738156	2750144
1789751908	129075	5488716	201	65229	17523	253752636	1861710059	87307	2738572	2750144
1789751938	129105	5491888	201	64234	15020	253825982	1862169382	87299	2741744	2750144
1789751968	129135	5488300	201	63781	15118	253901604	1862431898	87302	2738156	2750144
1789751999	129166	5501024	201	64059	16236	253950290	1862636780	87306	2750956	2750068
1789752030	129197	5489120	201	64619	16741	253974886	1863041525	87302	2739036	2750084
1789752060	129227	5488284	201	64618	16664	254082773	1863296218	87309	2738152	2750132
1789752091	129258	5490164	201	65102	15657	254131682	1863615657	87298	2740032	2750132
1789752121	129288	5490164	201	64625	16661	254185376	1863852520	87303	2740032	2750132
1789752151	129318	5491296	201	62914	15598	254264091	1864205961	87306	2741164	2750132
1789752182	129349	5495684	201	64102	17256	254341704	1864537633	87298	2745552	2750132
1789752212	129379	5504200	201	64878	16089	254393385	1864776570	87297	2754068	2750132
1789752243	129410	5510004	201	65183	15876	254466557	1865080536	87283	2759872	2750132
1789752273	129440	5495036	201	65255	17043	254515051	1865257501	87283	2744284	2750752
1789752304	129471	5491204	201	64235	15987	254595625	1865623965	87282	2741072	2750132
1789752334	129501	5490644	201	65425	16689	254648702	1865885130	87336	2740512	2750132
1789752365	129532	5492176	201	65440	15234	254704010	1866227289	87326	2742044	2750132
1789752395	129562	5493640	201	66183	15722	254779562	1866650258	87310	2743508	2750132
1789752426	129593	5490184	201	66411	15745	254828328	1867012928	87308	2740052	2750132
1789752456	129623	5490184	201	66323	16108	254880312	1867262603	87306	2740052	2750132
1789752487	129654	5493296	201	66282	17143	254981350	1867674731	87296	2743164	2750132
1789752518	129685	5494844	201	65081	15993	255031542	1868018545	87300	2744712	2750132
1789752548	129715	5490184	201	67526	15036	255109045	1868422698	87273	2740052	2750132
1789752578	129745	5491576	201	68993	16115	255188926	1868679516	87271	2741444	2750132
1789752609	129776	5504644	201	69292	16866	255245009	1869004937	87273	2754512	2750132
1789752639	129806	5493140	201	68339	17726	255294005	1869316041	87279	2742552	2750588
1789752670	129837	5498624	201	68771	17431	255378223	1869614151	87283	2748036	2750588
1789752700	129867	5495212	201	68841	17047	255450992	1869875526	87282	2744624	2750588
1789752730	129897	5497240	201	66673	14428	255537590	1870179541	87281	2746652	2750588
1789752761	129928	5492024	201	67225	15428	255561885	1870401638	87280	2741680	2750344
1789752791	129958	5509548	201	67374	16714	255635107	1870641262	87282	2759140	2750408
1789752822	129989	5492088	201	67239	17373	255693479	1870916808	87287	2741680	2750408
1789752853	130020	5492680	201	67221	15452	255766474	1871404817	87284	2742272	2750408
1789752883	130050	5492428	201	67169	14559	255851066	1871734431	87290	2742020	2750408
1789752914	130081	5486736	201	65499	13519	255875537	1871997365	87282	2738968	2747768
1789752944	130111	5489636	201	67663	14786	255924522	1872220458	87278	2741868	2747768
1789752974	130141	5506260	201	67301	15509	256002356	1872581359	87282	2758492	2747768
1789753005	130172	5486780	201	67825	16632	256075946	1872916992	87284	2739012	2747768
1789753035	130202	5498084	201	65984	14872	256127572	1873231994	87282	2744024	2754060
1789753065	130232	5493072	201	64714	14311	256181505	1873430282	87299	2739012	2754060
1789753096	130263	5493072	201	64587	15465	256254672	1873807110	87287	2739012	2754060
1789753126	130293	5493076	201	63576	15252	256344874	1874053673	87280	2739012	2754064
1789753156	130323	5495288	201	65090	16294	256393434	1874422229	87273	2741224	2754064
1789753187	130354	5501964	201	65371	16695	256478052	1874670417	87264	2747892	2754072
1789753217	130384	5495356	201	65029	15020	256526794	1875026485	87254	2741284	2754072
1789753248	130415	5494968	201	66148	16068	256605525	1875258983	87259	2740896	2754072
1789753278	130445	5521964	201	65874	15732	256685595	1875554898	87249	2767892	2754072
1789753309	130476	5499264	201	66320	16889	256734625	1875948539	87247	2745188	2754076
1789753340	130507	5507164	201	66561	16661	256792774	1876286821	87243	2753088	2754076
1789753370	130537	5499768	201	66025	16780	256865934	1876703385	87249	2745692	2754076
1789753401	130568	5494980	201	65918	16521	256948432	1876930168	87243	2740904	2754076
1789753432	130599	5495660	201	64197	14268	256997507	1877265888	87239	2741584	2754076
1789753462	130629	5506400	201	65460	15593	257075296	1877611418	87235	2751640	2754760
1789753493	130660	5494980	201	65232	15294	257126596	1877998699	87224	2740904	2754076
1789753523	130690	5495368	201	65661	16982	257200063	1878276582	87231	2741288	2754080
1789753554	130721	5496188	201	65234	16763	257259522	1878656686	87229	2742108	2754080
1789753584	130751	5497704	201	64899	15624	257332360	1878970940	87224	2743608	2754096
1789753615	130782	5497420	201	65830	16810	257388538	1879267299	87224	2743308	2754112
1789753645	130812	5495024	201	66251	16775	257467542	1879621232	87217	2740904	2754120
1789753675	130842	5497416	201	66240	16453	257545746	1879908833	87214	2743264	2754152
1789753706	130873	5499160	201	66412	17253	257603225	1880191162	87212	2744996	2754164
1789753736	130903	5506060	201	66851	17397	257652034	1880480326	87206	2751896	2754164
1789753767	130934	5495608	201	67124	16138	257760711	1880817298	87196	2741444	2754164
1789753797	130964	5498432	201	66610	16543	257809314	1881089192	87206	2744276	2754156
1789753828	130995	5495104	201	66235	17067	257865920	1881429776	87207	2740948	2754156
1789753858	131025	5498440	201	66509	16812	257943103	1881745003	87204	2744280	2754160
1789753889	131056	5501212	201	66586	17545	258020578	1882109780	87199	2747040	2754172
1789753919	131086	5497572	201	67539	18211	258074628	1882482863	87196	2742604	2754968
1789753950	131117	5495984	201	67594	16820	258123704	1882805695	87191	2741016	2754968
1789753980	131147	5498816	201	66624	14840	258205578	1883197693	87181	2743848	2754968
1789754010	131177	5496092	201	67375	16004	258254814	1883458088	87175	2741020	2755072
1789754041	131208	5498044	201	67150	16063	258364515	1883711944	87167	2742972	2755072
1789754071	131238	5497312	201	67766	16854	258413137	1883966291	87221	2742216	2755096
1789754102	131269	5497348	201	67015	16982	258491380	1884247455	87224	2742180	2755168
1789754132	131299	5496916	201	67289	17737	258546850	1884560608	87217	2741748	2755168
1789754163	131330	5496192	201	67216	17656	258595342	1884843302	87213	2741024	2755168
1789754193	131360	5501336	201	67137	15228	258682311	1885289486	87204	2746168	2755168
1789754224	131391	5501104	201	67959	16543	258755337	1885608946	87191	2753448	2747656
1789754254	131421	5491800	201	67899	16288	258839932	1885917814	87191	2744132	2747668
1789754285	131452	5489228	201	67102	16158	258888627	1886339292	87190	2741560	2747668
1789754316	131483	5509552	201	66669	16884	258964389	1886573939	87191	2761884	2747668
1789754346	131513	5492944	201	66930	16899	259018858	1886941595	87187	2745276	2747668
1789754377	131544	5497140	201	66723	17130	259067238	1887246148	87186	2749456	2747684
1789754407	131574	5489288	201	66637	17604	259147315	1887547790	87191	2741604	2747684
1789754438	131605	5490924	201	65769	16244	259220390	1887977207	87193	2743240	2747684
1789754468	131635	5489900	201	67048	16089	259303364	1888268891	87191	2742216	2747684
1789754498	131665	5493512	201	66549	16302	259352516	1888634793	87185	2745828	2747684
1789754529	131696	5492164	201	66838	16850	259430651	1888843642	87188	2744480	2747684
1789754560	131727	5498924	201	66535	16938	259487444	1889113983	87193	2751236	2747688
1789754590	131757	5489320	201	66568	17631	259536532	1889404683	87198	2741604	2747716
1789754621	131788	5489320	201	66261	17451	259620044	1889674274	87197	2741604	2747716
1789754651	131818	5490036	201	66358	15896	259693365	1890053125	87199	2742320	2747716
1789754682	131849	5489992	201	65174	16395	259779059	1890339233	87193	2742276	2747716
1789754712	131879	5489472	201	66671	17396	259803687	1890488809	87198	2741716	2747756
1789754743	131910	5501168	201	66488	16348	259877086	1890985364	87185	2753412	2747756
1789754773	131940	5489472	201	65993	16185	259955780	1891285785	87184	2741716	2747756
1789754803	131970	5495856	201	66213	15662	260004475	1891572613	87180	2747548	2748308
1789754834	132001	5490144	201	65639	15759	260084715	1891817999	87178	2742388	2747756
1789754864	132031	5492912	201	65867	15995	260133740	1892147080	87173	2744508	2748404
1789754895	132062	5494080	201	66754	16981	260182804	1892481737	87172	2742224	2751856
1789754925	132092	5488904	201	65549	17222	260238829	1892765142	87169	2741148	2747756
1789754956	132123	5488952	201	64708	15560	260311965	1893026526	87165	2741196	2747756
1789754986	132153	5487040	201	65282	16612	260395220	1893279098	87225	2739284	2747756
1789755017	132184	5487732	201	65751	17820	260468253	1893591985	87217	2739976	2747756
1789755047	132214	5491068	201	64533	16431	260546617	1893946875	87222	2742916	2748152
1789755078	132245	5488344	201	65665	16844	260578875	1894241087	87207	2740192	2748152
1789755108	132275	5503028	201	65147	15560	260682087	1894531046	87199	2754876	2748152
1789755139	132306	5487452	201	65098	16160	260737595	1894846795	87196	2739300	2748152
1789755170	132337	5487072	201	66349	16860	260786529	1895151294	87196	2739304	2747768
1789755200	132367	5490828	201	65354	17091	260868470	1895495454	87196	2739304	2751524
1789755231	132398	5490828	201	65644	17191	260941620	1895868646	87192	2739304	2751524
1789755261	132428	5490828	201	65633	17475	260995363	1896166952	87193	2739304	2751524
1789755292	132459	5497420	201	65630	16625	261048403	1896501689	87189	2745896	2751524
1789755322	132489	5490776	201	65729	15626	261148216	1896879637	87180	2739304	2751472
1789755353	132520	5495036	201	65529	15838	261201242	1897196819	87187	2743564	2751472
1789755383	132550	5490828	201	64913	16859	261250638	1897436796	87194	2739304	2751524
1789755414	132581	5490828	201	65010	17040	261307123	1897750857	87193	2739304	2751524
1789755444	132611	5490828	201	64507	16490	261383459	1897952650	87199	2739304	2751524
1789755475	132642	5490828	201	62752	14477	261463006	1898304174	87196	2739304	2751524
1789755505	132672	5496136	201	64893	15349	261541368	1898599281	87185	2744612	2751524
1789755536	132703	5494120	201	64674	16199	261596077	1898835155	87186	2742596	2751524
1789755566	132733	5497236	201	64986	16804	261669220	1899175580	87184	2745712	2751524
1789755597	132764	5491996	201	63209	15985	261727766	1899393905	87189	2740572	2751424
1789755627	132794	5515356	201	64141	14682	261781124	1899748226	87139	2763956	2751400
