ts	elapsed	proc_cpu_pct	main_cpu_pct	lag_max_ms	lag_p50_ms	dl_active	dl_slots	dl_transferring	scraper_queued	scraper_active_kb	gc_max_ms	gc_total_ms	frontier	pqueues	robots_cached	robots_inflight	dns_cached	crawled	discovered	dupe_skipped	rss_mb	requests	responses	exceptions
1789622865	31	90.5	89.7	981	52	2986	1142	250	0	14914	383	1615	33103	1188	1238	342	1494	680	36535	11772	693	5564	3036	242
1789622895	61	98.5	97.9	1510	688	2974	2009	317	0	12511	536	2101	80272	3194	2163	420	2477	1825	85188	42039	826	8196	5706	468
1789622926	92	97.6	97.0	1979	886	3077	2868	422	0	18840	761	3247	123813	5488	3141	480	3483	2910	130231	69157	918	10818	8326	694
1789622957	123	97.5	96.7	3136	939	2951	3865	325	0	25673	905	2929	172403	8191	4096	523	4484	3849	179993	90137	1034	13282	10784	948
1789622987	153	97.4	96.7	3866	1102	2904	4440	421	0	11683	979	3234	216845	9417	5119	586	5622	5005	226201	115509	1082	15988	13447	1207
1789623017	183	96.6	95.9	2907	1402	2877	5496	481	0	17262	1114	3463	256605	11462	6231	579	6794	5949	266862	138967	1216	18649	16106	1469
1789623047	213	97.1	96.3	3256	1605	2955	5731	460	0	20284	1313	3775	296629	13372	7254	698	7818	6916	308513	165097	1272	21272	18592	1957
1789623076	241	97.4	96.6	2894	1653	2954	7006	536	0	20840	1324	2545	342344	15158	8426	667	9063	7715	355464	178880	1388	23902	20975	2330
1789623105	271	97.4	96.7	4517	1567	2992	5742	431	0	9570	1477	4072	384804	16641	9508	749	10228	8644	399088	198445	1392	26365	23275	2895
1789623136	302	97.8	97.2	4794	2157	3137	7164	711	0	18675	1505	4123	436576	18713	10445	740	11201	9415	452238	211206	1477	28683	25255	3385
1789623166	332	97.9	96.9	5079	1739	2819	5886	648	0	29623	1707	4671	474179	20485	11483	695	11989	10268	491228	233504	1538	31169	27592	4082
1789623198	364	97.4	96.8	4367	1561	3003	7766	624	0	16583	1655	6413	514333	21513	12597	769	13190	11318	533233	255256	1572	33970	29884	4820
1789623229	395	97.7	96.3	4678	1896	3110	6395	589	0	21740	2095	5385	557297	23524	13661	915	14456	12262	577492	278675	1613	36426	32066	5678
1789623257	423	96.9	96.1	3372	1425	3072	7986	488	0	33303	1839	5039	583948	24405	14921	937	15704	13121	605783	295695	1696	39384	35063	6078
1789623286	452	97.7	97.1	5866	1879	2998	6072	507	0	14565	1882	3267	628965	25448	16018	805	16625	13889	651724	326629	1759	41874	36995	6984
1789623319	485	97.3	95.8	3766	1787	3009	7918	745	0	29274	2201	7943	662106	26379	17286	838	17944	14795	686535	348830	1777	44848	39666	7583
1789623346	512	97.0	96.0	3975	1618	2950	6274	638	0	18861	2228	3747	694635	27165	18442	783	19109	15540	720485	364959	1791	47465	41741	8574
1789623377	543	96.3	95.6	4261	2134	3113	8081	587	0	29296	2343	6077	728894	28014	19633	940	20280	16361	756303	380915	1818	50167	43958	9562
1789623406	571	98.1	97.4	5029	1943	2911	6220	493	0	26859	2343	6028	762994	28854	20624	895	21286	17087	791708	396768	1823	52265	45802	10460
1789623436	602	97.5	96.1	4799	2106	2887	8015	718	0	27652	2548	6446	795348	29162	21800	899	22553	17853	825583	415642	1838	54889	47782	11523
1789623466	632	97.0	95.6	4838	1704	2878	6332	902	0	7925	2536	6327	828616	30055	23210	761	23556	18402	860455	424719	1815	57439	49486	13059
1789623501	666	96.6	96.0	6898	1315	1977	7764	329	0	27518	2445	6418	873863	31568	24168	627	24483	19488	907070	452297	1847	59512	51779	14080
1789623526	691	96.6	95.8	6171	2018	3535	6208	442	0	6708	2418	3538	904505	31618	25183	1134	25221	20191	939423	473992	1858	62257	53160	14838
1789623563	729	97.7	96.6	4117	1547	2121	7743	493	0	43771	2505	9031	944715	32867	26545	601	26684	21169	981108	496410	1889	64824	56029	16038
1789623586	752	97.3	96.0	8139	2648	2082	5822	490	0	16753	2703	3901	969098	33485	27341	532	27387	21894	1006815	517673	1890	66854	57525	16921
1789623620	786	97.5	94.8	5747	1413	3059	8390	781	0	11551	2806	9751	993746	34018	28609	1106	28988	22689	1033819	532487	1900	70363	59965	18318
1789623650	816	96.5	95.6	6625	1495	2822	6875	892	0	26218	2610	6724	1025291	35624	29987	1047	30076	23745	1067061	545173	1922	73276	62335	19597
1789623677	843	96.6	96.0	5475	1543	2306	8401	443	0	40201	2682	4146	1052297	36507	31180	701	31240	24396	1095498	559588	1957	75736	64389	20753
1789623707	873	97.1	96.1	7969	1844	2346	6719	580	0	31095	2777	6779	1087108	37413	31890	921	32169	25234	1131311	579209	1954	77890	66139	21609
1789623736	902	97.0	96.1	6212	1799	2856	8836	930	0	21266	2727	7080	1112106	37997	33206	951	33199	25838	1158228	590677	1943	80969	68355	22811
1789623768	934	96.7	95.9	5977	3266	2940	7176	971	0	13978	2841	7142	1149039	38702	34237	949	34369	26682	1196701	609267	1959	83360	69800	24238
1789623797	962	97.0	96.3	3897	2017	2857	9169	833	0	26650	2857	4636	1176130	39403	35495	863	35461	27407	1226395	629152	1986	86210	71880	25833
1789623827	993	96.6	95.8	4978	3751	2974	7103	876	0	19957	2801	7239	1203009	39734	36449	1023	36600	28237	1254203	653856	1999	88566	73319	27238
1789623857	1023	96.8	96.1	4420	2524	3203	9280	1431	0	13858	2842	7299	1228221	39859	37653	1025	37507	28937	1283521	670092	2009	91689	75490	28483
1789623888	1054	96.8	96.3	6159	2761	2918	7112	1022	0	27288	3004	7190	1253709	39910	38615	982	38697	29705	1319154	688114	2015	94004	77328	29878
1789623919	1085	96.4	95.9	5780	1913	1635	8675	365	0	47391	3073	4741	1285194	40000	39712	616	39456	30540	1359339	716885	2054	96190	79382	31525
1789623947	1113	95.8	94.8	7358	2394	3762	7710	1766	0	6392	2851	7029	1307163	39258	40787	1333	40359	31209	1387083	736867	2016	99743	81119	32487
1789623978	1144	95.5	94.2	7142	2974	3590	9069	1756	0	21135	2991	7083	1326752	39869	41843	1196	42065	31911	1431455	747706	2024	102131	83339	33071
1789624006	1172	95.8	95.3	6540	2047	3187	6463	1265	0	5741	3326	4715	1340512	39491	42921	995	42553	32402	1482514	759586	2032	104067	84108	35364
1789624039	1205	97.4	96.7	7644	1764	2523	8299	916	0	77093	2969	7661	1370433	40000	43918	1056	43920	33240	1516029	785869	2109	106453	86745	36520
1789624072	1238	96.4	95.8	6357	3071	2745	7629	984	0	26392	3187	7503	1400039	39968	45072	1017	44831	34179	1552826	817382	2069	108890	87807	38596
1789624096	1262	95.9	94.9	6109	1808	2520	9459	564	0	9314	3163	4590	1419717	39864	46194	914	45859	34754	1573655	838675	2062	111321	89306	40498
1789624126	1292	96.3	95.4	7256	2107	3446	8027	1517	0	5432	3171	7931	1438801	39471	47360	1185	46587	35584	1602561	859298	2075	114678	91050	42108
1789624159	1325	96.3	95.8	9092	1379	2740	10046	989	0	37157	3140	7879	1463499	40000	48710	852	47827	36351	1630076	878865	2094	117494	93534	43577
1789624190	1356	94.6	93.6	4734	1994	3050	8207	947	0	13658	3176	7970	1480256	39973	50000	1091	49321	37299	1654788	896790	2087	120495	95566	45343
1789624216	1381	92.6	91.7	5149	2691	2861	9867	921	0	15078	3286	4865	1497222	40000	50000	904	50466	38171	1682535	910603	2062	122785	97061	46875
1789624247	1413	95.8	94.2	5350	1727	3097	8119	762	0	22220	3665	8777	1514072	39973	50000	1136	51495	38935	1705622	927059	2034	126172	99498	48189
1789624278	1444	95.8	93.5	5866	2925	1782	9795	620	0	50230	3590	8351	1530661	40000	50000	655	52586	39655	1730969	946219	2012	128548	101626	50271
1789624308	1474	94.9	94.0	6246	2391	2920	7553	535	0	21252	3025	7563	1556136	40000	50000	1414	53514	40487	1764724	966125	2001	131268	103088	52005
1789624338	1504	93.9	93.3	5039	2432	2800	9757	906	0	26051	3211	7743	1576302	40000	50000	1069	54824	41115	1787403	983097	1984	134328	104939	53424
1789624368	1534	92.4	91.5	5838	1822	2608	7570	1049	0	20302	2931	7653	1597582	39773	50000	903	55815	41761	1817561	996888	1971	136601	106104	55763
1789624396	1562	94.0	93.2	5676	3249	2652	9562	951	0	15724	3018	7631	1615955	39998	50000	910	57010	42388	1837548	1016736	1976	139286	107792	57523
1789624430	1596	94.5	93.4	6222	2296	2870	8059	1213	0	19439	3041	10522	1636192	40000	50000	1071	57886	43055	1861935	1036789	1969	142203	109641	59289
1789624462	1628	92.6	91.3	5628	1467	3420	10514	859	0	27014	3254	8333	1649729	39726	49974	1395	58983	43666	1878740	1057176	1967	145440	111889	61556
1789624489	1655	95.4	94.2	4695	2809	3048	7358	1258	0	11347	3094	7359	1668687	39800	50000	1079	59541	44381	1904019	1074006	1926	147953	113194	63094
1789624516	1681	93.7	93.1	7178	2435	2581	9115	728	0	15875	2775	4435	1690182	39918	50000	943	60442	44937	1927002	1098903	1944	150454	114878	65084
1789624551	1717	94.0	93.6	6471	3757	3232	7350	796	0	19169	2930	10196	1712099	40000	49998	1391	61267	45693	1960799	1126911	1930	152907	116455	66719
1789624580	1746	93.5	92.5	5914	1597	3063	10026	1269	0	19031	2908	7349	1727447	40000	50000	1242	62491	46080	1991880	1139236	1938	156559	118557	69244
1789624609	1775	94.0	93.8	6956	4655	4041	7596	564	0	21298	2831	6824	1746891	39684	50000	1500	62600	46756	2026252	1160653	1939	159471	120070	70273
1789624637	1802	94.7	93.8	4283	2438	2706	9043	847	0	42509	2831	7248	1757039	39517	50000	1065	63844	47258	2037763	1185150	1962	161757	122693	71784
1789624667	1833	97.0	96.5	6453	3352	1700	6331	21	0	26121	2923	7119	1787315	40000	50000	801	64240	48126	2078061	1212489	1954	163320	123831	73161
1789624695	1861	92.7	91.7	7768	1893	2379	8742	921	0	7628	3602	7950	1801336	39913	50000	961	65254	48510	2095562	1226149	1936	166622	125405	75489
1789624730	1896	95.5	93.9	6331	2146	2600	8072	811	0	24354	3237	11284	1818602	40000	50000	1253	65977	49341	2120662	1246424	1935	169635	127554	77459
1789624760	1925	94.8	94.0	7370	1476	2698	10111	705	0	13805	3123	8039	1830440	40000	49996	1189	67083	50045	2142863	1261246	1931	172770	129397	79554
1789624786	1952	94.1	93.0	5841	2238	2982	8094	1196	0	14015	3216	8100	1842223	39923	50000	1184	67822	50744	2158084	1278492	1934	175728	131177	81373
1789624817	1983	96.5	95.7	5350	2306	2721	10237	936	0	26438	3289	8490	1858676	40000	50000	1102	69104	51558	2178770	1297511	1921	179052	133466	83005
1789624846	2012	96.5	95.7	4570	1916	3009	8336	885	0	18982	3143	8012	1872101	40000	49986	1211	70105	52317	2198096	1315833	1917	182145	135681	84772
1789624881	2047	97.1	96.3	5649	2365	3185	10612	1801	0	13000	3336	11208	1891711	40000	50000	985	70563	53231	2227264	1345346	1907	185433	137509	86265
1789624913	2078	97.5	96.8	7366	1882	1946	7684	536	0	41865	3365	8338	1911162	39735	50000	1021	71640	54058	2251974	1371237	1936	187827	140017	88406
1789624941	2106	97.1	96.4	8077	3436	3499	9583	941	0	16856	3160	7797	1929123	39914	49963	1450	72368	54736	2277238	1391975	1923	190862	141809	89547
1789624968	2134	96.1	95.7	7477	1924	3649	7728	743	0	6837	3189	7536	1942359	39739	50000	1551	72841	55506	2304604	1411104	1908	193761	143398	90835
1789624996	2162	97.3	96.0	6989	1637	2978	8885	1073	0	22063	3477	8292	1958540	39825	50000	1214	73815	56046	2325059	1428089	1904	195887	145678	92033
1789625027	2193	97.7	97.3	7159	2896	2745	7035	1184	0	12212	3226	8159	1982821	39988	49971	1234	74462	56955	2361057	1450864	1917	198391	147171	94022
1789625060	2226	96.7	95.8	6853	1527	3478	9824	1630	0	27658	3298	11536	1992256	40000	50000	1273	75305	57602	2374107	1475269	1927	202581	149597	96019
1789625089	2255	90.7	90.2	6026	2253	3572	8346	1582	0	33705	3246	4844	2003402	39434	50000	1480	76248	58423	2400681	1497932	1971	205169	151409	97468
1789625116	2282	89.6	89.2	7717	4066	2807	9744	1273	0	34757	3411	7604	2019179	39488	49806	1264	76785	59115	2417733	1526206	1955	207220	152998	99253
1789625149	2315	95.5	95.3	6852	3054	1885	7273	107	0	66748	3161	7605	2041172	40000	50000	1154	77280	60063	2442697	1573077	2020	209702	156033	99995
1789625177	2343	95.7	95.2	8632	5362	2848	8995	38	0	35179	3392	7687	2064575	40000	49860	1442	78053	60747	2472439	1602407	1984	212149	157142	101088
1789625207	2373	95.2	94.6	7193	2050	3280	7724	1013	0	17396	3527	8381	2078077	39826	49989	1256	78632	61337	2493107	1636916	1972	215791	158970	103738
1789625239	2405	95.9	95.9	7425	3789	4180	9894	438	0	3538	3341	8023	2096766	39115	49933	1712	78777	62252	2534049	1670284	1965	218711	160634	105132
1789625268	2434	96.7	95.8	4791	1988	2292	7307	428	0	57123	3372	8055	2108703	40000	50000	1045	80035	62722	2547879	1699003	2007	220812	163865	106130
1789625301	2467	96.6	96.3	7515	2223	2720	8887	559	0	44507	3385	7892	2128767	40000	50000	1183	80525	63644	2588092	1726904	2000	223116	165503	106918
1789625334	2500	95.9	95.5	7242	4188	1972	6405	194	0	60720	3289	8111	2153313	40000	49968	1356	81159	64666	2623281	1760039	2023	225600	168366	107558
1789625368	2533	96.6	95.7	9834	2884	1600	7743	154	0	68194	3652	8508	2178860	40000	50000	1014	81582	65600	2661838	1786135	2056	228101	170468	108151
1789625389	2555	93.7	93.1	8564	4190	2138	5571	442	0	36426	3578	4635	2193459	40000	50000	1300	82196	66222	2679274	1806414	2026	230206	172138	109043
1789625419	2585	93.6	93.2	6853	3237	3821	7477	807	0	15549	3700	8580	2205523	40000	49924	1654	82845	67283	2702136	1832960	2019	233411	173968	110172
1789625445	2611	94.6	93.6	6590	2005	3552	6868	1566	0	2142	3538	8397	2214095	39611	50000	1306	83978	67999	2716907	1848900	2012	236710	175812	111635
1789625477	2642	94.5	94.1	7308	2183	2672	8686	520	0	52718	3541	8632	2229615	40000	50000	1425	84636	68744	2736933	1872002	2054	239403	179091	112694
1789625508	2673	94.6	94.2	8604	3580	1925	7225	212	0	49725	3698	8744	2244430	40000	50000	1024	85141	69928	2764333	1904351	2056	241866	180994	113931
1789625538	2704	93.3	92.7	7575	2750	3738	10126	1931	0	11274	3554	8530	2258976	39671	50000	1466	85603	70783	2783674	1935249	2027	246071	183008	115448
1789625569	2735	94.4	94.0	8884	2248	3992	7994	2167	0	5567	3840	8866	2274859	39951	49891	1303	86142	71687	2810757	1963630	2031	248935	185436	116319
1789625597	2763	95.0	94.5	6275	2538	3038	9001	1518	0	1319	3868	8888	2292066	39981	50000	935	87047	72393	2834614	1987678	2058	250596	186802	117872
1789625631	2797	94.1	93.7	5566	1814	2765	7187	416	0	38312	3622	8694	2310257	39946	49990	1181	87720	73286	2862835	2017303	2094	253481	189830	118661
1789625659	2825	92.4	92.0	7076	4038	3042	8938	736	0	19469	3705	5019	2332487	40000	50000	1218	88338	74081	2896711	2045978	2080	255924	191090	119920
1789625686	2852	93.2	92.5	6240	2900	3150	7358	1667	0	7579	4097	9486	2344137	39808	50000	1197	88927	74618	2910337	2066729	2068	258903	192563	121983
1789625717	2883	94.1	93.6	7958	2104	2703	9451	708	0	34671	3885	8982	2360081	39988	50000	1403	89907	75278	2931752	2088788	2090	261348	194754	124304
1789625751	2917	94.3	94.0	6474	1859	1824	7441	528	0	38528	3994	9128	2381299	40000	50000	774	90209	76324	2960487	2125894	2102	263970	196589	126037
1789625782	2948	92.2	92.0	8533	2557	3728	9839	655	0	5258	3625	8633	2399055	39983	49938	1026	90704	77035	2983631	2158177	2070	266924	197831	127822
1789625806	2972	95.8	95.1	5886	2113	1708	6696	754	0	9201	3568	4952	2414196	40000	50000	762	91501	77755	3001822	2196305	2083	268756	199371	129381
1789625837	3002	93.7	93.0	5693	1769	2463	9467	669	0	59396	3387	8302	2426686	40000	50000	1091	92434	78152	3019640	2217892	2115	272727	202552	130803
1789625867	3033	95.4	94.9	6469	5462	2958	6824	569	0	24645	3464	8214	2449720	40000	50000	1239	92881	79027	3055071	2248297	2080	274943	203737	132112
1789625902	3067	94.8	94.6	5762	2812	3879	8562	842	0	16374	3634	12268	2460650	39432	49981	1315	93125	79764	3078493	2280927	2084	278022	206088	133382
1789625927	3093	96.2	95.6	8296	3320	1797	6232	1067	0	12922	3413	4690	2478085	40000	50000	529	93931	80668	3098374	2326823	2090	280288	208007	134553
1789625957	3123	94.1	93.2	6227	3322	2178	8212	964	0	21060	3348	8143	2491443	40000	50000	607	94319	81364	3128655	2353010	2085	282755	209578	135895
1789625988	3154	93.1	92.7	6807	3125	3037	7861	1349	0	31412	3865	9332	2501651	39963	50000	1112	95025	82194	3142589	2395301	2093	286114	211410	137805
1789626016	3182	85.2	83.4	9771	3063	3071	9625	1114	0	5030	4025	8921	2515607	40000	50000	1166	95498	82630	3164898	2406107	2084	288141	212140	139903
1789626048	3214	92.6	91.2	9586	1766	3308	8572	888	0	26657	4197	9506	2530373	40000	49932	1555	96032	83347	3191200	2422648	2100	291662	214372	142462
1789626076	3242	94.1	93.3	6249	2892	2208	9909	592	0	34084	3718	8897	2538951	40000	50000	1028	96787	83976	3208578	2437938	2095	294071	216655	143826
1789626107	3273	94.1	93.7	7488	1760	1707	7722	943	0	22429	3703	9008	2554667	40000	50000	615	97621	85118	3230136	2472534	2100	296811	218625	145227
1789626135	3301	90.9	90.4	7951	1807	2561	10498	1681	0	2352	3918	9335	2565443	40000	49995	746	98273	85852	3245442	2495811	2082	300075	219942	147789
1789626170	3336	93.7	93.3	8544	2419	3099	8151	952	0	23445	3745	9182	2582090	40000	49919	1214	99004	86821	3268698	2536479	2092	302682	222060	149146
1789626199	3365	93.2	92.6	5859	2349	2716	10382	942	0	14939	3956	9030	2591069	39668	50000	1156	99732	87452	3281108	2565246	2076	305612	223989	151282
1789626229	3395	92.8	92.2	5776	3491	3827	8411	1715	0	13685	3733	8705	2603942	39959	49850	1569	100030	88295	3305023	2596502	2075	308889	225707	152892
1789626263	3429	94.8	94.5	5882	2191	1350	9387	148	0	83432	3516	8520	2621016	40000	50000	767	100935	89133	3330331	2631180	2129	311281	229186	153738
1789626294	3460	93.4	93.1	10424	3384	3208	6768	1608	0	38239	3451	7861	2643708	40000	49812	1339	101485	89927	3371114	2659839	2085	313588	229887	154379
1789626316	3482	92.0	91.5	9596	1374	2265	8760	329	0	27918	4148	5530	2651964	40000	49941	1271	101844	90324	3384840	2677650	2086	315736	231302	157504
1789626347	3513	93.2	92.4	8705	2629	3534	7605	1365	0	15895	3541	8719	2665011	39823	49894	1342	102290	91186	3403884	2712566	2086	319375	233069	158918
1789626379	3545	94.3	93.9	5204	2517	1989	9279	537	0	58265	3411	8148	2679990	40000	50000	1133	103027	91851	3424890	2740318	2114	321896	235969	160652
1789626410	3576	94.3	94.0	7858	2418	2254	6685	23	0	61239	3465	8479	2699600	40000	50000	1166	103627	92764	3452137	2776933	2114	324160	237622	161379
1789626439	3605	92.7	92.1	6601	3596	2005	8576	474	0	63044	3390	7982	2714503	40000	50000	928	104204	93501	3473544	2820346	2122	326603	239151	163192
1789626467	3633	93.3	92.8	6039	3210	1793	6461	427	0	31101	3412	7946	2730054	40000	50000	884	104661	94134	3496282	2850913	2096	329079	240869	164899
1789626500	3666	91.3	91.1	5526	3164	4612	9688	485	0	3300	3477	7986	2742446	39704	49876	1881	104924	95137	3516326	2904123	2079	333288	242839	166177
1789626526	3692	94.5	93.4	7277	1810	3227	7607	1468	0	12087	3636	8560	2749144	40000	49757	1315	105848	95637	3526937	2929910	2084	335436	244634	168847
1789626558	3723	95.1	95.0	6691	4177	1706	8859	459	0	33218	3452	8131	2763699	40000	50000	929	106401	96584	3545939	2972316	2098	337620	247195	170151
1789626589	3755	91.7	91.3	7849	3071	3929	8059	758	0	12927	3349	8312	2775381	39696	50000	1566	106654	97411	3565875	3012630	2085	341734	249272	171010
1789626617	3783	93.3	92.6	6357	2420	3851	9479	2135	0	4778	3394	7787	2785042	40000	50000	1318	107087	98250	3582932	3047679	2081	344208	251223	171950
1789626646	3812	94.1	93.8	6058	1653	2818	6722	1027	0	48042	3411	8044	2794299	40000	50000	1127	108161	98962	3598239	3073445	2100	346642	254129	172745
1789626677	3843	93.2	92.9	14147	6364	3698	8472	2182	0	24625	3325	7802	2821386	39888	50000	1293	108185	99883	3641553	3094190	2083	349350	255773	173095
1789626707	3873	94.3	94.0	8133	3981	3460	6759	1799	0	1475	3356	8185	2838427	39954	50000	1133	108750	100934	3669604	3125292	2079	351407	257551	174334
1789626741	3907	94.6	94.3	7064	2232	1945	8309	385	0	66305	3423	8527	2853618	40000	50000	966	109615	101907	3695459	3156724	2113	353952	260906	175228
1789626769	3934	95.1	94.7	7060	3790	1972	6953	218	0	33661	3427	7919	2863927	40000	50000	1334	110049	102870	3713271	3191646	2082	356311	263145	176116
1789626799	3964	95.6	95.3	7935	3689	1351	8052	482	0	35600	3360	8136	2878605	40000	50000	435	110238	103914	3742476	3230605	2084	359131	265192	176874
1789626826	3991	96.8	95.5	6042	2481	2499	6505	1202	0	4995	3739	8648	2889354	40000	50000	709	110661	104601	3758449	3256820	2064	362504	267029	178213
1789626857	4023	94.6	94.2	6608	1751	3266	8760	1010	0	29884	3514	8671	2900056	39735	49987	1384	111318	105508	3775638	3295914	2076	365557	269448	179961
1789626894	4059	94.8	94.4	6448	2108	1828	7225	628	0	35666	3464	11891	2917504	40000	50000	698	112007	106500	3804195	3341776	2077	368209	271718	181290
1789626918	4084	87.7	87.3	9899	3050	2538	9147	757	0	40545	3591	4887	2932416	40000	50000	1364	112452	107085	3824086	3369351	2082	370672	273381	182430
1789626946	4111	93.5	93.1	6764	3621	3051	7151	1107	0	8247	3384	8071	2945219	40000	49991	1398	112987	107599	3850970	3389491	2066	373387	275003	183984
1789626976	4142	93.9	93.4	7324	1767	3417	9181	1821	0	38666	3286	8175	2957850	40000	49965	1352	113608	108461	3873670	3422544	2082	376536	277147	184795
1789627007	4173	94.5	94.3	6010	3302	3250	7185	1319	0	59038	3846	8495	2971308	40000	49632	1377	113985	109256	3897335	3455770	2092	379015	279101	186184
1789627036	4202	95.0	94.8	10621	5174	2691	8579	1545	0	40921	3376	7793	2984892	39969	50000	709	114276	110004	3930552	3486849	2097	381475	281309	186843
1789627068	4234	93.5	93.2	9428	5779	4557	7826	2409	0	1434	3218	7444	2998869	39803	49623	1881	114281	111290	3961371	3549417	2068	384159	282908	187544
1789627096	4261	97.2	96.3	4863	3421	3203	8575	1291	0	5517	3575	7924	3000348	40000	50000	896	115208	111855	3979868	3582889	2070	386375	285311	188304
1789627126	4292	94.6	94.2	10624	3249	3925	7438	2186	0	8748	3230	7728	3000175	39909	50000	1382	115633	112818	4019060	3627479	2067	388884	287057	188933
1789627159	4325	96.2	95.7	6442	2255	2717	9004	512	0	65215	3263	8116	3000002	40000	50000	1296	115986	113666	4040662	3672983	2107	391361	290245	190242
1789627187	4353	95.8	95.5	6441	3778	2129	6446	421	0	83895	3405	7929	3000061	40000	49816	985	116125	114485	4064406	3709561	2124	393687	292275	191173
1789627219	4384	95.0	94.2	6826	5303	3007	8273	598	0	53234	3356	8036	3000211	40000	50000	1301	116713	115373	4095889	3754053	2098	396144	293685	192201
1789627247	4413	95.1	94.6	5958	3629	2543	6719	960	0	36229	3358	8205	3000282	40000	49883	1183	117365	116303	4120544	3792723	2082	398459	295534	193557
1789627278	4444	93.4	93.1	5977	2209	1704	9017	532	0	29934	3579	8606	3000000	40000	50000	484	117765	117461	4139232	3848789	2086	401516	297208	195902
1789627311	4477	92.5	92.3	6267	2796	4171	9035	934	0	4108	3492	11155	3000011	40000	49952	1441	118228	118352	4162703	3889467	2065	405298	298720	197574
1789627339	4505	95.3	94.4	6144	4141	3683	10415	2192	0	5294	3308	7983	3000206	40000	50000	1135	118928	119076	4190750	3921635	2066	407627	300657	198616
1789627370	4535	95.7	95.7	10022	2796	4297	7923	879	0	5006	3404	7928	3000182	39986	49871	1438	119188	119966	4240566	3950980	2067	410374	302641	199344
1789627396	4562	96.1	95.6	8882	2558	3583	9217	1076	0	2881	3338	8043	2999595	39579	49990	1009	119774	120821	4267907	3980969	2065	412116	304123	201715
1789627428	4593	95.2	94.4	5708	2060	2107	7391	614	0	49453	3502	8471	3000080	40000	50000	916	120699	121724	4284354	4018931	2082	414990	307269	202363
1789627456	4622	95.3	94.9	11343	2757	2268	9424	792	0	53222	3560	8175	3000055	40000	49975	994	120888	122616	4312403	4063298	2096	417413	309059	203849
1789627487	4653	95.8	94.7	6869	3386	2371	7425	301	0	31958	3620	8645	3000034	40000	49956	1320	121453	123656	4337503	4110073	2079	419770	310637	205164
1789627520	4686	95.8	94.9	8161	1964	3022	9560	696	0	19855	3602	12193	2999868	39973	49990	1254	122018	124505	4357538	4152952	2069	423143	312643	207267
1789627550	4716	95.6	94.8	5320	3204	2961	7398	1224	0	20387	3486	8575	3000116	40000	49998	1113	122689	125221	4382172	4187682	2068	426411	314699	208843
1789627580	4746	95.0	94.7	7025	3919	2853	9221	1697	0	26501	3264	7959	3000002	40000	50000	848	123027	126073	4410159	4234947	2072	429022	316319	210092
1789627606	4772	95.1	94.7	6183	1535	2314	7375	326	0	45036	3401	4776	3000027	40000	50000	1286	123529	126708	4434749	4265736	2087	431237	318597	212318
1789627640	4805	95.6	95.1	7745	3474	1681	8894	79	0	75835	3487	8537	3000299	40000	50000	780	123890	127835	4466855	4317875	2123	433883	320895	212935
1789627668	4834	96.6	95.9	6515	5669	2177	7495	156	0	71588	3506	8083	3000017	40000	50000	1386	124443	128614	4489545	4351546	2105	436590	322919	213869
1789627704	4870	98.0	97.8	9674	3432	1798	9216	403	0	104286	3619	11812	3000003	40000	50000	708	124651	129554	4525700	4413170	2124	439247	324606	215220
1789627727	4892	93.3	92.5	6964	1890	2064	6598	545	0	57732	3267	4489	3000008	40000	50000	924	125380	130129	4541311	4458849	2096	441623	326165	216837
1789627757	4923	94.8	93.6	6233	3666	1786	7916	548	0	63517	3653	8581	3000149	40000	50000	825	125809	130979	4572141	4501822	2107	443703	327607	217957
1789627792	4957	94.7	94.3	7538	3238	1583	6851	217	0	118965	3684	11950	3000035	40000	50000	748	126355	131728	4597426	4554114	2146	446171	329476	219426
1789627817	4983	90.4	88.8	14150	4964	2938	8760	1578	0	11565	3751	4769	3000344	39870	49959	951	126966	132704	4619853	4599977	2094	448293	329758	220875
1789627851	5016	94.7	94.4	9274	2327	2283	7017	816	0	38590	3624	8503	3000394	40000	49995	807	127512	133792	4654587	4648046	2103	450596	331903	222265
1789627881	5047	94.6	94.3	6476	2534	1284	9269	279	0	96329	3575	8654	3000010	40000	49952	636	127942	134373	4686022	4681480	2143	453178	334447	223998
1789627910	5076	93.9	93.5	8005	6743	2805	7816	942	0	36567	3534	8182	3000199	40000	50000	939	128504	135679	4707173	4734239	2123	455643	335761	224594
1789627940	5106	94.7	94.1	6120	2421	1399	9865	163	0	84002	3591	8567	3000361	40000	50000	828	129225	136593	4730478	4783250	2140	458097	338045	226557
1789627973	5139	95.0	94.7	5835	5066	2378	6665	400	0	60652	3520	7927	3000043	40000	49871	1039	129777	137684	4775629	4818982	2137	460517	339600	227175
1789628005	5171	95.2	94.8	10401	4945	2625	8588	982	0	43834	3482	8101	3000166	40000	49973	724	130288	138693	4823550	4861486	2111	462948	340754	228333
1789628026	5192	92.7	92.3	9862	3201	3058	6389	1424	0	1938	3552	4782	2999165	39844	49848	823	130515	139646	4838282	4906403	2102	465048	342016	229929
1789628057	5222	93.5	93.0	9314	2083	2651	8893	1537	0	17885	3892	9007	2999313	39548	49994	1028	131633	140524	4859991	4950345	2099	467887	343545	232119
1789628089	5255	78.5	78.0	8673	4380	3566	8558	1981	0	10874	4042	9725	2999109	39367	49787	1166	131704	141334	4882739	4987072	2097	470400	345009	233616
1789628119	5285	69.8	69.8	9611	5111	1063	8626	247	0	12833	4512	5936	3000544	40000	50000	62	132288	142093	4907064	5031992	2107	470721	346026	234890
1789628151	5316	95.1	92.6	11058	3200	1818	6311	601	0	25890	3853	8948	3000251	39992	50000	692	132878	142984	4923021	5089884	2114	473583	347903	236082
1789628177	5343	95.0	94.8	5733	2451	1385	7823	129	0	53436	3313	7829	3000059	40000	50000	615	133006	143771	4950605	5119788	2115	475431	349543	237396
1789628215	5381	95.1	94.8	6464	3592	1262	6275	260	0	108328	3246	11148	3000387	40000	50000	717	133569	145080	4977832	5199087	2158	478024	351659	238695
1789628237	5402	91.8	91.4	10044	2703	2349	8620	496	0	75003	3293	4400	3000000	40000	50000	732	134009	145499	4998854	5218940	2120	480800	353050	239468
1789628270	5436	95.5	95.0	11483	1753	1794	7751	319	0	66460	3843	8714	3000301	40000	50000	798	134519	146670	5024112	5281995	2118	483380	354678	242087
1789628301	5467	94.6	94.1	7203	4778	2164	9896	736	0	49099	3341	8051	3000412	40000	50000	1120	135237	147637	5045558	5354564	2110	486115	356097	243867
1789628327	5492	92.6	91.8	5980	1881	3104	7560	1658	0	9854	3424	8130	3000341	39963	50000	1118	135999	148024	5062167	5380900	2100	489315	357622	245891
1789628356	5522	95.7	95.3	9904	3137	3146	9331	1635	0	26418	3364	8082	3000266	39873	50000	1303	136557	148835	5094413	5424912	2102	491832	359351	247348
1789628397	5563	95.7	95.5	13571	2224	1592	7862	470	0	73412	3599	12430	3000274	40000	50000	702	136879	149975	5130607	5478061	2131	494534	362159	249029
1789628417	5583	92.7	90.7	5568	2965	3031	9341	206	0	23633	3556	4565	3000177	40000	49978	1614	137334	150401	5141987	5503445	2109	496306	363706	250138
1789628447	5613	96.4	95.9	7535	2423	1661	6220	668	0	23547	3507	8338	3000246	40000	50000	473	137821	151307	5172505	5549155	2117	499161	365659	250881
1789628477	5643	93.2	93.0	8628	5748	2849	8428	1273	0	5869	3362	8156	3000181	39874	50000	848	137885	151914	5210370	5574448	2099	501718	366767	252832
1789628509	5674	94.3	93.6	6990	2495	1813	6587	640	0	32783	3647	8679	3000507	40000	50000	678	138789	152842	5231595	5622321	2118	504559	369403	254536
1789628539	5705	94.1	93.6	6747	2376	1904	8479	570	0	37400	3316	8269	3000439	40000	50000	787	139421	153909	5258831	5668866	2125	507161	371455	255677
1789628568	5734	94.0	93.5	5617	4060	1602	6574	798	0	27750	3473	8102	3000273	40000	50000	492	139794	154717	5286687	5703342	2113	509711	373372	257078
1789628597	5763	94.1	93.7	7114	2982	2212	8610	1221	0	9966	3627	8457	3000435	40000	50000	740	140272	155560	5304922	5741713	2110	512640	375438	258139
1789628632	5798	95.6	94.8	6960	2329	2855	7054	972	0	15896	3565	12052	3000103	40000	50000	1092	140796	156450	5328299	5780159	2104	515666	377940	259651
1789628657	5823	93.4	93.0	7326	1576	1429	8556	592	0	29288	3757	5096	3000081	40000	50000	616	141272	157264	5354756	5812204	2110	517950	379727	261663
1789628691	5857	93.0	92.6	6558	4320	3987	7371	901	0	15756	3377	11616	2999730	39291	49899	1350	141861	158148	5380473	5854100	2111	521279	381761	262764
1789628716	5882	92.4	91.8	11246	3405	1955	8395	9	0	42401	3276	4238	3000803	40000	50000	929	142528	158722	5428518	5889300	2119	522387	382946	263665
1789628748	5914	93.0	92.6	7036	2232	1608	6313	717	0	32774	3329	7916	3000272	40000	50000	497	143088	159676	5455568	5945588	2120	525359	384817	265779
1789628780	5946	94.3	93.9	8296	3354	2322	8319	1117	0	16829	3455	11175	3000128	39962	50000	474	143432	160321	5482288	5980684	2104	528098	386413	267296
1789628810	5976	92.1	91.7	6654	2716	3927	7440	2163	0	20948	3184	7740	2999862	39592	50000	1569	143577	161240	5496799	6027889	2108	531757	388386	269064
1789628838	6004	94.5	94.0	5370	2806	3563	8768	1777	0	4093	3200	7467	2999884	39469	49915	1064	144256	161938	5510000	6074504	2106	534251	390824	270033
1789628870	6036	93.8	93.6	11819	2824	3444	7592	1993	0	5689	3154	7636	3000011	40000	49889	1369	144748	162922	5547808	6121387	2099	536445	391852	271861
1789628896	6062	95.0	94.5	6943	3304	3767	8946	1785	0	7461	3073	7090	3000192	39947	50000	1325	145434	163496	5565821	6160992	2100	538913	394029	272293
1789628926	6092	95.0	94.2	10617	5018	3818	7261	2242	0	3706	3294	7633	3000554	39640	50000	1294	146069	164295	5605829	6204748	2099	541375	395924	273088
1789628957	6123	94.3	93.5	8246	3558	3599	8966	1926	0	42492	3218	7807	3000424	39841	49993	1468	146578	165114	5636750	6259146	2107	543956	398380	274073
1789628988	6153	95.3	95.0	5688	2905	2514	7189	909	0	37450	3481	7980	3000096	40000	49852	1253	147045	165867	5674104	6293929	2110	546065	400190	276345
1789629018	6184	96.0	95.7	8702	2671	1289	8374	287	0	43165	3075	7286	3000534	40000	50000	721	147429	166783	5706656	6348155	2137	548247	402416	277411
1789629052	6218	94.8	94.6	7528	5545	1672	6737	79	0	38664	3018	7339	3000698	40000	50000	864	147816	167612	5746135	6403556	2123	550667	404123	278649
1789629078	6244	93.7	93.1	7098	4254	1893	8667	55	0	69748	3074	7480	3000938	40000	50000	1227	148726	168222	5767445	6432625	2154	553188	406273	279421
1789629110	6276	95.4	95.2	12759	4069	2711	6337	882	0	51742	3029	7329	3000176	40000	49346	1251	148954	169165	5812582	6468392	2134	555664	407784	280320
1789629138	6304	94.0	93.7	5246	3368	2271	8283	427	0	32978	3307	7570	3000394	40000	49948	1043	149279	170002	5835135	6516046	2127	558042	408997	282350
1789629168	6334	94.2	92.2	5642	1742	2972	7370	1328	0	10064	3687	11458	3000646	39693	50000	1135	150015	170588	5846136	6549415	2112	561611	410941	284529
1789629197	6362	93.0	92.3	5481	4027	4011	9877	2236	0	6022	3113	7633	3000405	39895	50000	1513	150758	171347	5876940	6574601	2110	564733	412321	286300
1789629236	6401	96.4	96.1	8477	2159	2447	7969	806	0	80156	3293	10863	3000403	40000	50000	957	151207	172449	5907506	6621569	2140	567348	415600	287259
1789629257	6423	92.2	91.7	10730	2413	2863	9943	569	0	29504	2967	4150	3000215	39757	49747	1278	151772	173114	5923744	6653782	2115	569590	416989	289058
1789629290	6456	95.5	95.2	8870	4312	2386	7306	824	0	39986	3062	10141	3000183	40000	50000	1063	152246	174220	5950460	6698763	2125	572066	419366	289785
1789629317	6483	94.1	93.6	7213	2052	2893	9470	1216	0	14521	3361	7971	3000115	40000	50000	1300	152869	174933	5969729	6740622	2111	574983	420850	291604
1789629346	6512	94.0	93.5	5280	2677	2966	7674	1199	0	22304	3024	7573	3000301	40000	50000	1281	153668	175789	5990822	6785373	2114	577948	422853	293556
1789629382	6547	96.1	95.9	7904	3515	748	8832	58	0	51713	3017	7503	3000479	40000	50000	51	154046	176931	6038521	6840429	2130	580042	425014	295388
1789629412	6578	93.0	92.4	7776	3080	2371	7546	55	0	53819	3137	10606	3000269	40000	49818	1446	154578	177527	6056148	6884190	2124	582725	426908	297077
1789629441	6607	95.8	95.5	9213	2052	1143	8870	53	0	76487	3389	7535	3000192	40000	50000	724	154666	178454	6082736	6930539	2153	585107	429013	297677
1789629470	6636	94.1	93.7	6950	4671	1811	6001	45	0	48258	3070	7557	3000630	40000	50000	1235	155286	179315	6102332	6984571	2133	587621	431071	298564
1789629498	6664	96.4	96.0	7164	4844	2325	7503	81	0	45602	3073	7599	3000507	40000	49944	1277	155804	180254	6123933	7023585	2122	590139	432652	299137
1789629528	6694	97.0	96.7	7013	2334	1710	6282	357	0	26910	3294	8107	3000343	40000	50000	690	156294	181051	6143656	7084464	2125	592797	434300	301427
1789629558	6724	93.9	93.5	9577	2635	1207	7881	88	0	74156	3321	8090	3000481	40000	50000	589	156745	181906	6172208	7137546	2157	594854	435862	302718
1789629592	6758	88.6	88.1	7946	3363	3681	8238	1472	0	3286	3139	11080	3000069	39623	49987	1103	157544	182668	6190536	7184859	2110	599153	437748	304046
1789629616	6782	93.4	93.0	8642	2350	903	8242	209	0	16216	3174	4209	3000720	40000	50000	413	158146	183516	6230216	7218930	2121	599526	439417	305129
1789629651	6816	93.3	92.9	11903	3925	1143	5876	179	0	41657	3367	7826	3000617	40000	50000	399	158813	184605	6271685	7265814	2134	602304	441510	306056
1789629678	6844	93.7	93.4	5974	5594	1091	7677	16	0	105366	3116	7226	3000102	40000	50000	584	159271	185092	6298297	7280168	2161	604277	443521	306789
1789629709	6874	93.9	92.3	10158	3969	2844	6534	929	0	43977	3449	7767	3000548	40000	49965	1216	160026	186141	6325222	7337533	2131	606673	444603	307877
1789629740	6906	95.1	94.8	8868	2298	1839	8217	239	0	80866	3073	7859	3000212	40000	49665	902	160388	187103	6357759	7379961	2129	608968	446876	309368
1789629770	6936	94.3	94.0	7219	3627	1425	6407	118	0	91607	2940	7385	3000104	40000	49888	830	160781	188134	6380897	7426444	2142	611416	449176	310226
1789629799	6965	94.0	93.2	8744	4049	3757	8341	1670	0	35151	2910	9800	3000840	40000	49952	1672	161964	189092	6403345	7469197	2112	614018	449878	310686
1789629832	6997	95.5	95.3	6795	2369	1447	6458	510	0	99443	3035	7494	3000074	40000	50000	610	162160	189993	6444653	7502433	2154	616480	453013	312201
1789629857	7023	93.3	92.0	7066	5320	2557	8456	290	0	41765	3070	7278	3000219	40000	49885	1072	162759	190750	6461927	7542245	2123	618861	454284	313188
1789629890	7056	96.0	95.6	7599	3968	1844	7288	635	0	61456	3091	7593	3000044	40000	50000	676	163184	191896	6496448	7591238	2140	621268	456596	314064
1789629917	7083	92.5	91.9	9358	2457	3369	9459	1202	0	18748	2940	7075	3000378	40000	49773	1367	163988	192706	6520645	7629434	2111	623650	457387	315447
1789629955	7121	94.9	94.6	9864	1866	1288	7306	118	0	111376	3102	10620	3000677	40000	50000	717	164315	193908	6557754	7685540	2153	626286	460909	316364
1789629987	7153	94.4	94.0	8122	6057	3306	9387	1426	0	54328	3054	7074	3000528	40000	49785	1296	164906	194865	6601207	7731461	2117	628887	461756	316961
1789630006	7171	93.0	92.4	6265	3934	3055	6507	1669	0	3205	2998	4015	2999913	39446	49695	1203	165494	195362	6622005	7770372	2111	630802	462201	319778
1789630045	7210	95.3	95.3	10963	1938	1793	8016	544	0	89123	3059	10360	3000091	40000	50000	467	165581	196397	6652269	7828043	2157	633319	465385	320516
1789630067	7233	93.9	91.6	7475	3680	3501	7726	2391	0	2090	3133	6930	2999192	39674	49849	1050	166230	197217	6671939	7871705	2109	635819	465670	321669
1789630097	7263	94.4	93.9	13777	1586	3761	9448	2181	0	1058	3035	7078	2999592	39644	49942	1122	166281	198232	6686502	7935180	2109	638345	468028	322364
1789630127	7293	95.5	95.5	8834	2730	3975	7498	948	0	3376	2984	7030	2999634	39610	49770	1110	166927	199219	6719163	7985491	2110	640478	469308	324271
1789630155	7321	94.7	94.0	6227	2007	2969	9247	1802	0	49061	3079	7093	2999140	39565	49935	929	167856	199936	6735168	8036413	2116	643094	471732	325056
1789630189	7355	94.4	94.0	9391	4449	3574	8183	2082	0	4808	3069	10207	3000003	40000	49941	1382	167874	201051	6764399	8108365	2110	645408	472992	326580
1789630218	7384	95.3	94.7	8357	2482	3301	9701	1803	0	50445	3052	7557	3000424	40000	50000	1204	169069	201640	6781557	8153313	2116	648023	475532	327146
1789630246	7412	93.5	93.1	5766	3346	3147	7770	1438	0	25556	3214	7463	2999821	40000	49957	1268	169613	202602	6802443	8199352	2110	650297	477145	328892
1789630280	7446	95.0	94.5	6809	4160	3051	9376	965	0	54059	3163	7838	3000674	40000	50000	1391	170326	203731	6842624	8250957	2127	652864	479642	329698
1789630316	7482	96.1	95.8	12663	3651	1827	6856	693	0	63595	3169	10910	3000056	40000	50000	864	170810	204739	6879761	8294834	2120	655567	482302	331089
1789630338	7504	94.9	94.6	4328	2730	1571	8281	212	0	40071	3349	4616	3000257	40000	50000	889	171146	205308	6898131	8332453	2132	657495	483825	332396
1789630372	7538	95.5	95.1	8371	4187	1203	6348	768	0	31809	3217	10617	3000624	40000	50000	210	171821	206467	6930183	8381788	2123	660560	486166	333381
1789630397	7562	94.2	93.9	8211	3898	2232	8173	58	0	26713	3048	4331	3000075	40000	50000	1159	172157	207089	6962212	8409171	2123	662483	487846	333731
1789630428	7594	96.5	96.0	6503	4255	3698	7436	407	0	16490	3434	10815	3000425	39505	50000	1722	172815	208117	6981697	8462391	2116	666447	489735	335850
1789630456	7622	95.5	94.7	6765	2434	2361	8657	675	0	51430	3176	7729	3000005	40000	49998	865	173890	208594	7012555	8480836	2113	668871	492344	336862
1789630488	7654	93.4	93.0	9008	2028	3226	7990	454	0	17150	3243	7736	3000494	40000	50000	1524	174590	209363	7054439	8512439	2115	671214	493837	338462
1789630524	7690	94.0	94.0	9728	3169	1159	9115	418	0	61812	3291	8141	3000111	40000	50000	376	174699	210655	7093651	8572606	2141	673839	496317	339627
1789630547	7712	94.7	94.3	7206	6040	1699	5560	8	0	45661	3105	7268	3000392	40000	50000	981	175000	211102	7107093	8600444	2127	675846	497996	340366
1789630578	7744	93.8	93.3	5887	3280	1676	7520	198	0	51852	3214	7885	3000664	40000	50000	904	175812	212276	7129443	8658480	2140	678926	500284	341712
1789630607	7773	95.4	95.0	11528	2996	1338	5899	253	0	30718	2962	7243	3000649	40000	50000	707	176481	213187	7163305	8697851	2137	681044	502254	342467
1789630639	7805	95.8	95.4	8233	5039	1624	7546	156	0	44595	3169	7310	3000638	40000	50000	929	177132	214030	7203887	8743680	2144	683445	504335	343137
1789630670	7836	95.7	95.5	8551	6160	1295	5456	108	0	66285	2993	7140	3000290	40000	50000	805	177321	214788	7244912	8781480	2156	685522	506320	343833
1789630696	7861	93.6	93.1	8142	3079	2087	7259	33	0	44908	3071	7213	3000287	40000	50000	1061	177858	215580	7262875	8830525	2132	687917	507766	344786
1789630730	7896	95.6	95.5	9365	2672	976	6287	591	0	17976	3094	10482	3000112	40000	50000	42	177941	216831	7281042	8901630	2129	690712	509595	347038
1789630759	7925	91.9	90.7	6180	2533	2310	8932	712	0	1750	3343	8062	3000042	39822	50000	437	178748	217557	7294169	8955430	2115	693838	510987	348812
1789630789	7954	93.8	93.5	9391	4589	3097	7921	1423	0	13937	3536	7927	3000124	39637	50000	1130	179048	218286	7322987	8995503	2115	696571	512653	350451
1789630820	7986	95.4	95.0	7350	1731	1841	9498	719	0	57830	3195	8098	3000077	40000	50000	767	179957	218982	7347318	9037820	2141	699452	515485	352012
1789630846	8012	94.9	93.5	5129	4615	2259	6539	441	0	40048	3298	7534	3000323	40000	50000	1035	180608	219551	7372458	9065134	2122	701532	516892	353009
1789630880	8046	92.8	92.4	6006	2271	3565	9515	1051	0	6796	3201	11039	3000267	39732	49980	1115	181339	220456	7392400	9120898	2117	705799	518890	355005
1789630908	8074	93.5	93.3	7160	5020	4463	8002	909	0	4992	3066	4385	2999697	39639	49807	1578	181597	221347	7427723	9164100	2121	708355	520504	356287
1789630940	8106	96.0	93.8	6403	3383	3450	9261	1689	0	4877	3485	11634	3000410	39985	49928	1007	182775	222028	7444461	9206356	2117	710828	522984	357307
1789630969	8135	94.9	94.8	11797	2810	3924	7582	1308	0	1854	3094	7532	2999796	40000	49903	1174	182795	223122	7478757	9256819	2116	713427	524856	357831
1789630997	8163	98.2	98.0	11358	4731	1270	7588	607	0	19114	3096	4398	3000096	40000	50000	364	183142	224192	7513440	9312349	2134	714159	527056	358484
1789631028	8193	94.5	94.1	6427	4886	1124	6101	257	0	13956	3073	10076	3000141	40000	50000	37	183753	225216	7534854	9365408	2116	716301	528556	360043
1789631056	8222	91.3	90.9	6768	3366	3641	9372	1293	0	2532	3314	7435	2999798	39729	50000	1090	184163	225959	7551339	9409149	2115	720337	530275	361430
1789631086	8252	95.4	94.4	7636	1966	4074	7892	1920	0	9417	3175	7758	3000439	39838	49896	1692	185474	226930	7571692	9464557	2120	722876	532647	362505
1789631130	8296	97.6	97.5	9303	2346	1416	9090	206	0	130531	3171	11203	3000161	40000	50000	756	185603	228394	7628656	9521743	2172	725515	536670	363170
1789631149	8315	94.3	92.5	11742	4286	3413	5902	1979	0	3760	3469	7184	3000013	40000	50000	1119	186082	228949	7640255	9553952	2124	727859	537046	363774
1789631180	8346	97.0	96.9	8004	2276	2568	7606	773	0	56807	3254	7848	2998854	40000	49861	959	186210	229838	7654419	9613073	2136	730250	539770	364889
1789631209	8375	94.6	93.7	8379	5030	3634	6554	2012	0	36047	3259	7608	2999461	39588	49956	1496	186790	230924	7687826	9668435	2129	732834	541168	365681
1789631236	8402	94.4	93.8	7197	4391	3344	8011	1579	0	24812	3390	7650	3000306	39790	49924	1316	187459	231655	7704797	9710608	2125	735211	543174	367008
1789631273	8439	96.4	96.1	6236	1801	1361	7105	75	0	85939	3115	8123	3000587	40000	50000	916	187958	232968	7747429	9766443	2145	737623	546723	367726
1789631301	8467	96.9	96.5	8606	6266	2769	8881	962	0	48338	3327	7638	3000483	40000	49958	1003	188460	233869	7772849	9816197	2134	740187	548024	368130
1789631328	8494	97.3	96.8	6624	1860	1974	6864	23	0	42385	3458	8003	3000046	40000	49814	1478	189032	234660	7785152	9877211	2140	742449	550215	370110
1789631360	8526	96.3	96.2	12483	3032	1418	8146	93	0	58752	3481	8176	3000099	40000	50000	764	189291	235818	7817811	9937775	2161	744954	552161	371018
1789631389	8555	96.9	96.7	8240	2920	1309	6720	106	0	49041	3303	7767	3000095	40000	50000	708	189488	236699	7839418	9992994	2159	747620	554334	371869
1789631418	8584	91.0	90.5	10128	4705	1660	8326	158	0	64254	3443	7766	3000575	40000	50000	1087	190302	237465	7856817	10038876	2155	749877	556607	372360
1789631455	8621	96.7	96.5	12537	4561	1295	5911	155	0	102794	3246	7980	3000228	40000	49914	900	190557	238410	7915771	10087154	2188	752354	558856	373047
1789631484	8649	93.8	93.2	8897	3363	3143	7780	845	0	61199	3510	7884	3000545	39583	49825	1347	191372	239154	7946134	10141698	2146	754949	559991	373566
1789631513	8679	94.8	94.4	5131	3481	2549	6272	514	0	71565	3330	7787	3000362	40000	49834	1168	191768	239896	7966773	10189745	2140	757347	561793	375658
1789631541	8707	95.1	94.6	7648	4223	1839	7738	431	0	77374	3601	7964	3000025	40000	50000	929	192440	240879	7990106	10252541	2147	759518	563881	376861
1789631568	8734	94.6	94.2	6604	2885	2018	6990	420	0	69969	3540	7882	3000581	40000	50000	1071	192981	241631	8010704	10292224	2150	761730	565652	377966
1789631600	8766	95.5	95.0	7511	2890	1398	8771	300	0	84066	3534	8409	3000450	40000	50000	805	193611	242666	8040287	10351922	2150	764147	567619	379192
1789631627	8792	93.6	93.2	5844	4852	2018	6546	342	0	92643	3362	7652	3000646	40000	50000	965	194260	243588	8061998	10390702	2155	766628	569454	380086
1789631655	8821	94.1	93.8	10102	3048	2438	8491	101	0	39459	3601	8329	3000003	40000	49996	1064	194773	244536	8082099	10442796	2133	769196	570666	381289
1789631690	8856	92.1	91.4	5899	2387	3587	8285	2297	0	2017	3494	11966	3000048	39767	50000	998	195496	245557	8093409	10499260	2127	773632	572714	383788
1789631720	8886	94.5	94.5	7893	5515	4077	10447	1239	0	2715	3313	8028	2998555	39470	49905	1221	195969	246710	8123881	10546705	2127	776497	574816	384532
1789631752	8917	94.4	94.0	7069	5160	4152	6431	521	0	4451	3438	8227	2999664	39658	49884	1264	196617	247647	8155758	10593756	2128	777698	576577	385810
1789631781	8947	95.0	94.3	6222	2102	3381	9139	1412	0	2038	3521	8343	2999210	40000	49991	760	197534	248550	8175762	10630642	2126	781328	578724	386866
1789631808	8974	99.0	98.7	7205	4670	603	6057	188	0	22465	3212	4394	3000062	40000	50000	51	197720	249846	8213018	10689906	2145	781610	580651	387768
1789631840	9006	93.5	93.2	6669	4138	1489	8349	812	0	12411	3201	10555	3000309	40000	50000	329	198391	250750	8228302	10747573	2136	784910	582914	388601
1789631868	9034	95.3	95.1	9013	4209	765	6264	89	0	29884	3426	4858	3000064	40000	50000	38	198791	251879	8266705	10797175	2138	786715	584546	389938
1789631901	9067	90.7	90.0	6664	2590	3527	9768	1154	0	8226	3426	11486	3000117	39817	49972	1047	199877	252528	8281708	10841145	2130	791278	586629	391181
1789631928	9094	98.5	98.2	11378	4456	841	6135	172	0	20237	3334	4506	3000338	40000	50000	45	200000	253469	8338393	10877569	2139	791490	587980	392526
1789631957	9123	95.0	94.7	6629	1948	1179	8153	585	0	23187	3504	8188	3000075	40000	50000	330	200000	254329	8361934	10928852	2150	794275	589993	393516
1789631988	9154	96.4	96.0	6331	5274	767	6319	264	0	6787	3335	8009	3000058	40000	50000	49	200000	255475	8388587	10992611	2139	796523	591807	394741
1789632027	9192	95.5	95.3	14434	2499	1038	8724	424	0	38179	3445	11752	3000101	40000	50000	167	200000	256675	8411358	11077450	2170	799172	593519	396111
1789632048	9214	93.8	93.0	4524	2364	1766	7042	115	0	28191	3559	4626	3000493	39769	50000	599	200000	257258	8424254	11121974	2158	801933	595193	397573
1789632080	9246	94.7	94.4	7400	5857	1485	8658	151	0	80239	3451	8146	3000308	40000	50000	572	200000	258119	8461267	11166506	2186	803919	597082	398198
1789632108	9274	92.3	91.6	7109	1781	1929	6458	484	0	21660	3425	7791	3000017	40000	50000	342	200000	258832	8480770	11219109	2164	806946	598316	400719
1789632135	9301	94.7	93.9	6659	2544	3506	9192	1753	0	13165	3630	8563	3000153	39589	50000	1229	200000	259342	8493086	11257880	2148	810371	599861	402634
1789632176	9342	97.3	97.0	11792	2285	1429	7806	150	0	62667	3265	11459	3000497	40000	50000	814	200000	260599	8536539	11314588	2168	812982	603606	403826
1789632202	9368	96.2	95.7	5427	3166	2864	9588	518	0	45974	3275	7756	3000452	40000	50000	1380	200000	261295	8562622	11348584	2155	815450	605159	404417
1789632233	9399	96.5	95.9	11308	2619	1846	6476	449	0	50270	3406	8403	3000314	40000	50000	1046	200000	262345	8589583	11410235	2169	817893	607273	405726
1789632260	9426	90.7	90.3	5647	2043	3729	9286	979	0	8250	3220	7747	3000154	40000	50000	1328	200000	263122	8602869	11454435	2144	821726	608814	407422
1789632286	9452	93.9	93.1	5401	2232	3182	7491	1724	0	10300	3300	7741	3000187	39874	50000	955	200000	263851	8617023	11495547	2143	823907	610612	408840
1789632317	9482	88.9	88.5	7283	3095	2393	9255	684	0	46954	3211	8094	3000098	39665	50000	975	200000	264668	8634942	11541158	2149	826395	613243	409946
1789632348	9513	94.6	94.1	7323	2851	2899	7399	1018	0	28144	3091	7359	3000350	40000	50000	1018	200000	265777	8665411	11596938	2145	828963	614887	410733
1789632384	9550	95.7	95.3	10475	2635	3180	9240	967	0	46254	3505	11175	3000529	40000	50000	1435	200000	266995	8699910	11653262	2146	831580	617110	411802
1789632409	9575	93.8	93.3	5976	1170	1908	6546	600	0	58622	3322	7866	3000134	40000	50000	876	200000	267755	8714806	11698930	2149	833962	619012	414159
1789632438	9604	95.3	94.9	8823	3209	1487	8042	294	0	63832	3374	7759	3000227	40000	50000	762	200000	268585	8736152	11748119	2159	836243	621022	415059
1789632467	9633	94.6	94.1	5970	3418	993	6899	184	0	21447	3219	7791	3000145	40000	50000	31	200000	269742	8758079	11814485	2145	838785	622475	416927
1789632497	9663	91.5	90.3	6405	2913	3115	9827	1954	0	1098	3434	11310	3000121	39957	50000	859	200000	270287	8774112	11854806	2137	842745	624300	418391
1789632529	9695	95.6	95.0	11925	3277	3385	7457	1946	0	4554	3210	7621	3000245	40000	50000	936	200000	271214	8815146	11890179	2136	845119	626219	419040
1789632557	9723	94.3	93.6	7056	1950	3532	9419	2252	0	28795	3170	7532	2999033	40000	50000	1112	200000	272073	8833016	11941840	2136	847861	628497	419829
1789632586	9752	94.1	93.4	5813	4085	3513	7499	1899	0	11117	3247	7904	2998728	39730	49932	1240	200000	273045	8849028	12002287	2136	850278	630384	421310
1789632616	9782	95.0	94.5	8566	3689	2912	9228	1923	0	48165	3264	7581	2999567	39840	49922	841	200000	273965	8875812	12048587	2139	852928	632715	421997
1789632646	9812	94.1	93.5	9814	1959	3872	8392	2293	0	6486	3139	7330	2998251	39198	49906	1398	200000	274981	8895556	12115555	2136	855519	633979	423394
1789632676	9842	94.6	94.0	6178	5335	3589	10032	1881	0	2153	3363	7930	2999701	39552	49784	1475	200000	275805	8919663	12173617	2136	857666	635479	425385
1789632710	9876	96.5	95.9	8123	1332	1660	7601	163	0	83537	3490	8210	3000765	40000	50000	969	200000	276606	8947795	12227196	2181	859993	639028	426334
1789632741	9907	95.4	94.9	9197	4266	2979	9308	1295	0	54165	3537	7816	3000476	40000	49996	1168	200000	277389	8982792	12269187	2144	862480	640083	426899
1789632767	9933	93.5	92.9	6966	4031	3397	6694	1468	0	37740	3384	7736	3000285	39737	49914	1406	200000	277988	9006138	12308987	2139	864885	641588	428297
1789632803	9969	95.8	95.1	7075	2734	2980	8270	1346	0	64936	3254	8058	3000389	40000	49901	1292	200000	279138	9048719	12369640	2151	867488	644099	429076
1789632826	9992	92.5	91.4	10486	2399	2921	7003	1111	0	36874	3644	8181	2999900	40000	49897	1273	200000	279535	9063295	12400259	2139	869667	645219	431462
1789632857	10023	95.4	94.0	6842	2334	2216	8640	654	0	37417	3709	8539	3000033	40000	50000	1034	200000	280543	9084825	12462775	2149	872310	647498	432869
1789632890	10056	93.7	93.1	8156	2758	3117	8076	1602	0	18625	3601	11889	3000264	39795	50000	1142	200000	281304	9107674	12501963	2140	875691	649158	434591
1789632920	10086	92.9	92.4	7736	1577	3109	9933	854	0	22654	3858	9163	2999885	39687	49972	1330	200000	282089	9116907	12554242	2141	878110	651040	436654
1789632950	10116	94.6	93.6	8223	3012	3665	7611	974	0	15315	3803	9403	2999934	39878	49964	1480	200000	282792	9142484	12583190	2141	881092	652970	438390
1789632976	10142	95.1	94.1	6533	2070	3010	9576	1289	0	6288	3466	8422	3000102	40000	50000	1087	200000	283303	9157022	12610203	2137	883908	654970	439723
1789633009	10175	97.9	95.4	7871	2996	3073	7496	931	0	30628	4226	9153	3000695	40000	50000	1191	200000	284225	9189761	12651210	2146	886549	656960	441070
1789633037	10203	96.8	95.7	6791	1646	3258	10026	884	0	28382	3561	9247	3000178	39564	49972	1329	200000	284887	9199525	12701118	2139	889674	658658	443850
1789633069	10235	96.4	95.5	6077	3146	3174	8273	1251	0	23888	3554	11475	3000322	40000	50000	1398	200000	285673	9218190	12744475	2137	892634	660600	445493
1789633104	10270	96.4	95.8	9237	3562	1573	9627	183	0	35485	3320	8599	3000558	40000	50000	977	200000	286771	9255705	12801469	2145	894876	663350	446941
1789633127	10293	93.5	92.0	5662	2914	1736	6217	128	0	39320	3850	5474	3000661	40000	50000	900	200000	287351	9276434	12829367	2143	897207	665201	447673
1789633164	10330	96.0	95.7	11458	4670	1437	7881	366	0	75444	2993	10597	3000214	40000	50000	499	200000	288569	9312541	12890542	2163	899814	667028	448795
1789633191	10357	94.0	93.6	6815	2388	1461	6020	91	0	46917	3121	7676	3000154	40000	50000	830	200000	289229	9327906	12945628	2147	902093	668933	449833
1789633221	10386	87.1	86.6	10847	5805	1289	7511	173	0	93985	3028	7463	3000214	40000	50000	753	200000	290017	9343865	12989502	2167	904302	671083	450372
1789633249	10415	93.7	93.0	7551	4198	3361	5973	999	0	37431	3047	7442	3000441	39922	49906	1608	200000	290844	9360435	13040821	2136	906873	672559	451166
1789633278	10444	94.4	93.9	8066	2402	2138	7664	620	0	45313	3156	7672	3000464	40000	49950	1122	200000	291730	9379427	13099748	2139	909185	674033	453387
1789633308	10474	94.0	93.3	7186	3635	2252	6583	736	0	29307	3328	7965	3000312	40000	50000	745	200000	292516	9398861	13166001	2135	912047	675515	455220
1789633337	10503	92.9	91.2	8455	2482	2905	8989	756	0	11203	3450	8401	3000157	40000	49993	1179	200000	293198	9418766	13213267	2127	914856	676765	457363
1789633367	10533	92.7	91.7	8355	2331	3212	7844	1172	0	18849	3251	8238	3000085	39566	50000	1052	200000	293697	9431925	13255443	2128	917644	678390	459796
1789633401	10567	95.0	93.9	6382	4815	3015	10027	607	0	26540	3586	11597	3000323	40000	49958	1270	200000	294576	9454751	13306305	2128	920201	680209	461665
1789633432	10598	94.5	93.8	5753	3703	1946	7029	786	0	60813	3318	7911	3000293	40000	50000	819	200000	295563	9478655	13361422	2140	922418	682173	463166
1789633460	10626	94.7	94.0	7569	3570	1564	8730	464	0	48743	3449	8075	3000056	40000	50000	772	200000	296386	9496832	13416436	2134	924698	683823	464799
1789633488	10654	93.6	92.7	8791	4035	1628	6689	580	0	48207	3240	7808	3000068	40000	50000	694	200000	297271	9514625	13458047	2151	927141	685644	465866
1789633518	10684	91.2	90.7	5518	4386	3713	9606	775	0	20630	3193	8115	3000154	39624	50000	1522	200000	298073	9531721	13498191	2130	930978	687524	467161
1789633550	10716	94.7	94.2	8217	2569	3975	7635	1043	0	11322	3366	11563	3000006	39632	49719	1312	200000	298902	9549995	13540166	2129	933918	689571	468087
1789633579	10745	94.5	93.6	5804	4373	3596	9300	1851	0	7494	3342	8221	2999534	39694	49927	1040	200000	299749	9573617	13579758	2129	936396	691993	469477
1789633610	10776	94.0	93.9	9705	2849	4248	7726	837	0	3165	3590	8570	2998609	39354	49618	1326	200000	300750	9602567	13630779	2129	938618	693013	471235
1789633638	10804	93.6	92.9	6204	3150	3791	9404	1194	0	4292	3232	7892	2999849	40000	49864	999	200000	301439	9619746	13664413	2128	941184	694834	472085
1789633671	10837	94.7	94.3	10709	2812	4151	7978	978	0	2825	3295	8082	2998370	39432	49588	1189	200000	302452	9658195	13718577	2128	943360	696298	474197
1789633698	10864	94.2	93.6	6728	4253	3718	9444	1309	0	8731	3108	7868	2999690	39012	50000	1198	200000	303218	9668667	13767798	2130	945674	698125	474859
1789633728	10894	94.7	94.1	7102	4139	3602	7611	1375	0	8577	3232	8108	3000037	39143	50000	1009	200000	304146	9698569	13815831	2129	947985	700013	475853
1789633757	10923	97.9	97.5	7936	5322	939	7617	592	0	26123	3149	7569	3001002	40000	50000	190	200000	305153	9727658	13867038	2136	948665	702006	476589
1789633788	10954	94.6	94.3	8198	5553	1150	5917	318	0	6915	3130	7756	3000071	40000	50000	90	200000	306025	9765837	13909328	2128	950929	703444	478162
1789633820	10986	89.4	88.8	6917	3286	3551	9763	1225	0	6708	3733	9101	2998582	39826	49626	985	200000	306732	9775937	13959534	2128	955018	704719	480565
1789633849	11015	95.4	95.2	9611	3297	4137	7241	534	0	10256	3393	8103	2998639	39337	49819	1398	200000	307554	9796037	14012730	2129	956331	706184	481672
1789633878	11044	95.2	94.1	5718	3923	3588	9794	2111	0	1193	3283	7959	2999884	39364	50000	1056	200000	308270	9812035	14071991	2127	959705	707943	483176
1789633907	11073	95.9	95.3	9220	1683	4036	7369	2083	0	6553	3019	7501	3000006	40000	49838	1336	200000	309149	9834323	14126821	2127	962194	710100	484238
1789633936	11101	96.8	95.9	5767	3067	3186	9067	1467	0	22172	3097	7996	2998982	39141	49903	1412	200000	309816	9861736	14175099	2127	964278	711471	486385
1789633974	11139	97.4	96.6	11731	2635	1476	7108	287	0	82350	3243	11524	3000754	40000	50000	808	200000	310851	9895958	14226578	2137	966890	714931	487338
1789633999	11164	95.6	94.3	5951	4291	2801	8753	498	0	36809	2938	4534	3000851	40000	50000	1294	200000	311566	9926193	14262786	2129	969051	716189	488134
1789634034	11200	97.4	96.5	10182	2397	1477	6399	52	0	56342	3055	10522	3000559	40000	50000	914	200000	312441	9966831	14314893	2134	971406	718683	489189
1789634059	11225	94.6	93.4	6423	5210	1717	7949	104	0	36449	3066	4531	3000127	40000	50000	964	200000	313241	9988181	14360332	2128	973773	720552	490093
1789634091	11257	95.9	95.5	7281	5502	1364	5927	378	0	41152	2996	10276	3000632	40000	50000	514	200000	314261	10012581	14422134	2146	976287	722379	491292
1789634117	11282	89.4	88.6	5086	2630	3133	8679	1304	0	4340	3001	7346	2999815	39925	49978	810	200000	314879	10024114	14449107	2127	979842	724020	492770
1789634146	11312	93.7	93.0	7178	3009	2967	7443	1598	0	26436	3559	7729	3000528	39937	50000	1005	200000	315688	10043782	14495449	2129	982627	726163	494110
1789634184	11349	95.9	95.5	8638	2678	2416	9221	811	0	43096	3269	10579	3000206	40000	50000	806	200000	316806	10077576	14548322	2129	985178	728639	495339
1789634208	11374	93.2	92.4	5893	2538	2804	7292	367	0	49733	2976	6979	3000272	40000	49821	1607	200000	317401	10092057	14581671	2130	987557	730715	497056
1789634241	11407	96.0	95.4	10031	3608	1777	8749	514	0	53064	3125	7297	3000134	40000	50000	936	200000	318501	10129210	14630673	2135	990163	732740	498155
1789634268	11433	93.5	92.7	6534	2527	3475	7683	756	0	20100	3120	7160	3000160	39887	50000	1388	200000	319225	10149912	14666845	2130	993811	734362	499587
1789634300	11466	94.2	92.7	6952	4052	3113	9682	1675	0	28328	2908	10259	3000259	39662	50000	1158	200000	319950	10175544	14702410	2128	996662	736493	501262
1789634325	11491	93.7	91.9	6303	4133	3527	7417	1608	0	9670	3112	7281	2999909	39251	50000	1385	200000	320590	10191821	14741254	2128	998922	738054	502323
1789634361	11527	97.0	96.7	9459	2167	1361	8739	81	0	54456	2843	7575	3000636	40000	50000	904	200000	321559	10235303	14790995	2130	1001404	741561	503519
1789634386	11552	94.4	93.9	6188	4759	3022	6452	1001	0	37858	2740	6659	3000037	40000	49760	1398	200000	322186	10259484	14825811	2130	1003844	743076	504042
1789634416	11582	94.2	93.8	5457	2395	1278	8319	178	0	52284	2954	7421	3000151	40000	50000	377	200000	323234	10278499	14897274	2141	1006636	745082	506491
1789634454	11620	94.9	94.5	9642	3002	1475	7036	59	0	85075	2813	9465	3000411	40000	50000	966	200000	324334	10307489	14973222	2131	1009274	747274	507757
1789634481	11647	96.2	96.0	7267	3303	1204	8596	35	0	106324	2856	6633	3000072	40000	50000	757	200000	325187	10327775	15027547	2179	1011578	749327	508318
1789634508	11674	95.1	94.1	8868	4803	3913	6487	366	0	19886	2815	6738	3000294	39731	49951	1876	200000	326114	10349608	15093229	2130	1014202	750332	509217
1789634547	11713	97.3	97.1	17992	4327	1150	7343	365	0	95878	3020	10279	3000174	40000	50000	380	200000	327359	10397849	15162369	2152	1016950	753704	509993
1789634566	11732	97.0	93.4	5215	2343	2137	5377	136	0	41420	3197	4162	3000238	40000	50000	1145	200000	327830	10412910	15205358	2146	1018982	755222	510690
1789634599	11765	94.1	93.2	5517	2820	3443	8222	1530	0	2976	3031	10467	3000135	39420	50000	1438	200000	328758	10434135	15265937	2130	1023044	757184	512902
1789634626	11791	95.8	95.2	6059	4762	3117	6853	1718	0	1421	2830	6611	3000241	39647	50000	1027	200000	329337	10466630	15292804	2130	1025012	758556	514020
1789634661	11827	95.8	95.5	5830	2593	1420	8715	179	0	74430	2913	7533	3000503	40000	50000	885	200000	330301	10515986	15334924	2130	1027633	761769	515733
1789634691	11857	95.2	94.5	7520	3590	1864	6853	170	0	80120	2872	7148	3000347	40000	50000	1111	200000	331119	10548475	15389572	2135	1030080	763727	516431
1789634723	11889	97.0	94.8	11094	2894	1757	8313	110	0	46157	3550	11159	3000462	40000	50000	1068	200000	331936	10572774	15436397	2140	1032506	765666	517341
1789634751	11917	95.9	95.3	9200	3155	1548	5744	383	0	59322	3092	7343	3000576	40000	50000	756	200000	332896	10597469	15489389	2132	1035009	767564	518461
1789634779	11945	94.4	93.9	7401	3712	1373	7453	306	0	66170	3149	7381	3000250	40000	50000	681	200000	333833	10620030	15540930	2149	1037306	769379	519526
1789634808	11974	94.1	93.5	7170	3086	1230	6181	541	0	17306	3074	7173	3000404	40000	50000	419	200000	334869	10642611	15599034	2137	1040095	771137	520908
1789634840	12006	93.3	92.5	8293	2469	3060	8831	1464	0	2589	3293	10886	3000599	39705	50000	930	200000	335661	10668535	15644833	2127	1043268	772760	522299
1789634865	12031	94.2	93.3	6687	2177	2938	7119	1244	0	19063	3232	7605	3000128	39812	49924	1245	200000	336170	10682218	15680538	2128	1045815	774559	524172
1789634900	12066	95.9	95.4	5774	2470	2012	8825	779	0	57163	3418	8479	3000218	40000	50000	892	200000	337064	10717590	15721774	2138	1048809	777576	525113
1789634927	12093	97.2	96.9	6660	3369	1299	6507	232	0	25529	3219	7546	3000277	40000	50000	461	200000	337958	10742885	15767266	2131	1051016	779235	526486
1789634960	12126	96.4	94.2	6718	4424	3908	9688	1949	0	4592	3567	11607	3000425	39914	50000	1319	200000	338670	10757914	15814560	2130	1055434	781543	527568
1789634986	12152	95.4	95.3	7746	4582	3634	7289	1248	0	3969	3293	4497	3000155	39545	49978	1081	200000	339637	10798570	15861281	2135	1057647	783538	528273
1789635016	12182	86.6	84.9	8646	2831	4045	9159	2117	0	2783	3331	7906	3000447	39970	50000	1546	200000	340138	10830922	15889501	2130	1060018	784837	530097
1789635046	12212	97.2	97.0	6041	1340	2230	7076	704	0	91051	3173	7507	3000001	40000	50000	1007	200000	340802	10852374	15936526	2143	1062337	787921	531160
1789635082	12247	98.0	97.7	7336	4347	2311	8927	571	0	110580	3072	10474	3000118	40000	50000	1002	200000	342027	10874286	16013231	2172	1064894	790488	531921
1789635106	12271	94.0	93.1	7059	4913	3033	6923	1757	0	48797	3319	7419	2998922	39892	50000	1048	200000	342937	10887764	16074454	2136	1067129	791100	532914
1789635138	12304	94.9	94.4	8096	2830	2377	8743	868	0	45403	3369	8121	3000170	39694	50000	1032	200000	343997	10901145	16153713	2137	1069492	793094	534709
1789635169	12335	95.0	94.5	6309	2580	2131	7361	418	0	58573	3500	7942	3000266	40000	49915	985	200000	344873	10930191	16220935	2144	1071741	794650	536854
1789635197	12363	95.5	95.0	6881	2425	1568	9075	352	0	22528	3357	7627	3000347	40000	50000	461	200000	345754	10950166	16279004	2131	1074595	796569	538454
1789635229	12395	92.4	92.1	9990	3558	4522	6880	536	0	17595	3167	7449	2999612	39052	49947	1717	200000	346793	10979744	16337433	2137	1077040	798559	539490
1789635261	12427	96.2	95.5	6512	5183	3413	9534	1587	0	10388	3147	10615	3000185	39754	50000	891	200000	347496	11005228	16373705	2131	1080884	800698	540483
1789635291	12457	94.7	94.5	12034	3040	3849	6400	434	0	17275	3132	7288	2999475	39434	49914	1115	200000	348676	11039048	16429297	2136	1082493	802854	541075
1789635320	12486	98.1	97.7	8612	1449	1104	7344	615	0	34579	3024	7257	3000456	40000	50000	196	200000	349754	11063636	16496494	2149	1084188	805134	541670
1789635349	12515	93.3	91.5	7309	5476	1930	6684	457	0	27683	3395	7879	3000184	40000	50000	271	200000	350544	11088638	16535080	2131	1086859	806388	543565
1789635378	12544	93.0	92.3	6838	4213	3634	9441	906	0	4799	3550	7972	3000022	39886	50000	1290	200000	351285	11109710	16582485	2131	1090226	808030	545110
1789635406	12572	95.3	94.6	7345	2153	3721	7696	2295	0	4330	3034	7403	3000258	39790	50000	1164	200000	352070	11132121	16629276	2132	1092768	809828	546156
1789635436	12602	94.8	94.4	4944	3616	3253	9342	1793	0	34716	3149	7566	2999603	39737	49684	1146	200000	353068	11149720	16690394	2140	1095318	812554	546988
1789635469	12635	94.3	93.7	8417	2896	3330	7356	1588	0	13038	3422	11116	3000002	40000	49938	1425	200000	354062	11172533	16737464	2134	1097455	813803	548918
1789635504	12670	95.8	95.5	9479	3739	1281	8727	284	0	98666	3198	7861	3000229	40000	50000	763	200000	355140	11211125	16791706	2151	1099900	817320	549844
1789635529	12694	95.3	94.7	7928	4698	1989	7071	471	0	60571	3080	6945	3000090	40000	50000	1082	200000	355852	11226685	16830104	2137	1102392	819134	550784
1789635557	12723	97.2	96.9	5412	4560	1900	8432	705	0	47846	3255	7972	3000204	40000	50000	775	200000	356867	11251266	16884268	2142	1104575	820700	551785
1789635589	12755	94.6	93.9	6832	2913	1575	6518	319	0	43941	3124	7856	3000602	39563	50000	678	200000	358039	11272274	16966584	2145	1107671	822816	553511
1789635618	12783	93.7	93.3	7247	4776	2002	7908	96	0	38831	3228	7647	3000951	40000	50000	895	200000	358751	11308992	16990057	2139	1109487	824183	554170
1789635650	12815	94.0	91.1	7138	3670	3444	7929	243	0	6842	4405	12411	2999150	39868	49940	663	200000	359620	11321563	17045608	2134	1112879	825374	558016
1789635677	12843	97.6	97.4	6395	2122	957	9287	279	0	7091	3258	7834	3000107	40000	50000	215	200000	360534	11337973	17107081	2135	1114495	826781	559805
1789635706	12871	93.0	92.6	7917	2719	1648	7859	874	0	1918	3392	8247	3000376	39990	50000	318	200000	361255	11349879	17168731	2133	1117487	828448	560959
1789635735	12901	95.9	95.3	8380	1747	2438	10585	661	0	4000	3298	7903	3000136	39582	49964	955	200000	362208	11363721	17245289	2132	1120414	830009	563140
1789635770	12936	96.5	96.2	6207	2599	3721	8222	948	0	12150	3350	11415	3000039	39443	50000	1149	200000	363027	11393906	17289422	2133	1124640	832573	564609
1789635799	12965	96.8	96.0	6820	5118	3950	9930	2316	0	1401	3136	7721	2999663	39293	50000	1301	200000	363985	11417927	17348427	2133	1127055	834405	565569
1789635828	12994	96.0	96.0	5844	4211	4225	7723	573	0	6822	3187	7549	2999668	39042	49975	1465	200000	364846	11444822	17401339	2133	1129731	836635	566115
1789635855	13021	98.1	97.3	11682	1885	3786	9161	785	0	1276	3243	7723	3000097	39829	49986	1066	200000	365708	11476434	17439434	2133	1131428	837953	568806
1789635888	13054	97.3	96.5	5241	3506	2409	7411	697	0	73220	3214	8170	3000268	39898	49955	1035	200000	366495	11493887	17492349	2140	1134198	840754	569942
1789635917	13083	91.5	90.9	8937	4669	3079	9206	255	0	25411	3433	8180	3000503	40000	50000	1413	200000	367266	11513534	17541849	2134	1136428	841983	571347
1789635947	13113	97.2	96.9	7291	2800	1130	6469	119	0	34125	3262	7971	3000205	40000	50000	635	200000	368350	11546039	17585800	2140	1138497	844494	572559
1789635982	13148	95.5	95.1	8388	3549	1096	8331	549	0	24600	3374	11104	3000118	40000	50000	337	200000	369610	11567137	17662548	2142	1141444	846585	573604
1789636011	13177	95.7	95.4	9929	2285	1028	6103	137	0	36331	3446	8002	3000364	40000	50000	525	200000	370449	11594269	17710155	2134	1143746	848130	575031
1789636039	13205	94.7	94.2	7427	3433	3916	9226	1121	0	604	3847	8509	2999544	39570	50000	1237	200000	371070	11608662	17753101	2132	1147798	849956	576327
1789636068	13234	96.6	95.7	9907	2725	3607	7155	2246	0	2823	3294	7815	3000113	40000	50000	1080	200000	371903	11636848	17790777	2132	1150145	852106	577231
1789636096	13262	94.9	94.5	5180	1403	3276	8920	1927	0	25415	3120	7140	2999164	39907	50000	1116	200000	372859	11656248	17836986	2132	1152728	854672	577874
1789636126	13292	94.5	94.1	5916	3256	3096	7390	1724	0	43084	3022	7107	2999093	39611	49822	1191	200000	373938	11675239	17893807	2134	1155281	857080	578774
1789636158	13323	95.1	94.6	6500	4048	3017	9225	996	0	29042	3046	10250	3000097	39780	49972	1238	200000	374816	11693664	17948483	2135	1157536	858803	580469
1789636189	13355	95.0	94.4	10080	2453	2954	7625	984	0	28610	3000	7536	3000686	39950	49932	1445	200000	375875	11719566	18010137	2144	1159939	861107	581731
1789636218	13384	93.5	92.8	5272	2740	2209	9894	553	0	21387	2990	7608	3000439	40000	50000	819	200000	376755	11735810	18061585	2139	1163070	862760	584625
1789636251	13416	94.0	93.7	7532	4838	2724	7914	1267	0	42262	3040	10436	3000144	40000	50000	1001	200000	377591	11766568	18111315	2134	1165821	864429	586134
1789636278	13444	92.9	92.5	6434	2185	2478	10170	895	0	40721	3179	7788	3000257	39957	50000	964	200000	378108	11779960	18145098	2132	1168392	866100	588654
1789636306	13472	96.3	95.8	6015	3326	2324	7810	133	0	20359	3039	7307	3000126	39705	50000	1379	200000	379000	11793318	18222586	2132	1170688	867857	590205
1789636336	13502	96.3	95.8	10572	2298	3791	10302	558	0	11670	3187	7780	2999732	39344	50000	1513	200000	379853	11818177	18288547	2137	1174512	869682	591769
1789636375	13541	96.0	95.3	5835	2759	1206	7435	226	0	72259	3076	10908	3000652	40000	50000	709	200000	381050	11846310	18359080	2133	1177140	872921	593649
1789636396	13562	94.8	94.1	7748	4910	2425	9214	152	0	53192	2848	6448	3000721	40000	50000	1264	200000	381512	11857418	18386100	2136	1179361	874947	594255
1789636427	13593	94.7	94.2	11781	3289	3142	7449	973	0	33937	2910	7024	3001039	40000	49827	1531	200000	382588	11891790	18439234	2130	1181991	876621	594969
1789636460	13626	97.3	96.3	6694	4178	1726	9353	322	0	30051	3191	10355	3000154	40000	50000	811	200000	383506	11918611	18504166	2134	1184792	878259	597555
1789636488	13654	93.3	92.8	6064	3466	3017	7178	1392	0	5088	3100	7444	3000116	40000	50000	966	200000	384175	11938375	18546193	2132	1187945	879881	599311
1789636517	13682	94.9	94.1	7207	2127	2443	8895	448	0	33655	3023	7507	3000506	40000	50000	973	200000	384879	11959309	18586468	2131	1190342	882247	600867
1789636548	13714	94.9	93.9	8502	2878	2863	7148	426	0	40914	3385	8059	3000241	40000	50000	1183	200000	386062	11984182	18646503	2137	1192942	884382	601540
1789636577	13743	95.5	95.0	7925	2771	2867	8912	693	0	23606	3077	7627	3000017	40000	49906	1225	200000	387100	12011352	18702288	2131	1195468	886540	602654
1789636609	13775	96.4	96.0	8152	3900	1871	7194	750	0	32212	3135	10687	3000419	40000	50000	705	200000	388106	12031433	18757970	2131	1198280	888450	604232
1789636636	13802	93.8	92.0	5917	2403	3496	9532	543	0	3252	3226	7831	2999619	39913	49971	1472	200000	388804	12047060	18803531	2130	1200899	889623	606438
1789636667	13833	96.1	95.6	4480	3152	2568	8090	1278	0	47965	3243	7999	3000112	40000	50000	880	200000	389521	12073546	18844089	2133	1204474	892257	607771
1789636702	13867	98.0	95.9	7223	1541	1873	9927	443	0	32582	3779	11472	3000200	40000	50000	1047	200000	390553	12097688	18906663	2130	1206730	894106	610161
1789636729	13895	96.9	96.7	7656	3017	4597	6680	503	0	10498	2925	6828	2998078	38912	49788	1719	200000	391558	12112989	18974605	2132	1209305	896080	611232
1789636755	13921	96.2	93.8	6058	1596	3091	9779	1356	0	8360	3330	8145	2999644	38839	49980	1278	200000	392161	12127443	19014055	2131	1212821	897389	614280
1789636787	13953	98.3	98.1	4464	1788	1402	7526	185	0	34427	2953	7377	3000576	40000	50000	740	200000	393156	12160513	19060235	2132	1215048	900325	615365
1789636820	13985	90.8	90.4	5977	3422	3706	9421	777	0	8955	3031	10179	2999834	39876	49624	1317	200000	393914	12180346	19110322	2131	1218385	902294	616503
1789636848	14013	97.7	97.5	7771	3999	3539	7331	1523	0	5438	3270	7381	2999350	39993	49995	845	200000	394848	12200035	19164295	2130	1221755	904299	617212
1789636877	14043	98.5	98.4	9117	4834	865	7342	521	0	16969	3123	7263	3000087	40000	50000	238	200000	396107	12218658	19244866	2141	1222360	906450	617808
1789636906	14072	95.9	94.5	9317	2577	1165	5827	374	0	2819	3361	7839	3000660	40000	50000	132	200000	396992	12232933	19324533	2131	1224757	908069	619307
1789636936	14102	92.7	91.9	5304	2085	2979	9407	1415	0	11056	3254	8088	2998839	39364	49929	1182	200000	397568	12245980	19376444	2131	1228527	909292	622410
1789636973	14138	96.5	95.8	9221	3102	1197	7660	147	0	68830	3111	10709	3000674	39812	50000	778	200000	398719	12268645	19453096	2140	1231029	912743	623375
1789637000	14166	94.4	93.7	8275	3644	2010	9384	172	0	34627	3073	7106	3001209	40000	50000	1377	200000	399562	12292667	19501613	2132	1233456	914824	624138
1789637028	14194	93.2	91.8	7341	2785	3935	6634	627	0	16907	3347	7675	3000127	39785	49797	1128	200000	400485	12320648	19537826	2134	1237041	916728	625222
1789637057	14223	98.3	98.0	8120	4141	1144	7585	556	0	25522	3037	6779	3000421	40000	50000	248	200000	401503	12347039	19604819	2140	1238729	918924	626049
1789637089	14255	93.9	93.4	8312	2040	3742	7780	1125	0	554	3047	10075	2999360	39944	49967	841	200000	402378	12367811	19661114	2130	1242644	920448	628382
1789637116	14282	95.0	93.9	5303	3206	3426	9490	862	0	2546	2975	7173	2999108	40000	50000	1172	200000	403211	12380518	19713357	2132	1244994	922290	629341
1789637149	14314	94.6	93.6	6828	4489	3304	8110	1710	0	4867	3267	10710	3000224	39982	49849	1335	200000	404087	12405072	19758333	2131	1247404	923954	631297
1789637181	14346	95.8	95.4	4557	2282	2026	9539	798	0	65676	2988	7652	3000114	40000	50000	612	200000	405078	12426512	19818947	2140	1249927	926797	632237
1789637206	14372	94.4	90.9	6736	4223	3867	7589	513	0	9554	3684	7563	3000587	39808	49867	1832	200000	405772	12440493	19858952	2130	1252366	928258	633826
1789637241	14407	96.0	95.8	13276	1891	1001	8888	291	0	72762	3196	7763	3000315	40000	50000	322	200000	406987	12473980	19920412	2154	1255280	931086	635035
1789637267	14433	94.8	94.3	6556	2358	2832	7452	34	0	23601	2953	6905	3000027	40000	49929	1134	200000	407781	12491333	19975081	2130	1258389	932624	636667
1789637295	14461	98.0	97.5	8824	2744	1255	8490	317	0	15460	3131	7349	3000431	40000	50000	489	200000	408813	12513684	20035441	2140	1260074	934438	637756
1789637330	14495	97.1	96.8	9725	4234	1226	6348	426	0	43912	2944	10038	3000393	40000	50000	449	200000	409855	12540688	20115793	2141	1262456	936328	638872
1789637356	14522	95.8	92.9	5376	4241	3196	8889	1168	0	2925	3123	7636	2999991	39413	50000	1109	200000	410460	12561207	20152383	2131	1265564	937716	640693
1789637392	14558	96.5	96.0	4662	1472	1820	7700	615	0	73691	3033	10672	3000233	40000	50000	765	200000	411304	12587954	20189189	2143	1268856	940967	642502
1789637420	14586	96.2	95.7	7307	3787	2236	9596	599	0	90501	3031	7300	3000363	40000	50000	1057	200000	412081	12613721	20233605	2151	1271301	942862	643631
1789637449	14614	96.8	96.6	8610	5903	2354	7384	921	0	35724	3125	7035	3000016	40000	50000	858	200000	413055	12637753	20292847	2131	1273573	944289	645108
1789637476	14642	93.9	93.4	6680	1812	1850	9460	247	0	75915	2890	7003	3000028	39566	50000	1113	200000	413853	12649395	20366555	2151	1276006	946314	646727
1789637506	14672	95.0	94.5	8059	1906	2931	7495	223	0	21438	2861	6827	3000244	40000	50000	1394	200000	414930	12672855	20444647	2131	1278658	947531	647862
1789637539	14705	94.4	94.0	6125	2111	3618	10526	633	0	15593	2967	10415	3000127	39390	49955	1407	200000	415705	12687556	20512590	2129	1282515	949339	650859
1789637566	14732	96.5	94.0	6695	2082	2519	7520	829	0	30750	3038	7548	3000794	39701	50000	1110	200000	416365	12700764	20561340	2128	1284692	951744	652048
1789637596	14761	96.7	96.0	7661	1562	1315	8991	161	0	23088	2913	7478	3000795	40000	50000	786	200000	417277	12737008	20589360	2136	1287203	954209	653568
1789637628	14794	97.8	97.2	10016	2336	3871	8308	2335	0	2856	2768	9738	3000366	39933	49870	1147	200000	418252	12761694	20640159	2135	1291854	956598	654475
1789637657	14823	98.1	98.1	5924	5299	4235	8896	591	0	17035	2918	6948	2999101	39681	49966	1354	200000	419416	12787138	20716958	2142	1293104	958600	655074
1789637686	14852	96.9	95.7	6985	2351	3337	7567	1602	0	31699	3054	7339	3000033	39656	49841	1214	200000	420234	12807294	20758894	2140	1296915	961610	656118
1789637717	14883	92.5	92.2	7042	3098	2846	9593	1285	0	27700	3064	10078	3000109	39938	49926	1009	200000	421268	12824547	20812371	2136	1299191	962980	658285
1789637751	14917	94.8	94.1	7411	3216	3991	8522	2333	0	21512	3066	10328	3000263	39846	49977	1330	200000	422388	12843295	20878090	2137	1302652	965045	659517
1789637777	14942	96.0	95.1	7328	2319	3717	10167	1849	0	8174	2904	4199	2999188	39015	50000	1264	200000	423065	12862344	20920343	2137	1305233	967369	660621
1789637807	14973	96.7	96.2	6708	4921	3221	7734	1698	0	3481	3130	10084	3000093	39738	50000	1031	200000	424046	12882357	20982177	2136	1307494	969139	661754
1789637835	15001	95.8	93.3	6893	3078	3349	9485	1800	0	19891	3460	7610	2999477	39559	50000	1212	200000	424949	12906583	21020366	2136	1309960	971398	662452
1789637867	15032	95.0	94.7	6911	3068	1979	7352	490	0	79387	2855	7176	3000011	40000	50000	899	200000	425970	12926227	21084160	2153	1312352	974482	663536
1789637898	15064	95.3	94.6	8052	2988	1678	9088	174	0	61821	2976	7208	3000262	40000	49966	1143	200000	427105	12952223	21156279	2139	1314684	976709	664724
1789637929	15095	96.4	95.4	5859	4317	1554	7098	144	0	38757	2961	9796	3000477	40000	50000	823	200000	428215	12970478	21222131	2144	1317324	978764	665551
1789637957	15123	95.9	94.9	5559	3941	1459	8702	610	0	19430	2763	6966	3000210	40000	50000	446	200000	429185	12992863	21269622	2150	1320192	980891	666648
1789637986	15151	94.9	94.4	5489	4274	1427	6539	707	0	3896	2787	6904	3000055	40000	50000	186	200000	429968	13014581	21315366	2142	1322829	982751	667935
1789638019	15184	93.1	92.7	4964	3663	3647	9803	762	0	13255	2932	10065	2998991	39886	49743	1168	200000	430782	13027574	21371887	2136	1326804	984915	669287
1789638050	15215	94.3	93.9	5761	4686	4178	8115	2346	0	6660	2685	6561	2999490	39780	49881	1393	200000	431712	13053046	21443238	2135	1329410	986834	670536
1789638076	15242	94.4	94.4	6085	2916	4350	9749	896	0	3535	2920	6720	2999384	39158	49697	1465	200000	432542	13068167	21511834	2136	1331882	988703	671258
1789638106	15272	95.3	94.6	5448	2279	2775	7200	963	0	37204	3161	7358	3000155	39968	49976	929	200000	433325	13081398	21578843	2136	1334202	991410	672732
1789638138	15304	95.3	94.9	7168	6127	3118	8762	670	0	31366	3146	9815	3000079	39609	49991	1373	200000	434316	13103311	21637203	2136	1336329	993515	673615
1789638168	15334	96.0	95.4	5499	3546	1382	6807	230	0	46470	2921	7283	3000692	39911	50000	788	200000	435339	13125643	21699171	2142	1338602	996098	674855
1789638200	15366	94.1	93.1	5787	3261	3261	9519	1029	0	10141	2971	10110	3000536	39702	50000	951	200000	436105	13153835	21739688	2136	1342934	998162	675988
1789638229	15395	97.2	97.0	8602	4339	3861	7765	977	0	8097	2970	6960	3000135	39989	49933	1244	200000	437128	13190446	21787167	2136	1345593	1000319	676679
1789638257	15422	95.8	95.2	4302	2798	3778	9462	2051	0	7747	2921	7081	2998829	39672	49957	1040	200000	437961	13203168	21839167	2135	1348252	1002932	677562
1789638289	15455	95.7	95.1	8486	3167	3286	7671	1801	0	3970	3116	10546	2999196	39214	49737	1331	200000	439154	13220066	21915845	2147	1350303	1004312	679516
1789638318	15484	95.8	95.6	5811	3100	2156	9158	509	0	77638	3028	7577	3000086	40000	50000	892	200000	439888	13237471	21959962	2177	1352722	1007242	680431
1789638346	15512	94.3	93.3	7622	5070	2960	7501	954	0	43504	3173	7270	3000234	39541	50000	1365	200000	440779	13255960	22010914	2149	1354998	1008603	681263
1789638383	15549	95.9	95.5	7451	4431	1712	9252	493	0	96176	3093	10854	3000338	40000	50000	799	200000	441963	13281928	22078199	2170	1357745	1011526	682299
1789638411	15576	92.5	91.2	8122	2315	3356	7221	524	0	17015	3646	8187	3000177	39473	49927	1751	200000	442813	13293450	22130564	2151	1361030	1013442	683846
1789638440	15606	97.8	97.5	9950	2204	1261	7536	433	0	22984	2974	7341	3000816	40000	50000	416	200000	443985	13324503	22183094	2157	1362689	1015523	684460
1789638468	15634	94.1	93.6	8425	2893	1490	6168	491	0	30535	3182	7668	3000341	40000	50000	536	200000	444919	13341358	22243811	2160	1365288	1017245	685763
1789638496	15661	97.4	97.0	6121	2089	2544	8986	1260	0	45832	3259	7774	3000088	40000	50000	723	200000	445567	13354555	22280218	2151	1369124	1019876	687226
1789638525	15691	97.5	96.8	10537	2444	3815	7807	2130	0	30848	3059	7425	2999438	39280	50000	1474	200000	446807	13378891	22359066	2156	1371732	1021767	687670
1789638560	15726	96.4	95.9	5675	3260	2041	9447	117	0	33227	3265	11143	3000517	40000	50000	1419	200000	447873	13400257	22421016	2152	1373791	1024416	690053
1789638588	15754	98.2	98.0	10595	3723	1183	6446	466	0	30518	3166	7531	3000362	40000	50000	356	200000	448863	13423392	22477434	2167	1376599	1026635	690637
1789638618	15784	89.1	87.9	6911	4754	3560	9426	875	0	14788	3294	7829	3000005	39441	50000	1267	200000	449652	13435899	22529827	2153	1380600	1028678	691602
1789638646	15812	98.1	97.6	11999	2275	1114	5509	568	0	10523	3062	6995	3000909	40000	50000	231	200000	450678	13456377	22594236	2163	1381469	1030787	692247
1789638677	15843	95.9	95.7	10389	4356	883	7170	353	0	23764	3154	7645	3000335	40000	50000	47	200000	451722	13478404	22678550	2164	1383522	1032527	693322
1789638706	15872	96.0	94.7	10650	3746	999	5995	384	0	4612	3188	7752	3000127	40000	50000	160	200000	452569	13490423	22759022	2154	1385922	1034157	694807
1789638736	15902	93.0	90.0	6918	2069	2973	9431	1193	0	33425	3656	8628	2999516	39458	49986	888	200000	453035	13500162	22794920	2152	1390344	1036384	696922
1789638772	15938	95.4	94.2	7029	4947	2837	7358	491	0	28946	3393	11253	3000518	39562	50000	1460	200000	454050	13529791	22847452	2157	1392323	1038573	698459
1789638800	15965	95.9	94.9	9906	2077	2218	9000	542	0	44754	3373	8131	3001158	40000	50000	953	200000	454903	13556240	22888539	2165	1395204	1040327	699699
1789638826	15992	92.2	91.5	4743	2867	2249	7868	837	0	12436	3223	7826	2999594	40000	49999	801	200000	455433	13572479	22930911	2151	1398174	1041737	703061
1789638861	16027	93.3	93.0	6615	2831	3905	11047	1033	0	21733	3360	11255	2999152	39715	49741	1318	200000	456505	13586476	23000010	2151	1402228	1043732	704451
1789638886	16052	96.7	94.0	6315	2835	3198	8190	1190	0	2670	3305	8055	3000116	39613	49993	990	200000	457264	13599081	23043691	2151	1403638	1044945	706103
1789638920	16086	95.5	95.1	7409	2144	1331	9958	24	0	48061	3559	8541	3000131	40000	50000	907	200000	458254	13626730	23101940	2153	1406233	1048082	707832
1789638949	16115	94.3	93.8	6257	3115	1452	6902	114	0	66400	3063	7475	3000274	40000	50000	848	200000	459147	13646491	23143842	2170	1408798	1050153	708601
1789638982	16147	95.1	94.8	8462	2481	1972	8934	378	0	43710	3317	10699	3000099	40000	50000	812	200000	460199	13669317	23198823	2160	1411769	1052129	709926
1789639011	16177	93.6	92.4	7669	5111	2787	6971	846	0	42436	3332	7944	3000158	39417	50000	1393	200000	461137	13685776	23256651	2157	1414534	1053949	711228
1789639036	16202	92.0	91.4	5075	2426	2230	8788	638	0	49012	3105	7504	3000301	39885	50000	1116	200000	461603	13696789	23287601	2152	1417273	1056421	712427
1789639067	16233	97.6	97.2	5652	2637	1516	7523	177	0	55216	3131	7781	3000222	40000	50000	649	200000	462860	13720105	23362214	2154	1419695	1058681	713409
1789639102	16268	96.6	96.0	7232	3180	1922	9517	79	0	56895	3195	10948	3000445	40000	50000	906	200000	464009	13746561	23430890	2155	1422135	1060288	715096
1789639130	16296	95.3	92.9	7974	3054	2862	7467	1704	0	5488	3748	8366	3000135	39750	50000	903	200000	464754	13759397	23483071	2151	1426112	1062054	716551
1789639156	16322	97.0	96.5	6596	2636	3587	9577	2114	0	4414	3271	7521	2998830	39453	50000	979	200000	465713	13782372	23531054	2151	1428673	1064025	717504
1789639187	16353	96.8	96.6	7997	2054	2985	8239	1918	0	34256	3076	7561	2999294	40000	49958	878	200000	466753	13801718	23596929	2153	1431324	1066446	718406
1789639217	16382	95.6	95.6	12800	4720	3417	9198	121	0	817	3217	7499	2998051	39493	49891	1001	200000	467910	13824476	23674922	2159	1432482	1067695	719870
1789639246	16412	95.2	94.4	11792	2101	3383	7757	1159	0	893	3306	7976	2999228	39924	49911	821	200000	468777	13834477	23755737	2163	1435716	1069582	720800
1789639279	16445	96.7	95.3	7804	4790	3413	10134	2001	0	6948	3460	11335	2999286	39478	50000	1243	200000	469630	13851478	23825045	2151	1438515	1071368	722996
1789639313	16478	96.8	96.4	7492	2323	2643	7592	790	0	47761	3281	8010	3000467	40000	49817	1186	200000	470524	13880071	23879384	2153	1440841	1074019	724221
1789639341	16507	97.0	96.3	5617	2579	1601	9476	154	0	44452	3140	7624	3000603	40000	50000	1050	200000	471407	13899783	23950592	2162	1443399	1076253	726314
1789639366	16531	96.0	95.1	8407	3640	2080	7055	131	0	12901	3170	7382	3001047	40000	50000	1402	200000	472111	13922410	23982582	2161	1445746	1078355	726700
1789639402	16568	98.3	97.7	6534	1692	2159	9553	893	0	35206	3113	11068	3000148	40000	50000	819	200000	473096	13954088	24035108	2156	1450001	1080961	728932
1789639428	16594	95.2	94.8	7140	2886	3215	7327	547	0	26005	3369	8139	2999172	39920	49899	1271	200000	473884	13966469	24086640	2160	1452556	1082482	730751
1789639458	16623	94.6	94.0	6377	3184	3505	9723	1338	0	17256	3281	7756	3000188	39621	49951	1409	200000	474761	13981004	24151928	2155	1455679	1084514	732350
1789639487	16652	95.4	94.9	6231	1757	2476	8020	797	0	59451	3071	7533	3000197	40000	50000	1092	200000	475498	13997249	24202040	2169	1458452	1086920	734136
1789639519	16685	87.1	86.6	9143	4445	2842	9717	433	0	27384	2979	10141	3000127	39825	49973	1322	200000	476375	14021674	24245104	2157	1460652	1088903	735606
1789639550	16716	96.5	96.1	6399	4409	1246	6934	322	0	35130	2959	7469	3000213	40000	50000	629	200000	477525	14046901	24304473	2162	1463083	1091022	736553
1789639580	16746	94.0	93.5	8852	2799	1495	8874	410	0	56605	3162	7490	3000201	40000	50000	846	200000	478461	14060323	24365932	2169	1465648	1093121	737459
1789639608	16774	95.1	94.9	7705	2052	1243	5981	261	0	48815	3133	7464	3000087	40000	50000	573	200000	479434	14078747	24420202	2163	1468072	1095184	738266
1789639640	16806	91.3	90.7	6089	3279	3364	8602	923	0	1905	3169	10422	3000082	39620	49987	807	200000	480351	14092528	24482984	2157	1471432	1096703	739992
1789639668	16834	93.9	93.6	5984	2916	3396	7547	799	0	13426	2954	7142	2999723	40000	50000	1044	200000	481125	14108925	24537976	2156	1474561	1098637	741565
1789639697	16862	93.7	92.9	6062	1876	2385	9240	449	0	68879	2954	7335	3000117	39532	50000	1115	200000	481981	14124738	24586090	2159	1477058	1101715	742866
1789639729	16895	93.7	93.4	9482	1903	2021	7428	844	0	58546	3118	10447	3000008	40000	50000	928	200000	482950	14153781	24622339	2167	1479721	1103644	744157
1789639757	16922	96.3	95.9	5595	3876	2204	8805	115	0	36959	2820	6934	3000066	40000	50000	849	200000	483917	14173095	24689288	2156	1481760	1105016	744980
1789639788	16954	94.3	94.0	6588	2616	1347	7657	867	0	37720	2936	7226	3000095	40000	50000	240	200000	484951	14187009	24770824	2173	1484900	1107192	747122
1789639819	16985	93.7	93.3	6081	5474	2916	10061	649	0	9802	2892	9605	3000037	39864	50000	763	200000	485883	14203599	24843720	2156	1487942	1108911	748451
1789639846	17012	94.6	94.3	4286	3315	2938	7944	1122	0	6188	2928	7235	2999758	39790	49995	874	200000	486474	14211171	24907694	2156	1490522	1110772	750076
1789639877	17043	94.6	94.1	6813	3249	2787	9767	1209	0	23894	3041	7460	3000513	39829	50000	1271	200000	487518	14229696	24989359	2156	1492958	1112697	751513
1789639912	17078	95.9	95.1	7816	2833	1841	6911	775	0	52646	3172	10620	3000245	40000	50000	576	200000	488604	14253624	25057905	2158	1496009	1115640	752674
1789639937	17103	93.9	90.7	5534	4731	3153	9084	1094	0	9492	3186	7653	3000105	39350	50000	1835	200000	489053	14275651	25085069	2156	1498608	1117220	754129
1789639967	17133	93.7	93.0	7696	1518	2459	7559	976	0	46740	3198	7467	3000284	40000	50000	1010	200000	489658	14304524	25113697	2167	1501827	1119982	755845
1789639996	17162	94.4	94.2	10374	3137	2733	9040	797	0	12469	2627	6305	3000001	40000	49964	1132	200000	490372	14329441	25203092	2161	1503768	1121028	757310
1789640028	17194	95.8	95.5	6545	2358	807	6431	101	0	53551	2696	7017	3000243	40000	50000	456	200000	491578	14353526	25289757	2185	1506144	1123911	758383
1789640060	17226	94.1	93.6	6521	4328	1547	8446	699	0	17687	2914	9672	3000577	40000	50000	412	200000	492627	14372709	25360250	2163	1509336	1125896	759645
1789640088	17253	94.5	94.0	8613	2710	1078	6520	231	0	24567	2755	6771	3000702	40000	50000	38	200000	493560	14399211	25410758	2164	1511202	1127369	761127
1789640116	17282	90.6	87.7	5718	1838	2581	9636	1216	0	48207	3678	8026	2999794	39284	49997	791	200000	494038	14406428	25442815	2164	1515403	1130025	762746
1789640149	17314	95.6	95.2	9124	6040	3689	7734	2000	0	5813	2843	9731	3000270	39891	50000	1356	200000	495298	14431030	25503817	2161	1517852	1131546	763382
1789640178	17344	96.8	96.5	6360	2123	2291	9215	708	0	72692	2880	7363	3000162	39823	50000	817	200000	496115	14448026	25556354	2173	1520342	1134803	764209
1789640206	17372	96.1	95.6	6965	4885	3768	7228	1905	0	26710	2664	6770	3000057	39330	49858	1678	200000	497280	14468684	25622556	2162	1522883	1135908	765099
1789640244	17410	97.7	97.4	7846	2684	1802	8504	516	0	55997	2985	10865	3000235	40000	50000	1033	200000	498492	14497593	25694337	2170	1525361	1139230	766344
1789640269	17434	97.8	97.5	6037	3936	1241	5757	334	0	38679	2958	6986	3000072	40000	50000	566	200000	499311	14511828	25751198	2168	1527605	1141043	767721
1789640301	17466	96.0	95.6	8550	2046	4326	7731	651	0	10945	2976	10124	2999684	39366	49984	1697	200000	500377	14527541	25814153	2163	1530702	1143190	768502
1789640326	17492	97.7	96.8	8428	3657	3598	7107	2117	0	1072	3476	7954	3000075	39745	50000	1171	200000	501077	14545423	25847116	2162	1534384	1145451	769423
1789640356	17522	97.6	97.3	5528	1939	2931	8691	787	0	69862	3207	7657	2999869	40000	50000	1345	200000	501889	14562463	25895736	2167	1536827	1148373	770212
1789640394	17559	98.2	98.1	10563	2656	1028	6615	174	0	139331	3092	10299	3000134	40000	50000	622	200000	503265	14586181	25975429	2203	1539420	1151979	770669
1789640417	17582	91.8	90.2	12384	2076	3421	8650	1597	0	40798	3223	6990	2998540	39344	49889	1277	200000	503934	14596471	26023162	2165	1541957	1152572	771277
1789640445	17611	96.3	95.8	10100	3424	2947	7294	1475	0	29790	3016	7276	2999563	40000	49833	970	200000	504822	14613310	26107130	2164	1544229	1154212	773203
1789640476	17642	95.2	94.9	10194	2814	3160	9155	1882	0	31918	2961	7415	2998877	39478	50000	1186	200000	505875	14629912	26199392	2164	1546669	1155956	774168
1789640513	17679	96.0	95.5	6462	4522	2924	7731	970	0	52529	3236	10830	3000572	39604	49959	1352	200000	507100	14656887	26280976	2159	1549075	1158177	775490
1789640538	17704	92.5	91.6	7547	2249	2536	9638	849	0	17241	3119	7470	3000756	39721	50000	1301	200000	507613	14667936	26324219	2157	1551759	1160125	777713
1789640569	17734	93.0	92.3	6234	4973	3643	8013	1683	0	23523	3157	7430	3000513	39702	50000	1353	200000	508368	14709083	26359587	2159	1555072	1162012	779138
1789640596	17762	94.7	94.2	5739	3165	2606	9640	1080	0	46390	3202	7264	3000313	40000	50000	997	200000	509011	14729728	26406671	2158	1557441	1164411	780527
1789640631	17797	94.7	94.4	6879	3569	2610	7327	816	0	57143	3276	10752	3000300	40000	49966	1011	200000	510123	14761107	26461912	2158	1559898	1166883	781422
1789640660	17826	94.9	94.6	5238	4624	1676	9097	153	0	90996	3036	7079	3000013	40000	50000	828	200000	511214	14775907	26531729	2176	1562199	1169517	782538
1789640690	17856	95.0	92.9	9167	3623	3954	7166	1797	0	43525	3206	7460	3000704	40000	49865	1820	200000	512327	14800366	26605711	2160	1564898	1170287	783055
1789640726	17892	96.3	96.0	6490	4740	1465	8544	543	0	99956	3222	10887	3000245	40000	50000	592	200000	513478	14830480	26665249	2178	1567648	1173575	784500
1789640750	17916	93.1	92.6	8580	3584	1824	6193	254	0	38252	3079	7268	3000182	40000	50000	1214	200000	514106	14840572	26703161	2160	1569902	1175428	785909
1789640784	17950	95.9	95.9	9255	4900	741	7393	158	0	66404	3137	7488	3000245	40000	50000	302	200000	515590	14871011	26783155	2177	1572237	1177681	786404
1789640811	17976	94.7	94.2	6148	2091	1947	6397	160	0	73063	2928	7058	3000699	40000	50000	1280	200000	516180	14880689	26827494	2165	1574851	1180033	787077
1789640838	18004	96.4	96.0	10019	4680	2355	7748	856	0	35165	3138	7562	3000626	40000	49995	1009	200000	517241	14904065	26877021	2164	1577308	1181587	787810
1789640869	18035	96.6	96.1	6834	1945	1461	6267	490	0	25836	3297	10611	3000349	40000	50000	636	200000	518167	14916805	26950379	2162	1580020	1183584	789994
1789640899	18065	93.7	93.5	7036	3487	4222	8373	285	0	8678	3122	7833	2998815	38943	49977	1264	200000	519151	14942089	27006764	2161	1582788	1185004	791417
1789640927	18092	95.3	94.1	4802	2963	3758	8393	1944	0	8494	3452	7739	2999939	39328	49953	1202	200000	519912	14957092	27053217	2160	1586525	1187501	792813
1789640956	18122	97.3	97.0	7497	2228	3201	10253	1818	0	6245	3205	8228	2999433	39666	49883	927	200000	520834	14984730	27100967	2162	1588750	1188815	794662
1789640986	18152	97.0	96.6	11677	2044	2889	7705	1700	0	1722	3783	9237	2999656	40000	49996	779	200000	521654	15000783	27163870	2161	1591139	1190173	796377
1789641020	18186	96.8	96.7	12145	4204	3786	9009	337	0	8240	3584	11638	2999486	39861	49922	1153	200000	522735	15016557	27247638	2160	1592919	1191968	797118
1789641050	18216	94.9	94.3	6629	3462	3768	8155	814	0	10326	4388	9428	2998878	39761	49798	1262	200000	523498	15027074	27314362	2160	1596456	1193779	798809
1789641080	18246	95.6	95.2	7002	3671	3901	8925	622	0	7702	3799	9188	2998765	39553	49899	1183	200000	524286	15049074	27370028	2160	1598007	1195721	799985
1789641109	18275	94.2	93.8	8516	2751	4497	7613	562	0	2274	3317	8047	2999269	38806	49893	1574	200000	525174	15069480	27433862	2160	1601261	1197045	802205
1789641136	18302	96.5	95.0	5978	1537	3273	9131	324	0	43720	3416	8450	3000059	38038	49987	1564	200000	525704	15078859	27481965	2161	1603549	1199475	803769
1789641165	18331	94.3	93.3	8469	2142	3023	7836	959	0	10626	3495	8200	3000618	38823	50000	1289	200000	526418	15110806	27502348	2160	1606619	1201342	805699
1789641205	18371	95.6	95.2	5431	3783	1542	9619	545	0	56907	3366	11986	3001031	40000	50000	697	200000	527443	15149644	27562820	2160	1609222	1203818	807665
1789641230	18396	92.7	92.3	10385	3199	2759	7874	1298	0	7398	3569	8376	3000000	40000	50000	865	200000	527954	15161095	27597124	2160	1612746	1205530	809379
1789641262	18427	92.3	92.2	8426	3268	4568	10612	791	0	23424	3200	7683	3000164	38990	49963	1727	200000	529055	15179224	27673297	2161	1615984	1207289	810740
1789641286	18452	96.2	93.7	6124	1803	3464	7473	1538	0	1461	3524	8338	3000000	39408	50000	901	200000	529625	15190062	27717291	2160	1618262	1209015	812184
1789641320	18485	87.5	86.5	11010	5310	4126	8247	440	0	7778	3524	7928	2999070	39230	49985	1512	200000	530617	15222291	27767331	2163	1619481	1210748	813370
1789641347	18513	94.8	94.1	5367	3931	3239	7075	1475	0	2220	3267	7802	2999916	40000	50000	736	200000	531329	15238285	27812219	2160	1622838	1212552	814617
1789641378	18544	94.4	94.1	8028	5582	3559	9063	999	0	2282	3110	7607	2998576	39729	50000	1136	200000	532336	15260799	27872431	2161	1625340	1214485	815661
1789641408	18574	93.6	92.9	5016	2539	2780	7336	823	0	40554	3511	8394	3000327	40000	50000	1032	200000	533189	15271929	27931004	2162	1627705	1216747	817477
1789641441	18607	94.7	93.6	8325	2353	2293	9090	832	0	50558	3405	11443	3000063	40000	50000	971	200000	533950	15288510	27981029	2162	1630102	1219025	818906
1789641470	18636	95.2	94.7	7240	3415	2967	7303	380	0	12774	3225	7899	3000243	39886	50000	1300	200000	534852	15307480	28035922	2160	1632436	1220445	820074
1789641501	18666	96.5	96.1	7995	1802	1109	8564	516	0	52614	3602	8873	3000267	40000	50000	350	200000	535860	15332114	28086702	2160	1634821	1222661	821488
1789641528	18694	92.9	88.9	6146	3699	2801	7364	1549	0	1505	3767	9486	3000119	39374	50000	961	200000	536286	15343728	28122848	2160	1638524	1224033	823715
1789641558	18724	94.7	94.0	10798	1899	3661	9698	2117	0	26277	3188	8449	2999717	39888	49950	1251	200000	537071	15367624	28165841	2158	1641594	1226305	824627
1789641586	18752	95.1	94.6	7466	2787	2961	7786	1460	0	8215	3820	9022	2998834	40000	49867	1181	200000	537678	15384109	28208185	2158	1643502	1227037	827454
1789641620	18786	96.0	95.2	8086	4722	2227	9133	454	0	78777	3537	8870	3000582	40000	50000	933	200000	538554	15396847	28301626	2167	1645908	1229742	828498
1789641648	18814	94.0	93.4	6421	2794	1473	7157	300	0	79975	3566	9019	3000149	40000	50000	849	200000	539304	15408441	28353478	2158	1648243	1232110	829710
1789641678	18844	94.2	93.6	7434	5282	3044	8954	693	0	21322	3538	8342	3000308	40000	49960	1457	200000	540262	15424696	28424108	2158	1650598	1233625	830779
1789641709	18875	95.0	94.2	9975	1953	1519	6406	360	0	40745	3623	9244	3000561	39856	50000	806	200000	541156	15441997	28492524	2158	1652970	1235158	832749
1789641736	18902	92.8	91.5	7569	2168	3293	8800	1576	0	11348	3460	8440	3000343	39553	50000	1248	200000	541651	15458079	28531699	2158	1656509	1236898	834054
1789641773	18939	96.5	95.8	6218	4511	2984	7505	1314	0	40700	3328	11830	3000464	40000	50000	1338	200000	542582	15490791	28571985	2158	1659088	1239477	835105
1789641796	18962	93.6	92.4	5388	2577	1902	9020	585	0	6432	3342	5332	3000817	40000	50000	994	200000	543154	15504809	28616123	2158	1661528	1241604	837260
1789641832	18998	95.3	95.0	7891	4854	1119	6397	260	0	28291	3167	11317	3000107	40000	50000	300	200000	544211	15539924	28664009	2160	1663637	1243457	838348
1789641863	19028	90.5	90.1	8724	3399	3552	9642	1485	0	5498	3555	8841	2999870	39616	49994	965	200000	544913	15552829	28721105	2158	1667816	1245377	839267
1789641890	19056	97.4	97.0	8483	3196	997	5720	252	0	38526	3266	7620	3000495	40000	50000	272	200000	546004	15569001	28784988	2166	1668295	1247377	840032
1789641917	19083	91.7	89.9	6608	4510	3122	8424	275	0	17096	3429	8261	3000360	39574	50000	1732	200000	546524	15583256	28823039	2158	1671266	1249236	841426
1789641947	19112	97.4	96.9	11380	2320	1270	5853	411	0	36002	3217	7861	3000388	40000	50000	298	200000	547520	15613143	28872433	2165	1673232	1251024	842108
1789641975	19141	92.0	90.7	5608	3234	3035	8696	1693	0	783	3176	8417	3000524	40000	50000	987	200000	548154	15624732	28918525	2158	1677022	1252882	843618
1789642006	19172	94.5	94.0	6717	1511	3056	7221	1529	0	23959	2996	7730	3000138	40000	50000	1095	200000	549042	15648504	28967012	2159	1679647	1255092	844695
1789642037	19203	97.0	96.3	6281	3170	3227	9096	1121	0	39486	3253	11741	2999649	39824	49936	1584	200000	549845	15662001	29019623	2158	1682037	1257084	846064
1789642069	19235	96.8	96.4	8248	2744	1944	7098	453	0	43257	2950	7851	3000343	40000	50000	1003	200000	550847	15684799	29087865	2162	1684444	1259644	847641
1789642097	19263	96.2	95.1	7004	2198	3519	9074	699	0	24337	3002	7504	3000149	39656	49958	1406	200000	551650	15701835	29139767	2159	1687451	1261577	848963
1789642131	19296	97.9	97.0	5649	1792	1908	7555	387	0	43386	3039	10439	3000579	40000	50000	891	200000	552562	15721452	29198393	2161	1690933	1264519	850804
1789642157	19322	96.6	95.6	7085	2135	3453	9917	1065	0	10316	2792	7038	3000238	40000	50000	1728	200000	553243	15740647	29228699	2160	1694387	1266770	851951
1789642190	19356	95.1	93.7	9367	4733	3700	8246	2139	0	38808	3210	9874	3000458	40000	49832	1419	200000	554157	15770038	29273894	2160	1697739	1269020	852834
1789642225	19391	93.1	92.9	8087	2592	2138	9996	737	0	83907	3390	8104	3000032	40000	49651	1081	200000	555084	15783694	29359720	2163	1700097	1271362	855226
1789642251	19417	94.6	94.0	5499	3317	2538	7144	852	0	36860	3069	7059	3000027	40000	50000	1178	200000	555842	15796840	29428230	2160	1702515	1272877	856866
1789642277	19443	96.1	95.6	6596	2806	1727	8398	717	0	41272	3318	7773	3000021	40000	50000	618	200000	556530	15812233	29477870	2160	1704798	1274577	857999
1789642306	19472	94.5	93.4	6463	2407	3051	7235	683	0	16990	3074	7662	3000046	39642	50000	1260	200000	557194	15823911	29538382	2161	1708167	1276956	859849
1789642339	19505	95.1	94.2	5866	4065	2170	9335	673	0	47042	3049	10280	3000168	39510	50000	1169	200000	558125	15845749	29596066	2160	1711067	1279416	861269
1789642370	19536	94.3	92.3	4961	2451	3873	7486	808	0	24739	3418	7992	3000043	39356	49871	1511	200000	558922	15870688	29650045	2160	1714054	1281454	862594
1789642396	19562	93.6	92.2	6999	2575	3667	9897	2048	0	6609	2939	7309	3000127	39092	50000	1355	200000	559578	15891376	29684712	2160	1717345	1283226	863871
1789642434	19600	95.9	95.5	8109	2004	1405	7285	328	0	82945	3067	10795	3000017	40000	50000	630	200000	560718	15925475	29737512	2160	1719899	1287010	864955
1789642460	19626	93.2	92.7	9434	4525	2206	9202	480	0	69357	2975	6983	3000016	40000	50000	1125	200000	561474	15935697	29788443	2164	1722223	1288912	865853
1789642489	19655	95.6	95.1	7222	3471	1210	7008	118	0	80923	2974	7429	3000319	40000	50000	681	200000	562625	15951349	29874239	2166	1724498	1290834	866950
1789642516	19682	93.7	91.8	7868	3400	2984	9003	540	0	38250	3227	7396	3000783	40000	50000	1580	200000	563389	15970066	29913864	2161	1726923	1292545	867877
1789642551	19717	93.3	92.8	7813	5467	3789	7210	497	0	20684	3228	11058	2999711	39628	49953	1155	200000	564323	15997671	29965604	2161	1730269	1294301	869391
1789642577	19743	94.7	93.8	6401	2364	3111	9309	1372	0	2533	3078	7420	3000079	40000	50000	1067	200000	565071	16010658	30015992	2161	1733063	1296246	871000
1789642606	19772	95.5	94.4	7896	2227	2732	7870	1248	0	29915	3423	8277	3000102	40000	49990	1022	200000	565818	16032894	30059735	2162	1735944	1298500	872509
1789642637	19803	96.3	95.7	5161	2499	3284	9841	604	0	34838	2961	7480	3000673	40000	49945	1517	200000	566870	16052132	30128304	2160	1738645	1300934	873488
1789642672	19838	96.4	96.1	8941	4555	2304	7072	882	0	47294	3064	10625	3000248	40000	50000	956	200000	567948	16078835	30191703	2160	1741152	1303398	874413
1789642698	19863	94.3	93.5	5107	2374	2122	9023	438	0	32973	3128	7569	3000223	39750	50000	803	200000	568643	16090941	30238434	2161	1743925	1305029	876243
1789642728	19894	96.2	95.8	5699	4591	1363	6792	192	0	27422	3098	7594	3000949	40000	50000	495	200000	569722	16117045	30303278	2160	1746261	1307258	877442
1789642757	19923	92.6	91.6	5876	3379	3694	9182	659	0	2875	3051	7482	2999208	39933	49743	1082	200000	570474	16135876	30354174	2170	1749505	1309226	878404
1789642790	19955	96.2	95.6	8841	3075	3650	7925	1349	0	4660	3088	10413	2998481	39625	50000	932	200000	571403	16154670	30410446	2160	1752939	1311400	879175
1789642821	19986	97.8	97.5	11948	2106	898	7929	218	0	37836	3069	7390	3000294	40000	50000	491	200000	572605	16173098	30516696	2167	1753330	1313281	880106
1789642847	20013	91.6	90.8	4904	3117	3667	7555	1000	0	6897	3392	7908	2999694	39916	49918	1100	200000	573169	16183602	30565070	2160	1757082	1314564	882540
1789642876	20042	96.3	95.6	7548	1500	2925	9164	1434	0	18786	3333	7944	3000137	39800	49923	1056	200000	573954	16197386	30627767	2160	1759420	1316727	883961
1789642912	20078	97.3	96.8	7573	4201	2565	6979	242	0	46881	3493	11621	3000478	39334	50000	1355	200000	575016	16223008	30704780	2160	1761784	1319846	884866
1789642941	20107	97.9	97.5	8329	1926	1236	8199	340	0	62735	3290	7972	3001221	40000	50000	608	200000	576027	16248853	30767522	2160	1764388	1322163	885543
1789642969	20135	95.4	93.6	5330	2851	3226	6577	114	0	22992	3482	8074	3000110	39528	49939	1687	200000	576842	16269314	30818840	2160	1767184	1324089	886686
1789642996	20162	92.9	91.7	6104	4114	3268	8800	1408	0	13485	3600	8446	3000107	39380	50000	1453	200000	577451	16290895	30848259	2160	1770442	1325875	887868
1789643028	20194	94.4	93.8	6303	2354	2627	7371	1168	0	43398	3442	8575	3000042	40000	50000	1192	200000	578262	16319831	30881684	2160	1773568	1328702	889512
1789643057	20223	96.8	96.6	6043	4663	764	8285	79	0	32129	3476	8317	3000056	40000	50000	285	200000	579323	16337663	30958298	2160	1775151	1330153	891246
1789643087	20253	93.2	92.6	8476	1878	1449	7096	792	0	14983	3662	8350	3000072	40000	50000	310	200000	580170	16348838	31022769	2164	1778263	1332271	892321
1789643118	20284	87.3	86.7	8178	2784	4178	10472	775	0	3604	3572	8244	2998987	39336	49892	1298	200000	581091	16367719	31069045	2164	1782179	1334003	893637
1789643146	20312	95.1	94.4	8056	1913	3908	7805	874	0	4494	3421	8002	2999203	39303	50000	1343	200000	581819	16385497	31118084	2164	1784723	1336165	894653
1789643180	20346	95.2	93.6	5120	2715	2857	9450	875	0	26450	3706	12420	3000048	39849	49915	1239	200000	582641	16407705	31157882	2164	1786899	1338652	896667
1789643212	20378	91.8	90.9	7687	2935	3139	8076	1093	0	31260	3526	8913	2999977	39768	49972	995	200000	583559	16431012	31214543	2164	1790232	1340451	898651
1789643239	20405	93.3	92.6	6080	3793	3293	9903	900	0	9468	3483	8160	3000241	40000	49951	1256	200000	584331	16444987	31279288	2164	1792341	1341461	900822
1789643267	20432	94.8	93.9	5646	1547	2732	8126	1051	0	24582	3504	8203	2999697	39583	50000	888	200000	584839	16454466	31317460	2164	1795258	1343636	902746
1789643295	20461	93.3	92.4	8277	3378	4053	10502	2393	0	7337	3371	8115	3000100	38970	49975	1591	200000	585817	16476757	31377575	2164	1798054	1344676	904139
1789643330	20496	95.5	95.0	6622	2156	2728	7638	1268	0	57159	3324	8268	3000959	40000	50000	1027	200000	586943	16500224	31444970	2162	1800572	1347590	905118
1789643360	20526	95.1	94.8	5403	2142	2894	9611	1201	0	39484	3442	8181	3000017	40000	49797	1056	200000	587711	16526250	31476820	2162	1803093	1349419	906427
1789643387	20553	95.1	94.6	6841	5661	3224	7647	1354	0	55425	3306	7748	2999634	39752	49707	1448	200000	588491	16538386	31543279	2162	1805581	1351444	907483
1789643419	20584	97.2	97.0	8037	3909	1848	8772	304	0	83699	3446	8080	3000112	40000	50000	835	200000	589514	16557258	31634561	2162	1807745	1354176	908392
1789643449	20615	94.7	94.1	7938	3333	2464	6856	195	0	76700	3288	7947	3000515	40000	50000	1282	200000	590491	16577366	31704805	2160	1810270	1356677	909014
1789643482	20648	96.6	96.3	7440	4135	1993	8240	517	0	47123	3333	11073	3000103	40000	50000	763	200000	591531	16599459	31777613	2173	1812690	1358682	909792
1789643506	20672	94.0	93.2	5954	2151	1994	6323	146	0	60246	3445	4714	3000110	39421	50000	1213	200000	592308	16611025	31837340	2161	1815381	1361007	910894
1789643540	20705	96.5	95.3	6980	5648	2210	7660	115	0	24390	3613	11419	3001310	40000	50000	1189	200000	593420	16634492	31913863	2160	1817834	1362745	911532
1789643566	20732	93.0	91.4	5873	1799	2842	7427	1420	0	27513	3883	8653	3000026	39752	50000	1204	200000	593906	16646992	31944806	2161	1821750	1364957	913676
1789643596	20762	95.3	94.1	6941	2243	2870	9116	452	0	40493	3282	8105	3000719	40000	50000	1210	200000	594694	16666778	31992926	2163	1824463	1367684	914489
1789643628	20794	94.8	94.5	6219	4189	1416	7220	156	0	76664	3122	7759	3000415	40000	50000	950	200000	595889	16696158	32052753	2160	1826943	1370889	915220
1789643662	20827	95.4	95.2	6893	4402	1131	8673	372	0	43860	3185	10816	3000077	40000	50000	384	200000	597140	16716270	32128961	2160	1829627	1372936	916105
1789643691	20857	92.3	91.7	8149	2563	2058	6492	415	0	14952	3320	8011	3000015	40000	50000	223	200000	598021	16733178	32195862	2160	1832711	1374525	917760
1789643719	20885	92.8	92.3	9130	2273	3760	9246	690	0	7806	3371	7794	3000121	39748	50000	1414	200000	598721	16750239	32243209	2160	1836119	1376291	919456
1789643746	20912	94.9	94.2	5268	2983	2440	7194	859	0	40463	3262	7889	3000164	40000	50000	980	200000	599347	16763836	32282243	2161	1838309	1379089	920324
1789643776	20942	94.3	93.0	8078	4196	3203	8954	1322	0	31542	3318	8025	3000291	40000	50000	1224	200000	600312	16789827	32332107	2161	1840754	1380680	921034
1789643810	20976	94.9	94.3	6903	3977	1821	6802	62	0	51315	3316	8172	3000314	40000	50000	1126	200000	601450	16813886	32404021	2160	1843347	1383973	922267
1789643841	21007	96.4	95.9	6361	1928	1853	8384	477	0	41813	3273	10892	3000295	40000	50000	885	200000	602368	16830696	32471758	2160	1845909	1385809	923336
1789643871	21037	96.5	96.0	9197	3409	3578	7415	1126	0	10053	3304	7854	3000062	39824	50000	1085	200000	603246	16848711	32533059	2160	1849804	1387632	924930
1789643900	21065	96.3	96.0	7111	3231	4290	9410	885	0	7595	3189	7753	2999175	39458	49950	1516	200000	604189	16871149	32587570	2160	1852570	1389692	925652
1789643926	21092	96.1	94.9	6670	2277	3429	7619	1782	0	7592	3287	7922	2999169	39218	49983	1370	200000	604911	16882644	32637861	2160	1854707	1391236	927920
1789643967	21133	97.4	95.3	11530	2678	1493	8817	17	0	59269	4016	12201	3001139	40000	50000	1006	200000	606120	16912768	32708380	2168	1857148	1394910	928953
1789643994	21160	92.6	92.3	4401	2568	1206	6534	167	0	99727	3232	7580	3000162	40000	50000	645	200000	606789	16931464	32747542	2173	1859668	1397223	929290
1789644019	21185	86.9	86.4	12476	4457	3027	8375	1428	0	38598	3092	4233	3000012	40000	49905	1130	200000	607644	16946099	32814589	2167	1861943	1397932	930109
1789644051	21217	94.7	94.5	6456	2808	2510	6123	1001	0	55710	3167	7637	3000022	40000	49947	931	200000	608565	16970511	32895645	2167	1864355	1400078	931244
1789644076	21242	94.5	94.0	7781	5205	3508	8038	1961	0	9797	3084	7322	2999144	39346	49943	1255	200000	609310	16985188	32958245	2167	1866794	1401439	932324
1789644113	21279	95.9	95.7	9047	5447	2795	7221	1318	0	47343	3496	11790	3000334	40000	49912	1052	200000	610514	17006662	33039932	2169	1869192	1403912	933287
1789644142	21308	95.2	94.5	6013	1991	2591	9026	352	0	80598	3227	7701	3000235	39257	50000	1346	200000	611423	17019666	33114621	2169	1871684	1406813	934383
1789644171	21337	95.1	94.6	6324	4438	1888	6507	232	0	56809	3241	7784	3001327	40000	50000	1159	200000	612301	17044700	33173854	2171	1874102	1409013	935058
1789644197	21363	96.7	96.0	6991	2148	1346	7825	438	0	25530	3079	7495	3001010	40000	50000	329	200000	613149	17070305	33209992	2169	1877084	1411312	935843
1789644230	21396	93.2	92.8	7039	3825	3841	7583	1225	0	7463	3185	10775	3000064	39262	50000	1249	200000	614041	17088798	33258673	2169	1881182	1413702	936529
1789644257	21423	93.9	93.0	6968	5167	3708	9201	2325	0	1098	3122	7660	3000115	39859	49892	1142	200000	614969	17104150	33309433	2169	1883646	1415977	937244
1789644286	21452	95.4	95.2	7422	2292	3791	7533	2083	0	4023	3014	7331	2998740	40000	49748	1041	200000	615923	17126236	33366534	2169	1886339	1418660	937843
1789644320	21486	96.0	94.3	6713	4009	3647	9450	1970	0	8560	3562	11357	2998909	39427	49716	1376	200000	616930	17142557	33441064	2169	1888811	1420497	939212
1789644347	21513	96.5	93.9	7477	2365	3105	7636	1737	0	46393	3552	8279	2999937	39767	49986	1149	200000	617777	17152514	33502752	2169	1891287	1422799	940081
1789644377	21543	94.7	94.1	7229	2949	2987	9628	1072	0	20271	3421	8323	3000054	39747	49991	1229	200000	618753	17175572	33563398	2169	1893601	1424408	942347
1789644407	21573	95.7	95.5	5380	3351	1369	7177	544	0	44401	3259	7816	3000148	40000	50000	472	200000	619619	17198447	33611784	2170	1895850	1426769	943492
1789644437	21603	93.8	93.1	7218	2913	1771	9225	295	0	17711	3122	7675	3000639	39801	50000	576	200000	620704	17213478	33691095	2169	1898990	1428819	945031
1789644469	21635	94.2	93.9	8205	3873	3913	8018	1140	0	6384	3095	10479	2999070	39400	50000	1268	200000	621531	17233114	33747638	2169	1902636	1430759	945837
1789644497	21663	95.6	94.8	7763	2828	3788	9536	2246	0	2945	3349	7607	3000014	39841	50000	1215	200000	622320	17246482	33796879	2169	1904984	1432835	946779
1789644526	21692	95.6	95.3	7102	2277	3167	7137	1792	0	32928	3177	7522	2999783	40000	50000	1081	200000	623186	17265735	33848102	2169	1907445	1435367	947631
1789644556	21722	94.4	93.8	7458	3701	3482	9109	2049	0	40992	3351	7548	2999094	39683	49808	1370	200000	624204	17287190	33916208	2169	1910021	1437352	948590
1789644590	21756	95.1	94.4	7559	2114	3355	7706	1322	0	23074	3207	10872	3000327	39125	50000	1574	200000	625090	17304837	33983801	2169	1912213	1438821	950722
1789644624	21790	95.8	95.6	13847	3382	1068	8857	403	0	72494	3201	7952	3000730	40000	50000	405	200000	626212	17337569	34039665	2178	1914800	1441926	951876
1789644655	21821	94.7	94.3	6371	3085	1297	6963	287	0	93117	3091	7502	3000392	40000	50000	699	200000	627054	17353939	34131450	2183	1917107	1444002	952763
1789644680	21846	93.3	93.0	9858	5751	1801	8704	185	0	78053	3083	6954	3000252	40000	50000	919	200000	627653	17370422	34179542	2176	1919291	1445844	953566
1789644709	21874	95.4	94.9	5926	4239	3151	6449	1049	0	39205	3170	7334	3000203	40000	49910	1252	200000	628663	17386883	34258277	2176	1921878	1446906	954160
1789644737	21903	98.5	98.1	10167	2219	2553	8113	646	0	26867	3270	7870	3000199	40000	49868	1196	200000	629698	17405147	34324950	2176	1924284	1449544	955539
1789644772	21938	97.7	95.9	4852	3541	3579	7309	361	0	25905	3501	11574	3000219	38970	49986	1602	200000	630754	17422206	34418843	2178	1927350	1451421	957592
1789644798	21964	96.8	95.7	6136	2676	3170	9755	1382	0	30135	3201	7689	3000134	38796	50000	1426	200000	631354	17439226	34452038	2176	1930937	1453838	958725
1789644826	21992	97.3	96.8	6046	1629	2356	7774	351	0	71491	3092	7807	3000806	40000	50000	1116	200000	632134	17461745	34478325	2176	1933658	1457103	959291
1789644859	22025	96.6	96.1	7539	4307	3261	9592	355	0	27631	3226	10649	3000692	40000	50000	1509	200000	633293	17487403	34536973	2176	1936362	1459136	959851
1789644892	22057	96.0	95.6	11722	2125	1371	7077	523	0	62479	3301	8012	3000294	40000	50000	560	200000	634625	17506304	34619328	2205	1939170	1462045	960990
1789644919	22085	87.5	87.3	5815	4731	1840	9285	681	0	79451	3399	7631	3000058	40000	50000	806	200000	635293	17515039	34679170	2196	1941602	1463779	962299
1789644946	22112	93.4	92.9	6817	2810	2388	7323	330	0	17709	3230	7496	3000203	40000	50000	1242	200000	636062	17529738	34733490	2188	1943805	1465407	963541
1789644977	22143	93.7	93.1	10229	2053	3934	10110	1044	0	6708	3386	8344	2999976	39790	49983	1365	200000	636964	17550306	34790249	2189	1947903	1467218	964978
1789645006	22172	95.3	94.5	10052	2510	3607	7910	2032	0	8313	3192	7665	2999535	39551	49893	1140	200000	637889	17575262	34839397	2188	1950471	1469556	966334
1789645039	22205	95.0	93.1	6131	4482	2984	9754	1547	0	36777	3720	11543	2999211	39194	49997	1067	200000	638802	17594661	34898502	2190	1952920	1471532	967952
1789645070	22236	93.3	92.8	7461	1624	2570	8138	1097	0	24342	3514	8505	3000143	39859	49994	1148	200000	639622	17612448	34963934	2188	1955278	1472900	970183
1789645100	22266	94.1	93.2	7264	3416	3223	10093	965	0	33947	3352	8363	3000258	40000	49987	1225	200000	640252	17628162	35010872	2188	1958227	1475132	971648
1789645126	22292	93.5	92.9	6114	2080	2823	7689	1191	0	33048	3244	7748	3000051	40000	49983	918	200000	640978	17644363	35057498	2188	1960968	1476658	973201
1789645157	22323	91.9	91.4	6043	3164	3533	10524	928	0	15806	3266	7994	3000218	39641	50000	1641	200000	641708	17663944	35113553	2188	1964582	1478621	975518
1789645186	22352	94.0	93.0	5947	2970	3632	8381	1791	0	15651	3176	7664	3000269	39653	50000	1327	200000	642431	17686451	35153424	2188	1967432	1480784	976275
1789645216	22382	95.3	95.2	7749	1825	2314	9902	572	0	74418	2978	7415	3000097	40000	50000	986	200000	643169	17707877	35190622	2189	1969863	1483977	977320
1789645250	22416	94.9	94.4	8944	5778	3318	7196	1947	0	54724	3037	10454	2999580	40000	49920	1222	200000	644230	17734278	35276432	2188	1972550	1485528	977839
1789645279	22445	93.9	93.5	6607	3263	2894	9065	986	0	25688	3428	8006	2999223	39938	49944	1268	200000	645062	17745505	35353593	2187	1974562	1486798	980529
1789645312	22478	95.6	95.4	6354	4031	1284	6660	290	0	102927	3048	7421	3000049	40000	50000	721	200000	646232	17765862	35441460	2190	1976906	1489765	981539
1789645340	22505	94.5	93.9	8421	7153	3496	8696	1129	0	26133	3151	7205	3000200	40000	50000	1606	200000	647019	17785841	35511560	2187	1979417	1490668	982177
1789645367	22533	93.5	92.5	5529	2626	3646	6954	581	0	19583	3363	8114	2999722	38627	49999	1984	200000	647779	17798990	35569710	2187	1982135	1492880	984781
1789645400	22566	96.9	96.2	6044	2154	3031	9290	1307	0	41493	3228	10556	3000742	40000	50000	1328	200000	648598	17820499	35605821	2187	1986037	1495913	985497
1789645430	22596	96.6	96.2	7053	3464	1438	7724	114	0	79720	3023	7605	3000517	40000	50000	897	200000	649514	17843752	35656564	2187	1988514	1499214	986432
1789645458	22623	94.2	93.6	7099	3327	1651	9389	96	0	54679	2892	7068	3000425	40000	50000	1069	200000	650492	17857978	35723839	2188	1991209	1501541	987023
1789645490	22656	95.4	95.0	7293	4110	1237	6519	474	0	34250	2881	9859	3000118	40000	50000	339	200000	651655	17880071	35793331	2187	1993961	1503733	987639
1789645519	22685	93.3	92.9	7578	3431	1121	8264	475	0	17607	2968	7194	3000086	40000	50000	185	200000	652640	17891577	35863775	2189	1996415	1505814	988627
1789645547	22713	94.2	91.6	7164	2863	4230	6435	650	0	4224	3694	8288	2998348	39328	49952	1486	200000	653372	17904179	35919898	2187	1999351	1507510	990031
1789645577	22743	97.3	96.6	5333	2260	2570	9000	1077	0	54478	3183	7750	3000461	39999	50000	1043	200000	654147	17919973	35973260	2187	2002962	1510537	991300
1789645614	22779	97.8	97.5	8582	3849	1670	7069	139	0	71345	2928	10192	3000597	40000	50000	1078	200000	655381	17956716	36038000	2188	2005348	1513607	992145
1789645640	22806	95.4	94.9	7184	2046	1731	8599	130	0	63438	3181	7422	3000718	40000	50000	1250	200000	656236	17977793	36092986	2187	2007749	1515896	992785
1789645671	22837	97.2	96.9	9874	4477	1163	5986	68	0	79483	2981	7166	3000336	40000	50000	714	200000	657226	18000892	36174106	2195	2010286	1518114	993403
1789645697	22863	96.8	95.9	9037	3072	2792	7950	339	0	45735	2955	6851	3000405	39970	50000	1248	200000	657940	18016579	36231924	2187	2012800	1519566	994047
1789645732	22898	96.7	96.4	10882	3577	2773	6487	936	0	38041	3285	10864	3000493	40000	49976	1277	200000	659126	18045639	36298652	2187	2015405	1521889	994848
1789645759	22924	93.7	93.3	6177	2114	2208	8351	611	0	34073	3210	7729	3000033	40000	50000	1124	200000	659838	18058553	36352831	2187	2017844	1523409	997087
1789645788	22953	92.9	92.4	5766	2720	3883	8095	1091	0	20777	3043	7637	3000010	39699	49982	1415	200000	660628	18075904	36406779	2187	2021694	1525201	998415
1789645818	22984	90.4	89.9	7427	3648	3837	9649	1352	0	6706	3130	7773	3000141	39736	50000	1159	200000	661482	18096217	36463221	2187	2024129	1527142	999334
1789645847	23013	95.2	94.7	7805	4163	3932	6472	595	0	780	2969	7311	2998870	40000	49697	1184	200000	662397	18117218	36528305	2188	2025683	1529311	1000181
1789645878	23043	94.1	94.0	9153	4518	4142	8009	356	0	1464	3140	7970	2998692	39920	49743	1239	200000	663253	18132053	36606773	2187	2027682	1530880	1001438
1789645906	23072	94.3	94.0	6042	2910	3923	7597	959	0	4190	3541	8077	2998640	39421	49928	1171	200000	663911	18143120	36668657	2187	2031439	1532715	1002890
1789645936	23102	94.3	93.8	7862	5218	3960	9275	1232	0	1755	3403	8479	2999434	39977	49813	1173	200000	665002	18159757	36740178	2187	2033793	1534759	1003721
1789645970	23136	96.4	95.7	7676	2688	3923	7205	2171	0	6980	3322	11718	2998529	39284	49969	1450	200000	665869	18174865	36806367	2187	2036320	1536954	1004695
1789645998	23164	96.0	95.0	6630	3876	3366	8514	1561	0	5139	3454	8081	3000036	39416	50000	1029	200000	666635	18187613	36868062	2187	2038713	1539336	1005457
1789646027	23193	94.1	93.1	7599	3725	4078	7052	1900	0	4708	3074	8069	3000073	38645	50000	1767	200000	667529	18212843	36915684	2187	2041167	1541328	1006140
1789646058	23223	96.5	95.7	5977	2417	1562	8069	393	0	98697	3435	9072	3000740	40000	50000	846	200000	668350	18234051	36939139	2195	2043647	1545303	1006729
1789646093	23258	94.7	93.7	7844	4054	1678	7028	22	0	41809	3385	12164	3000372	40000	50000	1004	200000	669494	18254347	37005225	2187	2046305	1547350	1007971
1789646122	23288	95.0	94.5	7906	3670	1435	8589	487	0	19176	3241	8033	3000162	40000	50000	436	200000	670480	18273968	37058727	2187	2049359	1549444	1008864
1789646147	23313	95.4	95.1	4683	2841	1098	5871	619	0	18904	3072	7211	3000058	40000	50000	231	200000	671384	18283656	37122699	2187	2051625	1551657	1009498
1789646175	23341	93.5	93.4	8470	3414	934	7636	247	0	2791	3270	7652	3000056	40000	50000	30	200000	672314	18296781	37183437	2187	2053834	1553377	1011380
1789646205	23371	93.8	93.3	7861	2836	1202	6490	713	0	1478	3363	7810	3000581	40000	50000	195	200000	673242	18310685	37252715	2185	2056535	1555345	1012023
1789646239	23405	93.4	91.8	6810	2239	2840	9859	1021	0	46624	3498	11545	3000017	39713	50000	1225	200000	673903	18323130	37294749	2185	2060659	1558122	1013589
1789646271	23437	94.8	94.4	6784	4349	1499	7128	166	0	90464	3193	7762	3000385	40000	50000	822	200000	675135	18348709	37366145	2189	2063115	1561349	1014340
1789646300	23465	95.0	94.6	7268	4475	1981	8927	170	0	79505	3163	7528	3000372	40000	50000	1189	200000	675878	18363359	37425165	2187	2065613	1563517	1014977
1789646328	23494	95.3	94.9	5530	4219	2273	6531	917	0	58457	3244	7600	3000081	40000	50000	990	200000	676936	18382411	37498434	2186	2068149	1565210	1015702
1789646358	23524	93.2	92.5	8786	2245	3244	9318	915	0	25484	3500	8121	3000086	39447	50000	1739	200000	677915	18395807	37572465	2186	2071551	1567107	1017865
1789646387	23553	97.4	97.1	14610	2280	970	6010	410	0	38990	3426	7826	3000633	40000	50000	252	200000	678951	18424818	37634396	2207	2073012	1569046	1018518
1789646416	23581	92.7	91.9	6646	3151	3052	8778	1669	0	2244	3362	8032	3000133	39733	50000	936	200000	679554	18439910	37676975	2185	2076973	1571133	1019549
1789646447	23612	94.5	94.0	10201	4068	3377	7376	1905	0	15360	3268	7843	3000032	39559	50000	1140	200000	680532	18461167	37738111	2188	2079686	1573325	1020384
1789646477	23642	95.9	95.5	7387	2057	2746	9136	970	0	55454	3153	7753	2999883	39698	49910	1170	200000	681330	18475443	37808658	2186	2082098	1575914	1021631
1789646513	23679	98.2	98.0	7611	4010	2786	7493	1207	0	51454	3288	11174	3000007	40000	49684	1195	200000	682515	18501702	37901431	2188	2084541	1577852	1022522
1789646537	23703	95.6	95.3	7359	5005	2791	9400	1380	0	42216	3457	8186	2999981	39894	49951	944	200000	683062	18515606	37951683	2185	2086933	1579277	1024175
1789646566	23732	96.9	96.4	6403	5094	3458	7577	1906	0	24944	3198	7731	3000164	39519	50000	1290	200000	684139	18529624	38040156	2185	2089325	1580899	1025068
1789646600	23766	98.1	97.8	7152	1684	1385	9132	85	0	104399	3465	8544	3000170	40000	50000	834	200000	685281	18549549	38120793	2190	2091925	1584501	1025997
1789646627	23793	96.3	94.3	9879	4254	2963	7103	286	0	41052	3812	8377	3000437	39584	50000	1559	200000	686122	18562965	38188639	2185	2094404	1586379	1026984
1789646657	23823	92.6	92.1	8330	1585	4156	9783	875	0	8880	3477	8503	3000027	39022	50000	1629	200000	687035	18587345	38227227	2185	2098682	1588280	1028169
1789646692	23857	94.4	93.2	7260	1826	2940	7798	1358	0	50356	3487	12181	3000179	39640	49995	1258	200000	687759	18604080	38269987	2186	2101346	1591303	1029227
1789646721	23887	87.9	85.9	7848	1444	2511	9856	814	0	35174	4242	9348	3000193	39940	50000	1115	200000	688313	18616453	38306451	2188	2104022	1593154	1031658
1789646749	23915	93.4	93.1	7761	2926	2042	7963	678	0	63962	3635	8690	3000035	40000	49992	935	200000	689117	18628659	38357713	2187	2106620	1595352	1033135
1789646779	23944	94.2	94.0	7589	2930	2924	9494	1192	0	32280	4203	9513	2999778	39980	49935	1076	200000	690088	18641674	38426013	2187	2108845	1596506	1033920
1789646808	23974	92.6	92.1	7074	1857	3099	7887	1073	0	11135	4464	10817	3000152	39760	49998	1303	200000	690658	18649301	38473605	2185	2111990	1597970	1036781
1789646838	24004	94.5	94.1	7161	2433	2650	9728	768	0	6624	4000	9918	2999897	40000	50000	995	200000	691518	18665144	38523597	2185	2114642	1600200	1037997
1789646868	24033	95.9	95.4	8979	3871	1547	7237	749	0	34188	4168	9892	3000219	40000	50000	240	200000	692473	18680037	38574333	2184	2116510	1601928	1039090
1789646896	24062	91.3	90.5	8836	2194	2792	10277	1311	0	29503	4095	10181	3000062	39596	50000	1102	200000	692892	18686687	38620666	2185	2119919	1603292	1041782
1789646928	24094	94.0	93.7	8127	2724	2203	7971	884	0	37652	4188	10066	3000174	39906	50000	918	200000	693560	18695289	38676123	2185	2122811	1605636	1043378
1789646957	24123	95.8	95.3	6208	2810	1108	8982	120	0	53706	3723	9284	3000561	40000	50000	690	200000	694490	18714877	38726111	2187	2124449	1607655	1044359
1789646994	24160	94.8	94.4	9921	3025	1197	6639	120	0	84719	3894	10117	3000780	40000	50000	597	200000	695685	18738493	38807961	2187	2127358	1609777	1045357
1789647018	24184	92.8	92.2	7745	4525	3121	8570	1170	0	24519	3309	7647	3000653	40000	50000	1284	200000	696158	18753009	38834106	2186	2129636	1611062	1045906
1789647049	24215	93.5	82.5	6147	2011	1887	6711	153	0	55728	3527	8354	3000514	39839	50000	1080	200000	697109	18770463	38915137	2190	2132012	1612709	1048497
1789647077	24243	95.3	95.1	7911	3519	1091	8117	134	0	54936	3416	8113	3000368	40000	50000	688	200000	697895	18790839	38978494	2197	2134105	1614624	1049778
1789647107	24273	94.5	94.1	7983	2940	2138	7227	50	0	49028	3265	7715	3000150	40000	49964	852	200000	698774	18807074	39062562	2190	2136563	1615989	1051493
1789647137	24303	93.4	92.9	5416	4331	1899	9432	1079	0	15464	3147	7647	3000335	39741	50000	547	200000	699741	18816199	39148709	2189	2139665	1617859	1052833
1789647171	24336	94.1	94.0	8178	3529	4644	6681	96	0	7587	3136	10746	2998160	38957	49867	1714	200000	700839	18833733	39232067	2189	2141835	1619636	1054041
1789647197	24363	96.3	95.5	5675	3113	3714	9426	1280	0	2970	3150	7651	2999429	38824	50000	1197	200000	701506	18843312	39294409	2188	2145895	1621895	1054955
1789647227	24393	94.8	94.5	7834	5913	4441	7669	882	0	5145	3180	7620	2999997	38604	50000	1714	200000	702441	18873913	39347253	2188	2148500	1624166	1055404
1789647258	24424	96.8	95.7	7258	1487	1816	8668	298	0	70801	3162	8017	3000750	40000	50000	898	200000	703194	18899449	39378969	2190	2150769	1627990	1056329
1789647292	24458	95.1	94.6	9248	3594	2024	6995	165	0	50356	3208	11026	3000751	39767	50000	1467	200000	704214	18924243	39436489	2192	2153431	1630804	1056872
1789647320	24485	95.5	95.2	9937	2225	1021	7966	181	0	71819	3344	7904	3000463	40000	50000	555	200000	705238	18939220	39503509	2190	2155817	1632864	1057595
1789647348	24514	93.7	93.1	7596	2686	1736	5969	492	0	38203	3192	7754	3000921	40000	50000	525	200000	706107	18957021	39561037	2190	2159178	1635236	1058259
1789647377	24543	95.1	94.9	8688	2234	915	7150	177	0	16152	3519	7978	3000205	40000	50000	267	200000	707117	18976850	39626480	2194	2161189	1637353	1059152
1789647409	24575	95.1	94.5	6739	4501	3777	7019	2210	0	324	3404	11220	2999751	40000	50000	1197	200000	707750	18984438	39679829	2194	2165300	1639514	1060192
1789647438	24604	96.5	95.9	10429	2958	3618	8695	1900	0	41565	3275	7707	2999445	39114	49993	1490	200000	708744	19000623	39748690	2194	2167977	1642319	1060656
1789647466	24632	97.6	97.2	8219	3062	2621	6770	1096	0	48641	3301	8069	2999979	39867	49982	1019	200000	709590	19022599	39798447	2194	2170317	1644839	1061788
1789647497	24662	95.2	94.7	8342	2225	2292	8494	256	0	49215	3240	7949	3000126	39971	50000	1292	200000	710655	19038782	39864610	2194	2172832	1647904	1062436
1789647530	24696	95.6	95.3	6976	5395	1323	6932	322	0	58685	3300	8106	3000445	40000	50000	696	200000	711928	19058645	39961560	2199	2175427	1650017	1063326
1789647558	24724	94.2	93.9	5068	3031	1834	8739	105	0	34067	3091	7433	3000271	40000	50000	783	200000	712819	19074764	40030096	2195	2178018	1651879	1064672
1789647590	24756	94.7	94.3	8084	4829	1061	6544	597	0	24614	3272	10568	3000335	40000	50000	303	200000	713823	19091643	40098565	2205	2180622	1653957	1065582
1789647620	24786	87.6	86.4	4424	3420	4228	8871	451	0	2536	3307	7965	2999228	39508	49871	1323	200000	714505	19107506	40146089	2194	2183439	1655459	1067190
1789647649	24815	93.3	92.7	8744	3665	3906	7543	933	0	5726	3207	7353	2999056	39472	49938	1263	200000	715205	19119738	40210067	2194	2187192	1657468	1068485
1789647678	24844	93.8	93.3	8957	3562	3934	9333	999	0	669	3198	7822	2999062	39665	49939	1043	200000	716076	19140972	40267813	2196	2189346	1658993	1070489
1789647707	24872	93.9	93.4	6749	2701	3854	6310	538	0	3946	3103	7386	2998529	39612	49912	1167	200000	716893	19154967	40342409	2194	2190705	1660832	1071241
1789647736	24902	94.7	94.1	8614	2595	2992	8895	1237	0	9655	3088	8002	2998998	39725	49983	1141	200000	717621	19167821	40416608	2192	2193692	1662349	1073535
1789647767	24933	94.8	94.4	5639	2721	2477	7243	861	0	52638	3115	7689	3000118	39680	50000	1044	200000	718481	19178920	40493475	2192	2196115	1664531	1075038
1789647801	24967	95.2	95.0	9553	4522	1647	8976	342	0	95532	3295	10928	3000206	40000	50000	942	200000	719449	19197729	40571417	2197	2198645	1667323	1076101
1789647828	24994	94.8	94.3	5893	4710	2445	6453	506	0	26977	3053	7105	3000475	39843	50000	1030	200000	720296	19212241	40643116	2194	2200903	1668675	1076978
1789647856	25022	92.4	91.2	7830	1216	3425	9235	438	0	14753	3422	8320	3000035	38413	50000	1712	200000	721119	19228343	40697413	2194	2204351	1670326	1079404
1789647889	25055	94.8	93.9	9238	2387	2818	7532	1593	0	25476	3008	10313	3000194	39390	50000	837	200000	721959	19253018	40746297	2194	2207810	1672980	1080712
1789647916	25082	93.4	92.3	5570	2522	2980	9281	1345	0	27670	3262	7394	3000292	39875	50000	1144	200000	722738	19268614	40796596	2194	2210273	1674994	1081995
1789647946	25112	94.9	94.3	6534	2977	3347	8114	1661	0	27790	2996	7480	3000105	39732	50000	1311	200000	723650	19291657	40854850	2194	2213124	1676925	1083321
1789647979	25145	95.2	95.0	5865	2458	1820	9615	191	0	73015	2979	10443	3000012	40000	49962	1002	200000	724613	19309622	40912813	2196	2215517	1680065	1084646
1789648008	25174	93.8	93.6	5572	3562	1991	7336	645	0	78790	2811	6739	3000022	40000	49787	803	200000	725507	19320212	40976346	2195	2218068	1682135	1085429
1789648038	25204	93.1	92.6	10415	2103	2570	9447	248	0	66364	2951	7395	3000176	39740	49989	1374	200000	726516	19333693	41056827	2195	2220524	1684004	1086834
1789648071	25236	96.7	96.2	8370	3379	1576	6450	339	0	59884	2907	9919	3000763	40000	50000	942	200000	727682	19358490	41120158	2203	2223035	1686379	1087411
1789648099	25265	95.8	95.5	10348	2966	1165	7871	298	0	49000	2891	6917	3000387	40000	50000	665	200000	728685	19382421	41183565	2196	2225513	1688616	1088081
1789648133	25299	95.8	95.6	9504	1979	1130	5824	205	0	60466	3091	9811	3000350	40000	50000	580	200000	729711	19398988	41269967	2194	2228035	1690878	1088721
1789648163	25329	94.2	93.8	8830	4540	963	7661	115	0	36654	3072	7463	3000564	40000	50000	25	200000	730900	19417788	41353293	2194	2230463	1692398	1090413
1789648186	25352	93.3	90.6	5056	2179	2945	7179	1790	0	4187	3407	7751	3000322	39622	50000	776	200000	731259	19421808	41383693	2194	2234465	1694292	1091753
1789648218	25383	93.7	93.4	9209	6585	4129	9298	2250	0	3899	3041	7122	3000010	39865	49965	1526	200000	732367	19448201	41453317	2214	2237144	1696447	1092385
1789648246	25412	95.4	94.9	7103	2200	2831	7643	1197	0	65707	3040	7352	3000023	39392	49820	1193	200000	733037	19458890	41510813	2210	2239472	1698836	1094009
1789648279	25444	95.9	95.5	8446	3850	2228	9037	333	0	56665	3205	10098	3000138	39591	50000	1053	200000	733980	19477202	41580151	2205	2241657	1701211	1095018
1789648308	25474	95.9	95.5	5995	4632	3177	7264	1011	0	31632	2902	6906	3000149	40000	50000	1343	200000	734964	19503086	41650827	2204	2244224	1702839	1095638
1789648337	25503	96.8	96.4	6659	3657	1554	8784	91	0	16726	2984	7261	3000274	40000	49833	1102	200000	735841	19519483	41743067	2204	2246348	1705094	1097999
1789648372	25538	97.1	96.9	9137	4933	852	6328	262	0	48575	3065	10366	3000181	40000	50000	311	200000	737117	19541828	41837630	2222	2248865	1707233	1098566
1789648399	25564	97.6	96.0	7825	2596	1399	8523	507	0	28933	3236	7811	3000540	39891	50000	213	200000	737899	19553209	41894149	2205	2251930	1708963	1100068
1789648428	25593	95.5	95.1	8087	5988	837	6183	381	0	19174	3361	7369	3000425	40000	50000	292	200000	738933	19572467	41980057	2204	2253966	1710787	1101323
1789648458	25624	90.9	89.5	5390	2931	4067	9811	637	0	2446	3335	8219	2999727	38883	49957	1192	200000	739644	19589106	42038091	2204	2257941	1712121	1104120
1789648487	25653	95.2	94.1	5962	1763	2152	7232	318	0	49642	3200	7864	3000288	39030	50000	1038	200000	740303	19604027	42082520	2205	2260342	1715112	1104961
1789648518	25684	89.9	89.2	7982	2209	1882	8984	137	0	55987	3257	7696	3000798	39318	50000	1207	200000	741199	19631693	42127147	2204	2262910	1717792	1105674
1789648549	25715	95.5	95.1	8210	2461	1405	6428	213	0	66363	3108	10633	3001135	39991	50000	790	200000	742215	19652226	42174308	2205	2265672	1720167	1106597
1789648580	25746	94.5	94.0	5639	3792	1698	8258	107	0	53725	3014	7331	3000777	40000	50000	902	200000	743306	19673341	42244985	2208	2268431	1722434	1107547
1789648613	25778	94.9	94.7	9575	4859	824	6155	79	0	28976	3144	10542	3000259	40000	50000	17	200000	744387	19692245	42313741	2203	2270659	1724036	1109008
1789648644	25810	93.2	93.0	7036	2943	1651	8715	642	0	77535	3172	7764	3000046	40000	50000	455	200000	745357	19703465	42394330	2207	2273683	1725943	1110255
1789648669	25834	90.6	89.1	8235	4812	3830	7690	1595	0	29696	3101	7553	3000170	39486	50000	1902	200000	745861	19712470	42421135	2202	2277118	1727868	1111479
1789648695	25861	94.7	94.3	5990	2254	2569	9164	1622	0	38819	2989	7455	3000261	40000	49981	715	200000	746550	19735759	42449152	2202	2280063	1730414	1112509
1789648730	25896	94.4	94.2	10675	3996	2969	7459	1243	0	19998	3080	10391	2999399	40000	49890	1049	200000	747476	19753666	42525158	2202	2282501	1732197	1113780
1789648761	25926	93.9	93.5	8669	2786	2230	9347	243	0	63559	3252	7756	3000068	39762	49965	1152	200000	748470	19764155	42601818	2208	2284811	1734732	1115559
1789648788	25954	93.8	93.3	5893	3652	2743	7348	826	0	45939	2971	7134	3000560	40000	50000	1152	200000	749392	19779675	42669950	2202	2287329	1736208	1116165
1789648817	25983	92.9	92.4	5828	2903	1567	9363	197	0	100988	3087	7583	3000217	40000	49893	990	200000	750188	19794315	42729053	2211	2289812	1738479	1118125
1789648847	26013	94.1	93.6	12757	2447	2784	7211	963	0	23245	3176	7316	3000359	40000	50000	1244	200000	751092	19815797	42796427	2202	2292046	1739553	1119361
1789648877	26043	92.0	91.4	5296	3087	3192	9991	1590	0	10353	3111	7974	3000117	39887	50000	1065	200000	751848	19828709	42862894	2202	2295836	1741293	1122073
1789648912	26078	94.9	94.0	5689	4078	3626	7868	1959	0	20604	3016	10429	3000254	39742	49985	1118	200000	752751	19854676	42934718	2202	2298673	1743410	1123300
1789648940	26106	95.5	95.1	6892	4314	3329	9753	1842	0	14383	3298	7959	2999200	40000	49930	1069	200000	753569	19867634	43000072	2202	2301137	1745186	1124739
1789648969	26135	94.9	93.9	7867	4943	3539	7710	1897	0	13130	3250	7722	2998525	39395	50000	1122	200000	754388	19885656	43064075	2202	2303601	1747065	1125690
1789648998	26164	95.1	94.7	6394	3624	3543	9286	1874	0	7726	3283	7678	2999061	39576	50000	1280	200000	755349	19897248	43148645	2202	2305886	1748799	1126807
1789649026	26192	94.6	93.0	6277	2411	3760	7191	1798	0	7503	3233	7597	3000042	39445	50000	1358	200000	756029	19916985	43202990	2202	2308360	1750916	1127479
1789649061	26227	95.9	95.4	8015	2403	2288	8586	127	0	55715	3171	8167	3000802	39929	50000	1246	200000	757113	19946545	43280270	2202	2310699	1754428	1128538
1789649089	26255	95.0	94.3	6839	3030	1856	6537	227	0	46958	3075	7579	3000890	39859	50000	1142	200000	757865	19970247	43319164	2202	2313229	1756721	1129281
1789649118	26284	95.5	95.0	9206	3182	1334	7866	242	0	29625	3210	7532	3000758	40000	50000	685	200000	758760	19993347	43375667	2206	2315900	1758853	1130082
1789649147	26313	95.0	94.6	8313	3919	1512	5853	312	0	33232	3330	7961	3000793	40000	50000	539	200000	759663	20015328	43427263	2204	2318627	1761016	1130916
1789649179	26345	95.2	93.7	5325	3432	3226	8299	946	0	1003	3378	11269	3000006	39648	49926	934	200000	760425	20033734	43481478	2202	2321598	1762551	1132460
1789649209	26375	97.9	97.4	5740	2168	2020	7233	714	0	47690	3402	8478	3000001	40000	50000	958	200000	761165	20051178	43530014	2202	2324650	1765180	1134886
1789649237	26403	97.4	97.2	5237	2872	1941	9012	502	0	41544	3138	7849	3000071	39975	50000	1140	200000	761939	20065045	43585597	2202	2327265	1767608	1135770
1789649268	26433	95.9	95.5	6511	2618	3631	7410	327	0	25728	3330	7983	3000047	39448	50000	1533	200000	763011	20080597	43668842	2202	2330527	1769362	1137121
1789649300	26466	94.8	93.6	6310	1983	2023	9411	947	0	54226	3515	11889	3000101	39720	50000	951	200000	763700	20092296	43717025	2202	2333590	1771918	1139203
1789649326	26492	94.2	94.0	6473	3362	2642	7315	960	0	39904	3090	7427	3000007	40000	49997	1025	200000	764377	20106186	43759786	2203	2335981	1773893	1139851
1789649356	26522	94.4	94.2	6914	2840	2856	9368	665	0	40260	3147	7752	3000001	39741	50000	1173	200000	765325	20117991	43851206	2202	2338456	1775403	1141427
1789649388	26554	93.7	93.2	5576	3248	2179	6934	432	0	57168	3301	8173	3000392	39993	50000	1150	200000	766233	20135564	43924842	2202	2340773	1777186	1143216
1789649417	26582	88.0	87.7	5959	3174	2506	9008	269	0	65569	3291	7697	3000082	39917	50000	1276	200000	766951	20151971	43974212	2203	2343555	1779201	1144431
1789649446	26612	92.7	91.7	9181	2372	3722	8276	1353	0	11387	3256	8057	2999548	39223	50000	1771	200000	767790	20169841	44026396	2202	2346470	1780467	1146333
1789649483	26649	95.7	95.3	7794	2218	1882	9905	599	0	66606	3286	11573	3000651	40000	50000	864	200000	768705	20191829	44089031	2202	2349534	1783622	1148057
1789649510	26676	93.4	93.0	8256	4637	2545	7142	634	0	51814	3122	7364	3000002	40000	50000	984	200000	769285	20212963	44138536	2207	2351901	1784969	1149272
1789649541	26707	94.3	93.8	6844	4933	2973	8827	953	0	31626	3080	7502	3000393	40000	50000	1229	200000	770375	20229352	44228164	2202	2354226	1786531	1150180
1789649570	26736	94.0	93.7	8729	3784	1277	6606	185	0	70898	3381	8050	3000117	40000	50000	877	200000	771149	20241720	44301510	2203	2356447	1788726	1152592
1789649600	26766	94.1	93.7	7079	4832	1466	8286	117	0	98382	3149	7569	3000345	40000	50000	838	200000	772174	20258180	44390406	2203	2358874	1790642	1153358
1789649627	26793	93.8	91.9	7244	5146	2759	7296	865	0	47998	3289	7295	3000424	39742	49965	1243	200000	772888	20275595	44452083	2202	2361263	1791909	1154467
1789649658	26824	95.6	94.9	6944	2507	1815	9086	70	0	44330	3486	8110	3000473	39248	50000	1095	200000	773809	20298557	44530411	2204	2363733	1793822	1156565
1789649689	26855	95.8	95.3	7859	2531	1432	6022	343	0	32483	3068	7416	3001339	40000	50000	806	200000	774730	20337519	44579652	2201	2366167	1795841	1157337
1789649722	26888	92.7	92.1	7216	3297	3490	8923	1322	0	12854	2950	10127	3000156	39587	50000	1135	200000	775515	20363831	44624020	2200	2370419	1798018	1158250
1789649749	26915	97.5	97.1	7276	1975	1029	5267	540	0	11927	2925	6803	3000594	40000	50000	278	200000	776417	20389630	44683475	2201	2371167	1800070	1158900
1789649776	26942	90.8	89.7	7993	3142	3213	8074	1883	0	4767	3336	7856	3000183	39656	50000	907	200000	776994	20402000	44728795	2200	2374977	1802015	1160122
1789649808	26974	94.4	94.0	8108	3683	2737	6991	1079	0	47772	3216	7754	3000324	40000	50000	1286	200000	777969	20431101	44776376	2200	2377383	1804735	1161301
1789649846	27012	96.3	95.8	10948	3235	904	8376	215	0	101701	3227	11031	3000151	40000	50000	516	200000	779074	20452137	44861838	2209	2379909	1808002	1162053
1789649870	27036	93.2	92.5	7578	5397	3258	6022	1082	0	41062	3197	6735	3000223	39848	49933	1389	200000	779737	20463697	44912195	2200	2382385	1809039	1162501
1789649897	27063	93.0	92.5	5264	2902	2333	8059	494	0	41034	3106	7817	3000040	39876	50000	1378	200000	780612	20475583	44974922	2200	2384824	1811017	1164919
1789649929	27095	94.3	93.9	9508	3204	3514	6558	238	0	27330	3259	7785	3000006	40000	49844	1418	200000	781635	20495784	45050600	2202	2387570	1812765	1166075
1789649956	27122	93.8	93.1	8026	2290	3141	8980	1755	0	14616	3341	7822	3000010	39910	49996	997	200000	782337	20505118	45114546	2202	2390784	1814491	1168085
1789649990	27156	94.2	93.4	9015	3761	3601	7852	2016	0	28766	3489	11314	2999181	39452	49990	1467	200000	783340	20521015	45192684	2202	2393387	1816346	1169284
1789650021	27187	94.8	94.2	7307	1736	2269	9464	552	0	49625	3599	8348	3000241	39546	50000	1126	200000	784083	20530919	45253277	2207	2395763	1818594	1171671
1789650048	27214	95.6	95.2	8538	1945	1322	6798	257	0	23288	3019	7420	3000660	40000	50000	734	200000	784969	20547216	45313855	2205	2397778	1820626	1172761
1789650079	27245	96.0	94.9	9845	3521	1090	8546	332	0	25713	3314	7955	3000776	40000	50000	425	200000	785914	20565792	45386981	2214	2400580	1822535	1174052
1789650108	27273	96.4	95.4	8673	2977	3850	6687	849	0	12423	3258	7808	3000036	39792	49956	1278	200000	786617	20581511	45450400	2202	2403989	1824694	1174961
1789650140	27306	97.2	96.8	10021	3039	3688	9049	1125	0	6238	3085	10692	2999392	40000	49969	1170	200000	787505	20610589	45505969	2204	2407282	1826906	1175661
1789650170	27336	96.2	96.0	7577	6806	3831	7139	1080	0	5728	3047	7322	2999796	39694	50000	1369	200000	788429	20629385	45581671	2204	2409689	1828888	1176401
1789650200	27366	95.3	94.8	6412	3565	3753	8833	1179	0	8679	3120	7400	2999582	39963	49803	1054	200000	789411	20644528	45660783	2204	2412212	1831087	1177152
1789650227	27393	99.2	98.9	8080	3379	906	5720	364	0	20657	3079	7289	3000059	40000	50000	47	200000	790401	20670731	45740868	2204	2412628	1832709	1178430
1789650257	27423	90.9	90.3	5677	2946	4006	9614	648	0	8551	3139	7458	2998705	38719	49932	1554	200000	791157	20678955	45821200	2204	2417036	1834320	1180424
1789650286	27452	95.4	94.1	5908	1992	2841	8205	727	0	18941	3411	8087	3000064	38393	50000	1394	200000	791785	20696297	45869025	2204	2419042	1835941	1183423
1789650320	27486	90.2	89.7	7060	4167	1651	9456	741	0	50433	3344	7662	3001104	39422	50000	509	200000	792710	20732135	45918258	2205	2421568	1838115	1184498
1789650347	27513	93.1	92.5	8371	2555	2509	7687	339	0	15322	2988	7122	3000366	39274	50000	606	200000	793318	20761312	45961856	2204	2424289	1839239	1186563
1789650377	27543	93.3	90.6	5862	3076	2159	9907	1118	0	25514	3379	11104	2999892	38971	50000	767	200000	793921	20771394	46014996	2204	2427055	1840844	1189287
1789650407	27572	92.7	92.0	4686	2419	2198	8176	1110	0	42251	2975	7632	3000460	39485	50000	796	200000	794658	20792510	46060342	2202	2430038	1842776	1191391
1789650438	27604	94.1	93.9	6889	3064	1484	9947	496	0	41551	2804	7138	3000022	40000	50000	518	200000	795687	20809595	46146905	2202	2432403	1844703	1193082
1789650468	27634	91.6	90.8	8074	2649	3550	8703	1169	0	4164	3170	10460	2999761	39384	49959	1016	200000	796427	20820632	46200900	2202	2436060	1845890	1195793
1789650497	27662	94.2	93.3	6505	1816	2244	10250	888	0	61583	2717	6897	3000704	39886	50000	963	200000	797209	20833100	46262136	2202	2438432	1848552	1196596
1789650531	27697	94.7	94.4	6434	4654	1266	7888	267	0	101515	2770	9738	3000028	40000	50000	620	200000	798347	20857049	46331208	2202	2441039	1851604	1197391
1789650558	27724	94.5	94.1	6527	5172	2482	9822	829	0	45534	2882	6644	3000014	40000	49720	1118	200000	799243	20872430	46404294	2202	2443410	1853274	1198138
1789650587	27753	92.9	92.5	7048	2969	2010	7326	18	0	58824	3132	7098	3000191	39728	49942	974	200000	800222	20882498	46498919	2212	2445706	1854555	1199925
1789650619	27785	94.1	93.3	6153	2960	1643	9290	221	0	23425	2920	7087	3000477	39488	50000	551	200000	801258	20899965	46586490	2203	2448842	1856444	1202184
1789650650	27815	93.4	92.5	5667	3889	3014	7929	1322	0	1628	2903	10098	3000101	39362	50000	923	200000	801904	20914453	46631529	2202	2451734	1858054	1203623
1789650680	27846	94.5	93.8	7438	1875	2134	9778	690	0	51925	2877	7384	3000635	40000	50000	1028	200000	802580	20933407	46689627	2202	2454759	1860990	1205117
1789650707	27873	93.5	93.1	6492	2335	1944	7184	673	0	47794	2968	7042	3000008	40000	49978	799	200000	803253	20952674	46728840	2202	2457199	1862742	1206512
1789650741	27907	94.7	93.9	5991	2961	2808	9427	705	0	32860	3295	10494	3000042	39664	50000	1237	200000	804216	20965731	46814723	2202	2460190	1864425	1208156
1789650770	27936	93.0	92.6	6222	4310	3301	7987	693	0	18082	3182	7455	3000121	39969	50000	1210	200000	805083	20975969	46899377	2202	2463305	1865877	1210180
1789650799	27965	94.0	93.4	6339	3008	2961	9612	1275	0	14079	3032	7372	3000109	39921	50000	1124	200000	805845	20990774	46969864	2202	2465652	1868119	1211586
1789650827	27992	93.6	92.8	8147	2174	3802	7381	1974	0	16311	2991	7240	3000531	39528	50000	1360	200000	806593	21008047	47021179	2202	2468465	1869665	1212709
1789650856	28022	95.2	94.5	7670	1622	2743	8669	969	0	45550	2992	7310	3000590	39782	50000	1324	200000	807298	21025896	47076334	2204	2470674	1872331	1213772
1789650893	28059	96.6	95.5	10160	4305	1519	6487	141	0	62095	3084	10684	3000652	40000	50000	1003	200000	808403	21060076	47137594	2205	2473201	1875394	1214542
1789650921	28087	97.9	96.6	6664	2550	2620	8119	71	0	38479	3022	7541	3000980	40000	50000	1248	200000	809162	21085196	47176226	2203	2475630	1876688	1215126
1789650949	28115	98.2	95.0	5655	2089	3326	6637	813	0	24514	3829	8846	2999590	39527	49978	1332	200000	809823	21098631	47234116	2203	2478791	1878370	1218093
1789650978	28143	95.0	93.8	5438	3138	3619	8983	1701	0	17292	3041	7784	3000094	39277	50000	1397	200000	810574	21118807	47281820	2203	2481909	1880276	1219413
1789651008	28174	97.8	97.3	5604	2717	2715	7756	970	0	49760	3176	8043	3000125	40000	50000	1300	200000	811441	21140387	47328471	2203	2484477	1883123	1220403
1789651043	28208	97.8	97.5	5241	3385	1423	9123	263	0	73328	3224	11135	3000043	40000	50000	717	200000	812428	21162562	47402029	2204	2486944	1885884	1221359
1789651071	28237	96.9	96.2	6857	3723	2013	6591	202	0	46635	3370	8404	3000428	40000	50000	1212	200000	813268	21173256	47467699	2204	2489355	1888054	1222180
1789651100	28266	95.0	94.1	9927	3717	1461	7813	286	0	34705	3112	7884	3000239	40000	50000	770	200000	814217	21195275	47523021	2205	2491866	1890034	1223080
1789651129	28295	95.4	94.6	8624	2385	1387	5764	358	0	54881	3244	7812	3000313	40000	50000	751	200000	815008	21209397	47589263	2204	2494485	1892325	1223780
1789651157	28323	95.8	95.5	8110	2271	1633	7322	170	0	19574	3294	7606	3000034	40000	50000	792	200000	815886	21227806	47651751	2203	2496717	1893942	1225208
1789651192	28358	90.8	90.4	7717	3981	3712	7702	885	0	22516	3112	10860	2999694	39701	49979	1178	200000	816780	21236547	47730934	2205	2501000	1895886	1226744
1789651219	28385	89.0	88.6	6110	3557	4378	9619	681	0	399	3247	7783	2998415	39203	49860	1456	200000	817494	21247880	47790127	2203	2503201	1896915	1228824
1789651248	28414	95.3	94.3	5816	3387	3682	7104	2143	0	4691	3030	7467	3000002	38827	50000	1123	200000	818114	21261829	47840178	2203	2505536	1898911	1229558
1789651279	28445	94.7	94.0	10626	2949	3920	8752	2230	0	2439	3261	7882	3000081	38962	50000	1434	200000	819016	21284538	47903572	2204	2507911	1900911	1230368
1789651306	28471	95.6	95.0	7079	1666	3476	6424	1763	0	4720	3190	7582	3000099	39485	50000	1123	200000	819612	21300158	47948620	2203	2510304	1903120	1231158
1789651336	28501	94.5	94.1	8248	3338	3337	8241	1961	0	21012	3135	7803	2999254	39790	49897	1055	200000	820482	21324494	48004310	2203	2512960	1905402	1231918
1789651366	28532	94.5	94.0	7782	4271	3632	7474	2080	0	1276	3734	8668	2998673	39581	49734	1275	200000	821511	21342846	48083209	2203	2515218	1906782	1233720
1789651396	28562	94.6	94.2	5590	3097	2922	9074	1504	0	55530	3557	8233	2999313	39520	49821	1171	200000	822260	21351907	48158155	2203	2517655	1909155	1234871
1789651426	28592	93.7	93.2	6010	4144	3082	7795	1514	0	26479	3352	7932	3000001	40000	49786	1251	200000	823173	21367669	48234518	2205	2519906	1910563	1236361
1789651463	28629	95.5	95.2	6453	4490	3027	9553	1398	0	46468	3323	11156	3000465	39947	49934	1068	200000	824266	21393359	48322067	2203	2522454	1912824	1237321
1789651488	28654	92.7	90.2	10470	4798	3932	7135	2098	0	22733	3630	7998	2999096	38693	49961	1770	200000	824896	21402397	48387361	2203	2525027	1914131	1238753
1789651523	28689	96.1	95.1	10749	2093	1947	8745	520	0	39164	3720	9063	3000912	39393	50000	1035	200000	825781	21430253	48437809	2205	2527451	1916602	1241530
1789651550	28716	92.4	91.6	6100	2434	3842	8333	652	0	12299	3293	7922	3000115	38857	50000	1594	200000	826397	21448779	48486146	2205	2531284	1918347	1242832
1789651576	28742	98.3	97.6	5318	4408	1209	8340	705	0	13301	3343	7704	3001086	39789	50000	224	200000	827143	21471193	48528627	2206	2532377	1920341	1243720
1789651606	28772	93.2	92.3	5861	3529	3038	6742	1601	0	960	3406	8381	3000402	39920	50000	838	200000	827869	21494927	48575897	2205	2535760	1922180	1244924
1789651637	28803	94.7	92.8	7297	1812	2811	8784	1193	0	27996	3763	8694	3000008	39894	49909	995	200000	828617	21511428	48626013	2205	2538403	1924272	1246874
1789651667	28833	94.7	93.7	7107	2769	2164	7140	743	0	63253	3765	8714	3000003	40000	49977	839	200000	829286	21528176	48676801	2205	2540735	1926406	1248045
1789651696	28862	95.1	93.5	8024	6726	3802	9105	1474	0	21973	3915	9142	3000017	39466	50000	1462	200000	829995	21555836	48719628	2205	2543197	1927364	1248957
1789651730	28896	96.3	95.9	7566	4882	1517	6980	312	0	84710	4072	10408	3000580	40000	50000	901	200000	831015	21578785	48778726	2205	2545448	1930235	1250668
1789651760	28926	95.9	95.5	9194	4586	1481	8456	218	0	57122	4232	9731	3000329	40000	50000	898	200000	831788	21593824	48847731	2207	2547660	1932086	1251627
1789651791	28957	95.3	94.9	7968	4181	1370	6295	234	0	80403	3702	9181	3000044	40000	50000	756	200000	832658	21610635	48906795	2206	2549980	1934050	1252465
1789651821	28986	94.0	93.7	7623	3128	2021	8174	477	0	73441	3767	9357	3000024	40000	49803	1189	200000	833477	21624458	48960876	2205	2552416	1935990	1253371
1789651854	29020	95.1	94.7	9130	4169	2374	6203	203	0	80258	3763	8730	3000221	39844	49803	1379	200000	834437	21634975	49046835	2206	2554827	1937749	1254660
1789651887	29052	96.3	96.0	12518	1743	1308	7551	254	0	115798	3473	8277	3000245	40000	50000	750	200000	835420	21652580	49130595	2226	2557355	1940222	1255285
1789651911	29077	94.9	93.9	9757	5571	3912	6344	1810	0	36960	3693	8622	2999789	39094	50000	1704	200000	836098	21663957	49180570	2206	2559939	1940699	1255970
1789651942	29108	97.3	96.7	7522	2332	2351	7716	451	0	64341	3482	8385	3000762	39861	49994	1261	200000	836961	21688057	49235868	2205	2562245	1943640	1257637
1789651971	29137	97.1	96.7	5605	2281	1323	5789	194	0	58077	3506	8339	3000517	40000	50000	894	200000	837648	21710518	49291020	2206	2564430	1945713	1258673
1789652001	29167	98.2	97.6	10318	3140	1685	7512	194	0	65095	3765	8655	3000132	40000	50000	1078	200000	838516	21733479	49348744	2205	2567096	1948028	1259309
1789652029	29195	97.9	97.6	7066	3604	1786	5963	317	0	65061	3444	8168	3000200	40000	49971	849	200000	839381	21753389	49419389	2207	2569495	1949943	1259917
1789652063	29228	95.9	95.3	8383	3335	1526	7921	170	0	36152	3660	8826	3000027	40000	50000	793	200000	840602	21768631	49530116	2207	2572393	1952067	1261439
1789652093	29259	94.9	94.4	6477	4231	1334	6203	190	0	47704	3533	8265	3000515	40000	50000	642	200000	841611	21786364	49615088	2209	2574628	1954053	1262280
1789652119	29285	87.5	87.0	9534	2526	1290	8261	235	0	30961	3771	4986	3000085	40000	50000	93	200000	842433	21802692	49675069	2213	2577383	1955396	1264216
1789652146	29312	91.9	90.7	6085	3604	3087	7419	1933	0	7590	3706	8599	3000389	39624	50000	959	200000	842915	21814224	49719214	2214	2581119	1957132	1265768
1789652176	29342	94.7	94.0	10327	3139	3751	9220	1632	0	2794	3579	8388	3000110	39154	50000	1454	200000	843807	21844608	49772144	2218	2583509	1959100	1266948
1789652212	29378	95.5	95.0	5073	2247	1613	7929	471	0	57562	3610	12588	3000539	39425	50000	880	200000	844584	21868364	49822518	2218	2585894	1961945	1268622
1789652239	29405	94.3	93.2	8702	3539	1688	9873	470	0	29229	3480	4945	3000554	39785	50000	848	200000	845496	21888448	49885689	2219	2588477	1963274	1270822
1789652266	29432	94.6	94.0	6057	1881	1640	7109	944	0	9995	3881	8991	3000201	39234	50000	407	200000	846147	21898997	49938064	2218	2591311	1965094	1272119
1789652298	29464	96.2	95.8	7408	4735	1243	8394	238	0	32090	3532	8217	3000949	39596	50000	493	200000	847145	21933443	49994508	2219	2593248	1967130	1272979
1789652330	29495	94.3	93.7	7968	4326	1528	5982	485	0	50054	3561	8501	3000486	40000	50000	512	200000	848131	21952557	50066198	2219	2595807	1969076	1273794
1789652359	29525	94.7	93.8	5803	4639	1342	7760	353	0	28352	3769	8390	3000542	40000	50000	641	200000	849121	21968300	50141706	2218	2598078	1970726	1275349
1789652387	29553	93.5	92.8	7804	2502	1352	5982	721	0	11489	3458	8069	3000901	40000	50000	350	200000	849806	21983453	50198300	2223	2600653	1972746	1276385
1789652417	29583	92.9	92.1	5861	3529	3729	9159	1322	0	1241	3447	8205	2999206	40000	49873	1081	200000	850620	22003075	50247858	2218	2604658	1974790	1277446
1789652446	29612	95.3	95.0	7981	5065	3568	7489	1435	0	1212	3427	8183	2998304	39862	49857	841	200000	851574	22021236	50318008	2218	2607044	1976797	1278242
1789652476	29642	94.8	93.8	6706	3169	2828	9303	1367	0	20429	3597	8472	2999076	39649	49999	919	200000	852193	22029041	50372071	2218	2609217	1978278	1280548
1789652506	29672	94.5	94.2	8865	6854	3375	7782	1685	0	4360	4067	8595	2999505	39751	49935	1005	200000	853127	22042034	50463287	2220	2611627	1979957	1281720
1789652537	29703	93.8	93.2	5014	2288	2703	9591	1033	0	15802	3469	8379	3000093	39293	50000	1028	200000	853863	22054060	50536660	2218	2613934	1981573	1283820
1789652567	29732	94.1	92.5	5133	2349	2288	7688	516	0	33556	3302	8215	3000366	39402	50000	1117	200000	854553	22070984	50590530	2218	2616890	1984415	1284876
1789652601	29766	94.2	93.5	7244	2945	3576	10453	2008	0	24516	3526	11588	3000249	39877	49963	1111	200000	855366	22087439	50645671	2218	2621012	1986735	1286244
1789652629	29795	94.6	94.5	5474	4332	3638	7984	1283	0	8211	3185	7564	2998554	39729	49889	902	200000	856459	22105105	50721652	2218	2623548	1988634	1287096
1789652658	29823	94.4	94.1	8400	2255	4209	9980	968	0	521	3390	7979	2998458	39550	49948	1326	200000	857263	22124169	50793825	2218	2625965	1990020	1288850
1789652688	29853	95.1	94.6	7188	4631	4089	6769	815	0	1272	3673	8107	2998746	39499	49769	1315	200000	858154	22136968	50875446	2218	2627338	1992212	1289496
1789652716	29882	96.4	95.7	6890	3139	3142	8937	1518	0	1349	3461	7852	3000047	39338	50000	946	200000	859052	22152760	50948909	2218	2630062	1993924	1290742
1789652752	29918	97.4	96.1	7014	1399	2942	7399	1067	0	29190	3356	11945	3000250	39426	50000	1411	200000	859895	22172999	51001321	2218	2633624	1997009	1292469
1789652776	29942	96.4	95.7	5918	2655	2605	8972	829	0	19368	3220	4740	3000530	40000	50000	961	200000	860421	22194710	51032605	2218	2636302	1999117	1293847
1789652808	29974	95.9	95.2	5781	3663	2665	7497	915	0	24831	3362	11771	3000235	39637	49999	1188	200000	861271	22217354	51083757	2218	2638845	2000954	1295387
1789652838	30004	94.1	93.3	5837	2543	2124	9321	518	0	37293	3494	8448	3000377	39579	50000	1015	200000	862129	22230559	51153416	2218	2641275	2002551	1297376
1789652867	30033	94.2	92.7	6691	2799	3205	7852	648	0	10780	3483	8615	3000301	39634	50000	1302	200000	862793	22245544	51208795	2218	2644394	2003872	1299319
1789652898	30064	94.5	93.4	5693	2028	2619	10073	1100	0	37436	3408	8637	3000268	39850	50000	986	200000	863440	22261461	51253101	2218	2647704	2006369	1301538
1789652927	30093	93.3	92.7	7888	4848	4082	8202	2288	0	9974	3296	7759	3000101	39443	49907	1685	200000	864193	22288583	51310395	2218	2650389	2007485	1302999
1789652957	30123	97.2	96.8	6391	3444	2402	9280	931	0	69006	3145	7711	3000450	40000	50000	978	200000	864940	22306998	51366341	2218	2652732	2010672	1303801
1789652987	30153	96.1	95.5	11084	2618	2907	7053	1039	0	48256	3119	7388	3000419	39847	50000	1245	200000	865851	22337564	51414566	2218	2655294	2012870	1304284
1789653017	30183	90.3	90.0	9082	5385	2814	8679	1549	0	49635	3394	7608	3000099	39871	49868	1025	200000	866807	22355608	51492559	2218	2657824	2014823	1304964
1789653049	30215	95.2	95.0	8511	4818	2994	7478	1516	0	17870	3278	10818	2998588	40000	49792	1040	200000	867701	22376551	51553478	2218	2660043	2016239	1306719
1789653081	30247	94.2	94.0	7587	3342	3159	9712	1030	0	24990	3494	7993	2998483	39775	49971	1039	200000	868555	22385585	51629566	2216	2662619	2017703	1308669
1789653112	30278	95.7	95.2	9802	3224	2736	7451	1153	0	38467	3240	7845	3000209	40000	50000	1172	200000	869662	22400835	51727852	2215	2664670	2019517	1310018
1789653143	30308	94.5	93.9	8531	2731	1786	9090	415	0	50547	3436	8185	3000460	39687	50000	794	200000	870449	22417079	51798432	2227	2666992	2021486	1312183
1789653170	30336	94.2	92.8	7714	2291	1734	6850	609	0	42284	3295	7998	3000471	39394	50000	620	200000	871117	22430430	51848489	2228	2669979	2023425	1313372
1789653199	30365	96.1	95.2	6667	2766	1024	8118	192	0	24027	3463	7983	3000957	40000	50000	596	200000	871949	22459676	51907503	2226	2671812	2025161	1314521
1789653230	30396	94.8	93.3	10371	3774	1255	5945	319	0	40035	3719	8212	3000428	40000	50000	503	200000	872852	22475235	51983340	2226	2674458	2027251	1315446
1789653260	30426	96.6	95.6	9635	2063	1086	7599	431	0	26168	3371	7994	3000080	40000	50000	105	200000	873779	22497600	52050983	2226	2676895	2029043	1316638
1789653291	30457	94.7	94.5	7263	5206	1145	5931	422	0	34520	3629	8062	3000341	40000	50000	382	200000	874720	22512479	52138548	2229	2679263	2030949	1317728
1789653322	30488	89.8	89.2	5724	3185	4024	8498	213	0	829	3438	8333	2999173	38963	49882	1049	200000	875471	22528869	52207538	2226	2682197	2032182	1319719
1789653347	30513	93.7	93.0	6287	3618	3973	7570	987	0	5894	3122	7467	3000132	39109	49950	1505	200000	876192	22539480	52258065	2226	2685514	2033946	1321136
1789653376	30542	93.5	92.4	6461	3045	3936	9061	2286	0	3042	3288	7731	3000065	39083	50000	1391	200000	876834	22562732	52301090	2226	2688018	2035897	1322092
1789653406	30572	95.3	94.9	7619	1613	2784	6557	1209	0	56969	3253	7685	3000109	39546	50000	1170	200000	877650	22584199	52352577	2227	2690432	2038879	1323027
1789653440	30606	96.0	95.6	7906	3237	2448	8084	483	0	72734	3185	10943	3000327	40000	50000	1196	200000	878580	22609221	52405405	2226	2692853	2041577	1323743
1789653473	30638	96.2	95.8	9095	4987	2190	6811	248	0	73536	3256	7872	3000644	39952	50000	1108	200000	879659	22634563	52478244	2224	2695153	2043815	1324586
1789653502	30667	93.6	92.9	6456	3900	3184	8640	484	0	34015	3242	7821	3000657	39938	49807	1484	200000	880494	22658423	52527642	2224	2697769	2045372	1325393
1789653534	30700	94.7	94.1	9088	3639	1806	6042	484	0	52447	3438	8585	3000232	40000	50000	901	200000	881532	22680264	52608055	2223	2700252	2047686	1326945
1789653561	30727	93.9	93.4	6150	2710	1697	7774	444	0	27251	3448	7973	3000071	40000	50000	914	200000	882208	22690482	52669787	2223	2702550	2049412	1328443
1789653586	30752	95.5	93.5	6360	3606	1449	6422	372	0	12396	3315	4640	3000876	40000	50000	429	200000	883002	22710263	52729036	2223	2705327	2051262	1329635
1789653622	30788	95.9	95.6	7959	5678	1190	7877	320	0	34624	3383	10976	3000360	40000	50000	353	200000	883973	22745160	52787849	2223	2707539	2053379	1330270
1789653651	30817	92.4	92.0	8695	2079	2065	6196	118	0	26794	3432	7932	3000019	40000	49954	1162	200000	884801	22770746	52855464	2223	2710106	2054867	1331854
1789653681	30846	96.7	96.3	8520	5250	3509	9143	697	0	14709	3731	8317	3000000	39919	49798	1420	200000	885549	22780825	52917042	2223	2713699	2056522	1333881
1789653707	30873	96.5	96.2	6066	2395	3442	7333	1975	0	2690	3371	8090	2999993	40000	50000	984	200000	886153	22789880	52967955	2223	2716106	2058319	1334769
1789653737	30903	97.2	96.7	12346	3147	4093	9256	2509	0	10477	3543	7910	2999730	39370	49784	1484	200000	887196	22805317	53045315	2223	2718849	2060567	1335249
1789653767	30933	95.8	95.7	7960	6822	3742	7092	1276	0	6854	3475	8148	3000032	39241	50000	1316	200000	888129	22819771	53136907	2223	2721196	2062748	1336002
1789653797	30962	94.5	93.8	7421	2862	3485	8600	1969	0	4894	3500	8307	3000124	39461	50000	1184	200000	888939	22836316	53200035	2223	2723403	2064670	1337154
1789653825	30991	95.2	94.4	7241	2808	3348	7166	1480	0	36368	3471	8326	3000270	39784	50000	1425	200000	889621	22851509	53249535	2223	2725813	2067054	1337977
1789653861	31027	95.5	95.2	6215	3523	1580	8519	190	0	83201	3433	8486	3000484	40000	50000	1015	200000	890792	22879744	53321158	2223	2728321	2070618	1338878
1789653891	31057	95.1	94.7	9308	4662	1600	6450	273	0	98827	3348	7912	3000347	40000	50000	941	200000	891609	22902356	53378563	2223	2730744	2072748	1339545
1789653918	31083	89.9	89.7	6479	5409	3104	8210	1271	0	37385	3433	7526	3000027	40000	49852	1263	200000	892333	22917555	53441652	2223	2733174	2073725	1340262
1789653952	31118	95.3	95.0	9932	2536	2399	6438	834	0	59755	3533	8253	3000461	40000	49900	974	200000	893442	22938178	53546115	2223	2735662	2076114	1341373
1789653980	31146	94.0	93.6	9063	2024	1766	8099	383	0	38070	3785	8372	3000203	40000	50000	1007	200000	894248	22950284	53622533	2224	2737980	2078004	1343150
1789654012	31177	92.1	90.8	7649	3102	4260	6951	551	0	11913	3503	8444	2999651	39166	49966	1409	200000	895151	22972645	53687113	2223	2741137	2079832	1344399
1789654040	31205	94.9	94.1	6499	3419	3532	9540	1179	0	3307	3463	8208	3000115	39330	50000	1044	200000	895884	22993192	53736392	2223	2744556	2081719	1345618
1789654067	31233	94.8	93.9	6882	3162	3671	7321	2089	0	1868	3497	7961	3000221	39450	50000	1203	200000	896649	23013241	53776509	2223	2746849	2083594	1346631
1789654096	31262	94.5	94.0	7325	3049	3406	9095	1991	0	32385	3404	8059	3000056	39535	49933	1247	200000	897391	23033851	53827255	2223	2749420	2085859	1347586
1789654127	31292	94.7	94.2	5571	4354	3691	7355	1917	0	9963	3267	7734	2999118	39514	49884	1263	200000	898284	23054911	53891302	2223	2751885	2087884	1348900
1789654156	31321	94.7	94.1	8088	2076	3550	9053	1833	0	5649	3276	7724	2999007	39150	49933	1363	200000	899186	23073418	53956139	2223	2754191	2089407	1350254
1789654186	31352	95.3	95.0	6593	4426	2825	7366	1334	0	40245	3503	8056	3000221	39793	49972	1061	200000	899890	23096366	54008133	2224	2756543	2091974	1351024
1789654216	31382	94.3	93.9	8442	2953	3204	9175	1934	0	28475	3286	7716	2999519	39887	49869	1050	200000	900850	23125903	54066912	2224	2759125	2093842	1351688
1789654247	31413	93.5	93.0	6499	6009	3681	7546	2126	0	28795	3344	7869	2998778	39279	49959	1480	200000	901942	23143024	54145953	2223	2761647	2095589	1353012
1789654282	31448	95.0	94.7	5529	2334	2304	9137	608	0	41078	3559	12221	3000060	40000	49729	1223	200000	902753	23162313	54213266	2223	2763775	2097729	1355396
1789654309	31475	96.3	93.9	8683	2912	1263	6679	26	0	57126	4024	5310	3000403	40000	50000	566	200000	903471	23195267	54260325	2224	2765824	2099492	1357038
1789654340	31506	93.9	93.6	6036	3736	1361	8631	212	0	84911	3315	7891	3000051	40000	50000	812	200000	904365	23212670	54334810	2230	2768438	2101718	1357874
1789654368	31534	93.9	93.6	10463	2605	2241	6398	846	0	40771	3290	7716	3000084	40000	49935	709	200000	905187	23224248	54396154	2224	2770863	2103320	1358634
1789654397	31563	92.5	92.1	11395	2347	2230	8986	350	0	102120	3442	8062	2998778	39542	49969	1129	200000	905893	23234553	54464530	2225	2773723	2105350	1360290
1789654428	31594	93.5	92.8	11561	4057	3035	7066	811	0	21596	3492	8236	3000359	39619	49989	1303	200000	907020	23253720	54554058	2239	2775878	2105898	1361840
1789654461	31627	93.0	91.6	7806	2545	3971	10055	1006	0	8274	3803	8862	3000142	39507	49970	1545	200000	907785	23278024	54605399	2238	2779845	2107950	1363849
1789654490	31655	93.4	92.8	5856	3303	3796	7708	843	0	12521	3336	7755	3000071	39521	49950	1325	200000	908509	23297771	54660090	2237	2782498	2109889	1365218
1789654516	31682	92.9	92.1	7367	2074	2817	9396	1810	0	12121	3264	7792	2999112	39796	49832	976	200000	909241	23314578	54709654	2237	2784545	2111342	1367490
1789654545	31711	94.5	94.5	6512	3349	3805	7823	844	0	10933	3421	7941	2998663	39726	49871	1270	200000	910134	23327395	54804411	2237	2787163	2113277	1367970
1789654577	31743	96.6	96.0	5614	2590	3261	9736	1426	0	21595	3191	7901	3000126	39620	49921	1291	200000	911060	23344921	54892333	2237	2789471	2114938	1370289
1789654613	31779	97.4	97.0	9413	4093	2721	7330	842	0	60255	3073	10762	3000554	39620	49988	1247	200000	912050	23365886	54979697	2237	2791973	2117546	1371268
1789654640	31805	97.4	96.6	6079	2376	1950	9117	532	0	45404	3343	7862	3000510	39421	50000	1041	200000	912903	23384238	55041384	2237	2794396	2119476	1373293
1789654667	31833	96.2	95.7	6506	3111	3919	8230	1007	0	3612	3294	7955	2999873	39273	50000	1451	200000	913702	23405309	55090357	2237	2798371	2121187	1374755
1789654700	31866	98.0	96.3	7021	2831	3219	9881	1820	0	35493	3459	11178	3000139	39531	49962	1182	200000	914439	23425079	55141526	2238	2800986	2123755	1375868
1789654726	31892	95.0	94.4	6462	1905	2948	7599	1420	0	16609	2994	4468	2999373	39391	49912	1153	200000	915268	23448822	55198437	2236	2803080	2125059	1377908
1789654762	31928	95.8	95.4	9043	4866	2351	9079	757	0	44197	3369	10800	3000237	40000	50000	888	200000	916353	23472020	55274072	2236	2805435	2127513	1378983
1789654787	31953	92.4	91.6	6941	1888	2985	8155	1493	0	23120	3368	8244	3000047	39389	49978	1105	200000	916899	23481821	55321427	2236	2808782	2128743	1381881
1789654816	31982	88.6	88.4	5524	3358	2635	9803	913	0	26618	3271	7561	3000194	39390	50000	1050	200000	917713	23491732	55391149	2240	2810978	2130494	1383571
1789654847	32013	92.2	91.5	7818	2576	2950	8010	763	0	33803	3135	7927	3000002	39747	49988	1176	200000	918485	23510762	55452496	2240	2813809	2132326	1385405
1789654877	32043	93.0	92.3	5790	3140	3057	10151	1437	0	22051	3181	7620	2999560	39516	49993	1256	200000	919356	23533753	55521487	2240	2816495	2134005	1387246
1789654907	32073	93.8	93.6	5677	2493	2731	7914	1627	0	43469	3027	7420	3000003	40000	50000	847	200000	920162	23552377	55584740	2240	2819330	2135887	1388783
1789654936	32101	94.2	94.0	9103	4640	2445	10001	1439	0	12802	2992	7053	2998930	39873	49968	932	200000	921001	23570130	55648728	2240	2821684	2136920	1391107
1789654970	32136	94.3	94.0	10670	1929	3355	8387	1736	0	39102	3163	10679	3000204	39412	50000	1229	200000	921837	23580480	55731208	2239	2824724	2138920	1392438
1789654997	32163	95.5	94.6	6552	3190	3226	9851	1781	0	10270	2951	7198	2999800	39688	50000	1221	200000	922597	23592197	55803691	2239	2826869	2140448	1393608
1789655026	32192	93.7	93.1	7095	2188	3098	7681	1435	0	53182	2898	7279	2999761	39336	50000	1250	200000	923336	23603044	55875750	2239	2829454	2142924	1394189
1789655062	32228	94.2	93.6	7877	2253	2260	9534	229	0	61229	3110	10690	3000400	39372	49865	1423	200000	924343	23631358	55934551	2239	2831898	2145309	1396346
1789655093	32259	92.9	92.5	8422	3664	1611	7314	178	0	90565	3462	7992	3000322	39497	50000	1106	200000	925254	23648379	56008279	2253	2834433	2147848	1397590
1789655119	32285	93.7	93.3	8271	4880	2727	8889	1064	0	66853	2971	6979	3000295	40000	49807	1164	200000	926168	23663050	56072785	2256	2836813	2148895	1398383
1789655148	32314	94.8	94.5	7536	3880	2153	6227	391	0	70054	3054	7200	3000083	39964	49868	977	200000	926994	23674911	56159740	2253	2839160	2151183	1399761
1789655177	32343	95.1	93.2	6548	3023	2400	7909	449	0	76326	3356	7663	3000170	39802	49960	1162	200000	927931	23687525	56246673	2253	2841507	2152999	1400662
1789655209	32375	95.4	94.4	8476	4163	2593	6810	225	0	58366	3169	7606	3000344	39497	50000	1342	200000	928938	23711276	56334420	2256	2843897	2155336	1401546
1789655242	32407	95.1	94.6	7071	3441	1665	8232	82	0	54806	3167	7911	3000804	39583	50000	1174	200000	929827	23741919	56401304	2253	2846365	2157719	1402391
1789655271	32437	94.9	94.2	10387	3915	1677	5497	154	0	55777	3013	7233	3001054	40000	50000	1067	200000	930557	23781289	56430434	2253	2848788	2159765	1403179
1789655297	32463	94.1	93.5	6421	4573	1609	6927	109	0	57955	3050	7141	3000864	40000	50000	983	200000	931171	23807653	56467734	2257	2851184	2161783	1403926
1789655327	32493	95.4	95.0	6175	3515	1381	5557	404	0	14010	3057	7307	3000559	40000	50000	372	200000	932066	23830988	56529884	2253	2854083	2163799	1404873
1789655361	32527	95.5	95.3	11245	5130	1084	7032	301	0	38094	2999	10266	3000355	40000	50000	346	200000	933136	23854326	56599758	2253	2856280	2166055	1405509
1789655387	32552	91.8	91.0	5272	3969	1633	6042	275	0	14221	3119	4426	3000654	39798	50000	101	200000	933920	23871055	56665580	2253	2858791	2167311	1407522
1789655421	32586	92.2	91.6	6377	3487	3662	8567	706	0	4853	3242	10974	2999018	39768	49832	1228	200000	934646	23884607	56733863	2253	2861983	2169092	1409501
1789655447	32613	95.1	94.8	5888	3463	4746	8312	569	0	2381	3219	7442	2998950	38551	49851	1819	200000	935456	23896284	56808903	2253	2865291	2170336	1411386
1789655488	32653	97.0	95.9	4961	2008	1869	9520	558	0	96979	3496	11852	3001174	40000	49947	1036	200000	936508	23926977	56869527	2255	2867803	2174090	1412736
1789655512	32678	97.2	96.4	13990	4897	2512	7000	908	0	67513	3299	7646	3000424	40000	50000	1329	200000	937055	23947869	56901878	2253	2870474	2175809	1413940
1789655539	32704	97.6	97.3	7206	4595	2547	8703	1082	0	39918	3189	7600	3000064	40000	50000	1074	200000	937809	23961878	56955066	2254	2872787	2177060	1415771
1789655569	32735	97.8	97.7	7880	2064	1450	6576	104	0	71321	3096	7474	3000032	40000	50000	1047	200000	938706	23972454	57044687	2256	2875027	2179717	1416861
1789655600	32765	98.2	98.0	10018	4151	2529	8247	808	0	70143	3251	7527	3000146	40000	49980	1210	200000	939694	23989778	57124675	2259	2877635	2181527	1417251
1789655629	32795	95.2	94.7	7838	3498	2082	6548	606	0	57072	3650	7953	3000259	39655	50000	1069	200000	940529	24000302	57226839	2255	2879855	2182901	1419139
1789655656	32822	96.0	95.4	6517	3111	1809	8039	581	0	23541	3262	7583	3000444	39610	50000	616	200000	941321	24014978	57293566	2256	2882557	2184637	1420483
1789655689	32855	95.0	92.6	5888	4473	3801	7634	2007	0	11247	3453	11219	3000121	39113	50000	1330	200000	942011	24029395	57338455	2253	2886449	2186875	1421552
1789655720	32886	90.4	90.0	6815	3829	2232	9412	515	0	64726	3405	8053	3000588	39931	50000	1152	200000	942751	24048612	57390177	2255	2888609	2189289	1423975
1789655748	32914	94.5	94.3	5635	3595	2342	7242	706	0	33634	3213	7331	3000204	40000	50000	975	200000	943693	24061524	57475027	2253	2890682	2190408	1425209
1789655778	32944	91.7	91.0	7667	3118	2812	10063	1349	0	27973	3582	8600	3000105	39688	50000	1130	200000	944463	24071645	57560317	2253	2893888	2191715	1428391
1789655806	32972	92.5	91.2	6481	2127	2887	8267	1018	0	34362	3620	8692	2999939	39296	50000	1155	200000	945215	24077960	57634713	2253	2896675	2193172	1430364
1789655837	33003	94.6	93.8	6005	2248	2806	10065	868	0	27384	3357	8229	3000590	39157	50000	1292	200000	945875	24096933	57693404	2253	2899338	2194680	1432725
1789655867	33033	94.5	92.2	6044	2450	2103	7718	712	0	39179	3486	8407	3000546	39037	50000	885	200000	946597	24122977	57737279	2255	2902179	2197021	1434269
1789655897	33063	94.7	94.1	5859	3514	1588	9280	701	0	21143	3097	7663	3001156	39693	50000	543	200000	947375	24152851	57775625	2255	2904854	2199261	1435469
1789655927	33093	95.5	95.2	6268	3501	828	6460	415	0	23686	2995	7224	3000818	40000	50000	253	200000	948309	24182060	57835380	2254	2906793	2201003	1436732
1789655961	33127	95.1	94.9	6701	5627	1101	8372	615	0	17580	2945	9973	3000264	40000	50000	78	200000	949318	24200422	57919519	2246	2909390	2203004	1437773
1789655991	33156	91.4	90.6	6631	3317	3684	6758	876	0	9723	3164	7651	2998885	39371	49915	1006	200000	950127	24213669	57985620	2246	2912640	2204820	1439125
1789656017	33183	97.1	96.8	7320	5052	1131	7571	538	0	26732	3026	7146	3000600	40000	50000	323	200000	951021	24236495	58040107	2246	2914154	2206743	1440133
1789656048	33214	93.3	92.9	7994	3883	1318	5930	685	0	15955	3058	7501	3000079	40000	50000	226	200000	951939	24251830	58126756	2246	2916661	2208696	1441355
1789656076	33241	91.7	88.0	6788	1656	3072	8999	1311	0	9351	3671	8584	2999688	38573	49997	1321	200000	952527	24262417	58171940	2246	2920138	2209973	1444279
1789656112	33278	93.2	92.8	7720	2688	2191	7480	797	0	46178	3381	11795	3000901	39197	50000	1004	200000	953592	24284533	58223562	2246	2923223	2213105	1445306
1789656140	33306	90.7	90.6	6571	4013	2553	9760	1325	0	40094	3223	7650	3000046	40000	49956	953	200000	954256	24303843	58269861	2246	2925806	2214585	1446997
1789656170	33336	93.3	93.1	7989	3573	1952	6947	626	0	60337	3442	8270	3000054	40000	50000	672	200000	954976	24311095	58336943	2248	2928038	2215908	1448808
1789656199	33365	93.7	92.8	7244	1852	1740	8967	363	0	77407	3320	7761	3000117	40000	50000	986	200000	955661	24319995	58419847	2249	2930349	2217761	1450627
1789656229	33395	94.4	93.9	7858	6366	2276	7079	926	0	45375	3100	7311	3000568	39848	50000	980	200000	956543	24339711	58500242	2248	2932530	2218985	1451604
1789656258	33423	91.8	91.3	7866	1941	2060	9190	655	0	29656	3167	7857	3000461	40000	50000	994	200000	957344	24355052	58563746	2248	2935122	2220566	1453837
1789656285	33451	95.6	94.0	7521	2957	1299	6177	627	0	21866	3694	8440	3000504	40000	50000	281	200000	958077	24374102	58615888	2248	2937481	2222344	1455194
1789656316	33481	93.4	90.6	8055	2504	2800	9066	1202	0	15924	3620	8495	2999839	39584	49982	982	200000	958804	24386805	58678835	2248	2941156	2224106	1457193
1789656346	33512	95.3	94.9	7394	2453	2726	7589	520	0	42677	2997	7456	3000329	39998	49881	1188	200000	959626	24408096	58749830	2247	2943690	2226556	1458612
1789656380	33546	97.0	96.6	7615	4805	2177	9004	476	0	53440	3090	10529	3000443	40000	50000	873	200000	960630	24429414	58832023	2247	2945943	2228665	1459626
1789656410	33576	96.3	95.8	6915	1974	1855	7130	151	0	74342	3023	7223	3000548	39921	50000	1217	200000	961538	24445562	58911826	2247	2948366	2231115	1460777
1789656438	33604	97.1	96.2	6661	4304	3086	8665	1126	0	31097	3061	7655	3000915	39724	50000	1393	200000	962473	24470960	58985104	2247	2950940	2232395	1461477
1789656469	33635	94.0	92.8	4430	1514	3077	7495	1253	0	12326	3229	10563	3000157	38744	50000	1364	200000	963126	24483744	59040256	2247	2954625	2234364	1464540
1789656498	33663	97.0	96.4	6753	2504	2047	9100	714	0	42395	3018	4632	3000990	40000	50000	802	200000	963894	24520775	59071664	2247	2957302	2236897	1465885
1789656531	33697	97.2	96.8	8304	3405	1526	7884	220	0	81257	2992	10271	3000174	40000	50000	912	200000	964753	24544313	59138423	2247	2959720	2239389	1467217
1789656560	33726	90.5	89.9	5576	4049	2829	9623	695	0	40097	2916	6802	3000402	39929	50000	1269	200000	965643	24560858	59208623	2247	2962122	2240726	1468183
1789656590	33756	90.8	89.9	9266	2639	1807	6683	179	0	39468	3287	7959	3000540	40000	50000	910	200000	966525	24577209	59280648	2247	2964633	2242398	1470180
1789656617	33783	88.9	88.3	7384	3204	2069	8503	716	0	22612	2970	7168	3000340	40000	50000	660	200000	967278	24588585	59339192	2247	2967404	2244059	1471619
1789656647	33812	94.5	94.0	8048	2772	1046	6610	323	0	22330	2974	7214	3000295	40000	50000	291	200000	968117	24607495	59420541	2247	2969381	2245947	1473101
1789656679	33845	91.3	90.9	7749	3282	4619	8437	592	0	11636	2934	7328	2999288	38587	49943	1965	200000	969000	24633138	59488937	2247	2971976	2247732	1474151
1789656706	33872	96.3	95.0	7967	2481	2982	7033	1313	0	2016	3153	10071	3000055	39282	49977	721	200000	969491	24647495	59522301	2247	2975844	2249984	1475253
1789656736	33902	93.4	93.1	8608	2146	2955	8997	1630	0	22121	2812	7268	3000000	40000	49983	790	200000	970544	24665100	59578104	2247	2978382	2252459	1475956
1789656768	33934	93.4	93.2	7932	6371	3515	7237	1727	0	7649	3141	7096	2998833	39971	49913	1042	200000	971709	24681180	59676424	2247	2980766	2254556	1476910
1789656796	33962	92.5	92.0	8020	4138	3374	9242	1591	0	10826	3043	7098	2998384	39666	49934	1353	200000	972450	24690997	59740957	2247	2982922	2255518	1479038
1789656831	33997	93.4	92.8	7336	5273	2899	7577	1288	0	76833	3227	10706	3000074	39477	49987	1136	200000	973246	24699909	59828809	2247	2985512	2258073	1479725
1789656859	34025	92.4	91.8	6589	3076	3179	9448	1428	0	24394	3229	7405	2999093	39399	49995	1395	200000	974069	24722676	59892177	2247	2987607	2259121	1482029
1789656891	34057	96.5	95.8	8261	3368	1795	6734	495	0	46142	3155	7665	3000490	39964	50000	920	200000	974987	24750594	59966897	2247	2989840	2261752	1483208
1789656922	34087	93.1	92.8	8063	3185	1272	8287	229	0	32946	3586	7868	3000471	40000	50000	732	200000	975932	24773436	60032987	2247	2992183	2263615	1484512
1789656950	34116	92.6	92.1	8225	4382	1414	6114	202	0	28132	3309	7472	3000406	40000	50000	816	200000	976727	24790644	60096825	2247	2994571	2265563	1485444
1789656978	34144	95.6	95.1	7857	2321	1107	7489	345	0	27349	2967	7243	3000180	40000	50000	321	200000	977659	24809505	60170818	2247	2997041	2267544	1486391
1789657008	34174	95.3	94.9	7544	3798	1407	5638	361	0	21504	3365	7553	3000236	40000	50000	478	200000	978510	24823731	60254925	2247	2999615	2269712	1487080
1789657038	34204	96.1	95.6	7688	3356	1474	7173	313	0	23254	3282	7513	3000343	40000	50000	420	200000	979417	24843658	60330666	2247	3002214	2271914	1487931
1789657069	34235	95.3	94.4	8726	3397	3117	6641	1948	0	3493	3068	10396	3000121	39613	50000	1025	200000	980082	24867759	60368553	2247	3005890	2273939	1488924
1789657099	34265	94.7	94.1	9701	1575	4474	8645	2312	0	5087	3301	7417	2999532	39024	50000	1772	200000	980938	24897706	60412876	2247	3008589	2276221	1489422
1789657126	34292	95.5	94.4	4947	2547	2344	6537	848	0	74432	3405	8032	3000551	39338	50000	1037	200000	981522	24911503	60453328	2247	3010766	2279277	1490283
1789657156	34322	97.3	97.0	12645	1615	2871	8227	1152	0	71131	3314	7702	3000518	40000	50000	1190	200000	982375	24943365	60498427	2245	3013278	2281263	1490814
1789657185	34351	95.7	95.5	11724	5050	3376	6737	1787	0	8891	3308	7420	3000133	39900	49948	1038	200000	983299	24975257	60556669	2245	3015691	2282851	1491441
1789657216	34382	95.2	94.6	9347	5986	3885	8519	2108	0	6448	3171	7686	2999896	39616	50000	1404	200000	984333	24993757	60640931	2245	3018217	2284873	1492060
1789657245	34411	95.3	94.8	8355	1864	2936	7158	1560	0	41938	3255	7823	3000044	39599	50000	1132	200000	985180	25009446	60712838	2245	3020542	2287458	1492985
1789657276	34442	94.1	93.7	10466	2343	3153	8936	1366	0	27563	3259	7918	2999768	40000	49825	1226	200000	985971	25038371	60764031	2245	3022911	2289237	1494287
1789657307	34473	95.7	95.4	6847	2476	2699	7202	1104	0	51223	3249	7685	3000192	39954	50000	982	200000	986878	25055883	60845321	2247	3025315	2291547	1495056
1789657339	34505	93.3	92.8	9894	5147	3574	9130	2040	0	30832	3323	11034	2999395	39025	49916	1341	200000	987890	25076762	60924603	2247	3027958	2293254	1495638
1789657370	34536	94.3	93.7	6301	3591	3060	7184	1056	0	27186	3404	8031	3000311	39332	49966	1370	200000	988780	25092736	60986507	2247	3029992	2294573	1498158
1789657403	34569	96.0	95.7	7956	3428	1891	8660	159	0	68411	3253	7697	3000482	40000	50000	1164	200000	989722	25113888	61053623	2247	3032284	2297323	1499520
1789657434	34600	94.7	94.6	9574	3450	1809	6988	84	0	63745	3187	7677	3000031	40000	50000	1152	200000	990689	25127957	61136214	2248	3034975	2299961	1500044
1789657463	34628	95.7	95.4	6622	3290	1531	8408	140	0	110757	3303	7580	3000128	40000	50000	946	200000	991501	25138463	61207924	2259	3037463	2302256	1500535
1789657487	34653	93.6	93.0	8961	5345	3407	6110	1996	0	49042	3308	7275	2999319	39489	49901	1272	200000	992152	25148779	61283827	2247	3040109	2303025	1501036
1789657517	34683	90.0	89.5	6971	2262	3055	8627	802	0	16924	3414	8312	3000073	39215	49885	1543	200000	992856	25160777	61346848	2247	3043006	2304856	1504181
1789657548	34714	96.2	96.0	8381	2611	1319	6054	346	0	28683	3216	7639	3000810	40000	50000	444	200000	993899	25186112	61424122	2247	3044733	2306721	1504845
1789657576	34742	91.5	90.5	4293	2445	3033	8813	1531	0	6493	3331	8029	3000133	39768	50000	918	200000	994419	25195920	61468102	2247	3048508	2308641	1506428
1789657606	34772	95.9	95.5	9714	3944	3435	7371	1914	0	11407	3288	7823	3000457	39850	50000	1089	200000	995357	25222197	61534605	2247	3051086	2310498	1507414
1789657637	34802	92.4	92.0	7488	2200	3460	9189	2026	0	35632	3255	7678	2999548	39516	49856	1274	200000	996254	25236315	61623962	2247	3053653	2312686	1508283
1789657666	34832	93.9	93.5	7403	2326	3058	7764	1684	0	7285	3354	8015	2999278	39863	49924	1095	200000	997120	25251383	61695129	2247	3055748	2313804	1510673
1789657698	34863	95.1	94.5	7282	2944	2980	9413	1560	0	52667	3183	7562	3000238	39587	50000	1155	200000	998080	25265620	61792614	2247	3058181	2316088	1511459
1789657730	34895	94.6	93.9	9926	3553	2051	7596	340	0	41753	3442	8284	3000540	39801	50000	1156	200000	998880	25292787	61852428	2247	3060370	2318087	1513526
1789657757	34923	95.5	95.0	6199	3943	1304	9000	565	0	16937	3319	7921	3000315	40000	50000	406	200000	999668	25313357	61896526	2247	3063067	2320181	1514645
1789657788	34954	93.8	92.7	5609	3414	2319	8052	1305	0	7269	3625	11659	3000011	39092	49992	933	200000	1000297	25327617	61945918	2247	3066304	2321377	1517501
1789657817	34983	94.0	93.7	7096	3330	2728	10261	1252	0	45541	3381	8060	3000191	39644	49980	1020	200000	1001003	25342186	61999419	2247	3069340	2324036	1518531
1789657847	35013	93.4	92.9	6188	3029	2885	7972	1132	0	20260	3290	7957	3000108	39722	50000	1059	200000	1001929	25369403	62048828	2247	3071734	2325155	1520032
1789657879	35045	93.6	92.9	6208	2331	2384	9973	747	0	22112	3269	8253	3000165	39226	50000	1006	200000	1002677	25380927	62130280	2247	3074511	2327189	1522500
1789657908	35074	94.9	94.8	6591	3087	947	6813	185	0	53007	3461	7932	3000540	40000	50000	316	200000	1003605	25404575	62192977	2250	3076338	2328966	1523712
1789657939	35104	94.2	93.8	6193	3915	1520	9073	450	0	20484	3220	7514	3000414	40000	50000	521	200000	1004500	25419474	62274903	2247	3079537	2330860	1525291
1789657970	35136	93.7	93.0	7355	5256	2932	7140	1498	0	6606	3336	11028	3000098	39454	50000	825	200000	1005233	25435109	62333353	2247	3082570	2332498	1526675
1789657999	35165	94.8	93.9	7706	3179	2623	8919	1650	0	9472	3345	7859	3000214	40000	50000	483	200000	1005857	25456460	62374835	2247	3084939	2334157	1528031
1789658026	35192	93.6	93.0	10395	2090	3227	7315	2047	0	4656	3286	4670	2999199	39842	50000	894	200000	1006675	25471337	62447623	2248	3087588	2335525	1529605
1789658055	35221	98.2	98.2	14225	3871	936	7422	453	0	6528	3316	7703	3000070	40000	50000	182	200000	1007751	25489351	62542116	2247	3088269	2337427	1530231
1789658086	35252	94.6	94.3	8148	4022	1212	6498	673	0	15519	3162	7741	3000085	40000	50000	268	200000	1008642	25503923	62630630	2247	3091013	2339530	1531150
1789658117	35283	94.0	93.6	8058	4616	4108	8904	330	0	4359	3175	7724	2999034	39689	49919	1188	200000	1009479	25520729	62712827	2247	3093831	2341104	1532622
1789658150	35316	96.1	95.3	6070	3663	3285	7086	1038	0	3546	3441	11158	2999706	39665	49988	933	200000	1010293	25535305	62786141	2247	3096814	2343125	1533825
1789658179	35345	93.0	92.1	7403	4736	4494	9783	2481	0	1901	3123	7376	2998826	38787	49942	1626	200000	1011062	25561944	62844453	2245	3099767	2344447	1535688
1789658207	35372	96.8	96.7	6737	1944	3388	7175	1138	0	9672	3207	7245	2999270	39153	49971	868	200000	1011850	25572053	62930488	2245	3102162	2346752	1536338
1789658235	35401	95.2	94.6	10928	2607	2816	8681	1187	0	6346	3083	7493	3000100	39793	49985	1127	200000	1012786	25600543	62983717	2245	3104037	2348467	1538028
1789658275	35440	94.8	93.9	7424	3621	1891	7249	920	0	61050	3448	11759	3000513	40000	50000	576	200000	1013818	25617054	63078743	2245	3106944	2351325	1539472
1789658301	35467	94.9	94.1	6625	3131	2387	9206	534	0	32681	3101	7416	3000386	39784	50000	1345	200000	1014570	25631505	63144866	2245	3109262	2352957	1541071
1789658328	35494	96.9	96.2	6748	3795	2177	6669	841	0	35236	3047	7485	3000989	39990	50000	879	200000	1015419	25652086	63203437	2246	3111760	2354739	1542058
1789658356	35522	96.8	95.9	5341	2598	3137	9753	1009	0	17982	3268	8285	3000060	39380	50000	1302	200000	1015996	25667295	63249430	2245	3115580	2356828	1544722
1789658391	35557	96.9	96.3	6663	2783	2883	8205	1179	0	24408	3178	11021	3000437	39916	50000	1191	200000	1016939	25691615	63313192	2245	3118483	2358855	1546413
1789658419	35585	90.3	89.5	5135	3384	3049	10320	747	0	31241	3215	7861	3000180	39875	49989	1266	200000	1017558	25703911	63361155	2245	3121678	2361163	1548004
1789658447	35613	96.2	95.4	6397	3966	3761	8083	2204	0	21674	3024	7312	3000299	39728	50000	1417	200000	1018475	25725355	63421700	2245	3124356	2362616	1549292
1789658479	35645	95.3	94.7	6526	2253	1545	9364	253	0	72777	3106	7940	3000396	39963	50000	923	200000	1019309	25738959	63495752	2249	3126553	2365926	1550801
1789658507	35673	94.3	93.6	6676	3978	2735	7085	624	0	41281	3058	7110	3000549	39867	50000	1257	200000	1020107	25756992	63559519	2247	3129050	2367305	1551587
1789658537	35703	95.1	94.7	7274	2954	1412	8685	40	0	63722	3174	7625	3000548	40000	50000	892	200000	1021012	25775187	63637367	2247	3131345	2369578	1553159
1789658570	35735	95.7	95.3	5559	4790	1097	6460	165	0	33072	2976	7230	3000620	39991	50000	732	200000	1022198	25798025	63738924	2247	3133953	2370955	1555122
1789658596	35762	93.4	92.5	5831	2557	1396	8372	859	0	2997	2961	7220	3000432	39688	50000	289	200000	1022768	25808485	63789747	2250	3136726	2372641	1556626
1789658626	35791	94.9	94.4	8440	2710	638	6143	136	0	3003	3112	7207	3000592	40000	50000	24	200000	1023618	25830082	63849265	2250	3138421	2374033	1558239
1789658665	35831	93.6	93.3	14249	3338	1643	8868	919	0	45302	3001	10058	3000068	40000	50000	530	200000	1024784	25847269	63964865	2251	3141697	2376040	1559370
1789658687	35853	93.6	92.9	5021	3334	1604	6801	482	0	35730	3080	7292	3000128	40000	50000	779	200000	1025178	25858599	63999125	2251	3143539	2377594	1561025
1789658719	35885	94.0	93.6	7232	2931	1759	8647	540	0	52636	3060	7351	3000313	40000	50000	943	200000	1026211	25873019	64092080	2251	3146098	2379456	1562090
1789658750	35916	93.4	92.9	8549	3096	2475	6941	517	0	9509	3111	10444	3000109	39686	50000	545	200000	1027009	25888194	64156035	2251	3148999	2380461	1564364
1789658778	35943	93.9	92.9	6193	4235	2375	8961	1101	0	25939	3202	7757	3000140	39954	50000	555	200000	1027665	25901062	64218893	2251	3151678	2382260	1566334
1789658806	35972	92.9	92.2	8317	2235	3466	7491	917	0	10504	3131	7624	2999189	39224	49955	1331	200000	1028339	25917701	64283266	2251	3154032	2383593	1568772
1789658837	36003	96.2	95.8	6007	2926	1268	8943	326	0	53652	2942	7261	3000534	39924	50000	642	200000	1029353	25936520	64371215	2251	3156206	2386019	1570263
1789658868	36034	92.7	90.5	5853	2527	3491	7246	128	0	19111	3400	7668	3000107	38755	49997	1887	200000	1030172	25947878	64459856	2251	3159415	2388182	1571521
1789658896	36062	97.6	97.2	9727	5736	1044	7887	519	0	19960	3033	7155	3001390	40000	50000	282	200000	1031105	25979067	64511519	2251	3161467	2390157	1572067
1789658932	36098	81.4	80.3	7267	2575	3306	6810	1565	0	937	5128	12821	3000200	39351	49996	941	200000	1031728	25998912	64553734	2251	3165127	2391900	1574283
1789658961	36127	50.2	50.0	12004	2382	3916	8539	411	0	17338	5643	7613	3000174	39461	49977	1781	200000	1032074	26011403	64569211	2251	3167106	2392989	1575165
1789658989	36155	62.8	62.3	8048	3083	1105	5365	242	0	21749	5874	7537	3000754	40000	50000	451	200000	1032627	26023643	64612775	2251	3167943	2394304	1576685
1789659019	36184	73.0	72.3	10334	3739	1774	7146	96	0	25645	3389	8099	3000461	39779	50000	1194	200000	1033057	26034887	64641804	2251	3169952	2396209	1577755
1789659059	36225	67.0	66.4	16712	5789	1096	5152	120	0	69900	3787	8897	3000476	40000	50000	649	200000	1033934	26058374	64691437	2251	3172027	2398076	1578485
1789659077	36243	56.9	55.9	11962	11962	4095	7136	2334	0	4587	4624	5844	3000367	39731	50000	1524	200000	1034139	26065223	64707043	2251	3174519	2398224	1578732
1789659113	36278	66.9	66.8	11858	7856	1466	4334	738	0	23989	3005	7888	3000676	40000	50000	402	200000	1034880	26079050	64767346	2251	3175386	2400152	1579802
1789659139	36305	66.6	66.1	10155	6927	2479	5940	9	0	39640	3239	4899	3000478	40000	50000	992	200000	1035368	26091986	64800309	2251	3177061	2401076	1580452
1789659168	36334	74.5	73.6	8469	2569	2939	6611	980	0	31111	4743	9561	3000075	39178	50000	1558	200000	1035816	26097641	64851463	2251	3179767	2402541	1582996
1789659197	36363	94.2	93.9	6929	3698	3188	7995	418	0	25754	3196	7518	3000033	38999	49996	1215	200000	1036578	26115324	64912241	2252	3182307	2404277	1584386
1789659228	36394	94.0	93.1	6140	2586	2249	7352	518	0	51324	3124	7824	3000513	39798	50000	1122	200000	1037348	26131280	64975854	2251	3185280	2406450	1586182
1789659258	36424	95.4	94.9	5867	2898	1247	8817	158	0	30613	2994	7339	3000394	40000	50000	871	200000	1038227	26156909	65040075	2251	3187515	2407819	1588474
1789659288	36454	93.6	92.2	5338	3435	3535	8162	2114	0	4977	3180	10770	3000049	39598	50000	1158	200000	1038588	26165027	65080749	2251	3191640	2409809	1589705
1789659320	36486	90.0	89.3	12499	2850	3489	9890	2077	0	7481	3198	7582	3000250	39820	49983	1210	200000	1039505	26189128	65148366	2251	3193934	2411614	1590885
1789659350	36515	94.0	93.2	7102	5596	3862	6523	2258	0	1465	2985	7105	2999819	40000	49778	1244	200000	1040257	26207682	65230512	2251	3196358	2413532	1591696
1789659380	36546	93.7	93.5	7460	4999	3811	8177	1068	0	4439	3070	7423	2999542	40000	49893	1266	200000	1041198	26226250	65319754	2249	3198753	2415322	1592633
1789659411	36577	95.1	94.8	8016	2864	4411	7236	810	0	9145	3195	7400	3000003	39130	49817	1755	200000	1042081	26244701	65397436	2249	3201230	2417336	1593442
1789659440	36606	94.8	94.0	8879	3212	3532	8384	1199	0	3139	3193	7573	3000119	39599	50000	1241	200000	1042854	26261227	65466013	2249	3203546	2419426	1594335
1789659469	36635	94.8	93.9	7557	3897	3793	6894	2133	0	5473	3263	7797	3000134	39520	50000	1418	200000	1043725	26282713	65524926	2249	3205932	2421448	1595257
1789659497	36663	96.2	95.3	7842	2426	3510	8183	1683	0	10744	3321	7671	3000198	39518	50000	1209	200000	1044384	26302502	65592183	2249	3208226	2423616	1596190
1789659529	36695	93.9	93.4	9650	2615	2742	6859	1321	0	41606	3219	7870	2999930	39767	50000	933	200000	1045178	26330632	65658535	2249	3210598	2425888	1597194
1789659561	36727	93.3	92.6	10539	5395	3774	8836	2108	0	13978	3389	8041	2999359	39277	49804	1352	200000	1046147	26361998	65734478	2249	3213062	2427355	1598291
1789659586	36752	92.5	92.1	6455	3169	2398	7165	871	0	48260	3221	4749	2999938	39569	49996	874	200000	1046649	26373875	65792867	2249	3215236	2429359	1599936
1789659620	36786	93.9	93.1	7768	4845	3484	8868	1544	0	14264	3516	11511	3000348	39317	50000	1522	200000	1047590	26395446	65879902	2249	3217408	2430492	1600962
1789659653	36819	94.1	93.6	6357	1843	1421	6508	238	0	43737	3533	8328	3001381	40000	50000	682	200000	1048471	26428615	65921753	2249	3220096	2433872	1601985
1789659677	36843	93.5	92.7	7893	2808	2070	8173	239	0	16707	3492	4882	3000679	39961	49992	1299	200000	1049162	26460209	65958203	2250	3222517	2435207	1603578
1789659706	36872	90.7	89.6	5066	2549	2691	7640	756	0	28869	3523	8560	3000030	39547	50000	842	200000	1049624	26470096	66009025	2249	3226129	2437224	1605656
1789659741	36906	93.7	92.3	8420	2813	2822	9865	602	0	45033	3513	12089	3000018	40000	49921	1029	200000	1050528	26487336	66069859	2249	3228871	2439671	1607268
1789659767	36932	93.6	92.9	9093	3327	3087	7100	1121	0	23915	3374	8061	3000029	39724	49937	1160	200000	1051308	26502308	66133384	2249	3231002	2440465	1608523
1789659795	36961	93.9	93.1	7293	2290	2649	9107	818	0	9221	3517	8357	3000182	39749	50000	1015	200000	1051956	26514745	66200964	2249	3233367	2441753	1610958
1789659827	36992	94.6	94.0	5231	2364	3216	8241	1231	0	14065	3404	8583	3000114	39891	50000	1230	200000	1052846	26534056	66264734	2247	3236633	2443593	1612909
1789659860	37026	96.9	96.5	5239	2033	1945	9968	769	0	53769	3427	8300	3000127	40000	50000	883	200000	1053692	26552696	66343044	2248	3239401	2446331	1614634
1789659888	37053	97.0	95.0	6992	4651	3333	7352	1031	0	32893	3584	8051	3000521	39496	50000	1533	200000	1054392	26573988	66395412	2247	3241809	2447606	1615486
1789659919	37085	97.7	97.2	5952	2723	1532	8795	777	0	28546	3555	8831	3000699	40000	50000	331	200000	1055229	26597875	66454416	2247	3244710	2450111	1617196
1789659949	37115	95.6	95.2	7148	5765	1021	6109	105	0	61283	3376	7841	3000541	40000	50000	580	200000	1056078	26618691	66524666	2248	3246466	2451886	1618286
1789659981	37147	94.6	94.0	6926	4015	1279	8138	182	0	27200	3267	7811	3000461	40000	50000	62	200000	1056955	26637652	66620306	2247	3249206	2453248	1620151
1789660007	37173	93.7	93.3	9094	2787	1315	6439	468	0	29050	3552	8137	3000069	40000	50000	389	200000	1057631	26648989	66681094	2247	3251559	2454919	1621590
1789660042	37208	94.9	94.5	6401	3468	1006	8133	281	0	50118	3445	11111	3000083	40000	50000	314	200000	1058805	26665887	66780531	2247	3253789	2456983	1622570
1789660069	37234	94.3	93.5	5983	4176	3149	7104	605	0	1859	3351	8001	2999475	39254	50000	777	200000	1059391	26677845	66835735	2247	3257498	2458082	1624606
1789660100	37266	97.2	96.3	7723	3158	3585	9369	2015	0	11889	3531	8072	3000029	38923	50000	1188	200000	1060222	26693425	66921085	2247	3260441	2459988	1626263
1789660127	37292	94.9	94.3	7887	2456	3642	7831	2088	0	27197	3453	7599	3000008	39642	49895	1453	200000	1060982	26714003	66972339	2247	3262944	2461995	1627392
1789660156	37322	96.2	95.9	5973	4527	2778	9236	1287	0	24243	3074	7527	2999777	39939	49999	770	200000	1061754	26736931	67043095	2247	3265273	2464279	1628563
1789660186	37352	93.2	92.3	8712	3570	3499	7609	2051	0	17234	3241	7404	2998736	38987	49964	1394	200000	1062798	26755007	67129955	2247	3267863	2465797	1629995
1789660218	37384	90.1	89.3	6406	2992	2231	9563	554	0	39854	3584	8370	3000436	38924	50000	1156	200000	1063429	26771697	67193636	2248	3270434	2467840	1632911
1789660249	37415	93.4	92.3	6818	3787	3360	8524	2020	0	5754	3356	11123	3000376	38697	50000	1189	200000	1064100	26797576	67223618	2247	3273908	2469560	1634569
1789660278	37444	96.3	94.9	12590	3236	3066	9937	1601	0	10511	3327	7636	3000254	39676	50000	709	200000	1064771	26828502	67265125	2247	3276242	2471656	1635396
1789660309	37474	95.3	94.6	8291	2749	3795	7291	2037	0	8768	3075	7633	3000340	39856	50000	1452	200000	1065800	26862337	67336460	2247	3278725	2473381	1636517
1789660339	37505	97.1	96.6	6412	3194	2408	8591	404	0	61422	3142	7699	3000346	39850	50000	1113	200000	1066623	26876073	67406960	2248	3281144	2476572	1637500
1789660369	37535	96.5	96.1	7532	4717	2475	7105	258	0	61226	3184	7444	3000524	40000	50000	1366	200000	1067673	26906152	67475762	2247	3283572	2479090	1638313
1789660399	37565	97.5	97.1	8740	3232	1270	8328	102	0	66630	3166	7653	3000310	40000	50000	747	200000	1068700	26932616	67556327	2247	3285989	2481401	1639073
1789660429	37595	95.0	94.4	7046	4756	1561	6030	453	0	37430	3033	7432	3000167	40000	50000	484	200000	1069666	26956342	67639307	2247	3288898	2483355	1640320
1789660459	37625	92.3	91.8	8521	3787	2197	8136	67	0	20350	3147	7595	3000044	39901	49969	1117	200000	1070467	26978054	67703686	2247	3291314	2484582	1642284
1789660488	37654	95.5	94.9	5690	5210	1472	6375	304	0	30444	3497	7943	3000334	40000	50000	486	200000	1071267	26994735	67782736	2247	3293342	2486163	1643675
1789660522	37688	94.9	94.3	7734	3544	1719	8368	763	0	23991	3302	11253	3000441	39509	50000	514	200000	1072162	27011327	67862934	2247	3295853	2487714	1645180
1789660551	37717	92.2	90.9	5866	2235	3477	6899	575	0	3511	3722	8611	2999450	39669	49756	962	200000	1072748	27028493	67911523	2247	3298696	2488814	1647398
1789660580	37746	92.0	91.2	7194	2215	3466	9438	1060	0	12378	3353	7854	2999379	39788	50000	1030	200000	1073364	27041810	67973590	2247	3302093	2490634	1649255
1789660611	37777	94.2	93.8	7055	2780	3749	8064	1233	0	7002	3198	7354	2999102	39869	49977	1085	200000	1074276	27065912	68057367	2247	3304755	2492381	1650450
1789660638	37804	98.5	98.1	7475	5366	1023	8114	617	0	3323	3017	7207	3000067	40000	50000	92	200000	1075286	27080998	68144913	2247	3305457	2494325	1651396
1789660668	37834	89.8	89.2	5978	4328	3988	7754	849	0	2270	3412	8213	2999296	39466	49939	1192	200000	1076037	27096686	68208538	2247	3309247	2495619	1653991
1789660699	37865	95.4	94.3	5184	2007	2744	9367	1090	0	65469	3120	7646	3000151	39142	50000	1269	200000	1076733	27108030	68277465	2247	3311751	2498079	1655236
1789660726	37892	94.4	94.1	6487	2711	2025	7188	652	0	97413	2962	7182	3000505	39939	50000	843	200000	1077333	27127495	68326518	2247	3314118	2500436	1655996
1789660760	37926	94.5	94.0	10710	4460	3645	9104	1540	0	36211	3060	10270	3000090	39468	50000	1522	200000	1078504	27156819	68392940	2251	3316676	2501955	1656516
1789660794	37960	96.7	96.5	10200	3271	1939	6169	278	0	85701	3059	7516	3000595	40000	49960	1119	200000	1079675	27180880	68499383	2252	3319014	2505141	1657676
1789660821	37986	92.6	92.0	7565	2127	1663	7620	202	0	69150	3164	7378	3000424	40000	50000	944	200000	1080366	27199740	68566238	2252	3321247	2507149	1658545
1789660848	38014	94.0	93.0	6594	3030	3392	6708	966	0	52523	3238	7767	3000512	39426	49853	1625	200000	1081177	27222905	68621622	2252	3323851	2508359	1659280
1789660878	38044	93.1	92.1	6156	2285	3844	8363	205	0	20868	3748	8231	3000026	38689	49961	1892	200000	1081924	27248862	68678983	2252	3326401	2510270	1661798
1789660907	38073	95.9	95.1	9335	3091	3887	7332	1446	0	8733	3065	7190	3000248	39480	49953	1142	200000	1082631	27285518	68715404	2252	3330383	2512159	1662700
1789660938	38104	98.3	98.0	9934	4897	989	7344	498	0	17863	3164	7201	3000837	40000	50000	269	200000	1083642	27328402	68783697	2252	3331043	2514285	1663472
1789660969	38134	93.4	92.7	8170	3006	3845	6279	748	0	2686	3030	7520	2999530	39369	49938	1246	200000	1084408	27346333	68850467	2254	3334299	2516332	1664528
1789661002	38168	96.2	95.4	7643	4681	3841	8837	1312	0	11200	3144	10539	3000080	39366	49858	1240	200000	1085356	27374877	68919164	2254	3337691	2518364	1665333
1789661030	38196	95.9	95.5	7096	6284	3781	7086	1166	0	6264	3080	7196	3000081	39803	49888	1284	200000	1086279	27393706	68995271	2254	3340058	2520526	1666033
1789661060	38226	97.3	97.1	5706	4994	4011	7705	577	0	14134	3208	7271	2998723	39364	49666	1264	200000	1087162	27416194	69065853	2254	3341534	2522648	1666673
1789661093	38258	98.4	98.1	10685	6026	1391	5651	209	0	59910	3038	7273	3000462	40000	50000	698	200000	1088233	27453807	69157568	2254	3343086	2524869	1667192
1789661121	38287	92.6	90.9	6195	3544	1577	7298	146	0	33306	3190	7697	3000284	40000	50000	897	200000	1089015	27466893	69217944	2255	3345434	2526686	1668281
1789661153	38318	95.9	95.5	6527	4886	1005	5780	328	0	38444	3111	7410	3000275	40000	50000	370	200000	1089969	27491651	69292664	2254	3347967	2528522	1669382
1789661177	38343	94.0	93.5	7186	3340	2347	8217	287	0	12253	3225	4393	3000075	39993	50000	398	200000	1090620	27504714	69358209	2255	3351025	2530069	1670961
1789661206	38371	93.9	92.1	6385	4572	3182	7101	1641	0	2248	3166	10736	3000318	39732	50000	1133	200000	1091185	27513861	69412434	2254	3353845	2531667	1672577
1789661236	38402	96.1	95.5	8688	2550	3467	9160	1988	0	43829	3526	7863	3000228	39519	50000	1309	200000	1091974	27537228	69481438	2254	3356666	2533956	1673397
1789661268	38434	96.5	96.2	5134	3129	2844	6898	829	0	38099	3273	7974	3000280	39969	49893	1307	200000	1092741	27555028	69546138	2254	3358841	2535777	1675542
1789661305	38471	96.9	96.6	5311	3397	1534	8355	98	0	87382	3196	10966	3000049	40000	50000	920	200000	1093937	27583944	69642834	2254	3361336	2538796	1676305
1789661326	38492	94.5	93.9	8940	5467	3099	6878	548	0	60220	3065	4253	3000134	39740	49841	1585	200000	1094391	27593196	69690775	2255	3363873	2540353	1676932
1789661367	38532	96.9	96.7	10884	4380	1138	7937	149	0	70075	3428	11671	3000418	40000	50000	635	200000	1095841	27621442	69814226	2255	3366319	2543234	1677653
1789661390	38556	92.7	91.6	6497	5519	3791	5912	1373	0	37084	3244	7474	3000228	39090	50000	1759	200000	1096370	27630414	69860486	2254	3368892	2544170	1677998
1789661419	38585	92.8	92.4	6326	2040	2320	8111	621	0	58368	3673	8622	3000605	39547	49992	1040	200000	1097040	27644507	69916206	2254	3371473	2545880	1681280
1789661451	38617	95.9	95.6	6914	4265	1159	6488	299	0	50962	3347	8143	3000486	39773	50000	625	200000	1098092	27663178	70028563	2254	3373555	2547675	1683020
1789661480	38646	94.2	93.6	6941	3545	1696	8331	184	0	54806	3266	7811	3000436	39699	50000	1018	200000	1098832	27675193	70107700	2255	3375954	2549716	1683871
1789661510	38676	94.8	94.4	10709	5571	1323	6302	129	0	80737	3339	7753	3000542	39705	50000	832	200000	1099681	27695069	70169185	2255	3378314	2551818	1684568
1789661540	38706	93.4	92.6	6149	5108	3414	8187	942	0	50560	3462	7876	3000504	39191	50000	1611	200000	1100491	27722471	70214498	2254	3380923	2553327	1685253
1789661567	38733	93.8	93.0	9105	1959	1956	6050	273	0	40989	3434	8251	3000760	39458	50000	1024	200000	1101078	27748994	70255245	2254	3383282	2554777	1687536
1789661599	38765	90.9	89.9	7239	3142	4097	8238	403	0	18395	3377	8124	2998841	39189	49814	1287	200000	1101985	27769330	70326085	2254	3386337	2556472	1689205
1789661629	38794	94.4	92.1	8627	3354	4507	7159	265	0	3022	3871	8585	2998715	38710	49954	1790	200000	1102796	27786508	70395629	2254	3388466	2558018	1690944
1789661657	38823	98.7	95.7	8827	4174	1420	8683	567	0	4599	3821	8595	3001096	40000	50000	148	200000	1103649	27809736	70458733	2254	3390829	2559794	1692428
1789661689	38855	90.0	89.7	8740	3654	3929	8243	1148	0	1445	3554	7932	2998725	39475	49944	1021	200000	1104434	27832078	70520589	2254	3394612	2561152	1694555
1789661718	38883	98.0	97.5	11229	4207	1216	8313	619	0	31475	3216	7419	3000476	40000	50000	296	200000	1105442	27846270	70616734	2254	3395370	2563178	1695120
1789661747	38913	92.2	91.8	7096	3102	4142	7696	622	0	4043	3500	8293	3000027	39503	49968	1242	200000	1106098	27868499	70673490	2254	3399264	2564528	1697686
1789661778	38944	95.7	94.9	4829	2886	2311	9115	682	0	72056	3110	7739	3000040	39548	50000	1030	200000	1106879	27877348	70750617	2254	3401601	2567421	1698682
1789661810	38976	95.3	94.9	9842	3900	3468	7633	1628	0	37001	3214	10743	3000084	39537	49740	1377	200000	1107776	27897643	70816317	2254	3404298	2568982	1699348
1789661837	39003	94.0	93.5	5578	2558	2473	9288	447	0	42583	3261	4512	3000141	39717	49808	1143	200000	1108627	27915555	70889385	2254	3406332	2570724	1701728
1789661874	39039	95.4	95.0	8025	5394	2851	7226	922	0	64824	3423	10945	3000506	39965	49923	1295	200000	1109563	27934659	70990921	2254	3408910	2572652	1702328
1789661902	39068	95.2	94.7	6484	2622	1942	9075	884	0	45491	3402	8152	3000337	40000	50000	660	200000	1110305	27952831	71058029	2254	3411681	2574608	1704425
1789661927	39093	98.0	97.2	5748	2511	2371	6937	1078	0	61435	3222	7484	3000283	40000	50000	1021	200000	1110942	27972496	71101717	2254	3414143	2576275	1705798
1789661957	39123	97.2	96.8	5991	3436	2633	8682	844	0	24322	3034	7443	3000109	40000	49990	855	200000	1112007	27994941	71197386	2254	3416481	2577581	1707102
1789661986	39152	96.6	93.8	7909	1899	2433	7709	696	0	12585	4199	8963	3000141	39727	50000	1136	200000	1112763	28009177	71275361	2254	3419096	2578665	1710225
1789662017	39183	92.0	91.7	4916	3483	953	9091	264	0	26367	3477	7891	3000242	40000	50000	367	200000	1113512	28029346	71355938	2254	3421193	2580615	1711950
1789662048	39213	94.9	94.2	7473	2477	1471	7448	716	0	17048	3060	7519	3000656	39649	50000	426	200000	1114405	28044749	71448660	2254	3424122	2582613	1712889
1789662082	39248	93.6	93.4	7621	5348	4587	9403	276	0	4155	3138	10400	2998660	38666	49944	1701	200000	1115430	28068390	71517460	2254	3426539	2584395	1714091
1789662110	39276	96.0	95.1	5411	2688	3852	7344	830	0	5937	3096	7591	2999266	38511	49922	1256	200000	1116029	28080170	71577191	2254	3430544	2586492	1715483
1789662138	39304	95.4	94.4	7400	5178	3141	8586	1759	0	3623	3266	7410	3000124	38903	50000	905	200000	1116750	28112782	71615208	2254	3432442	2588207	1716490
1789662166	39332	94.5	93.3	10128	1806	2506	6539	995	0	46340	3369	8077	3000105	38926	50000	852	200000	1117440	28132468	71667957	2254	3434728	2590564	1717701
1789662197	39363	94.1	93.7	7884	1513	1922	8436	483	0	37882	3270	7753	3000222	39278	50000	1165	200000	1118297	28161059	71731010	2254	3437245	2592999	1719360
1789662226	39392	95.7	95.2	9539	2713	1416	6470	128	0	37150	3174	7502	3001140	39628	50000	842	200000	1119171	28182440	71798833	2256	3439366	2594984	1720195
1789662257	39423	94.8	94.2	9773	2516	1803	8141	311	0	23945	3215	7790	3001350	39970	50000	681	200000	1120023	28211508	71856981	2254	3442362	2596964	1720893
1789662287	39452	94.5	94.2	8098	5223	1266	5568	226	0	16466	3505	7939	3000427	40000	50000	468	200000	1120795	28238477	71911855	2254	3444277	2598687	1722050
1789662319	39485	89.8	89.5	7787	3486	4127	7912	608	0	5605	3242	8083	2999156	39620	49765	1339	200000	1121692	28251302	72006561	2254	3447495	2600584	1723216
1789662351	39516	97.6	97.1	8745	4684	1461	6079	352	0	41106	3198	7692	3000270	40000	50000	586	200000	1122726	28278155	72090084	2254	3449260	2602719	1723862
1789662377	39543	93.6	93.2	6954	3209	1465	7612	159	0	38854	3241	7475	3000689	40000	50000	771	200000	1123466	28292963	72154881	2255	3451299	2604490	1725114
1789662416	39582	93.7	93.3	11622	3322	1706	6474	598	0	76955	3224	11205	3000339	40000	50000	775	200000	1124662	28315055	72247599	2254	3454362	2606395	1726324
1789662436	39602	92.1	91.4	5526	2166	1979	8142	437	0	33842	3486	4604	3000343	39837	50000	778	200000	1125134	28325580	72297024	2254	3456216	2607530	1728337
1789662473	39639	93.6	93.0	7808	6073	2022	6746	743	0	46119	3182	11105	3000416	39519	50000	923	200000	1126160	28343374	72396527	2258	3459085	2609362	1729761
1789662500	39666	89.6	89.0	6906	1909	3275	9579	775	0	2812	3438	8014	2999642	39496	49960	1166	200000	1126643	28353569	72448956	2258	3462265	2610757	1732587
1789662528	39694	91.8	91.4	6152	2526	3440	7689	1004	0	11131	3098	7300	3000021	39642	50000	1022	200000	1127426	28367600	72520230	2258	3465224	2612582	1733630
1789662560	39726	92.7	92.5	6495	4742	4099	8683	419	0	11321	3091	7726	2999336	39459	49923	1246	200000	1128373	28386828	72601904	2258	3466851	2614569	1734714
1789662589	39755	94.1	93.5	8192	3792	2997	6042	167	0	2173	3262	7586	2998585	39302	50000	19	200000	1129296	28408738	72683801	2258	3468204	2615632	1736566
1789662616	39782	94.5	93.8	6469	2880	2866	9104	1558	0	9478	3456	7984	3000040	39836	50000	858	200000	1129836	28418481	72745302	2258	3472212	2617580	1738440
1789662647	39813	93.9	93.4	10121	4137	3916	7788	2084	0	9098	2966	7153	2999265	39452	49952	1451	200000	1130930	28437002	72847297	2258	3474893	2619550	1739329
1789662680	39846	95.7	94.7	4313	2061	2694	9533	761	0	30194	3231	10619	3000098	39659	49987	1309	200000	1131672	28450365	72931176	2258	3477047	2621465	1741784
1789662710	39876	95.6	94.9	7944	2814	2499	7444	1124	0	31416	3071	7490	3000541	39837	50000	925	200000	1132449	28470542	72999435	2259	3480116	2623529	1743083
1789662738	39904	93.6	92.8	4842	2452	2154	9521	700	0	10466	3049	7548	3000258	39720	50000	962	200000	1133138	28490795	73050495	2258	3482885	2625564	1745432
1789662767	39932	94.5	93.9	5877	3048	3455	7941	677	0	12436	3194	7427	3000083	39421	50000	1311	200000	1133863	28511561	73098942	2258	3486449	2627769	1746575
1789662797	39963	97.1	96.5	5827	2951	2615	9612	1142	0	50639	2982	7715	3000332	39931	50000	970	200000	1134648	28531610	73154854	2256	3489055	2630266	1747912
1789662826	39992	96.3	95.6	6815	3033	3105	7227	534	0	37825	3120	7316	3000198	39121	50000	1505	200000	1135469	28549985	73222536	2256	3491269	2631896	1749039
1789662862	40028	98.0	97.7	11782	2615	1509	8550	230	0	70250	3089	10669	3001402	39945	50000	930	200000	1136523	28584927	73287715	2256	3493915	2635244	1749688
1789662890	40056	97.1	96.6	9138	4324	1590	5729	147	0	82094	3087	7466	3000776	40000	50000	943	200000	1137198	28620979	73323061	2256	3496138	2637182	1750512
1789662922	40088	92.5	92.2	8072	7318	1822	7389	226	0	90675	3225	7547	3000426	40000	50000	1155	200000	1138171	28645428	73400729	2257	3498599	2639334	1751172
1789662950	40116	94.1	93.9	7728	4915	1706	5657	228	0	105274	3075	7305	3000087	40000	50000	853	200000	1138923	28659645	73473383	2257	3500986	2641209	1751924
1789662979	40145	95.4	93.6	9304	3488	3504	7615	1295	0	38394	3348	7541	3000339	39531	50000	1583	200000	1139902	28676519	73562015	2256	3503558	2642330	1752553
1789663009	40175	93.5	92.9	6593	2138	2332	6483	680	0	53069	3457	8496	3000483	40000	50000	1022	200000	1140694	28693269	73631604	2256	3506102	2644241	1754908
1789663038	40204	92.7	92.1	7533	4263	3344	8932	1531	0	25350	3425	8128	3000284	39773	50000	1238	200000	1141308	28706867	73687327	2256	3509467	2645955	1756860
1789663067	40233	93.6	93.0	5847	3694	3676	8286	1779	0	21699	3415	7753	2999854	39261	50000	1532	200000	1142060	28722335	73764825	2256	3512020	2647588	1758489
1789663096	40262	95.7	95.4	5659	2334	2514	9641	861	0	60355	3210	7683	3000055	39662	50000	1184	200000	1142637	28733853	73839458	2256	3514339	2650187	1760051
1789663128	40293	95.3	94.7	8827	5065	2085	6907	284	0	52042	3324	7905	3000348	39953	50000	1174	200000	1143589	28756330	73914126	2256	3516472	2652326	1761110
1789663165	40331	95.9	95.5	8670	4651	1296	8358	178	0	51316	3155	10906	3000596	40000	50000	811	200000	1144787	28776588	74024862	2256	3519058	2654750	1761891
1789663189	40355	93.0	92.7	5299	4568	2330	5745	65	0	36909	3203	4513	3000366	40000	50000	1388	200000	1145530	28796467	74079061	2258	3521438	2656482	1762451
1789663216	40382	92.4	91.6	7504	1512	3051	8011	729	0	11769	3554	7930	3000114	40000	50000	1042	200000	1146130	28808792	74153228	2256	3524733	2657884	1764641
1789663250	40416	94.2	92.9	5813	2698	2722	7181	1508	0	13569	3589	11579	3000090	39955	50000	776	200000	1146932	28828476	74220947	2256	3527504	2659515	1766916
1789663281	40446	94.3	93.9	9311	1880	2814	9213	1021	0	29594	3532	8390	3000251	39557	49998	1053	200000	1147733	28841644	74306421	2256	3530067	2661314	1769138
1789663311	40477	95.3	95.0	7690	2789	1660	6957	481	0	22419	3465	8396	3000595	40000	50000	711	200000	1148578	28860129	74384598	2256	3532363	2663466	1770756
1789663340	40505	92.3	91.4	6215	2290	3249	9459	1578	0	2754	3561	8179	3000119	39383	50000	1156	200000	1149185	28869394	74451233	2256	3535911	2665206	1772069
1789663370	40536	93.9	93.2	6039	3277	3033	7231	1337	0	24311	3396	8301	3000386	39292	50000	1188	200000	1149923	28892212	74499536	2256	3538349	2667063	1773769
1789663400	40566	93.0	92.1	8576	2069	2607	9383	1227	0	27256	3516	8373	3000511	39426	50000	1021	200000	1150515	28913146	74541131	2256	3541344	2669105	1776009
1789663428	40594	94.3	93.8	7141	2339	2635	7975	1274	0	33316	3276	7847	3000096	39557	50000	899	200000	1151202	28933697	74593817	2256	3544052	2670662	1777901
1789663457	40623	94.8	93.5	5925	3231	3240	9705	1060	0	34687	3456	8443	2999803	38816	50000	1283	200000	1151894	28946629	74652761	2256	3546650	2672598	1779373
1789663487	40653	95.2	94.4	5607	2375	2060	7715	703	0	59822	3416	8073	3000287	39144	50000	1102	200000	1152777	28971619	74709584	2249	3549261	2674790	1781373
1789663517	40683	95.8	95.3	8211	2051	2113	9413	348	0	54614	3427	7565	3000640	39909	50000	889	200000	1153608	28993865	74770958	2250	3551610	2676219	1782644
1789663553	40719	95.3	95.0	5661	2811	2064	7502	878	0	60688	3336	10909	3000076	40000	50000	689	200000	1154651	29012590	74870478	2249	3554651	2678103	1784752
1789663579	40745	96.3	95.5	6734	1932	2948	10063	1153	0	7427	3299	8001	2999852	39665	49801	1077	200000	1155276	29027183	74923954	2249	3557813	2679550	1787364
1789663608	40774	97.1	96.6	8379	2395	2563	7784	1030	0	30877	3186	7685	3000141	39839	49939	890	200000	1155978	29046971	74980955	2250	3560331	2681689	1788781
1789663639	40805	96.9	96.5	6393	4168	2896	9575	806	0	47351	3060	7365	3000384	40000	49934	1286	200000	1156969	29065813	75069208	2249	3562676	2683596	1789669
1789663670	40836	96.0	95.6	8400	3344	1945	6934	322	0	49046	3364	7993	3000320	39880	50000	969	200000	1157885	29078902	75182121	2249	3564927	2685456	1791799
1789663698	40864	96.3	95.6	8164	2684	1661	8589	528	0	28795	3306	7908	3000446	39859	50000	517	200000	1158598	29096126	75239628	2249	3567617	2687175	1793301
1789663729	40894	95.9	95.6	8431	4060	963	6628	274	0	31765	3250	7860	3000542	40000	50000	308	200000	1159648	29118990	75317370	2249	3569720	2689092	1794437
1789663759	40925	95.8	95.4	7293	6263	1339	8582	405	0	44564	3199	7534	3000380	39957	50000	491	200000	1160620	29134882	75414649	2249	3572471	2691304	1795250
1789663788	40954	94.5	94.1	10337	3128	2044	6301	77	0	30828	3244	7783	3000730	40000	50000	922	200000	1161404	29156155	75484336	2249	3574558	2692917	1796021
1789663816	40982	88.5	87.9	6073	4578	1917	8012	203	0	26259	3682	8160	3000838	40000	50000	742	200000	1162129	29173354	75549061	2249	3576997	2694373	1798026
1789663847	41013	91.3	90.9	6159	3176	3048	7120	1535	0	4172	3481	8383	3000193	39940	49960	959	200000	1162877	29189841	75619758	2249	3580452	2696066	1800015
1789663877	41043	93.8	93.2	7264	4736	3669	9121	1924	0	6309	3539	8196	3000103	39379	50000	1284	200000	1163700	29206384	75707000	2249	3582978	2697622	1801261
1789663906	41072	94.5	94.0	5712	4060	3475	7669	1881	0	31511	3302	7702	2999561	39089	49985	1369	200000	1164446	29218444	75781578	2249	3585500	2699926	1802154
1789663937	41103	94.6	94.2	7085	1881	2723	9552	731	0	26825	3613	8373	3000246	39178	49910	1352	200000	1165221	29241398	75841026	2249	3587607	2701472	1804910
1789663972	41138	95.9	95.4	6079	2762	1649	7113	557	0	41166	3388	11427	3000589	39457	50000	633	200000	1166214	29261089	75925177	2249	3590046	2703573	1806218
1789664000	41166	93.1	92.2	5604	2536	3022	9504	1595	0	4740	3469	8213	3000325	39372	50000	865	200000	1166755	29278979	75964375	2249	3593592	2705435	1807774
1789664030	41196	95.5	93.2	9678	4805	3519	7195	1970	0	21286	3672	8425	3000059	39056	50000	1304	200000	1167556	29305395	76023578	2249	3596109	2707258	1808707
1789664063	41229	94.9	94.4	5900	2202	3437	8782	491	0	35832	3374	8099	3000253	38971	49997	1721	200000	1168435	29328874	76092203	2249	3598335	2709636	1810832
1789664090	41255	93.8	93.2	6567	2431	3226	7713	1102	0	21176	3206	7843	3000061	39251	49977	1105	200000	1169130	29348218	76142895	2250	3601872	2711688	1811902
1789664117	41283	97.8	96.8	6747	3187	999	8055	319	0	16184	3426	4547	3000769	40000	50000	199	200000	1170019	29376907	76211642	2249	3602820	2713282	1813211
1789664148	41314	95.0	94.5	6709	3237	1318	6096	674	0	1639	3536	10761	3000654	40000	50000	122	200000	1170841	29391011	76284485	2249	3605593	2715009	1814664
1789664176	41342	92.7	92.0	9496	2143	3136	8621	1145	0	3078	3152	7551	2999765	39703	49990	768	200000	1171547	29412393	76345483	2249	3608461	2716269	1816415
1789664206	41372	92.9	92.2	7775	2607	3009	7328	1305	0	32836	3238	7837	3000061	39692	49984	971	200000	1172214	29421926	76413167	2249	3611385	2718274	1818729
1789664239	41405	95.4	95.0	6079	3376	1624	8860	493	0	57169	3140	7685	3000009	40000	50000	667	200000	1173148	29453143	76488913	2249	3613623	2720362	1820459
1789664266	41432	92.9	92.2	6658	4011	3755	7302	1602	0	18898	2993	6915	3000613	39584	50000	1544	200000	1173797	29469260	76561478	2249	3616027	2721332	1821242
1789664304	41470	96.0	95.7	7822	2387	1499	8527	54	0	88828	3204	10914	3000423	40000	50000	812	200000	1174782	29494583	76640077	2249	3618547	2724714	1822253
1789664333	41499	93.8	93.4	8568	4689	1427	6131	109	0	80423	3448	7911	3000237	39859	50000	858	200000	1175557	29508386	76721190	2249	3620998	2726797	1823505
1789664362	41528	95.3	95.0	5898	2881	1223	7777	146	0	122325	3189	7341	3000268	40000	50000	693	200000	1176488	29525606	76797773	2249	3623443	2728985	1824142
1789664391	41557	93.7	93.1	10371	7558	3215	6354	1273	0	26520	3290	7281	3000167	39273	50000	1394	200000	1177547	29541179	76899799	2249	3625717	2729670	1825018
1789664422	41588	95.2	94.8	9595	1942	1763	7904	114	0	59451	3156	7694	3000884	39857	50000	1164	200000	1178382	29561693	76977843	2249	3627862	2732335	1826882
1789664453	41619	93.8	93.3	8978	2637	1479	5590	195	0	63764	3075	7507	3000611	40000	50000	850	200000	1179282	29585609	77052926	2250	3630422	2734505	1827577
1789664481	41647	98.1	97.8	6520	3222	1437	7169	75	0	77528	3236	7411	3000278	40000	50000	891	200000	1180131	29600946	77132170	2250	3632788	2736526	1828308
1789664508	41673	96.5	95.9	5137	4794	2764	6077	422	0	39099	3219	7304	3000130	40000	49968	1233	200000	1180921	29614622	77212262	2252	3635187	2737880	1829218
1789664537	41703	95.9	95.4	7289	3106	2876	7819	452	0	29867	3288	7839	3000630	39836	49920	1349	200000	1181861	29634778	77296339	2249	3637655	2739650	1830461
1789664568	41734	97.2	96.8	11448	2126	1375	6223	211	0	63703	3247	7821	3000192	40000	50000	800	200000	1182808	29662315	77363952	2250	3640050	2742317	1831806
1789664598	41764	95.1	94.3	6744	3920	3174	8465	159	0	17869	3292	7634	3000133	39428	49969	1436	200000	1183700	29679735	77443593	2249	3643320	2744258	1832788
1789664627	41792	97.5	97.1	11370	2318	1045	5946	318	0	8472	3470	7882	3000715	40000	50000	363	200000	1184637	29706894	77513614	2250	3644873	2745937	1834035
1789664659	41825	92.5	91.8	7236	1799	2635	8937	436	0	55645	3227	10664	3000279	39571	49999	931	200000	1185075	29717425	77550433	2251	3649054	2748977	1835245
1789664688	41854	95.6	93.7	10501	4425	3184	6947	1686	0	20549	3533	7956	3000281	39554	50000	1082	200000	1186009	29752075	77607941	2249	3651168	2750088	1835970
1789664722	41887	90.9	90.3	7409	2669	2169	8882	115	0	32396	3603	8449	3000431	39183	50000	1494	200000	1186858	29767338	77694748	2248	3653323	2752582	1838380
1789664754	41920	97.1	96.8	9410	4621	1067	5671	528	0	41119	3133	7598	3001376	40000	50000	287	200000	1187835	29797417	77763881	2252	3656042	2754618	1839064
1789664780	41946	92.9	92.5	6304	4164	1270	7510	135	0	33365	3322	4757	3000800	40000	50000	857	200000	1188680	29820038	77837727	2252	3658305	2756108	1840596
1789664809	41975	91.7	91.0	5717	2828	3265	6916	1822	0	5240	3325	11038	3000028	39332	50000	994	200000	1189193	29826916	77887462	2252	3662027	2757895	1841989
1789664839	42005	94.4	94.3	10420	4146	4371	9136	838	0	14264	3426	7793	2999542	39332	49779	1660	200000	1190190	29847720	77967938	2252	3664794	2759817	1842797
1789664870	42036	96.4	95.8	5998	2183	1993	6275	366	0	79575	3304	8153	3000406	40000	50000	1008	200000	1190808	29864473	78019196	2252	3666887	2762972	1844159
1789664900	42066	94.6	94.2	7707	5918	2843	8012	789	0	45025	3246	7524	3000136	39876	49923	1177	200000	1191609	29887518	78078887	2252	3669418	2764743	1844631
1789664930	42096	94.8	94.0	7539	5072	3474	7092	1602	0	41765	3490	7961	2999689	39449	49934	1486	200000	1192434	29905397	78163182	2252	3672088	2766335	1845599
1789664957	42122	93.7	93.3	6653	2078	2765	8909	379	0	29962	3405	4720	3000025	39554	49933	1454	200000	1193197	29921451	78241224	2252	3674133	2768315	1848387
1789664994	42160	95.9	95.7	9530	5216	1858	7426	626	0	52360	3494	11635	3000657	40000	50000	866	200000	1194314	29945195	78343994	2253	3676920	2770525	1849016
1789665019	42185	93.8	93.5	5567	3375	1155	9097	174	0	35931	3671	4806	3000167	40000	50000	569	200000	1195185	29958825	78425590	2253	3679155	2771873	1851070
1789665048	42214	93.4	93.0	6297	3967	1379	6476	349	0	18579	3420	7868	3000536	39839	50000	399	200000	1195918	29969028	78519016	2252	3681852	2773551	1852520
1789665081	42247	92.5	92.0	7467	2602	3648	8711	585	0	13401	3364	10653	2999814	39456	49955	1215	200000	1196822	29984859	78591792	2252	3684811	2775434	1853719
1789665110	42275	97.4	97.0	6963	5415	988	5546	591	0	10362	3102	7121	3000623	40000	50000	246	200000	1197789	30009188	78668414	2252	3686419	2777500	1854466
1789665141	42307	94.7	94.4	7932	4977	1047	7337	228	0	18774	3223	7473	3000520	40000	50000	42	200000	1198690	30034461	78755901	2252	3688473	2778956	1856068
1789665170	42335	90.2	89.6	5296	3557	3745	7392	814	0	13243	3430	7853	2999658	39196	50000	1323	200000	1199233	30043941	78819117	2252	3692760	2780888	1857532
1789665196	42362	95.7	94.8	6280	2567	3069	8720	1290	0	2583	3395	7966	3000011	39978	49973	766	200000	1200040	30064156	78875270	2252	3694429	2782178	1859755
1789665226	42392	94.5	92.9	8988	2571	3061	7166	1382	0	23974	3587	8507	3000033	39515	49986	902	200000	1200766	30076648	78950801	2252	3697217	2784032	1861629
1789665256	42422	94.1	92.1	7546	2016	2954	9780	874	0	17248	3878	8932	3000208	39298	49992	1250	200000	1201448	30091294	79009259	2252	3700126	2785667	1864352
1789665286	42452	95.7	94.1	7108	2728	2037	7668	109	0	28431	3575	8261	3001131	40000	50000	937	200000	1202361	30114471	79072953	2252	3702279	2787410	1865606
1789665317	42483	92.7	91.8	6760	2860	2789	10547	1290	0	17032	3641	8675	3000100	39568	50000	1001	200000	1202987	30131279	79140825	2252	3705769	2788764	1868323
1789665346	42512	96.2	95.4	9505	3219	2992	7967	1284	0	12218	3381	8166	3000576	39406	50000	1126	200000	1203778	30152777	79213251	2252	3708055	2790073	1870189
1789665383	42549	98.1	97.8	9082	2723	1446	9314	548	0	32461	3265	11195	3000543	40000	50000	480	200000	1204730	30185102	79267525	2254	3710770	2792941	1871595
1789665412	42578	95.0	94.7	7881	3300	936	6098	283	0	23626	3071	7580	3000507	40000	50000	174	200000	1205647	30199448	79351095	2252	3712725	2794458	1873112
1789665440	42606	97.1	96.5	7778	2320	3836	9418	1321	0	3330	3335	8083	3000177	39456	50000	1085	200000	1206214	30213612	79402322	2252	3717138	2796334	1874380
1789665470	42636	96.0	95.6	9480	2252	3943	6622	600	0	14771	3057	7534	3000169	39635	49966	1182	200000	1207179	30237411	79476524	2252	3718613	2798469	1875068
1789665501	42667	98.3	97.9	7719	4645	1070	7592	642	0	22062	3498	7873	3000619	40000	50000	256	200000	1208211	30260737	79553971	2255	3720369	2800657	1875836
1789665534	42700	95.2	95.0	8971	5155	1017	5763	463	0	49419	3378	8156	3000208	40000	50000	290	200000	1209190	30282000	79657516	2252	3722756	2802687	1876850
1789665563	42729	94.7	93.2	6322	4747	1878	7712	147	0	50362	3377	8050	3000535	39660	50000	965	200000	1209844	30294510	79728700	2252	3725097	2804497	1878124
1789665593	42759	95.7	95.0	5015	4610	1420	5987	166	0	65382	3634	8590	3000230	40000	50000	559	200000	1210635	30318949	79797636	2252	3727255	2806193	1879128
1789665616	42782	88.4	87.2	10204	3621	3339	8113	337	0	16137	3725	5066	3000265	39738	49784	1545	200000	1211161	30331717	79847736	2252	3729547	2807311	1880297
1789665654	42820	96.0	95.7	12180	1377	1388	6670	330	0	78410	4025	12510	3000322	40000	50000	523	200000	1212203	30350808	79950947	2252	3732254	2809816	1881590
1789665678	42844	92.9	92.1	6117	2800	1891	8610	402	0	45177	3232	4675	3000146	39163	50000	1143	200000	1212918	30360398	80024475	2253	3734567	2811442	1883007
1789665706	42872	95.4	94.4	5560	4450	2041	6489	284	0	37721	3384	8000	3000978	39927	50000	823	200000	1213691	30382433	80088872	2252	3736901	2813082	1884410
1789665739	42904	94.4	94.0	8038	4271	1727	8427	469	0	25800	3399	8278	3000369	40000	50000	692	200000	1214562	30403341	80180134	2252	3739569	2814685	1885992
1789665769	42935	94.2	94.0	8270	2730	1034	6017	207	0	41600	3274	7855	3000341	40000	50000	367	200000	1215394	30421051	80273715	2252	3741388	2816417	1887293
1789665797	42963	91.1	90.3	5762	2805	3749	8552	400	0	1787	3332	7899	2999801	39364	49965	837	200000	1216074	30434145	80336431	2252	3744376	2817474	1889591
1789665830	42996	94.7	93.4	6432	4515	3305	7839	1805	0	10552	3569	11903	3000092	39753	50000	1073	200000	1216798	30448316	80402629	2252	3747685	2819210	1891729
1789665857	43023	95.4	94.6	6993	2747	3758	9565	2000	0	7417	3228	7561	2999297	39370	50000	1312	200000	1217485	30464459	80461698	2252	3750137	2820958	1892700
1789665889	43055	95.5	95.0	7243	3729	2798	6772	987	0	55897	3520	8527	3000058	39441	50000	1309	200000	1218320	30480276	80538245	2252	3752566	2823736	1893935
1789665920	43086	95.5	94.9	7895	2497	2013	8217	396	0	46198	3180	7918	3000453	39517	50000	1177	200000	1219326	30504713	80605123	2252	3754834	2826115	1895270
1789665948	43114	95.5	95.3	7085	5756	1077	6506	168	0	63211	3338	7855	3000579	40000	50000	554	200000	1220058	30533139	80654754	2255	3756959	2828046	1896208
1789665978	43144	93.8	93.1	8581	4273	2037	8575	169	0	61113	3609	8261	3000554	39372	50000	1182	200000	1220751	30547001	80719385	2252	3759601	2830262	1897012
1789666008	43174	95.3	94.7	11757	4035	2535	6034	715	0	42128	3371	8020	3000675	39777	50000	1193	200000	1221636	30573117	80784265	2252	3762015	2831714	1897870
1789666037	43203	93.0	91.8	6617	2545	2893	8451	1192	0	8980	3821	8789	3000258	39559	50000	1056	200000	1222300	30589963	80846252	2256	3765291	2833244	1900035
1789666067	43233	93.9	93.4	7602	3268	2955	7360	1371	0	31977	3222	8034	3000209	39715	50000	950	200000	1223132	30614653	80905554	2256	3768069	2835087	1901734
1789666098	43264	93.2	92.5	5544	2779	2452	9516	1021	0	28158	3611	8534	3000271	39739	50000	1018	200000	1223835	30627867	80973406	2256	3770712	2836625	1904001
1789666127	43293	94.8	94.4	5443	3387	1692	7689	501	0	38700	3521	8401	3000328	40000	50000	807	200000	1224655	30648563	81020862	2256	3772940	2838658	1905263
1789666162	43328	92.3	92.0	6916	3275	3389	9794	263	0	30304	3479	11536	2999705	39516	49967	1418	200000	1225427	30667652	81099964	2256	3775624	2840227	1906968
1789666188	43354	97.8	97.1	6732	3578	1664	6190	428	0	28365	3535	4958	3000729	40000	50000	622	200000	1226230	30684510	81185977	2256	3777478	2841667	1908156
1789666219	43384	91.2	90.9	7101	3413	3423	8847	267	0	15888	3173	7871	2999517	39958	49958	1013	200000	1227031	30700193	81257070	2256	3780564	2843337	1909633
1789666250	43416	97.5	97.2	8658	6082	1067	5744	233	0	54803	3372	8056	3000160	40000	50000	450	200000	1228115	30717000	81368683	2262	3781731	2845117	1910730
1789666278	43444	94.5	93.9	7893	3015	1442	7627	392	0	28776	3100	7327	3000190	40000	50000	491	200000	1228945	30732198	81452379	2256	3784550	2846910	1912154
1789666308	43473	97.3	97.0	8029	4023	1549	5975	278	0	25850	3422	7939	3000363	40000	50000	740	200000	1229695	30754820	81526224	2256	3786506	2848845	1912832
1789666340	43505	97.3	96.5	5423	4849	3422	8520	1854	0	4768	3427	11278	3000210	39940	50000	1059	200000	1230396	30770408	81596700	2256	3790401	2850855	1914090
1789666370	43536	97.9	97.9	13732	1866	4114	6797	1016	0	6790	3249	7289	2999728	39744	49906	1383	200000	1231305	30800625	81668804	2256	3793058	2852938	1914536
1789666399	43564	97.9	97.5	5327	3298	1308	6813	817	0	6510	3188	7518	3000316	40000	50000	177	200000	1232300	30814922	81770727	2256	3793999	2855150	1915290
1789666429	43594	92.8	91.4	9174	2569	3226	6582	967	0	2674	3486	8370	3000001	39808	49983	829	200000	1233069	30831868	81837159	2256	3796938	2856624	1916881
1789666456	43621	96.2	93.8	6649	5400	3146	8313	996	0	14096	3730	8579	3000046	39560	50000	1127	200000	1233654	30844509	81897736	2256	3799275	2858264	1918980
1789666490	43656	95.5	94.9	6583	2827	2140	7512	1006	0	45065	3628	8902	3000046	40000	50000	738	200000	1234498	30869991	81961743	2256	3802760	2860991	1920665
1789666516	43681	88.4	87.9	9141	3335	2746	9259	469	0	27834	3606	7830	3000154	39663	49994	1292	200000	1235047	30885186	81999023	2256	3804691	2862114	1922318
1789666547	43713	96.1	95.5	8567	2973	1629	6682	406	0	21166	3470	8234	3000519	40000	50000	536	200000	1235932	30902840	82079931	2256	3807371	2864313	1923859
1789666576	43742	93.3	92.4	5189	3272	3244	9291	1367	0	10413	3221	7876	3000086	39732	50000	1231	200000	1236602	30917912	82142962	2256	3811002	2866360	1925189
1789666606	43771	93.6	93.0	9043	4071	4032	7370	2141	0	4276	3357	7728	3000004	39070	49943	1500	200000	1237276	30939783	82196804	2256	3813612	2867918	1926408
1789666636	43802	96.0	95.5	8510	4386	3462	8661	1730	0	12056	3475	8091	3000136	38892	50000	1142	200000	1238107	30963588	82270702	2256	3815977	2870254	1927247
1789666667	43833	94.4	93.9	9438	5297	3892	7003	1872	0	5818	3448	8076	3000167	39524	50000	1532	200000	1239016	30996327	82328601	2256	3818315	2872154	1928168
1789666696	43862	97.5	94.8	9026	2366	3308	8182	1376	0	13006	3802	8564	3000349	39630	50000	1075	200000	1239590	31022012	82375591	2256	3820613	2874476	1928936
1789666728	43894	94.2	93.5	12628	3213	3594	7033	1999	0	31830	3412	8200	3000144	39594	49956	1372	200000	1240519	31045538	82452332	2260	3823191	2876455	1929736
1789666756	43922	94.0	93.5	6258	5123	3343	8738	1787	0	3710	3547	4731	2999870	39330	49975	1263	200000	1241224	31069747	82526381	2260	3825303	2877418	1931907
1789666787	43952	94.8	94.3	6281	2208	2962	7341	924	0	63600	3342	7955	3000394	39572	50000	1378	200000	1241917	31083247	82587660	2260	3827724	2880154	1932703
1789666818	43984	95.3	95.0	8268	5028	2318	8712	712	0	77092	3492	8161	3000290	39978	49908	1074	200000	1242744	31105866	82665716	2260	3830017	2882370	1933668
1789666846	44012	93.3	92.7	7539	4736	3870	6728	1836	0	14965	3337	7554	3000244	39600	50000	1522	200000	1243517	31126097	82739037	2260	3832582	2883648	1934254
1789666877	44043	96.0	95.7	10071	2589	2362	8079	774	0	81057	3574	8578	3000202	40000	49999	1072	200000	1244350	31139835	82817582	2260	3834982	2886638	1935242
1789666906	44072	95.1	94.8	12110	4180	2995	6810	1671	0	18285	3275	7547	2999548	40000	50000	883	200000	1245308	31163835	82889456	2261	3837394	2887893	1935951
1789666938	44103	94.7	94.2	8396	4703	3953	8709	2066	0	10585	3309	7721	2998900	39713	49924	1269	200000	1246491	31179217	82999592	2261	3839958	2890026	1936510
1789666966	44132	94.2	93.7	8137	1879	3444	7478	1809	0	1848	3304	7920	2999856	39723	49894	1209	200000	1247268	31193729	83084792	2261	3842242	2891392	1938439
1789666997	44162	94.7	94.1	7789	3616	3026	9044	1184	0	51175	3422	8012	3000096	39344	50000	1239	200000	1248027	31205717	83165851	2261	3844664	2893794	1939422
1789667028	44194	94.9	94.5	10045	2946	2320	7323	793	0	71524	3391	8192	3000197	40000	50000	865	200000	1248890	31233265	83228449	2261	3847050	2896213	1940355
1789667058	44223	93.7	93.6	11758	6746	4139	9305	932	0	12567	3531	7622	2998709	39595	49902	1366	200000	1249968	31264155	83318295	2261	3849617	2897246	1940820
1789667087	44252	93.9	93.1	7563	2625	3359	7011	978	0	14724	3491	8313	2999739	39579	49993	1385	200000	1250620	31278088	83383518	2261	3851357	2899047	1943215
1789667121	44286	95.9	94.9	9600	2152	1676	8710	552	0	55475	3639	8683	3000133	40000	50000	878	200000	1251517	31303132	83465927	2261	3853815	2901233	1944967
1789667146	44312	94.1	93.2	7569	3080	1820	7219	419	0	61049	3333	7946	3000112	39436	50000	963	200000	1252053	31317005	83515289	2261	3856117	2902954	1946281
1789667176	44342	95.0	94.7	6917	6222	1627	8855	140	0	52850	3315	7966	3000391	40000	50000	926	200000	1253035	31343908	83581450	2261	3858395	2904802	1947372
1789667209	44375	94.7	94.2	8146	3275	1592	6731	161	0	49297	3409	8011	3000499	39737	50000	914	200000	1254123	31362868	83678259	2261	3861181	2906815	1948865
1789667237	44402	94.5	94.0	8887	5169	2269	8322	34	0	50502	3348	7841	3000771	39967	49902	1210	200000	1254767	31383231	83721235	2261	3863378	2908268	1949537
1789667267	44433	92.3	91.5	6441	2535	2994	7628	1138	0	16203	3712	8564	3000165	39879	49989	864	200000	1255494	31395986	83804694	2261	3866912	2909700	1952559
1789667300	44465	95.7	95.0	5218	3931	2923	9573	1253	0	9755	3483	11222	3000179	39418	50000	1091	200000	1256283	31418584	83864647	2261	3869534	2911601	1953840
1789667329	44495	94.9	94.4	8311	2492	2062	7494	805	0	44206	3190	7816	3000490	39630	50000	779	200000	1257112	31440057	83920140	2261	3871909	2914147	1955107
1789667357	44523	93.9	93.0	6575	2848	2239	9624	157	0	43287	3132	7567	3000489	39300	50000	1474	200000	1257767	31452931	83983555	2261	3874382	2916276	1956631
1789667390	44556	97.2	96.9	8219	3172	1417	6590	209	0	50523	3316	7925	3000829	40000	50000	726	200000	1258902	31484809	84054437	2265	3876843	2918219	1957393
1789667418	44584	85.2	84.8	7887	4093	1266	8177	225	0	68086	3382	7540	3000292	40000	50000	728	200000	1259497	31493159	84118000	2270	3878926	2920067	1958476
1789667447	44613	94.2	93.5	7568	2774	2542	5949	25	0	36556	3254	7369	3000639	39606	50000	1132	200000	1260353	31513474	84191837	2270	3881379	2921228	1959299
1789667478	44644	94.2	93.5	6879	2778	1727	7898	423	0	28356	3683	8261	3000883	39909	50000	486	200000	1261102	31531421	84283921	2270	3884089	2922711	1962490
1789667508	44674	92.2	91.3	6088	3903	3380	7688	1230	0	15008	3232	7873	3000067	39237	50000	1102	200000	1261776	31549134	84360310	2270	3887851	2924490	1963821
1789667537	44702	98.8	97.6	8987	3975	887	7756	361	0	14078	3603	8061	3000574	39745	50000	152	200000	1262745	31570066	84452243	2270	3888568	2926340	1964561
1789667568	44734	91.1	90.6	8038	2704	3999	6909	628	0	499	3153	7644	2998525	39231	49875	1300	200000	1263519	31580178	84557486	2270	3891855	2928302	1965600
1789667597	44763	95.0	93.4	7722	3658	4024	8653	649	0	2711	3512	7869	2998920	39062	49949	1177	200000	1264441	31593383	84658599	2270	3894420	2930182	1966721
1789667626	44792	98.2	97.6	6572	3116	1106	5930	587	0	17085	3352	7957	3000866	39942	50000	320	200000	1265416	31613882	84737965	2270	3896200	2932227	1967765
1789667657	44823	91.6	90.3	8342	2824	3904	9437	1098	0	772	3349	8226	2998685	39182	49863	1142	200000	1266120	31631297	84811012	2270	3900223	2933809	1969884
1789667688	44853	92.9	92.5	6229	4801	4217	8059	802	0	16867	3452	8010	2998890	39171	49690	1554	200000	1266888	31644442	84900039	2270	3902803	2935568	1971207
1789667716	44882	93.9	92.7	6032	3087	3007	9619	1037	0	22228	3603	8504	2999633	39385	49946	1299	200000	1267451	31652875	84974028	2270	3904761	2936930	1974055
1789667747	44913	94.6	94.2	7242	2873	1999	7259	659	0	61491	3175	7946	3000371	40000	50000	911	200000	1268247	31674942	85042622	2270	3907281	2939551	1975181
1789667778	44943	92.6	91.9	6725	1804	3073	9606	1389	0	12918	3447	8167	3000269	39973	50000	1185	200000	1269000	31694415	85103733	2270	3910604	2941164	1976967
1789667807	44973	94.1	93.7	9769	2148	3651	7446	739	0	10375	3284	7806	2999794	39757	49997	1245	200000	1269837	31716435	85167884	2270	3913216	2942984	1977623
1789667842	45008	93.7	92.2	7951	1792	2846	9398	804	0	33733	3747	12103	3000111	39431	50000	1136	200000	1270558	31730284	85234760	2270	3915707	2944800	1980628
1789667867	45033	92.8	92.1	7061	3218	2657	7459	1004	0	37091	3391	4910	3000098	39396	50000	1096	200000	1271154	31745441	85292925	2270	3918167	2946484	1982307
1789667901	45066	93.4	92.8	7873	3309	3159	9552	1631	0	33319	3284	11116	3000299	39443	50000	1276	200000	1271960	31770258	85357012	2270	3920677	2947742	1983932
1789667934	45100	94.0	93.3	7703	1785	2220	7173	627	0	39470	3751	8776	3000596	39822	50000	929	200000	1272745	31790020	85435816	2270	3923209	2949633	1986511
1789667958	45124	92.9	92.0	4882	2649	2230	9009	405	0	26801	3438	4718	3000360	39590	50000	927	200000	1273420	31804275	85505456	2270	3925456	2950823	1988824
1789667991	45157	92.1	91.5	5543	3262	3265	7958	616	0	18042	3419	11279	3000161	39928	49974	1029	200000	1274117	31819543	85566116	2270	3928666	2952591	1990101
1789668020	45185	95.6	95.1	6158	3381	3718	9498	225	0	3356	3364	7705	2998792	39319	49909	1396	200000	1274987	31835722	85639869	2270	3930625	2954105	1991979
1789668049	45215	98.1	97.6	6442	4806	4128	6326	639	0	5985	3262	7565	2998774	39136	49895	1351	200000	1275761	31848561	85729499	2270	3933127	2956007	1992993
1789668078	45243	96.5	95.8	8417	2911	2413	8244	806	0	8613	3178	4456	3000080	39967	49998	845	200000	1276326	31865268	85819897	2270	3935616	2957289	1994684
1789668110	45276	95.9	95.3	8891	2877	3536	7131	678	0	17840	3537	11336	3000135	39586	50000	1295	200000	1277105	31886750	85891987	2270	3938512	2959057	1996185
1789668139	45305	95.5	94.7	6772	4870	2847	8750	1718	0	16073	3336	7969	3000153	40000	50000	737	200000	1277818	31903350	85956866	2270	3940888	2960846	1997503
1789668171	45336	93.6	93.5	10412	2867	4140	7483	861	0	7469	3291	7718	2998730	39426	49996	1512	200000	1278780	31923999	86056430	2270	3943414	2962365	1998605
1789668200	45366	95.3	94.9	7631	4361	3974	8979	1100	0	8825	3297	7450	3000230	39343	50000	1427	200000	1279572	31937210	86139582	2270	3945886	2964373	1999419
1789668227	45393	94.4	93.7	7359	4358	3862	7086	1261	0	6228	3165	7539	3000310	39680	49981	1263	200000	1280422	31951146	86213425	2270	3948335	2966560	2000145
1789668257	45423	95.2	94.7	8985	3675	3546	8504	1312	0	2493	2961	7252	2999711	40000	50000	901	200000	1281387	31975405	86282466	2271	3950583	2968704	2000859
1789668288	45453	94.6	94.3	9777	5031	3739	6865	865	0	577	3143	7315	2999131	39569	50000	1118	200000	1282288	31993029	86375631	2271	3952670	2970500	2001825
1789668315	45481	89.8	88.6	7551	2889	2800	8210	1096	0	8238	3248	7715	3000005	39441	50000	1093	200000	1282912	32000720	86449093	2271	3954597	2972334	2003756
1789668347	45513	95.3	93.1	7118	2573	2485	6961	599	0	34590	3356	8234	3000210	39849	49968	1245	200000	1283662	32025698	86517223	2271	3957087	2974611	2005588
1789668377	45543	95.4	94.8	8197	3576	1578	8314	549	0	31910	3312	7999	3000493	40000	50000	514	200000	1284493	32049676	86588038	2271	3959733	2976549	2006729
1789668410	45576	93.2	92.0	9055	3399	3756	7897	1048	0	7023	3503	11003	3000117	39795	49860	1370	200000	1285280	32069003	86645004	2271	3963444	2978317	2008189
1789668438	45604	94.2	91.9	7160	3087	3738	9533	1947	0	4474	3230	7786	2999537	39511	50000	1333	200000	1285996	32078948	86709678	2271	3965909	2980293	2009300
1789668467	45633	95.3	94.4	10905	2413	3480	7086	1699	0	5373	3233	7695	3000002	40000	50000	1178	200000	1286801	32097510	86785529	2271	3968222	2982337	2010294
1789668501	45667	95.0	94.3	5768	4833	3076	8925	576	0	39291	3234	7852	3000142	39558	49875	1483	200000	1287690	32123270	86848511	2271	3970503	2984545	2012148
1789668532	45698	95.6	95.2	10834	2275	1671	6857	247	0	83201	3189	7572	3000728	39995	50000	974	200000	1288715	32150272	86921660	2271	3972826	2987331	2013112
1789668560	45726	94.7	94.2	7781	4655	2009	8452	274	0	50322	3068	7340	3000681	40000	50000	1360	200000	1289387	32169148	86984272	2271	3975139	2989315	2013871
1789668590	45756	96.0	95.6	8509	4125	1059	5685	157	0	53753	3203	7635	3000535	40000	50000	638	200000	1290313	32189113	87066874	2271	3977494	2991279	2014790
1789668617	45783	93.9	92.9	7617	3959	1981	7617	97	0	51847	3457	7788	3000616	40000	50000	1117	200000	1290892	32207534	87109112	2271	3980036	2993362	2015286
1789668648	45814	95.3	94.7	8623	2571	1723	5810	149	0	31875	3188	7712	3000539	40000	50000	1042	200000	1291785	32233197	87175213	2271	3982521	2995417	2016457
1789668676	45842	96.3	95.1	6897	4519	1138	7043	710	0	10618	3528	7797	3000541	40000	50000	244	200000	1292566	32258017	87231000	2271	3985316	2997449	2017227
1789668707	45873	92.3	91.8	7787	3494	2562	6488	461	0	12025	3550	8191	3000080	39767	50000	648	200000	1293347	32274154	87315016	2271	3988185	2999007	2018703
1789668737	45902	92.6	91.3	4791	2182	2819	8771	1182	0	52026	3608	8634	3000098	39581	50000	1095	200000	1293803	32282503	87372528	2271	3991301	3001175	2020954
1789668767	45933	94.9	94.4	5824	3660	2662	7462	659	0	53308	3238	7831	3000137	40000	49988	1250	200000	1294554	32307251	87434041	2271	3993636	3003346	2022551
1789668800	45965	96.1	95.7	7860	3397	1783	8671	595	0	69757	3263	7716	3000160	40000	50000	843	200000	1295581	32330974	87542501	2271	3995674	3005043	2023492
1789668826	45992	94.1	93.8	7150	2538	1855	6533	420	0	78944	3247	7676	3000209	40000	49893	1073	200000	1296182	32346861	87606206	2271	3997924	3006863	2024862
1789668857	46023	94.1	93.5	6469	4791	2944	8407	612	0	47030	3309	7614	3000154	40000	49912	1326	200000	1297170	32359064	87726247	2271	4000346	3008005	2026119
1789668889	46054	93.9	93.3	5864	3757	1752	6613	36	0	59847	3304	7944	3000564	39834	50000	1005	200000	1298090	32377153	87813571	2271	4002756	3010215	2027789
1789668918	46084	95.0	94.4	7813	4790	1645	8139	305	0	49816	3348	7648	3000373	40000	50000	799	200000	1298898	32395257	87901781	2271	4005074	3011964	2029018
1789668948	46114	95.8	95.5	7405	3029	1122	6261	251	0	41391	3199	7484	3000185	40000	50000	502	200000	1299837	32414838	87988046	2271	4007357	3013819	2030114
1789668978	46143	93.4	92.7	7869	3898	1858	8047	294	0	33579	3369	7733	3000609	39767	50000	964	200000	1300651	32426276	88070870	2271	4009905	3015745	2030953
1789669010	46176	95.9	94.4	7255	2239	3594	7095	2061	0	2439	3495	11594	2999666	39432	49989	1105	200000	1301335	32445467	88124146	2271	4013841	3017740	2032330
1789669039	46205	97.4	94.5	8640	3970	3646	8744	1862	0	5160	3935	8592	3000109	39432	50000	1240	200000	1302141	32470029	88185522	2271	4016222	3019682	2033102
1789669069	46235	97.3	96.8	8386	2539	2940	7070	1252	0	36877	3503	8291	2999927	39685	50000	1165	200000	1302928	32491403	88242731	2271	4018521	3022090	2034258
1789669098	46263	93.9	93.3	6663	3437	3199	8850	1346	0	24655	3193	4692	3000158	39945	49905	1344	200000	1303760	32515822	88304824	2271	4020739	3023419	2035969
1789669135	46300	97.5	97.1	9103	4552	2632	7207	900	0	68629	3567	11777	3000448	40000	49894	1229	200000	1304710	32542960	88392566	2271	4023240	3025868	2036961
1789669161	46327	94.9	94.2	5583	2675	2648	8961	535	0	52990	3522	7988	3000194	39774	49920	1256	200000	1305323	32554526	88454237	2271	4025597	3027706	2038518
1789669194	46359	95.3	94.7	6697	4613	2440	6598	288	0	71346	3186	7648	3000623	39723	50000	1341	200000	1306329	32584852	88523814	2271	4028039	3030152	2039318
1789669221	46387	89.8	89.3	7534	3592	2444	8210	704	0	66181	3249	7521	3000324	39777	50000	1070	200000	1306897	32603846	88581795	2271	4030484	3031745	2040304
1789669247	46413	94.8	94.3	7735	5575	3038	6143	1530	0	22251	3274	7559	3000058	39323	50000	1232	200000	1307720	32620810	88649468	2271	4032598	3032446	2041813
1789669280	46446	93.4	92.9	6020	3342	2545	7760	867	0	51706	3069	7834	3000562	39559	50000	1164	200000	1308655	32642715	88720375	2271	4034995	3034715	2043111
1789669309	46475	92.5	92.0	6595	3321	2946	7444	658	0	26387	3345	7820	3000266	39412	50000	1240	200000	1309299	32656661	88786213	2271	4038050	3036353	2045427
1789669338	46504	93.2	92.8	8637	4553	3875	8657	310	0	24833	3125	7666	2999620	39506	49798	1486	200000	1310118	32680287	88844308	2271	4040119	3038037	2046770
1789669366	46532	94.1	93.2	5500	3312	3627	7875	2036	0	13212	3213	7743	2999228	39485	49987	1278	200000	1310720	32692297	88912097	2271	4043587	3039715	2048372
1789669396	46562	92.8	92.2	7556	4472	3554	9393	1816	0	8056	3227	7819	2999992	39467	49943	1206	200000	1311546	32708639	88988134	2271	4045922	3041777	2049357
1789669426	46592	94.5	94.1	6006	4797	3363	7219	1862	0	31304	3078	7619	2999166	39804	49881	1279	200000	1312393	32729000	89067544	2271	4048455	3043985	2050222
1789669456	46622	94.1	93.8	8657	3314	3297	8855	1725	0	2778	3109	7427	2999253	40000	49852	1045	200000	1313289	32748085	89142130	2271	4050748	3045529	2051679
1789669486	46652	94.4	94.2	9185	2845	3852	7548	1170	0	9864	3112	7208	2998608	39745	49803	1109	200000	1314242	32767052	89242231	2271	4053337	3047492	2052202
1789669517	46683	94.0	93.8	10280	3033	3778	8114	158	0	1781	3147	7496	2998692	39140	49950	1400	200000	1315184	32787425	89339104	2271	4054262	3049050	2054241
1789669546	46712	94.2	92.8	6182	3643	3036	7631	1596	0	9694	3491	8111	3000007	39438	49990	1175	200000	1315759	32797066	89408482	2271	4057593	3050353	2056532
1789669577	46743	94.5	94.2	7325	1295	2094	9071	385	0	65006	3098	7604	3000278	39893	50000	912	200000	1316552	32812660	89493202	2271	4059928	3053144	2057449
1789669611	46777	94.2	93.6	8710	3490	3366	7279	1340	0	40632	3182	10437	3000168	39459	49886	1419	200000	1317508	32835700	89579656	2271	4062524	3054576	2058241
1789669640	46805	95.1	94.4	6596	2236	1813	8993	263	0	56572	3224	7852	3000202	39115	50000	1143	200000	1318257	32849343	89659168	2271	4064624	3056750	2060742
1789669669	46835	94.6	94.3	9130	2530	1398	6426	167	0	52173	3138	7491	3000635	39384	50000	778	200000	1319149	32871355	89731644	2271	4067063	3058715	2061699
1789669699	46864	93.9	93.3	9307	2181	1485	8059	163	0	68169	3311	7408	3000791	39671	50000	1008	200000	1319851	32890527	89788041	2271	4069364	3060857	2062323
1789669728	46893	93.6	93.0	6091	5062	2570	5941	434	0	48699	3112	7218	3000689	39945	50000	1177	200000	1320748	32917761	89843135	2271	4071817	3062296	2063012
1789669760	46926	94.1	93.8	5806	4207	1687	7661	16	0	77308	3150	7757	3000296	40000	49987	1009	200000	1321733	32940284	89925447	2271	4074190	3064532	2064301
1789669788	46954	93.2	92.6	6641	4722	2145	6347	27	0	59407	3319	7509	3000543	40000	50000	1037	200000	1322442	32960981	89988662	2271	4076634	3065910	2065722
1789669821	46987	93.8	93.4	5866	4126	1493	8335	251	0	76329	3160	7810	3000532	39972	50000	767	200000	1323478	32972656	90104392	2271	4079171	3067783	2068029
1789669846	47012	93.3	92.4	9302	4248	2710	6779	1009	0	38304	3116	7231	3000681	39943	50000	1213	200000	1324136	32987442	90154299	2274	4081471	3069096	2068792
1789669880	47046	96.6	96.0	6727	2005	1845	8935	529	0	51229	3141	7858	3000429	39561	50000	753	200000	1325258	33004079	90265194	2274	4084440	3070939	2071221
1789669910	47076	97.2	96.8	8472	3569	2891	7207	654	0	12571	3117	10351	3000038	39183	50000	767	200000	1326017	33026291	90320899	2274	4087311	3072262	2072995
1789669937	47103	96.4	95.3	6347	2319	2822	9108	1354	0	33454	3226	7812	3000125	39120	50000	1017	200000	1326614	33038632	90379830	2274	4089997	3074306	2074561
1789669969	47135	97.2	96.7	6158	2239	3151	7540	1315	0	30119	2987	7533	3000744	39804	50000	1158	200000	1327520	33058009	90453269	2274	4092866	3076602	2075704
1789670004	47170	96.3	95.8	9312	4563	3197	9406	1296	0	49105	2975	10424	3000326	39450	49900	1330	200000	1328453	33074573	90548566	2274	4095409	3078698	2076856
1789670032	47198	95.3	94.7	6588	4791	2414	7102	708	0	58315	3205	7864	3000360	40000	50000	1091	200000	1329135	33095109	90608880	2274	4097771	3080601	2078953
1789670061	47227	94.6	94.3	6713	3135	1852	8799	473	0	71166	2959	7325	3000270	40000	50000	888	200000	1330047	33111470	90691247	2274	4100049	3082598	2080391
1789670088	47254	93.5	93.2	6990	4929	2592	7191	809	0	53529	2968	6983	3000195	40000	49988	1056	200000	1330782	33125243	90771491	2274	4102365	3083861	2081393
1789670120	47286	88.1	87.8	6646	5319	2258	8967	260	0	69139	3004	7231	3000010	40000	49909	1216	200000	1331677	33135125	90885620	2274	4104495	3085848	2083301
1789670152	47318	95.5	95.1	6888	2945	1784	6143	208	0	75636	2889	6899	3000336	40000	50000	1072	200000	1332708	33152363	90993589	2274	4106777	3087883	2084175
1789670181	47347	94.7	94.2	6184	3974	1634	7634	161	0	44653	2910	7020	3000456	39886	50000	1133	200000	1333466	33168278	91069310	2274	4109173	3090049	2084991
1789670211	47377	95.1	94.8	6117	4066	1301	5620	66	0	91563	2923	7321	3000361	40000	50000	733	200000	1334315	33192878	91138158	2274	4111649	3092106	2085673
1789670238	47403	93.7	93.0	6434	4311	3005	7568	1060	0	38641	3072	7085	3000371	39752	49702	1435	200000	1334963	33206782	91206111	2274	4114066	3093397	2086595
1789670268	47434	94.8	94.5	5046	2720	1667	6546	198	0	37445	3164	7673	3000193	39794	50000	801	200000	1335895	33218178	91307652	2274	4116438	3094941	2089195
1789670302	47468	92.6	92.1	7316	3833	4233	8332	496	0	14797	3138	10601	2999471	38498	49965	1605	200000	1336739	33235685	91385120	2274	4119424	3096751	2090406
1789670331	47497	95.0	94.3	9786	2464	3878	5628	689	0	15707	3058	7316	3000056	39252	49950	1297	200000	1337460	33254681	91432609	2274	4122047	3098764	2091422
1789670360	47526	94.6	94.2	10495	4303	3974	8156	1289	0	5823	2959	7051	2999971	39438	49927	1218	200000	1338326	33276538	91492335	2279	4125490	3100939	2092037
1789670390	47556	95.6	95.2	8125	5675	4040	5973	620	0	17482	2985	7121	2999047	39421	49892	1357	200000	1339299	33300312	91581786	2279	4126765	3103183	2092731
1789670419	47585	95.4	95.0	7599	2239	3969	7609	734	0	12921	3000	7079	2998886	39338	49943	1264	200000	1340183	33318643	91657129	2279	4129341	3105324	2093482
1789670450	47615	97.8	97.3	9758	4233	1401	5665	492	0	32086	3095	7262	3000430	40000	50000	458	200000	1341158	33349134	91744256	2279	4131076	3107446	2094197
1789670477	47643	93.2	90.4	6337	4306	3990	8592	861	0	3369	3522	7986	2999904	39165	50000	1598	200000	1341740	33366519	91796753	2279	4135008	3109226	2095432
1789670507	47673	94.6	93.7	5332	2263	2792	7062	513	0	66519	3268	7856	3000042	39508	49910	1145	200000	1342307	33381239	91844165	2279	4137644	3112411	2096500
1789670541	47707	95.8	95.3	9864	5144	2789	8436	1046	0	38408	3153	10559	3000427	39744	50000	1299	200000	1343412	33406600	91925923	2279	4139670	3113937	2097564
1789670572	47738	95.4	94.7	8138	3111	1438	6685	439	0	56305	3323	8255	3000371	39842	50000	540	200000	1344399	33423866	92002800	2282	4142398	3116590	2098793
1789670602	47767	93.8	92.6	7102	4332	1847	8293	90	0	26903	3447	7826	3000857	40000	50000	990	200000	1345201	33444400	92075971	2279	4144433	3118356	2100128
1789670631	47797	90.5	89.9	5076	3371	4203	6380	340	0	11096	3394	7869	2998952	39084	49912	1627	200000	1345926	33458629	92143242	2279	4147245	3120033	2101258
1789670656	47822	94.7	93.3	6022	4500	3590	9016	1670	0	11349	3132	7477	3000223	38770	50000	1326	200000	1346454	33465732	92203393	2279	4150930	3122106	2102598
1789670687	47853	94.9	94.5	9758	1843	2939	7313	1203	0	42531	3117	7842	3000320	39449	50000	1280	200000	1347208	33488044	92264412	2279	4153266	3124633	2103629
1789670718	47883	94.6	94.3	9613	1647	2141	8792	386	0	79242	3161	7821	3000473	40000	50000	919	200000	1347940	33514562	92318467	2279	4155679	3127289	2104449
1789670745	47911	93.1	92.8	7874	5769	3462	7147	1983	0	29898	3333	7443	2999100	40000	49650	1310	200000	1348936	33537396	92401250	2279	4158200	3128370	2105184
1789670775	47941	93.8	93.5	5712	5449	2905	8791	1682	0	19266	3213	7682	2998893	39901	49742	972	200000	1349790	33551504	92502057	2279	4160373	3129852	2107188
1789670813	47979	95.2	94.7	8457	3624	2765	7702	1215	0	34005	3399	11231	3000110	39859	50000	1050	200000	1350911	33569884	92619616	2283	4162868	3131926	2108445
1789670837	48003	93.1	91.9	7873	2200	2740	9784	1076	0	23321	3756	8241	2999963	39245	49980	1104	200000	1351442	33577608	92680284	2279	4165220	3132978	2111084
1789670872	48037	92.9	92.6	7140	2621	3802	7843	434	0	32025	3314	8211	3000013	39460	49848	1547	200000	1352327	33603123	92766693	2279	4167706	3134992	2113058
1789670899	48064	93.6	92.8	6633	2955	3357	10379	1817	0	9476	3417	7956	2999838	39927	49881	1022	200000	1352864	33612365	92844203	2279	4171082	3136543	2115003
1789670927	48093	94.2	93.5	7281	2613	3275	7510	1942	0	8695	3168	7585	3000056	39559	50000	1065	200000	1353698	33626794	92925576	2279	4173506	3138211	2116023
1789670959	48124	94.7	93.6	9400	3429	3692	9259	1860	0	5361	3443	8081	2999944	38844	50000	1514	200000	1354468	33639584	92997897	2279	4175882	3139939	2117262
1789670991	48157	94.3	93.9	6339	1797	1512	6827	175	0	116008	3276	8132	3000769	39689	50000	965	200000	1355189	33660893	93036240	2272	4178360	3143814	2118106
1789671017	48183	88.7	87.6	11260	9134	3479	8601	1857	0	21538	3218	7496	3000145	39410	50000	1305	200000	1355903	33683889	93085779	2275	4180852	3144364	2118732
1789671051	48217	94.3	94.0	7495	2674	2268	6750	445	0	79981	3523	8295	3000195	39767	49915	1074	200000	1356800	33702247	93162349	2275	4183295	3147291	2120036
1789671078	48244	93.7	92.7	8924	4813	3430	8507	1880	0	32785	3214	7249	2999765	39967	49922	1322	200000	1357690	33720702	93234941	2275	4185863	3148567	2120606
1789671109	48275	94.9	94.4	7465	2819	2649	7137	998	0	48037	3383	7897	2999599	39560	50000	1120	200000	1358519	33737375	93316730	2275	4188128	3150582	2122227
1789671143	48309	94.6	94.2	9117	2815	1626	8806	180	0	96600	3190	7683	3000478	40000	50000	860	200000	1359557	33764085	93391311	2275	4190536	3153410	2123433
1789671171	48337	93.7	93.0	8060	3834	3268	7118	1064	0	46033	3251	7532	3000168	39528	49920	1501	200000	1360297	33779117	93470693	2275	4193089	3154429	2124116
1789671198	48364	92.9	92.4	5862	2444	2215	8928	406	0	53185	3374	7768	3000539	39656	49916	1095	200000	1360950	33793913	93525859	2275	4195241	3156034	2126843
1789671228	48394	94.1	93.7	7556	4389	2565	6537	528	0	39785	3191	7415	3000465	39717	50000	1158	200000	1361811	33810860	93604039	2275	4197588	3157817	2127835
1789671258	48424	94.5	94.1	7632	2629	2763	8335	473	0	37384	3099	7427	3000251	40000	49837	1322	200000	1362593	33827433	93689941	2275	4199928	3159348	2129271
1789671291	48457	95.2	94.8	10435	2193	1502	6508	39	0	63888	3533	7999	3000465	40000	50000	936	200000	1363630	33844004	93797268	2274	4202404	3161844	2130487
1789671318	48484	93.6	93.0	6728	3441	1435	7961	179	0	54538	3257	7342	3000626	40000	50000	894	200000	1364336	33860052	93867078	2274	4204543	3163637	2131527
1789671347	48513	93.1	92.5	8464	2363	1800	6496	71	0	65866	3273	7572	3000410	40000	50000	1057	200000	1365108	33883612	93919895	2274	4207007	3165474	2132365
1789671379	48545	94.0	93.7	6545	4805	1364	8138	147	0	47049	3348	7875	3000236	40000	50000	774	200000	1366187	33902681	94024835	2274	4209344	3167382	2133974
1789671411	48576	94.4	94.1	6285	5941	1170	5955	136	0	76627	3123	7471	3000074	40000	50000	628	200000	1367176	33917804	94135502	2274	4211685	3169450	2134843
1789671437	48602	92.6	91.9	8905	3410	2585	7825	867	0	42765	3249	7429	3000158	39747	49866	1109	200000	1367862	33928614	94204881	2274	4214006	3170921	2135569
1789671468	48634	94.4	93.9	9808	1626	1636	6300	151	0	40599	3449	8021	3000246	39622	50000	967	200000	1368843	33941969	94314810	2274	4216605	3172671	2137813
1789671500	48666	94.8	94.5	12339	2480	1254	7568	276	0	39020	3175	7597	3000706	40000	50000	622	200000	1369775	33965797	94399789	2274	4218820	3174670	2138568
1789671529	48695	91.6	91.1	5764	3926	3961	6247	605	0	12616	3295	7689	2999849	39336	49835	1420	200000	1370543	33977519	94473740	2274	4221987	3176674	2139666
1789671557	48723	98.2	97.7	11121	3194	1455	7247	193	0	25041	3384	7826	3000680	40000	50000	852	200000	1371188	33999601	94530077	2274	4223373	3178502	2140428
1789671589	48755	92.7	92.2	7719	3299	3912	5873	644	0	16493	3551	8274	2999318	39301	49963	1317	200000	1372115	34024829	94608701	2274	4226704	3180572	2141375
1789671619	48784	94.0	91.6	6931	3784	4036	8882	1094	0	8686	4107	8835	2999825	38976	50000	1338	200000	1372881	34043021	94663543	2274	4230251	3182166	2142962
1789671646	48812	93.2	91.1	4519	1887	2678	7468	528	0	42885	3470	8425	2999995	38825	49970	1124	200000	1373426	34051715	94706552	2274	4232510	3184860	2144472
1789671677	48843	91.8	91.1	7055	1787	3055	10122	1417	0	22381	3574	8685	3000070	38681	50000	1024	200000	1374115	34069556	94755187	2276	4236647	3187619	2145827
1789671708	48874	93.9	93.4	7991	3456	3257	8480	1780	0	33072	3486	8242	3000307	39118	49906	1288	200000	1374891	34091980	94822766	2274	4239426	3189890	2146887
1789671738	48904	93.9	93.3	6328	2892	2365	10373	928	0	65401	3375	8254	3000122	39084	50000	1042	200000	1375640	34104734	94904775	2274	4241670	3191705	2149148
1789671768	48934	96.0	95.6	10597	2638	1735	7838	404	0	61855	3685	8483	3000403	39403	50000	876	200000	1376500	34122761	94982461	2274	4243991	3193712	2150647
1789671799	48965	98.1	96.1	6105	3358	1824	9472	164	0	42676	3453	8236	3000458	39504	50000	784	200000	1377451	34139617	95070602	2274	4246413	3195382	2152456
1789671830	48996	97.1	96.6	8145	2352	1343	6820	328	0	35047	3553	8276	3000549	39604	50000	439	200000	1378376	34157937	95157987	2273	4249197	3197234	2153770
1789671861	49027	95.3	94.6	6826	4323	3733	9209	306	0	11174	3300	11084	2999474	39085	49881	923	200000	1379041	34173615	95218974	2273	4252573	3199121	2154985
1789671893	49059	97.3	97.0	9537	3979	1396	5669	243	0	59346	3447	8015	3000927	40000	50000	629	200000	1379861	34198304	95299323	2273	4253882	3201148	2155630
1789671915	49081	89.2	87.0	9851	2610	1518	7482	56	0	65734	3669	4679	3000639	39930	50000	736	200000	1380343	34215340	95341812	2273	4256005	3202841	2156895
1789671951	49117	94.2	92.9	9722	3357	1220	6865	150	0	50103	3936	9028	3000419	40000	50000	869	200000	1381536	34237520	95465708	2273	4258777	3204092	2159410
1789671979	49145	93.6	93.1	9237	4406	1442	8702	312	0	37583	3442	7962	3000257	40000	50000	485	200000	1382299	34249377	95546911	2275	4261340	3205959	2160600
1789672008	49174	94.6	94.2	8602	2076	1569	6293	9	0	57911	3162	7430	3000027	40000	50000	624	200000	1383088	34270464	95625904	2273	4263222	3207444	2161520
1789672039	49205	93.4	93.1	6677	2569	1601	8440	625	0	21444	3464	7902	3000016	40000	50000	564	200000	1383937	34281158	95733080	2274	4266244	3209120	2163781
1789672067	49233	95.6	95.2	6088	3925	1154	6116	185	0	36003	3334	7856	3000381	39802	50000	618	200000	1384837	34293241	95818730	2275	4268000	3211080	2164646
1789672100	49266	95.2	94.8	7900	5997	1235	7829	622	0	22902	3416	10737	3000313	39550	50000	407	200000	1385839	34307247	95909932	2273	4270808	3213062	2165714
1789672132	49298	90.7	90.2	5071	4508	4372	6212	183	0	2945	3406	8099	2999134	38378	49974	1418	200000	1386592	34324605	95991822	2273	4273208	3214418	2167448
1789672159	49325	94.9	93.8	8148	3828	3143	8817	1968	0	5708	3319	7681	3000046	38953	50000	860	200000	1387043	34332718	96051892	2273	4276770	3216122	2169113
1789672189	49355	94.3	94.2	9651	4783	4030	7409	903	0	3590	3243	7724	2999952	39393	49928	1472	200000	1387954	34360749	96115395	2273	4279192	3217956	2169948
1789672219	49385	95.4	93.9	8997	3255	3540	8894	1837	0	3940	3491	8332	3000082	39555	50000	1092	200000	1388653	34375376	96187216	2273	4281505	3219860	2171048
1789672247	49412	93.5	92.9	9983	3999	3965	7176	2299	0	1435	3254	4650	2999942	39204	50000	1377	200000	1389532	34402126	96270366	2273	4283930	3221862	2171775
1789672276	49442	95.7	95.5	5052	3417	2878	8508	1447	0	13740	3333	7521	3000075	40000	50000	896	200000	1390237	34422890	96340877	2273	4286138	3224340	2172869
1789672307	49473	94.2	93.4	8465	7598	4061	7066	2132	0	5539	3269	7704	3000020	39219	50000	1551	200000	1391232	34441680	96442651	2273	4288542	3225904	2173493
1789672337	49503	95.3	95.1	6606	2205	1783	8047	369	0	83693	3469	8132	3000380	39720	50000	866	200000	1391851	34454082	96509719	2273	4290545	3228981	2174751
1789672366	49532	93.9	93.3	12177	1845	3377	6938	1191	0	49263	3482	8115	3000084	39332	50000	1604	200000	1392744	34471159	96582766	2273	4293146	3230448	2175199
1789672405	49571	96.2	95.9	6045	3874	1847	8180	236	0	109398	3480	11625	3000490	40000	50000	908	200000	1393930	34495742	96685703	2273	4295633	3233565	2176042
1789672432	49598	94.3	93.8	12146	4691	3575	5972	1420	0	55032	3415	7640	3000151	39578	49851	1656	200000	1394674	34512263	96748886	2273	4298227	3234772	2176773
1789672463	49629	95.5	95.1	8027	3467	1847	7745	322	0	41034	3600	8621	3000209	39537	50000	1050	200000	1395505	34525774	96836458	2273	4300502	3236834	2179530
1789672494	49660	96.2	95.4	7422	3494	1563	6070	59	0	52064	3606	8215	3001002	39843	50000	971	200000	1396367	34552725	96916111	2273	4302780	3238866	2180565
1789672523	49689	96.5	93.9	7855	2856	1581	7570	225	0	61677	3684	8104	3000734	40000	50000	855	200000	1397085	34575430	96976898	2273	4305278	3240917	2181324
1789672546	49712	95.2	92.6	6388	2241	2040	6002	197	0	32146	3462	4805	3000846	40000	50000	1089	200000	1397780	34589738	97039246	2273	4307805	3242811	2182287
1789672580	49746	93.0	92.7	6574	5195	3869	8721	756	0	10699	3333	11163	3000089	39690	49955	1498	200000	1398644	34613525	97108441	2273	4311657	3244565	2183647
1789672609	49775	93.6	92.9	6166	3489	3380	7036	1935	0	9241	3459	7977	2999196	39301	50000	1179	200000	1399277	34629451	97185813	2273	4314133	3246484	2184839
1789672637	49803	94.9	94.4	10066	2077	3764	8749	2236	0	6893	3584	8040	3000088	39619	49982	1325	200000	1400176	34646746	97268889	2273	4316635	3248378	2185722
1789672667	49833	97.3	97.0	9541	2113	3652	7273	1869	0	15853	3472	7763	2999168	39778	49830	1085	200000	1401028	34673659	97356679	2273	4319138	3250923	2186756
1789672697	49863	97.0	96.8	6737	5220	3542	8840	2046	0	1733	3233	7550	2999589	39839	50000	992	200000	1402107	34687717	97462600	2273	4321358	3252619	2187506
1789672726	49892	96.8	96.4	7546	2002	3108	7335	1824	0	15214	3254	7818	2999192	39643	50000	967	200000	1403064	34700180	97558884	2273	4323677	3254590	2188602
1789672756	49922	98.4	98.0	7695	2784	3002	9131	1873	0	25952	3276	7830	2999230	39877	49851	990	200000	1404058	34717220	97664607	2273	4325973	3256516	2189879
1789672788	49953	96.2	95.5	7733	5276	3677	7800	2038	0	16364	3416	7874	2999057	39225	49952	1516	200000	1404927	34732028	97761950	2273	4328358	3257830	2191549
1789672815	49981	89.2	88.5	5784	2168	2879	9705	1132	0	40806	3825	8674	3000146	39209	50000	1372	200000	1405346	34738214	97827290	2273	4330710	3259547	2194295
1789672846	50012	93.9	93.4	5633	3521	3361	8481	624	0	22735	3742	8424	3000295	39233	50000	1483	200000	1406065	34755957	97895810	2273	4333767	3261218	2196137
1789672884	50049	97.4	97.1	13309	5517	1724	9177	142	0	20406	3369	7675	3000588	39971	50000	708	200000	1406757	34779341	98021050	2273	4335215	3262571	2197424
1789672910	50076	92.0	91.4	7781	2338	3585	6921	794	0	20041	3771	8141	3000140	39099	50000	1485	200000	1407255	34795562	98074346	2273	4338767	3264168	2199281
1789672936	50102	93.8	93.0	7733	3127	3138	8444	1781	0	4316	3288	4495	3000237	39862	50000	926	200000	1407930	34818336	98152248	2284	4340995	3265684	2200690
1789672970	50136	95.3	94.3	8343	2457	3370	7417	1821	0	20329	3283	10849	2999881	39699	49869	1255	200000	1408880	34839476	98242276	2284	4343646	3267879	2201672
1789673001	50167	95.6	95.1	5703	3019	2556	9253	458	0	50304	3275	7874	3000076	39550	49982	1119	200000	1409704	34855659	98335824	2284	4345847	3269989	2203766
1789673033	50199	95.2	94.7	5662	5462	3153	7387	1225	0	45847	3078	7206	3000403	39502	50000	1336	200000	1410795	34874078	98430635	2284	4348453	3271737	2204402
1789673061	50227	93.5	93.0	6463	2612	1999	9095	340	0	44837	3411	7761	3000322	39882	49755	1168	200000	1411471	34890862	98496138	2284	4350592	3273552	2207143
1789673093	50259	95.8	95.2	8950	2933	1359	6596	444	0	76855	3402	8187	3000369	40000	50000	656	200000	1412549	34907095	98606714	2291	4353113	3275654	2208118
1789673118	50284	93.0	92.2	7107	3032	1835	8418	157	0	44723	3130	7325	3000562	39677	50000	1111	200000	1413092	34916710	98664957	2287	4355456	3277551	2209303
1789673148	50313	95.5	95.1	8515	2983	1725	5989	78	0	56109	3132	7467	3000466	40000	50000	990	200000	1413818	34949905	98714289	2284	4357741	3279350	2209997
1789673178	50344	93.1	92.4	6691	2936	1663	7782	205	0	31597	3476	8071	3000407	39368	50000	1078	200000	1414607	34963341	98795313	2284	4360467	3281510	2211420
1789673208	50374	95.0	94.6	9855	2511	1232	5635	236	0	38636	3302	7747	3000948	40000	50000	632	200000	1415501	34990370	98859399	2284	4362836	3283673	2212011
1789673240	50406	94.9	94.6	9100	4027	1104	7299	326	0	41716	3464	7757	3000445	40000	50000	336	200000	1416604	35012332	98960214	2285	4365449	3285873	2212685
1789673268	50434	92.1	91.5	6882	3462	2508	6491	373	0	20990	3103	7477	3000064	40000	50000	1216	200000	1417345	35027962	99034235	2284	4368109	3287161	2214493
1789673299	50465	92.5	92.1	7377	3776	3558	8962	895	0	16409	3370	10749	2999761	39856	49943	1181	200000	1417947	35042595	99108552	2284	4371422	3288768	2216188
1789673329	50495	95.2	94.7	7575	2877	3244	7527	2120	0	17141	3345	7725	2999405	40000	50000	1014	200000	1418894	35058560	99201270	2284	4374014	3290753	2217305
1789673359	50525	97.7	97.7	8281	3771	941	7528	479	0	14463	3139	6973	3000045	40000	50000	205	200000	1420054	35075863	99320346	2284	4374648	3292746	2217831
1789673389	50555	94.2	93.7	7352	4478	2585	6401	523	0	4443	3328	7912	2999485	39968	50000	544	200000	1420732	35088070	99409358	2284	4377607	3293963	2219640
1789673417	50582	94.4	93.8	5419	2214	3127	8611	778	0	15099	3182	7738	3000066	39806	49984	1005	200000	1421304	35097628	99479541	2284	4380623	3295941	2221571
1789673446	50612	94.6	94.2	6299	5582	2863	7092	340	0	33609	3634	8099	3000268	39863	50000	1372	200000	1422089	35115644	99549596	2285	4382724	3297927	2222978
1789673478	50644	94.8	94.3	8424	1598	1303	8330	359	0	37159	3528	8210	3000399	40000	50000	609	200000	1423114	35139900	99630268	2285	4384992	3300090	2224294
1789673506	50672	93.9	91.6	6148	2992	3123	7180	1792	0	2189	3454	8299	3000179	39270	50000	952	200000	1423728	35151820	99687460	2284	4388848	3301895	2225645
1789673537	50702	97.1	96.4	6671	3571	3838	9123	2004	0	21916	3121	7890	3000134	39303	49866	1638	200000	1424569	35177188	99755120	2284	4391443	3304080	2226524
1789673568	50734	93.8	93.4	5495	2442	2548	7436	1020	0	35363	3802	8740	3000454	39912	49993	1109	200000	1425307	35195644	99825741	2284	4393886	3306107	2229133
1789673600	50766	97.9	97.5	6556	2924	2519	9417	358	0	49832	3295	11209	3000083	39636	49993	1027	200000	1426081	35209756	99907854	2284	4396401	3307915	2230858
1789673631	50797	97.6	97.2	7719	3235	2782	7971	911	0	48930	3278	7862	3000411	39983	49974	1168	200000	1427216	35233764	100003196	2288	4398894	3309655	2231913
1789673659	50824	94.3	93.6	5817	3530	2615	9798	177	0	29696	3299	7887	3000217	39459	49920	1377	200000	1427857	35241712	100085633	2288	4400989	3311174	2234181
1789673695	50861	97.6	96.9	9715	3742	957	6597	208	0	90983	3389	8207	3000679	40000	50000	516	200000	1429109	35270641	100187073	2294	4403378	3313555	2234997
1789673721	50886	88.9	88.3	6778	2405	1470	8648	131	0	76603	3228	7325	3000273	39836	50000	968	200000	1429643	35280178	100234746	2292	4405822	3315763	2235705
1789673750	50915	94.5	93.8	6483	5557	3281	6539	1160	0	28631	3293	7481	3000445	39293	50000	1604	200000	1430557	35300671	100308754	2291	4408434	3317038	2236396
1789673778	50944	94.0	93.6	5369	3700	1614	8313	200	0	45309	3377	7723	3000720	39802	50000	877	200000	1431162	35317739	100377545	2291	4410751	3318758	2239170
1789673811	50976	95.5	95.1	9374	3336	1220	6349	223	0	51825	3221	7472	3000703	40000	50000	573	200000	1432184	35343470	100477532	2290	4413184	3320673	2240148
1789673839	51005	95.5	94.7	6962	4152	1421	8102	255	0	39589	3005	7111	3000675	39637	50000	496	200000	1433078	35363821	100551091	2290	4415848	3322581	2241295
1789673869	51035	94.1	93.9	8034	3147	1668	6115	206	0	36074	2966	7228	3000631	40000	50000	779	200000	1433908	35390708	100618402	2291	4418011	3324428	2242540
1789673899	51065	95.1	94.6	6627	4746	1354	7803	146	0	45944	3139	7270	3000693	40000	50000	779	200000	1434832	35409798	100716948	2290	4420315	3326334	2243548
1789673929	51095	94.1	93.7	5237	2832	1323	6072	295	0	29496	3090	7376	3000374	40000	50000	703	200000	1435676	35429806	100803948	2290	4422958	3327892	2245174
1789673962	51128	91.0	90.8	7361	4044	3825	8211	607	0	7284	3133	10548	2998878	39839	49851	1311	200000	1436399	35439574	100899413	2290	4425742	3329574	2246660
1789673991	51157	95.2	94.9	5214	2881	3964	6111	570	0	10366	2988	6966	2998606	39512	49809	1491	200000	1437255	35452542	100994840	2290	4427941	3331365	2247710
1789674021	51187	94.7	94.3	9681	2968	3817	8761	1226	0	5608	3038	7251	2999602	39679	49793	1150	200000	1438075	35465512	101085833	2290	4431514	3333392	2248560
1789674050	51216	95.5	95.2	6341	4901	3792	5654	609	0	11066	3107	7181	2999290	39312	49894	1481	200000	1438995	35485100	101174327	2290	4432598	3335363	2249362
1789674077	51243	94.2	93.3	6585	3678	3643	8181	2077	0	7847	3180	7391	3000212	39149	50000	1274	200000	1439771	35496443	101242996	2290	4435909	3337258	2250315
1789674105	51271	94.3	93.8	6235	4205	3262	6921	1669	0	10979	2975	7180	3000005	39170	50000	1143	200000	1440550	35514331	101309918	2290	4438215	3339580	2251322
1789674140	51306	95.4	95.0	6651	1952	2653	8514	563	0	63847	3068	10659	3000425	39542	50000	1285	200000	1441400	35537244	101377479	2290	4440589	3342324	2252242
1789674174	51340	95.4	95.0	10016	4849	1805	6723	138	0	64744	3068	7377	3000629	39865	50000	1146	200000	1442559	35573970	101477069	2291	4442858	3344975	2253112
1789674202	51368	94.8	94.3	8289	3814	1683	8189	191	0	53191	3105	7285	3000820	39988	50000	965	200000	1443321	35594569	101544875	2291	4445346	3347016	2253919
1789674228	51394	95.4	94.9	6830	3025	1583	5572	202	0	39045	3236	7642	3000323	40000	50000	950	200000	1444096	35610876	101610274	2292	4447780	3349083	2254804
1789674258	51424	96.1	95.0	11975	3181	1427	7068	194	0	48986	3714	8196	3000092	40000	50000	844	200000	1445024	35630119	101699156	2291	4450275	3351423	2255358
1789674288	51454	92.3	91.4	9502	3221	1921	5736	191	0	28210	3310	7923	3000291	40000	50000	1094	200000	1445876	35645972	101780121	2291	4452837	3353452	2256250
1789674317	51483	92.7	92.3	6648	3932	3948	8497	1430	0	5232	3542	7838	2999671	39296	49978	1222	200000	1446629	35663901	101859041	2290	4457177	3355291	2257126
1789674346	51512	97.9	97.4	8229	1819	1103	5483	751	0	5110	3425	7523	3000550	40000	50000	122	200000	1447635	35689584	101924814	2292	4458020	3357569	2257784
1789674379	51545	91.9	91.0	7129	5066	3991	8018	579	0	15717	3491	8055	2998804	39403	49948	1087	200000	1448684	35710161	101997600	2290	4461191	3359605	2258820
1789674409	51575	97.5	95.5	8817	3214	1050	6169	274	0	33160	3679	7832	3000389	40000	50000	477	200000	1449581	35725772	102097018	2290	4462698	3361298	2260133
1789674439	51604	94.5	92.8	7426	3486	4137	8391	717	0	9492	3498	8092	2999099	38968	49932	1425	200000	1450286	35739547	102180289	2290	4465684	3363041	2261494
1789674466	51632	94.9	94.0	5451	1807	3612	7103	1295	0	9603	3520	8193	2999465	39234	49958	1469	200000	1450918	35759068	102225943	2290	4468557	3364461	2264110
1789674502	51668	96.4	95.4	5587	2740	2939	9410	539	0	29599	3888	12380	3000183	39514	49932	1368	200000	1451742	35772317	102322141	2290	4471497	3366789	2266111
1789674527	51693	95.7	95.3	9006	2545	1902	7190	358	0	22423	3326	4769	3000506	39990	50000	756	200000	1452525	35787564	102402340	2290	4473625	3368339	2267674
1789674556	51721	95.2	94.6	7215	2627	1818	8857	594	0	24523	3580	8243	3000356	40000	50000	647	200000	1453229	35805502	102481318	2290	4476223	3370161	2269105
1789674590	51756	92.6	91.9	6884	4465	3714	7768	2303	0	7919	3294	11160	3000096	39686	49925	1295	200000	1453982	35822462	102553709	2290	4480017	3372058	2270336
1789674615	51781	89.6	89.4	9082	1947	2840	9148	1370	0	21654	3266	4526	3000114	40000	49983	817	200000	1454602	35832863	102611059	2291	4482173	3373972	2271834
1789674647	51813	94.6	94.5	12751	5070	3699	7421	1213	0	6179	3336	7731	2999042	39724	49867	994	200000	1455693	35856800	102728900	2291	4484565	3375613	2272473
1789674677	51842	98.2	96.8	12168	2287	1912	7965	396	0	4661	3510	8121	3000303	39835	50000	678	200000	1456619	35869073	102832256	2294	4485631	3377346	2273449
1789674706	51872	91.7	91.4	7610	3343	3668	7912	866	0	22549	3500	8263	2999192	39323	49931	1279	200000	1457274	35889729	102900380	2293	4489224	3378971	2275748
1789674736	51902	93.1	92.6	8330	5890	4161	9874	813	0	4610	3430	8094	2999231	39191	49955	1304	200000	1458156	35906732	102988048	2293	4491643	3380157	2277738
1789674766	51932	94.0	93.1	5198	2220	2928	7950	1661	0	44219	3233	7993	3000155	39316	49970	1114	200000	1458861	35918035	103064238	2294	4494052	3382484	2278959
1789674796	51962	94.7	94.0	8705	1894	3379	9849	1486	0	30059	3249	7797	3000067	38997	49978	1468	200000	1459683	35940326	103131526	2293	4496454	3384114	2280377
1789674833	51998	96.1	95.8	7552	3448	1504	6996	112	0	67601	3268	11337	3000804	39467	50000	926	200000	1460877	35970594	103195517	2296	4498821	3387453	2281483
1789674860	52026	94.1	93.6	6599	2664	1846	8759	215	0	89634	3213	7580	3000610	39509	50000	1089	200000	1461667	35989253	103251253	2295	4501333	3389653	2282155
1789674890	52056	94.7	94.5	6303	5314	2350	6343	682	0	61626	3152	7347	3000253	40000	49981	947	200000	1462476	36010227	103335373	2293	4503754	3391016	2282872
1789674917	52083	93.2	92.2	8118	4099	3364	8425	2106	0	42007	3514	7966	2999757	39334	49959	1209	200000	1463309	36028165	103423293	2293	4506329	3392076	2283991
1789674948	52114	93.9	93.5	7210	2791	1926	6791	387	0	67964	3849	8609	3000275	39167	50000	1074	200000	1463946	36038029	103494970	2294	4508636	3394181	2286644
1789674977	52143	95.6	94.6	5520	4782	1961	8484	424	0	61528	3516	7802	3000323	39442	50000	1166	200000	1464817	36059140	103554131	2293	4510956	3396145	2287832
1789675009	52175	95.8	95.5	8586	2599	1385	7177	187	0	77919	3412	7752	3000428	39758	50000	848	200000	1465782	36075085	103661612	2294	4513211	3397979	2288962
1789675038	52204	93.8	93.4	7151	4641	2771	8989	1019	0	46389	3413	7711	3000389	39669	50000	1272	200000	1466551	36090722	103740370	2294	4515598	3399338	2289827
1789675066	52232	92.2	91.0	6342	3748	3009	6732	381	0	21837	3775	8605	3000087	38977	49998	1507	200000	1467212	36101344	103818119	2293	4518259	3400559	2292183
1789675096	52262	93.3	92.6	8206	2199	3230	9068	1324	0	10978	3390	8286	3000129	39264	50000	1143	200000	1467909	36117361	103885508	2295	4521490	3402235	2294364
1789675127	52293	92.8	92.1	8151	2809	3537	8353	1862	0	25670	3415	8207	3000330	39015	49985	1457	200000	1468700	36131075	103968984	2295	4524278	3404193	2296081
1789675161	52327	94.2	93.6	6302	2308	2450	10070	711	0	55980	3383	11581	3000368	39316	49959	1297	200000	1469562	36149250	104046346	2295	4526457	3406282	2298303
1789675193	52359	95.1	94.8	6694	4775	1501	6713	318	0	70389	3403	7823	3000441	39913	50000	740	200000	1470410	36167981	104149755	2295	4528513	3408047	2299772
1789675224	52390	93.6	93.2	9798	4424	1305	8391	83	0	85268	3239	7851	3000229	40000	50000	749	200000	1471219	36183973	104238425	2295	4530796	3410123	2300846
1789675249	52415	92.8	92.4	5184	4775	1558	5902	93	0	86522	3394	4686	3000059	40000	50000	848	200000	1472092	36200651	104312496	2295	4533028	3411912	2301744
1789675278	52444	95.8	95.2	10980	3938	2342	7748	280	0	72152	3226	7603	3000368	39924	50000	1227	200000	1472804	36211123	104416669	2295	4535512	3413596	2302670
1789675313	52479	97.1	96.3	6761	4153	1305	5997	156	0	80943	3396	11451	3000264	40000	50000	663	200000	1473901	36227782	104529429	2296	4537950	3415792	2303861
1789675337	52503	96.0	95.1	9912	3705	1855	7720	119	0	39383	3236	4478	3000315	39780	50000	1170	200000	1474654	36243357	104612741	2295	4540198	3417657	2304832
1789675374	52540	96.1	95.8	9644	5170	1626	6288	500	0	35192	3509	11774	3000559	40000	50000	574	200000	1475766	36265568	104711550	2296	4542969	3419537	2305913
1789675401	52566	93.4	92.5	4660	1973	3076	8984	1177	0	1247	3284	7973	3000161	39361	50000	995	200000	1476402	36276966	104778853	2295	4546376	3421202	2307579
1789675429	52595	94.5	93.5	6102	3120	3633	7543	1903	0	5748	3391	8137	3000250	39090	50000	1455	200000	1477120	36295195	104844425	2295	4548966	3422727	2309365
1789675456	52622	95.3	94.8	7797	1394	2215	8843	658	0	55068	3271	7928	3000328	39058	50000	1016	200000	1477709	36307569	104893772	2295	4551300	3425577	2310374
1789675488	52654	94.5	93.0	6612	4808	3357	7308	1583	0	20981	3418	8072	3000604	39685	49977	1241	200000	1478727	36338343	104965859	2295	4553980	3427108	2311212
1789675518	52684	87.2	86.9	10693	2196	3065	9429	1596	0	15815	3517	8048	3000245	39862	49862	964	200000	1479451	36354849	105036050	2295	4556517	3428398	2313515
1789675547	52713	94.3	92.2	7211	3894	3606	7671	1483	0	22925	4127	8566	3000168	39160	50000	1474	200000	1480281	36364542	105129354	2295	4558909	3429755	2314971
1789675581	52747	94.4	94.0	6392	2214	1473	9387	401	0	55356	3591	8612	3000387	39203	50000	683	200000	1481244	36383066	105219227	2295	4561399	3432205	2317772
1789675610	52776	94.5	94.1	5798	3680	1142	7206	205	0	49294	3095	7316	3000609	39653	50000	577	200000	1482137	36401821	105301691	2295	4563576	3434090	2318783
1789675637	52803	92.8	92.1	6587	3421	2738	9201	32	0	40950	3219	7428	3000315	39271	50000	1260	200000	1482820	36415940	105371129	2295	4566029	3435365	2319580
1789675673	52839	92.7	91.9	5837	3620	3251	6998	809	0	20763	3415	11411	3000073	38617	49962	1148	200000	1483610	36433428	105464515	2295	4569150	3436744	2323103
1789675700	52865	93.0	92.1	7961	2988	2949	9259	1120	0	17433	3462	8264	3000013	38802	49938	1010	200000	1484148	36451155	105519008	2295	4571862	3438159	2325099
1789675726	52892	93.9	93.3	6344	2984	2738	6878	394	0	36423	3188	4633	3000091	38869	50000	1180	200000	1484876	36467488	105588559	2295	4574146	3439946	2326825
1789675760	52926	93.9	93.4	8874	4222	1712	8355	277	0	42834	3674	11057	3000444	38800	50000	979	200000	1485779	36485773	105680623	2295	4576610	3442646	2328108
1789675789	52955	94.8	94.3	9586	2105	1216	6126	305	0	48827	3172	7306	3001230	39726	50000	498	200000	1486642	36508025	105755240	2295	4579049	3444578	2328901
1789675820	52986	92.8	92.2	5710	4162	1599	8104	367	0	31009	2867	6989	3000676	40000	50000	494	200000	1487605	36521128	105854014	2295	4582083	3446723	2330187
1789675848	53014	94.8	94.3	6881	3208	1194	5799	234	0	35962	2987	7110	3000325	40000	50000	598	200000	1488367	36534226	105930749	2295	4583887	3448568	2331078
1789675878	53044	94.3	94.1	6123	3573	1504	7467	217	0	48589	3033	7076	3000231	40000	50000	714	200000	1489278	36545677	106039188	2296	4586277	3450510	2331802
1789675907	53073	94.6	94.1	5769	4229	1202	5905	126	0	17003	2978	7259	3000633	39957	50000	43	200000	1490092	36561598	106138116	2295	4588521	3451689	2334118
1789675941	53107	91.1	90.6	7101	1921	3774	8258	610	0	5335	3199	10505	2999032	39627	49839	1378	200000	1490760	36573326	106220696	2295	4591644	3453547	2335826
1789675968	53133	95.3	94.1	6135	3764	2239	6963	1260	0	2601	3254	7734	3000124	39599	49995	867	200000	1491533	36592897	106291733	2299	4594081	3454791	2338164
1789675997	53163	92.7	91.9	6733	1549	2568	9140	1025	0	42371	3132	7862	3000129	39144	49988	1268	200000	1492148	36606755	106352763	2299	4597022	3456993	2339852
1789676027	53193	94.2	93.5	5109	3282	1929	7427	622	0	44783	3192	7674	3000177	39494	50000	914	200000	1492947	36623524	106424180	2299	4599567	3459195	2341142
1789676057	53223	92.7	91.8	6142	2611	3488	9753	660	0	18456	3543	7998	3000133	39575	50000	1451	200000	1493776	36646218	106493523	2299	4602781	3460737	2342493
1789676087	53253	94.0	93.3	8893	3011	3369	7135	1418	0	28643	3181	7655	3000218	39761	50000	1347	200000	1494441	36665875	106561252	2299	4605367	3462755	2344170
1789676120	53286	93.9	93.4	7726	2658	2855	9164	984	0	34606	3509	11279	3000249	39934	50000	1436	200000	1495318	36680122	106640603	2299	4607643	3464552	2346627
1789676147	53313	94.8	94.5	6226	2910	1425	6559	277	0	31937	2971	4312	3000424	40000	50000	685	200000	1496248	36691162	106752813	2299	4609529	3466042	2348490
1789676177	53343	94.2	93.7	7543	2499	1275	8245	678	0	11754	3119	7403	3000396	39727	50000	330	200000	1497105	36705708	106831753	2299	4612310	3467898	2349810
1789676210	53376	96.8	96.6	6104	4730	4374	6541	391	0	2646	3072	10248	2999025	39240	49831	1474	200000	1497926	36721918	106920806	2299	4614693	3469524	2351062
1789676236	53402	97.4	95.9	6150	4148	2671	8974	1201	0	10796	3200	7436	3000010	39672	49987	863	200000	1498438	36729005	106985228	2299	4618024	3471700	2352908
1789676267	53432	96.7	96.1	5791	2007	3366	7158	1332	0	30324	3054	7481	3000088	39635	49993	1479	200000	1499319	36747963	107067780	2299	4620565	3473861	2353431
1789676300	53466	96.6	95.7	7006	4965	2097	8515	136	0	81614	3460	8364	3000459	40000	50000	1078	200000	1500257	36767550	107164260	2297	4623089	3476989	2354250
1789676330	53496	95.7	94.0	7638	4477	1837	6654	153	0	63854	3693	8339	3000281	40000	50000	1121	200000	1501176	36791034	107236078	2297	4625467	3479235	2355343
1789676360	53526	95.9	95.4	7895	4387	1878	8162	53	0	50103	3428	8035	3000570	39878	50000	937	200000	1502036	36806945	107331861	2297	4628059	3481073	2356075
1789676391	53557	90.1	89.6	6550	5643	1635	5973	54	0	58247	3484	8321	3000527	40000	50000	1025	200000	1502767	36830366	107396233	2297	4630333	3483025	2357372
1789676419	53585	90.3	89.5	7653	6983	1754	7386	196	0	37779	3621	8087	3000956	39832	50000	1139	200000	1503419	36853085	107457514	2297	4632504	3484790	2358473
1789676450	53616	96.6	96.2	13059	2061	1602	5795	293	0	33528	3714	8406	3000364	40000	50000	552	200000	1504372	36882139	107524293	2312	4635303	3486652	2359386
1789676481	53647	94.7	93.6	7566	4578	1608	7847	478	0	19508	3775	8897	3000074	40000	50000	512	200000	1505041	36890377	107617850	2312	4637628	3488085	2361420
1789676511	53677	90.8	90.4	7266	2973	4147	7975	677	0	17559	3896	8936	2998590	39352	49763	1558	200000	1505724	36898908	107695467	2312	4641512	3489493	2363539
1789676540	53706	94.6	93.7	5906	3403	3570	9428	2208	0	5567	3646	8526	3000303	39721	50000	980	200000	1506404	36908746	107778492	2312	4643979	3491341	2364817
1789676571	53737	94.4	94.4	9641	2371	4312	6359	450	0	6734	3534	8003	2998829	39370	49526	1460	200000	1507464	36929151	107875320	2312	4645201	3493259	2365569
1789676601	53767	95.1	94.7	7052	5358	4077	9301	999	0	2559	3371	8150	2999234	39243	49875	1172	200000	1508209	36946322	107953151	2312	4648820	3494911	2366980
1789676631	53797	95.3	94.8	8518	4466	3958	7537	1011	0	12257	3812	8339	3000079	39035	50000	1487	200000	1509093	36966211	108032939	2312	4651183	3496853	2368155
1789676659	53825	95.0	93.7	9802	1785	3688	8983	2198	0	6171	3585	8419	2999749	38874	50000	1288	200000	1509873	36981966	108094804	2312	4653570	3499001	2369056
1789676686	53852	95.6	94.1	5829	1865	3022	6798	1324	0	41195	3471	8215	2999859	39001	50000	1198	200000	1510654	36993347	108141666	2312	4655953	3501634	2369998
1789676716	53882	95.5	94.6	8247	4575	3023	8326	1145	0	60311	3525	8212	3000157	39459	49928	1376	200000	1511525	37016460	108222184	2312	4658282	3503790	2370959
1789676753	53919	96.0	95.6	6644	3341	2219	6817	330	0	77786	3473	8404	3000508	40000	49947	1112	200000	1512586	37053657	108303810	2313	4660745	3506581	2371814
1789676779	53945	94.9	94.4	7361	4186	1626	8254	135	0	69859	3337	7638	3000469	40000	50000	1015	200000	1513336	37069721	108366511	2312	4662836	3508604	2372882
1789676810	53976	93.9	93.4	6351	2716	2528	6275	575	0	70252	3325	7946	3000280	40000	49936	1269	200000	1514213	37085606	108445469	2312	4665412	3510486	2373625
1789676843	54009	94.8	94.4	8883	2886	1543	7942	302	0	69446	3463	8217	3000462	40000	50000	836	200000	1515212	37103058	108554071	2313	4667854	3512382	2375116
1789676871	54036	94.1	93.4	6720	5755	2524	6305	299	0	52255	3405	7970	3000529	40000	49787	1375	200000	1515873	37116989	108615140	2312	4670187	3514132	2376153
1789676903	54069	95.4	95.0	9778	3651	1753	7781	396	0	78911	3450	8283	3000371	40000	50000	868	200000	1516741	37136207	108708677	2312	4672604	3516125	2377243
1789676933	54099	94.4	93.9	5764	2953	1502	5926	127	0	62650	3651	8489	3000645	39964	50000	1002	200000	1517544	37150312	108792550	2312	4674872	3518148	2378264
1789676965	54131	95.1	94.2	10351	5788	1715	7549	232	0	65225	3696	8688	3000636	40000	50000	782	200000	1518439	37173352	108878739	2320	4677459	3520017	2378982
1789676988	54154	95.1	93.0	5276	2865	1914	6011	84	0	44368	4021	5285	3000249	39912	50000	877	200000	1519114	37185963	108945588	2320	4679725	3521408	2380320
1789677018	54184	95.5	94.9	6220	4316	1572	7796	298	0	17270	3765	8632	3000292	40000	50000	579	200000	1519990	37200249	109040499	2320	4682506	3523260	2382295
1789677048	54214	93.8	93.3	9681	5224	1210	5941	279	0	35784	3753	8559	3000645	40000	50000	481	200000	1520870	37217854	109120557	2323	4684512	3525095	2383039
1789677078	54244	92.4	91.4	7088	3061	3299	8740	1696	0	14822	3673	8489	3000469	39537	50000	958	200000	1521429	37235517	109167814	2323	4688689	3527398	2384172
1789677107	54273	97.6	97.5	11349	4678	936	5139	384	0	25259	3451	7736	3000847	40000	50000	255	200000	1522394	37265628	109223638	2336	4689438	3529346	2384602
1789677138	54304	94.5	93.9	9976	3383	1674	7365	806	0	13759	3543	8276	3000244	40000	50000	482	200000	1523281	37281738	109312143	2336	4692276	3531217	2385864
1789677166	54332	96.7	96.2	7997	1703	3147	7835	759	0	26352	3744	8942	2999443	39797	49950	1195	200000	1523854	37292335	109376574	2336	4695897	3532960	2388527
1789677197	54363	97.5	96.9	7221	2936	3125	9856	1101	0	27077	3692	8785	3000190	39537	50000	1416	200000	1524637	37302538	109475942	2336	4698604	3534515	2390571
1789677227	54393	95.0	94.4	6123	2452	2236	7821	971	0	45923	3758	8691	3000203	39882	50000	878	200000	1525342	37315638	109559500	2336	4701291	3536781	2392150
1789677258	54424	95.9	95.3	8060	3162	2250	9700	646	0	68097	3429	8388	3000135	39462	50000	1088	200000	1526165	37336227	109634119	2336	4703686	3538894	2393341
1789677286	54452	94.2	93.9	6829	5220	2970	7284	789	0	23245	3589	8120	3000172	39320	49990	1394	200000	1526997	37356467	109713405	2336	4705947	3539862	2394936
1789677317	54483	88.6	87.3	5891	2595	2596	9518	614	0	44035	3648	8847	3000037	38890	50000	1072	200000	1527566	37364916	109783215	2336	4709085	3541789	2397119
1789677345	54511	94.0	93.2	7449	2861	2485	7514	391	0	6792	3392	8128	3000330	39122	49991	1053	200000	1528310	37389563	109846608	2336	4711097	3542982	2398935
1789677377	54543	93.5	90.9	6838	2740	2535	10075	642	0	19883	3760	9239	3000090	38421	50000	923	200000	1529034	37404637	109909741	2336	4714686	3544913	2401956
1789677410	54576	93.5	92.1	7786	3211	3193	8831	1486	0	19981	3574	11815	3000222	38372	50000	1223	200000	1529699	37426890	109951587	2340	4717919	3546451	2403846
1789677440	54606	95.1	94.7	5972	2729	2776	10606	873	0	47489	3348	8129	3000160	38569	50000	1090	200000	1530391	37438627	110029010	2340	4720470	3548772	2405580
1789677471	54637	93.4	92.9	6599	5404	2072	7456	718	0	59427	3376	8172	3000270	39023	50000	955	200000	1531217	37457461	110101601	2340	4722793	3550516	2407153
1789677500	54666	93.0	92.5	5421	4202	2621	9653	955	0	32759	3286	7802	3000084	39173	50000	930	200000	1531905	37471162	110190028	2340	4725376	3551988	2408738
1789677526	54691	95.1	94.6	7784	3153	1301	6287	351	0	17752	3324	4580	3000392	39266	50000	316	200000	1532808	37484956	110293240	2339	4726852	3552983	2410710
1789677557	54723	93.6	92.9	5935	3936	1630	8264	821	0	16356	3377	8041	3000730	39572	50000	410	200000	1533629	37500964	110379237	2339	4729763	3554923	2411930
1789677589	54755	92.5	91.4	7343	3438	3172	7816	1118	0	1604	3852	11730	3000017	39034	50000	955	200000	1534377	37518614	110452111	2338	4732520	3555907	2414850
1789677617	54783	93.5	92.8	7062	2164	2875	9547	1052	0	24655	3130	7701	3000140	38769	50000	954	200000	1534913	37526004	110522210	2338	4735097	3557976	2415683
1789677651	54816	95.0	94.2	6269	2878	2308	7463	236	0	58422	3189	7753	3000488	39065	50000	1334	200000	1535833	37554056	110589992	2338	4737547	3560803	2417084
1789677682	54848	95.0	94.7	7149	3842	1288	8683	139	0	67290	3134	7686	3001110	39704	50000	831	200000	1536900	37582524	110670456	2338	4739894	3562884	2418053
1789677710	54876	93.3	92.8	7561	5706	2061	5801	167	0	62308	2977	7045	3000782	39744	49986	1272	200000	1537584	37598801	110732071	2337	4742268	3564984	2418734
1789677740	54906	95.1	94.8	7007	5780	1619	7207	205	0	68735	3058	7460	3000103	40000	49946	962	200000	1538592	37622126	110814120	2337	4744688	3566835	2419688
1789677769	54934	95.3	94.7	5998	3135	1632	5728	116	0	46593	3163	7343	3000031	40000	50000	744	200000	1539362	37633042	110912228	2337	4747032	3568444	2421348
1789677800	54965	95.4	94.8	5643	5035	1637	7520	130	0	42231	3234	7393	3000383	40000	50000	919	200000	1540260	37646175	111021776	2337	4749558	3570389	2422469
1789677829	54995	94.9	94.5	7330	6132	1466	6019	429	0	43360	3041	7185	3000086	40000	50000	682	200000	1541150	37664418	111099244	2337	4751835	3572255	2423369
1789677856	55022	94.0	93.4	6162	3142	1150	7729	231	0	13342	3110	7202	3000265	39740	50000	300	200000	1541936	37677941	111184564	2337	4754213	3573606	2425412
1789677890	55056	92.5	91.6	6791	4233	3748	7519	2159	0	3079	3459	11012	3000037	38950	50000	1194	200000	1542612	37690127	111257825	2337	4758203	3575452	2426915
1789677919	55085	95.4	94.8	7605	2939	3886	9026	2225	0	3091	3118	7319	3000089	38918	50000	1288	200000	1543436	37710338	111336962	2337	4760578	3577515	2427629
1789677947	55113	95.8	95.8	10306	3840	3607	6463	1263	0	9308	3192	7371	3000006	39154	49831	1208	200000	1544245	37728560	111418135	2337	4762821	3579430	2428366
1789677976	55142	95.9	95.3	5258	4108	3457	8116	1998	0	13343	3137	7518	2999851	39596	50000	1160	200000	1545044	37756634	111476084	2337	4765189	3581580	2429397
1789678006	55172	96.8	96.4	5654	3243	3136	7060	1787	0	39794	3111	7381	2999718	39692	49876	1162	200000	1545958	37772617	111563764	2337	4767634	3584008	2430246
1789678040	55206	97.3	96.8	5943	4808	2870	8821	1234	0	28026	3126	10699	3000120	39831	49912	1184	200000	1546955	37791955	111660030	2337	4769750	3585570	2432179
1789678073	55239	95.6	95.1	9672	3929	2636	7121	926	0	52715	3052	7295	3000417	39897	50000	1140	200000	1547948	37812731	111754543	2337	4772199	3587830	2433165
1789678100	55266	93.6	92.8	8907	1911	2864	9291	899	0	27294	3198	7647	3000041	39445	50000	1355	200000	1548515	37825220	111831010	2337	4774846	3589434	2435463
1789678132	55298	93.4	93.1	6900	3655	4169	6697	262	0	24918	3304	8122	2999723	39219	49959	1713	200000	1549346	37846092	111911935	2337	4777117	3591249	2436960
1789678157	55323	94.0	93.1	6122	3108	3572	9375	1101	0	3885	3456	8133	3000059	39526	49893	978	200000	1549834	37855983	111970553	2337	4780501	3592316	2439176
1789678186	55352	94.3	92.7	9718	3155	3366	7343	1687	0	10281	3594	8222	3000144	39087	50000	1196	200000	1550561	37869530	112046451	2337	4782702	3594124	2440325
1789678217	55383	91.0	90.4	8595	1956	1742	8964	653	0	66041	3468	8276	3000436	39492	49988	815	200000	1551222	37885429	112115475	2337	4785144	3596865	2442105
1789678247	55412	95.1	94.4	6469	3524	2787	6774	337	0	27455	3287	7522	3000311	39062	50000	1462	200000	1552101	37901120	112205956	2337	4787267	3598385	2443246
1789678281	55447	97.0	96.3	9191	3747	879	7842	248	0	38917	3605	8353	3001021	39800	50000	408	200000	1553336	37929403	112308357	2337	4789648	3600786	2444218
1789678309	55475	92.2	91.3	6396	1924	1942	5950	132	0	31830	3097	7512	3000746	39437	50000	1209	200000	1553943	37940417	112375385	2337	4792503	3603033	2445102
1789678340	55506	95.7	95.4	9956	5547	1125	7006	69	0	80664	3235	7787	3001039	40000	50000	663	200000	1554819	37970886	112432523	2338	4794507	3605013	2445718
1789678369	55534	94.4	93.8	7712	3583	1671	5614	98	0	53493	3173	7455	3000778	40000	50000	1094	200000	1555570	37986666	112502440	2338	4796870	3607028	2446662
1789678400	55566	95.4	95.1	7027	5517	1187	6930	194	0	80556	3212	7710	3000043	40000	50000	602	200000	1556593	38008056	112596825	2338	4799199	3608926	2447477
1789678426	55592	93.2	92.7	6611	3955	2307	5808	42	0	49927	3331	7417	3000104	40000	49905	1188	200000	1557066	38023311	112648105	2338	4801538	3610324	2448285
1789678458	55624	93.7	93.1	7589	3829	2025	7507	142	0	28492	3651	8296	3000433	40000	50000	1040	200000	1557924	38040296	112752933	2338	4803956	3611737	2450352
1789678487	55653	93.6	92.9	7579	1748	3749	7359	1967	0	4128	3288	7995	2999853	39951	49805	1392	200000	1558717	38055236	112823361	2338	4807717	3613464	2452232
1789678517	55682	94.3	94.1	7170	3262	3877	9064	1046	0	11103	3268	7626	2999364	39689	49946	1145	200000	1559523	38072034	112907900	2338	4810380	3615466	2452847
1789678547	55712	94.1	93.7	7787	3466	4377	7895	614	0	2029	3351	7832	2998882	39192	49931	1436	200000	1560446	38088097	113004308	2338	4812536	3616830	2455129
1789678581	55747	95.5	94.6	6845	3045	1698	9203	442	0	69664	3729	8704	3000443	39726	50000	819	200000	1561312	38104472	113095410	2330	4814843	3619860	2456776
1789678607	55773	94.1	91.0	8125	3096	2824	6999	654	0	33766	3989	8810	3000211	39330	50000	1292	200000	1561916	38120775	113141357	2330	4816981	3620892	2457803
1789678637	55803	92.8	92.2	6069	3522	3432	9427	1565	0	13534	3454	8414	3000132	39369	50000	1301	200000	1562687	38135307	113209579	2330	4820499	3622732	2459636
1789678665	55831	94.6	94.2	7826	1962	3193	7261	1680	0	6383	3479	7987	3000075	39783	50000	1008	200000	1563475	38151838	113280664	2330	4822854	3624503	2460860
1789678696	55862	93.8	92.8	7575	5772	3941	9202	1895	0	8054	3385	7819	2999419	39130	50000	1516	200000	1564326	38171436	113368708	2330	4825412	3626470	2462093
1789678727	55893	95.0	94.6	6210	2015	1958	7297	713	0	81648	3351	8053	3000164	40000	49981	1013	200000	1565018	38184579	113451474	2330	4827733	3629112	2463860
1789678758	55924	94.6	93.5	9051	5901	3075	8793	894	0	43823	3539	8375	3000136	39644	49971	1446	200000	1565928	38211262	113525058	2330	4829787	3630265	2465020
1789678789	55955	95.0	94.5	7019	1851	1650	6784	591	0	45275	3466	8278	3000420	39933	50000	786	200000	1566721	38230095	113610974	2329	4832249	3632320	2466688
1789678818	55984	94.9	94.5	7428	2617	1104	8199	199	0	39569	3623	7880	3000418	40000	50000	479	200000	1567641	38244250	113708724	2329	4834293	3633942	2468052
1789678849	56015	91.4	90.8	7364	2072	4142	6715	667	0	12111	3341	7874	2999123	38802	49850	1588	200000	1568398	38255816	113795964	2329	4837415	3635894	2469278
1789678876	56042	97.2	96.1	7542	2793	3407	9076	1883	0	4541	3444	7949	3000056	39112	50000	1064	200000	1569071	38273646	113854361	2329	4840747	3637869	2470261
1789678907	56073	95.9	95.2	12198	2121	3730	7157	1737	0	5435	3541	8388	3000003	38839	49997	1508	200000	1570012	38293254	113932855	2329	4843324	3640104	2471308
1789678936	56102	96.5	95.8	5392	2366	2292	8843	674	0	46943	3687	8800	3000171	38762	50000	1093	200000	1570583	38307381	113997278	2329	4845655	3642340	2473297
1789678970	56136	96.8	96.1	9188	3953	2337	7611	735	0	37104	3732	8742	3000637	39268	50000	1255	200000	1571512	38330725	114077884	2329	4848231	3644213	2474778
1789678997	56163	98.3	98.0	6165	3158	899	8498	222	0	26170	3521	8125	3000771	40000	50000	334	200000	1572347	38351994	114155447	2329	4849944	3645745	2476213
1789679027	56193	92.1	91.3	8303	2426	3551	7856	1608	0	430	3541	8484	2999676	40000	49793	856	200000	1572967	38361436	114234423	2329	4854371	3647751	2477421
1789679061	56227	98.5	98.5	13413	4626	903	7913	300	0	44708	3663	8204	3000061	40000	50000	412	200000	1574220	38392919	114347244	2338	4854864	3649661	2478309
1789679088	56254	90.9	90.1	7413	2296	2785	6366	1244	0	13575	3773	8711	3000146	39606	50000	939	200000	1574634	38399611	114391460	2338	4858619	3651743	2479404
1789679119	56285	92.6	92.1	12442	5054	1425	6957	436	0	22398	3762	8631	3000567	40000	50000	442	200000	1575669	38420804	114466228	2348	4859991	3653706	2479979
1789679150	56316	91.3	90.9	7373	2485	3818	7185	604	0	3745	3789	9023	2999035	39605	49870	1453	200000	1576353	38431318	114547936	2345	4863692	3655176	2482428
1789679179	56345	94.6	93.7	6538	2968	3264	8864	1881	0	21695	3673	8681	3000001	39367	50000	1038	200000	1577008	38439947	114626708	2345	4866403	3657136	2483436
1789679211	56377	94.9	94.2	8959	4212	4243	8120	2522	0	5886	3720	8733	3000082	39134	49850	1429	200000	1577974	38460945	114715304	2348	4869124	3658853	2484573
1789679236	56402	95.2	95.1	9436	3751	3718	9497	1428	0	963	3738	4829	2999608	39315	49936	1093	200000	1578788	38478890	114786688	2358	4871466	3660864	2485478
1789679266	56432	95.1	94.8	7248	2590	4240	7741	837	0	2576	3962	8832	2999294	39342	49787	1408	200000	1579690	38499656	114857813	2360	4873906	3662769	2486440
1789679296	56462	95.1	94.1	5770	4430	3468	9134	2113	0	9150	3960	8790	2999490	39587	50000	1047	200000	1580380	38513126	114932994	2359	4876259	3664807	2487781
1789679330	56496	95.3	94.8	9083	2689	3441	7480	1929	0	33569	3722	8549	2999428	39479	49964	1270	200000	1581399	38536321	115021387	2361	4878762	3667233	2488464
1789679360	56526	95.1	95.1	7406	4817	4038	9221	781	0	14706	3618	8331	2998997	39038	49966	1428	200000	1582282	38555977	115107393	2361	4881345	3669157	2489271
1789679390	56556	94.2	93.3	7059	1514	2512	7234	758	0	55736	3710	8662	2999967	40000	49894	995	200000	1582867	38568826	115168117	2361	4883599	3671716	2490887
1789679420	56586	94.4	93.4	7725	2244	2605	8880	730	0	45984	3825	8838	3000337	39859	50000	1094	200000	1583865	38581027	115252684	2361	4885946	3673571	2491891
1789679446	56612	92.9	92.2	6440	2496	2615	7465	247	0	45987	3791	5017	2999992	39376	49998	1258	200000	1584668	38593652	115335814	2361	4888287	3675493	2493554
1789679477	56642	95.8	94.1	7347	4722	2172	8882	659	0	57751	3998	9383	3000351	39467	50000	1016	200000	1585513	38610115	115415318	2362	4890644	3677225	2494597
1789679508	56673	93.7	93.2	8474	3738	1431	7118	36	0	85423	3713	8643	3000234	39376	50000	835	200000	1586270	38621258	115515984	2361	4893040	3679179	2496288
1789679538	56704	93.8	93.2	7004	6242	3138	8918	908	0	28168	3632	8481	3000401	39213	49765	1574	200000	1587127	38640847	115594707	2361	4895451	3680554	2497073
1789679568	56734	93.8	93.1	6869	3291	3244	6819	648	0	23657	3837	8881	3000016	38687	49995	1589	200000	1587771	38653813	115666566	2361	4898065	3681943	2499472
1789679596	56762	93.2	92.3	6467	2489	2893	9223	628	0	9938	3766	8754	3000011	38351	50000	1024	200000	1588320	38663464	115735435	2361	4901322	3683645	2502127
1789679626	56792	93.6	93.0	6995	2174	2251	8485	1036	0	19020	3766	8940	3000164	38695	50000	821	200000	1589076	38680623	115793701	2361	4904265	3685396	2504723
1789679656	56822	92.8	92.2	7049	3668	2574	10449	1116	0	16280	3731	8676	3000006	38311	49975	835	200000	1589772	38695509	115877570	2361	4906798	3686841	2507045
1789679688	56854	93.2	92.9	8033	2827	3046	7512	1254	0	19282	3407	8046	3000005	38606	49994	860	200000	1590487	38709346	115965425	2361	4909387	3688609	2507910
1789679718	56884	94.7	94.0	6564	1807	2540	9609	372	0	40010	3749	8588	3000305	39358	49996	1249	200000	1591275	38720568	116041654	2361	4911845	3690778	2509995
1789679750	56916	96.2	95.9	8735	2285	2003	6878	338	0	52278	3397	8295	3000772	40000	50000	1086	200000	1592288	38746594	116132530	2361	4914196	3692946	2511204
1789679783	56949	97.7	97.4	7763	3420	1583	8714	185	0	73422	3553	8492	3000318	40000	50000	984	200000	1593370	38767674	116249755	2361	4916728	3695114	2512376
1789679815	56980	95.9	95.5	8342	5245	1193	6069	88	0	86658	3580	8326	3000588	40000	50000	780	200000	1594350	38785061	116352736	2361	4919080	3697182	2513222
1789679842	57008	94.9	94.3	6577	4574	3112	8029	524	0	42205	3416	7974	3000564	40000	50000	1513	200000	1595134	38802508	116416411	2361	4921621	3698589	2513835
1789679874	57040	97.6	97.2	10177	4292	1976	6063	182	0	87913	3488	8384	3000679	40000	49942	1038	200000	1596097	38829635	116505194	2361	4923944	3700865	2515340
1789679904	57069	96.6	96.1	5706	3534	2635	7928	622	0	56710	3426	7894	3000352	39678	49987	1132	200000	1596877	38851472	116563892	2361	4926535	3702573	2516139
1789679926	57092	94.1	93.7	6116	2830	2276	6791	380	0	63378	3498	4651	3000082	39639	49980	1056	200000	1597499	38861093	116634995	2361	4928857	3704334	2517616
1789679963	57129	95.0	94.7	6889	5913	3054	8618	1155	0	49847	3570	11715	3000363	39941	49989	1253	200000	1598649	38880985	116739940	2361	4931472	3706083	2518213
1789679991	57156	94.6	94.1	8284	3217	2702	6847	417	0	39095	3578	4840	3000388	39727	50000	1244	200000	1599414	38897867	116832428	2361	4933667	3707612	2520254
1789680020	57186	90.0	89.7	10227	2779	2609	8327	931	0	60558	3572	8168	3000253	40000	49959	1085	200000	1600198	38916475	116899443	2361	4936064	3709664	2520993
1789680048	57214	94.0	93.5	5420	4688	2994	6928	1267	0	52283	3423	7914	3000299	39929	49935	1218	200000	1600889	38929012	116973319	2361	4938563	3711430	2522050
1789680076	57242	94.9	94.5	8116	4482	3460	8457	1586	0	14782	3737	8196	2999425	39593	50000	1217	200000	1601695	38940954	117060178	2361	4940967	3713281	2522792
1789680107	57273	94.9	94.5	9218	5543	3426	6841	2075	0	14526	3556	8312	3000024	39466	50000	1090	200000	1602604	38960266	117166693	2363	4943355	3714978	2523417
1789680137	57303	95.4	93.7	9047	5412	3636	8466	1885	0	7383	3831	8664	2999521	39360	50000	1340	200000	1603485	38973466	117254792	2363	4945693	3716997	2524529
1789680169	57335	95.4	94.9	9255	3147	2682	7067	865	0	62897	3576	8591	3000030	39492	50000	1214	200000	1604282	38989834	117332430	2363	4948140	3719978	2525384
1789680196	57362	93.1	92.6	7069	4473	3004	8751	1269	0	32485	3443	4700	3000159	39640	49811	1237	200000	1605120	39008074	117409657	2363	4950457	3721231	2526825
1789680226	57392	95.1	94.6	7130	2816	2347	6839	515	0	65284	3597	8413	3000215	39643	50000	1134	200000	1605913	39023461	117485731	2363	4952708	3723645	2527734
1789680260	57426	95.8	95.4	8462	3628	1686	8330	130	0	84483	3667	8664	3000603	40000	50000	981	200000	1607019	39048396	117581052	2363	4955034	3726350	2528590
1789680290	57456	94.8	93.4	9755	3626	2915	6411	770	0	42868	3730	8523	3000369	39804	49975	1329	200000	1607856	39067588	117652331	2363	4957654	3727881	2529209
1789680319	57485	94.2	93.8	9494	2782	1481	7973	151	0	80695	3812	8775	3000311	39787	49988	929	200000	1608556	39080217	117729001	2363	4959833	3730065	2531014
1789680350	57516	94.8	94.2	7818	6502	1945	6166	308	0	72655	3465	8005	3000443	39643	50000	896	200000	1609478	39096869	117816764	2363	4962286	3731790	2531998
1789680383	57549	94.8	94.3	10741	2758	1567	7818	287	0	50175	3778	8939	3000675	39962	50000	937	200000	1610482	39118946	117909785	2363	4964685	3733682	2533419
1789680409	57574	95.1	92.1	5138	2702	1711	5767	108	0	41350	3938	5230	3000707	40000	50000	880	200000	1611275	39137442	117984290	2363	4967015	3735384	2534641
1789680438	57604	93.8	93.2	7521	4253	1419	7301	326	0	25104	3875	8612	3000599	39984	50000	488	200000	1612110	39150553	118063306	2359	4969820	3737319	2535822
1789680468	57634	94.7	94.3	8220	3579	1118	5573	199	0	52029	3387	7878	3000270	40000	50000	611	200000	1613003	39174155	118143633	2359	4971794	3739460	2536389
1789680498	57664	94.1	93.5	6240	3665	2271	7544	150	0	38014	3465	7814	3000364	39827	50000	1033	200000	1613819	39191266	118231381	2359	4974346	3740983	2538048
1789680528	57694	91.6	91.0	6504	4311	4080	6736	528	0	12202	3374	7985	2998933	38755	49942	1397	200000	1614570	39203064	118315132	2359	4977488	3742510	2539923
1789680557	57723	97.8	97.3	9646	2312	1432	7917	825	0	18471	3531	8186	3000473	39428	50000	332	200000	1615413	39222304	118392480	2359	4979635	3744707	2540583
1789680591	57757	92.2	91.9	6237	5277	4096	6852	250	0	2113	3339	11079	2998890	39004	49961	1191	200000	1616324	39239430	118475608	2359	4982231	3746384	2541981
1789680620	57786	95.0	94.5	5819	4721	4096	9683	727	0	10389	3319	7610	2999545	39289	49799	1454	200000	1617032	39250854	118552900	2359	4985942	3748455	2543203
1789680650	57816	94.5	94.1	9663	4035	3474	7528	1063	0	3367	3472	8045	2999635	39360	49996	904	200000	1617832	39271752	118635502	2359	4987858	3749851	2545592
1789680678	57844	94.3	93.5	8267	2368	3297	9169	1796	0	5886	3147	7364	3000031	39682	50000	936	200000	1618582	39286456	118719444	2359	4990173	3751577	2546562
1789680707	57873	96.8	96.6	7282	2118	3087	7572	1160	0	19330	3227	7792	2999451	39791	50000	865	200000	1619334	39305359	118791247	2359	4992754	3753658	2547849
1789680736	57902	97.6	96.9	8259	2629	3439	9435	1931	0	16238	3218	7434	2998702	39276	50000	1300	200000	1620374	39320396	118905524	2359	4995085	3755344	2549020
1789680767	57933	98.1	97.8	5119	2748	2649	7318	849	0	59983	3280	7672	3000055	39384	49967	1230	200000	1621280	39332071	119012087	2360	4997324	3757729	2550539
1789680801	57967	97.2	96.8	10040	4267	2255	8767	519	0	74136	3507	11448	3000227	39467	50000	1017	200000	1622112	39349661	119104131	2361	4999649	3759962	2551394
1789680825	57991	93.3	92.6	7827	5182	3456	6845	1913	0	18734	2949	4021	2999285	39254	49894	1279	200000	1622933	39363335	119178740	2359	5002126	3761133	2552010
1789680855	58021	94.9	94.4	5705	2672	3057	8548	1291	0	24245	3322	7993	2999969	39387	50000	1227	200000	1623769	39380910	119258278	2359	5004388	3763029	2553662
1789680893	58059	94.2	93.8	7427	4673	2737	7321	879	0	53891	3439	11453	3000486	39957	49984	1270	200000	1624771	39402352	119350490	2359	5006910	3765598	2554442
1789680918	58084	86.4	86.0	6410	2938	2626	9264	587	0	38513	3713	4945	3000385	40000	49968	1094	200000	1625419	39414752	119423195	2359	5009215	3766928	2556613
1789680950	58116	94.4	93.9	5844	4524	2814	7237	1055	0	55337	3185	7657	3000405	39957	50000	1075	200000	1626322	39430014	119525939	2359	5011637	3768679	2557464
1789680978	58144	93.7	93.2	8022	2628	3567	9160	1427	0	31095	3330	7642	3000057	39353	49951	1624	200000	1627094	39444705	119602301	2359	5013988	3770039	2558917
1789681015	58181	97.3	97.0	8742	3248	1118	6343	175	0	82875	3351	11542	3000768	40000	50000	594	200000	1628214	39470504	119695427	2363	5016350	3773433	2559836
1789681037	58203	92.7	92.0	5325	2878	2538	8266	596	0	39711	3206	4269	3000483	39852	50000	1109	200000	1628820	39485859	119740902	2359	5018740	3774830	2560395
1789681072	58238	95.5	95.0	8635	4303	1432	6671	227	0	50642	3311	11396	3000549	39706	50000	778	200000	1629799	39511036	119827925	2359	5021142	3777330	2561697
1789681101	58267	94.1	93.3	8038	4071	1624	8350	255	0	50652	3420	7855	3000488	39819	50000	840	200000	1630677	39529744	119899533	2358	5023615	3779375	2562528
1789681133	58299	95.1	94.4	9108	4549	1503	5946	203	0	55611	3477	8126	3000301	40000	50000	751	200000	1631698	39549455	120002589	2357	5025951	3781269	2563615
1789681163	58329	94.0	93.6	8850	3406	1530	7730	203	0	58598	3333	7891	3000260	40000	50000	798	200000	1632436	39563117	120091066	2357	5028355	3783260	2564583
1789681192	58358	94.6	93.0	6674	4959	1515	5988	202	0	67364	3510	8053	3000465	40000	50000	801	200000	1633287	39580437	120162116	2358	5030924	3785318	2565233
1789681217	58382	93.2	91.8	8449	4704	3094	7839	555	0	40527	3508	4531	3000281	39812	49847	1570	200000	1634049	39597386	120222415	2360	5033268	3786545	2566125
1789681251	58417	95.6	95.3	9528	2540	1559	6221	601	0	42041	3477	11477	3000189	40000	50000	445	200000	1634982	39612659	120313842	2360	5035993	3788834	2567819
1789681280	58446	91.8	91.1	7241	4014	3364	8493	956	0	5226	3407	8220	2999957	39350	50000	1131	200000	1635717	39626902	120391398	2360	5038646	3789941	2569905
1789681311	58477	94.0	93.3	6677	1649	1820	7316	483	0	56415	3423	8292	3000561	39635	50000	924	200000	1636297	39639874	120471431	2360	5041558	3792319	2572346
1789681344	58510	94.7	94.2	10386	1983	1768	9151	551	0	57687	3332	7963	3000454	39919	50000	867	200000	1637310	39660821	120572137	2360	5043922	3793976	2573866
1789681373	58539	94.2	93.9	6730	4060	1113	6477	265	0	40946	3379	7652	3000157	40000	50000	500	200000	1638215	39675208	120669336	2360	5046099	3795684	2575371
1789681405	58570	94.0	93.6	9750	4739	1268	8314	219	0	43234	3353	7765	3000356	39881	50000	729	200000	1639173	39688913	120771561	2360	5048527	3797611	2576399
1789681432	58598	93.9	93.3	7016	5285	1465	6023	146	0	79367	3508	7815	3000232	40000	50000	703	200000	1639695	39703779	120822944	2361	5050764	3799533	2577154
1789681462	58628	94.0	93.6	9891	3805	1739	7782	188	0	65947	3482	7969	3000501	39994	50000	919	200000	1640519	39721257	120908446	2360	5053307	3801551	2578077
1789681492	58657	94.7	94.2	9496	3605	1720	5783	251	0	48956	3443	7892	3000647	39983	50000	1050	200000	1641360	39737072	120992265	2359	5055575	3803541	2578956
1789681522	58688	95.2	94.8	9897	3523	1273	7191	156	0	57803	3456	7912	3000391	40000	50000	713	200000	1642285	39759134	121083178	2359	5057934	3805568	2579876
1789681550	58716	94.2	93.2	8217	4501	1741	5697	207	0	44771	3461	8036	3000567	40000	50000	1019	200000	1643038	39774374	121148766	2363	5060477	3807708	2580600
1789681585	58751	94.6	94.0	7724	5163	1388	7271	345	0	94666	3414	8286	3000097	40000	50000	566	200000	1644161	39794364	121257792	2361	5063025	3809806	2581256
1789681612	58777	95.5	94.9	7943	4210	1854	6136	168	0	46318	3162	7447	3000383	39707	50000	1204	200000	1644775	39804163	121328369	2359	5065361	3811807	2582494
1789681643	58809	97.7	97.4	11677	3289	849	7428	167	0	88813	3400	7951	3000398	40000	50000	402	200000	1645810	39827668	121420027	2359	5067711	3813945	2583312
1789681667	58832	96.2	95.3	5663	5242	3965	6361	1422	0	30276	3348	7492	3000211	39194	49997	1818	200000	1646469	39838376	121479091	2359	5070342	3814761	2583750
1789681699	58865	97.6	97.2	9775	1845	1380	7647	166	0	49160	3447	8228	3000829	39686	50000	905	200000	1647475	39859723	121576330	2359	5072570	3817468	2585908
1789681727	58893	96.4	95.8	8139	2527	1582	5919	96	0	47291	3215	7655	3000931	40000	50000	954	200000	1648313	39880869	121654922	2359	5074945	3819436	2586815
1789681759	58925	97.0	96.6	10560	3707	1297	7436	414	0	31102	3377	8079	3000731	40000	50000	472	200000	1649299	39902868	121750386	2359	5077740	3821517	2587756
1789681790	58956	95.6	95.3	8949	4228	1257	5706	275	0	56856	3339	7958	3000426	40000	50000	645	200000	1650253	39923750	121844157	2361	5079951	3823731	2588370
1789681818	58984	90.0	89.6	6504	3908	2066	7491	34	0	48637	3255	7532	3000476	40000	50000	1133	200000	1650927	39940725	121905692	2359	5082162	3825316	2588975
1789681849	59014	92.3	91.8	8775	4296	2006	6319	106	0	82931	3546	8065	3000449	39798	50000	1048	200000	1651759	39953924	121994542	2359	5084747	3827054	2590563
1789681876	59042	92.7	92.1	7438	2164	2542	8419	279	0	47607	3661	7848	3000038	39616	50000	1239	200000	1652410	39968904	122053229	2359	5087186	3828320	2592298
1789681908	59074	92.9	92.5	7292	4150	3602	8307	699	0	15814	3530	8228	3000122	39223	50000	1351	200000	1653277	39981948	122146290	2359	5090862	3829862	2594837
1789681937	59102	93.6	92.9	10284	3242	4230	10221	974	0	9862	3531	8077	2999516	39173	49755	1456	200000	1653941	39995971	122234739	2359	5093537	3831455	2596041
1789681966	59132	94.5	93.5	5868	3715	3720	8022	2175	0	10557	3300	7620	2999976	39268	50000	1262	200000	1654693	40013113	122298856	2359	5096037	3833655	2597023
1789681996	59162	95.7	95.0	7560	2937	3620	9560	1906	0	6995	3410	7868	3000180	39356	50000	1363	200000	1655643	40035684	122374517	2359	5098399	3835760	2597907
1789682026	59191	94.6	94.5	5541	4531	2949	6931	1352	0	16573	3239	7672	2999908	40000	50000	908	200000	1656348	40054959	122442732	2359	5100681	3838169	2598867
1789682057	59223	93.3	93.2	8583	6427	4206	8945	833	0	4638	3372	7766	2998336	39258	49972	1425	200000	1657335	40077199	122528017	2361	5103308	3839768	2599463
1789682086	59251	94.6	94.0	8321	2190	2491	7029	1533	0	1181	3281	7962	2999711	39589	49987	731	200000	1658071	40087477	122627779	2359	5105066	3841273	2601759
1789682116	59282	92.3	91.7	7138	3432	3639	8803	975	0	18643	3794	8270	2999566	39197	49990	1282	200000	1658807	40100555	122715182	2359	5107263	3842795	2603475
1789682147	59313	94.8	92.1	5948	3643	2852	8089	1132	0	34678	3671	8404	3000177	39305	50000	1232	200000	1659564	40113174	122806616	2359	5110123	3844423	2605871
1789682177	59343	95.1	94.7	8538	2625	1771	9410	522	0	33915	3350	8105	3000679	39583	50000	735	200000	1660413	40130880	122889710	2359	5112366	3846437	2607434
1789682208	59374	93.8	93.4	5933	3384	1289	6783	411	0	36905	3135	7494	3000763	39970	50000	446	200000	1661288	40150503	122978601	2359	5114968	3848368	2608664
1789682238	59404	95.1	94.8	8489	2855	1089	8377	570	0	11217	3107	7307	3000049	40000	50000	71	200000	1662146	40166125	123074125	2360	5117254	3850221	2609832
1789682268	59434	93.3	92.9	6040	5464	955	6023	115	0	8478	3448	7709	3000416	40000	50000	27	200000	1663061	40178252	123171678	2359	5119315	3851704	2611423
1789682297	59462	93.2	92.9	6293	5677	1377	8017	430	0	17842	3334	7575	3000361	40000	50000	458	200000	1663788	40187207	123259190	2359	5122016	3853444	2612774
1789682331	59497	92.1	91.6	9479	4946	4287	6279	625	0	8879	3424	10706	2998725	38875	49985	1509	200000	1664586	40203427	123343899	2359	5124585	3855267	2613952
1789682358	59524	94.5	93.3	7840	5248	3542	8775	1901	0	7431	3483	7910	3000158	39049	50000	1246	200000	1665219	40219072	123401739	2359	5128081	3857246	2615087
1789682389	59555	93.2	93.1	10477	5237	3827	6867	1319	0	9388	3253	7723	3000070	39367	50000	1111	200000	1665989	40250669	123448189	2359	5130603	3859216	2615649
1789682417	59583	96.8	96.2	11257	1675	1131	6930	527	0	24385	3574	8302	3000686	40000	50000	349	200000	1666999	40276253	123515513	2359	5131305	3861313	2616457
1789682450	59615	90.9	90.6	7568	3490	3567	7568	789	0	10885	3521	8428	2998514	39522	49859	1268	200000	1667807	40292364	123593982	2359	5135358	3862821	2618623
1789682479	59645	95.5	95.1	8853	2587	3284	9259	520	0	1855	3335	7780	2998842	39167	49937	1182	200000	1668545	40300856	123687507	2359	5137389	3864077	2620697
1789682507	59672	94.9	93.9	5609	3536	2997	7912	996	0	16600	3540	8258	2999974	39204	49930	1242	200000	1669125	40308173	123763026	2359	5139568	3865605	2622813
1789682537	59703	96.0	95.6	7072	2756	2088	9674	807	0	67468	3486	8540	3000237	39399	50000	987	200000	1669856	40323149	123831681	2359	5142429	3868158	2624239
1789682568	59734	97.5	97.0	7151	3269	1432	6760	115	0	62160	3306	7726	3000729	39744	50000	742	200000	1670688	40341875	123929421	2358	5144128	3869928	2625598
1789682597	59763	95.5	94.9	6789	2741	1855	8751	211	0	75850	3404	7840	3000429	39573	50000	1216	200000	1671452	40357261	123995035	2358	5146741	3872233	2626302
1789682629	59795	97.4	96.9	8661	7508	1564	6074	192	0	54448	3452	7807	3000491	39610	50000	1033	200000	1672414	40383413	124085336	2358	5149144	3874201	2627202
1789682660	59826	95.6	95.1	7357	5747	1438	7555	142	0	53578	3374	7990	3000737	39752	50000	809	200000	1673311	40408880	124151338	2358	5151668	3876298	2628076
1789682690	59855	95.3	95.2	7689	5196	1259	5550	160	0	93025	3332	7850	3000219	40000	50000	689	200000	1674183	40427437	124222815	2358	5153989	3878441	2628749
1789682718	59884	89.3	88.9	11386	3352	2256	7341	192	0	78528	3353	7548	3000144	39811	50000	1268	200000	1674769	40438230	124302727	2358	5156282	3880265	2629530
1789682753	59918	95.6	95.1	9040	7015	1803	5770	272	0	85661	3445	8307	3000327	39550	50000	1114	200000	1675928	40457620	124424254	2360	5158730	3882434	2630362
1789682782	59948	95.6	95.2	8453	1619	1313	7078	186	0	61833	3536	8216	3000485	39884	50000	814	200000	1676772	40477369	124494728	2360	5160935	3884277	2631368
1789682812	59978	94.5	94.1	9405	5252	1565	5660	192	0	51673	3560	8525	3000432	40000	50000	862	200000	1677637	40493066	124580095	2360	5163486	3886385	2632205
1789682842	60008	95.5	94.1	5698	2966	1756	7244	105	0	33484	3915	8729	3000451	39797	50000	831	200000	1678426	40506466	124673633	2360	5165903	3888062	2633664
1789682868	60034	93.2	92.6	6345	3325	1978	5948	220	0	23380	3726	5061	3000655	39816	50000	1040	200000	1679097	40525723	124733545	2360	5168474	3889726	2635068
1789682900	60066	95.4	95.1	7019	5784	1396	7572	221	0	55748	3696	8642	3000254	40000	50000	636	200000	1680026	40542466	124832728	2363	5170721	3891619	2635968
1789682928	60093	92.5	92.0	6843	2476	2005	6277	65	0	16070	3807	8272	3000006	40000	50000	1298	200000	1680663	40551482	124909197	2363	5173296	3892693	2638417
1789682957	60123	94.6	94.1	8218	3291	1666	8173	317	0	9948	3835	8862	3000386	40000	50000	688	200000	1681350	40561488	124991708	2363	5175715	3894482	2640229
1789682988	60154	91.6	91.1	6378	3498	3931	8015	888	0	4317	3706	8616	2999980	39216	50000	1251	200000	1682024	40577979	125070823	2363	5179466	3895812	2642340
1789683018	60184	94.0	92.8	5611	3961	3693	9468	1471	0	10844	3521	8404	3000005	38974	50000	1459	200000	1682715	40595059	125140722	2363	5181772	3898019	2643189
1789683050	60216	94.8	94.5	5451	2183	1742	7263	487	0	88970	3549	8518	3000480	39630	50000	965	200000	1683468	40614157	125206704	2363	5184168	3900947	2644743
1789683080	60246	94.6	94.1	9195	5365	2585	8873	819	0	42223	3489	8106	3000350	40000	50000	1107	200000	1684406	40641962	125269282	2363	5186378	3902029	2645803
1789683112	60278	94.4	94.2	6421	2917	1738	7076	107	0	62643	3702	8391	3000124	39864	49684	1221	200000	1685325	40653869	125371311	2363	5188499	3904188	2647860
1789683148	60313	95.0	94.5	8019	3691	1828	8628	83	0	87404	3568	8570	3000138	40000	50000	1112	200000	1686430	40672817	125482241	2371	5191125	3906285	2648453
1789683167	60333	93.0	90.2	11611	2955	2343	5314	682	0	74489	3771	4658	2999770	39568	49960	994	200000	1686769	40678951	125531488	2371	5193440	3907624	2649495
1789683196	60362	93.7	91.6	10403	5234	3699	7164	1504	0	16804	4034	8509	2998550	39061	49915	1487	200000	1687643	40693503	125624196	2371	5195875	3908656	2650543
1789683232	60398	93.6	93.1	7680	2996	2784	6832	265	0	63149	3965	9091	3000195	39037	50000	1522	200000	1688586	40714802	125716629	2371	5198458	3911577	2652596
1789683262	60427	94.5	93.9	7047	6698	2494	8343	728	0	69984	3668	8445	3000511	39351	50000	1215	200000	1689244	40728810	125783036	2371	5200961	3913226	2653598
1789683293	60459	93.8	93.3	5493	3922	2082	6761	648	0	61537	3772	8479	3000243	39537	50000	1048	200000	1690212	40751865	125859800	2371	5203332	3915162	2655117
1789683321	60487	94.2	93.8	7658	2762	1395	8129	179	0	55581	3541	8303	3000478	39625	50000	873	200000	1691011	40768394	125926136	2371	5205458	3917127	2656365
1789683346	60512	93.9	93.3	7217	3479	1265	6103	128	0	100857	3483	4813	3000043	40000	50000	643	200000	1691766	40787699	125984627	2371	5207965	3919303	2657021
1789683378	60544	91.4	91.0	13214	3313	3426	8222	1307	0	26902	3449	8104	3000193	39666	49868	1362	200000	1692703	40800795	126094206	2372	5210475	3920011	2658006
1789683410	60576	97.2	96.9	7008	5211	2682	6367	1078	0	44571	3541	8498	3000205	39934	50000	1123	200000	1693671	40816982	126209362	2372	5212787	3922298	2659050
1789683437	60603	98.1	96.2	6028	3454	2690	8061	621	0	58731	3847	8548	3000050	39934	50000	1128	200000	1694282	40830263	126273225	2372	5215143	3924195	2660477
1789683467	60633	97.4	96.5	7036	3070	3471	7444	792	0	48739	3918	8796	2999785	39054	50000	1719	200000	1695082	40843217	126368967	2372	5217756	3925985	2661631
1789683499	60665	98.3	97.9	6929	4398	1791	8853	395	0	64061	3743	8763	3000643	39341	50000	1054	200000	1696053	40866869	126458742	2372	5220030	3928182	2663512
1789683529	60695	97.6	97.2	8206	2798	1823	6452	554	0	82265	3751	8627	3000467	39582	50000	984	200000	1696801	40884005	126532137	2372	5222464	3929948	2664656
1789683563	60729	94.6	94.1	5541	3994	3384	9094	1279	0	24390	3576	8572	3000076	39594	50000	1546	200000	1697745	40899108	126642571	2372	5225985	3931791	2666243
1789683592	60758	94.8	94.8	8715	4149	4120	6138	623	0	13447	3852	8774	2998872	39241	49925	1376	200000	1698582	40912845	126721520	2372	5227852	3933624	2666929
1789683619	60785	93.8	93.3	5926	3942	1319	7293	343	0	33678	3605	4781	3000584	40000	50000	466	200000	1699451	40932550	126806933	2372	5229652	3935649	2667876
1789683648	60814	92.7	92.2	7680	5311	2156	5791	161	0	26523	3584	8372	3000759	40000	50000	940	200000	1700221	40947285	126884817	2372	5231802	3937199	2669325
1789683677	60843	90.8	89.4	7514	2074	3497	8433	642	0	13099	3804	8977	3000072	39105	50000	1361	200000	1700768	40957878	126950447	2372	5235205	3938661	2670602
1789683706	60872	94.8	93.8	6886	3846	3760	7169	1836	0	4602	3798	8756	3000447	39180	50000	1458	200000	1701368	40979117	127011524	2372	5237687	3940116	2672330
1789683743	60909	94.1	93.8	9838	1806	2217	8538	187	0	76987	3695	8929	3000705	40000	49936	1318	200000	1702269	41017185	127083617	2375	5240203	3943904	2673292
1789683775	60941	92.2	91.9	6934	3881	1767	6428	580	0	131797	3629	8359	3000236	40000	50000	816	200000	1703096	41038631	127156030	2379	5242933	3946250	2674066
1789683800	60966	94.5	92.9	11394	5514	2943	8266	1858	0	26853	3769	8182	2999238	39589	50000	1044	200000	1703961	41049239	127245807	2380	5245104	3946569	2675328
1789683826	60992	90.7	90.2	10645	2626	3691	6810	2115	0	2823	3537	4693	2998955	39508	50000	1208	200000	1704739	41058331	127339071	2380	5247418	3947929	2676592
1789683858	61024	92.5	92.5	8571	5132	4025	8505	974	0	1025	3627	8235	2998653	39295	49943	1106	200000	1705532	41075171	127436949	2380	5249503	3949210	2678364
1789683889	61055	94.5	93.6	10219	3053	3710	7151	1916	0	34999	3840	8411	2999499	39233	50000	1493	200000	1706159	41085975	127510023	2380	5252033	3951264	2679419
1789683917	61083	95.0	93.7	7841	4963	3339	8293	1749	0	983	3838	8679	3000187	38885	50000	1201	200000	1706915	41104649	127580532	2380	5253925	3952795	2680721
1789683953	61119	94.0	93.3	8046	1735	2248	6892	868	0	59387	3989	9652	3000394	39416	50000	1045	200000	1707784	41128165	127648777	2380	5256822	3955737	2682288
1789683980	61146	93.1	92.3	5635	3278	2950	8950	668	0	18730	3715	8699	3000181	39229	50000	1384	200000	1708399	41140322	127713060	2380	5259304	3956977	2684320
1789684007	61173	94.7	94.5	5819	3041	1129	6963	297	0	48040	3414	5003	3000557	39821	50000	363	200000	1709201	41151965	127802863	2378	5261637	3959314	2685542
1789684039	61205	91.4	90.2	6340	3027	2764	10010	752	0	1649	3603	11781	2999666	39224	49975	1007	200000	1709926	41158733	127882206	2378	5265273	3960820	2687723
1789684071	61237	93.4	93.0	8864	4658	4114	8169	1061	0	12421	3844	8210	2999093	39059	49958	1291	200000	1710828	41176250	127969825	2378	5268649	3962824	2688538
1789684102	61268	95.0	94.5	7454	2731	3731	8771	696	0	18368	3249	7823	2999591	39219	49891	1189	200000	1711786	41191770	128074019	2378	5270112	3964810	2689497
1789684131	61296	98.3	97.8	7663	6494	1230	5698	456	0	25085	3426	7578	3000738	40000	50000	446	200000	1712664	41209632	128159698	2378	5271605	3966825	2690158
1789684158	61324	94.4	93.8	5432	3276	1308	7381	713	0	20688	3341	4730	3000968	39975	50000	317	200000	1713507	41227521	128234115	2380	5274295	3968884	2691109
1789684191	61357	91.7	91.3	6141	3638	3220	6294	196	0	19068	3474	11057	2999896	39965	49959	1064	200000	1714130	41248424	128298040	2378	5277091	3970684	2692333
1789684222	61388	95.7	95.3	8789	5886	1817	7482	236	0	30360	3485	8045	3000300	40000	50000	708	200000	1715122	41264400	128400264	2378	5278752	3972390	2693617
1789684246	61412	90.5	89.5	5127	3414	1852	6312	764	0	26972	3601	4989	3000302	40000	50000	638	200000	1715721	41271245	128474376	2378	5281476	3974033	2695084
1789684280	61445	94.0	93.4	7638	2992	3418	8780	1012	0	5486	3569	11693	3000041	39329	50000	1156	200000	1716402	41287635	128550130	2378	5284569	3975509	2696853
1789684312	61477	93.2	92.6	7799	1941	2068	6879	943	0	68614	3563	8668	3000123	39238	50000	945	200000	1717172	41302453	128630798	2378	5287189	3978066	2698671
1789684342	61508	93.7	93.1	7943	2160	3659	8734	609	0	30992	3380	8118	3000087	38505	50000	1894	200000	1717933	41321988	128705250	2378	5289559	3979952	2700196
1789684371	61537	92.1	91.5	6400	2990	3676	6823	909	0	19579	3453	8143	2999969	38710	49900	1162	200000	1718651	41344186	128760718	2378	5292594	3981736	2701145
1789684398	61564	94.2	93.7	5764	4336	1613	8196	792	0	3802	3535	4772	3000454	39706	50000	343	200000	1719500	41368062	128830236	2378	5294461	3983471	2702560
1789684430	61596	97.5	97.3	8058	3315	1771	6746	1042	0	11147	3424	11303	3000127	39922	50000	339	200000	1720345	41383178	128914169	2378	5296951	3984744	2704341
1789684459	61625	93.4	90.0	6868	2253	3213	9681	1156	0	20199	4545	9746	2999717	39232	49956	1328	200000	1720942	41388041	128990570	2378	5300117	3985981	2707448
1789684491	61657	95.5	95.0	8394	2651	2418	7879	816	0	30373	3613	8329	3000155	38938	50000	976	200000	1721592	41396618	129093028	2378	5302269	3987317	2709530
1789684521	61687	86.7	84.1	7434	4275	3112	10073	1078	0	16391	4120	9070	2999983	37776	49998	1416	200000	1722151	41406000	129163416	2378	5304800	3988520	2711848
1789684551	61717	92.0	91.2	6685	2717	3277	7716	257	0	17921	3888	8820	3000127	37584	49971	1228	200000	1722773	41425302	129214812	2378	5307827	3990361	2714522
1789684581	61747	93.4	92.9	6730	3279	3309	10138	674	0	17015	3495	8130	3000184	37858	50000	1060	200000	1723501	41443030	129280158	2378	5311102	3992162	2716218
1789684609	61774	95.0	93.8	5312	3674	3093	7577	1180	0	4325	3549	8213	3000271	38007	49991	1048	200000	1724153	41453204	129369858	2378	5313069	3993676	2717954
1789684640	61806	94.2	93.2	10030	2975	2836	9519	1681	0	27222	3524	8185	3000317	38357	50000	850	200000	1724910	41467089	129468365	2378	5315832	3995491	2719193
1789684669	61835	93.6	93.2	5927	2814	2848	6757	927	0	30608	3337	8062	2999875	38104	49997	1091	200000	1725628	41477745	129544952	2378	5318042	3997476	2720605
1789684701	61867	95.6	95.1	6798	3205	3030	8503	1145	0	47310	3306	7781	3000220	38246	50000	1206	200000	1726623	41496300	129646070	2378	5320543	3999410	2721454
1789684730	61896	94.2	93.7	6663	2748	2298	6961	177	0	55809	3501	8182	3000192	38108	49974	1220	200000	1727288	41509449	129719983	2378	5322698	4001408	2723668
1789684766	61932	94.0	93.5	11593	4865	1943	8542	195	0	93642	3527	8143	3000804	38584	50000	1159	200000	1728424	41536945	129811427	2378	5325237	4003852	2724408
1789684790	61955	93.9	93.3	6788	1959	1865	5932	141	0	73882	3161	4282	3000918	39033	50000	952	200000	1729030	41553490	129874557	2378	5327448	4005634	2725264
1789684819	61985	93.8	93.3	9131	5969	2851	7710	1050	0	31795	3408	7911	3000637	39862	49937	1063	200000	1729855	41573508	129942618	2378	5329873	4006793	2726046
1789684846	62012	94.2	93.7	6258	3902	3267	6184	1793	0	38255	3380	7995	3000073	39554	49795	1320	200000	1730602	41587781	130018626	2378	5332410	4008537	2726984
1789684885	62051	94.7	94.3	6733	3515	2243	8024	665	0	62010	3585	12298	3000395	40000	50000	1112	200000	1731575	41609939	130115654	2378	5334864	4010816	2729150
1789684906	62072	93.4	92.1	7799	3358	2366	6208	788	0	35176	3496	4632	3000329	39779	50000	1086	200000	1732179	41621604	130178881	2378	5336788	4011848	2730706
1789684939	62105	95.4	94.4	8430	3103	1815	7792	616	0	46843	3656	8780	3000311	39753	50000	711	200000	1733101	41638416	130284734	2378	5339339	4013811	2731991
1789684967	62132	90.9	89.8	5617	2957	3314	7083	1710	0	12150	3490	8263	3000143	38690	50000	1229	200000	1733628	41649868	130331766	2378	5342734	4015482	2733750
1789684996	62162	94.7	94.3	6069	4433	3396	8812	1798	0	28426	3445	8007	3000340	39599	49922	1372	200000	1734417	41674393	130389196	2378	5345331	4017658	2734842
1789685026	62192	95.3	94.9	5514	4346	3381	7355	964	0	32415	3375	8034	2999736	39703	49750	1457	200000	1735094	41703750	130454394	2378	5347529	4019126	2736793
1789685058	62223	96.4	96.0	6558	2743	1755	8659	546	0	50748	3339	8265	3000051	40000	49992	765	200000	1735932	41717022	130550158	2378	5349652	4021398	2738691
1789685086	62252	95.0	94.5	8795	2653	2372	7124	516	0	54549	3349	8040	3000154	39945	50000	1133	200000	1736618	41730940	130628455	2379	5351804	4023059	2739691
1789685118	62284	95.3	94.0	10584	4050	2673	8733	833	0	77844	3526	8137	3000025	39825	50000	1199	200000	1737279	41738770	130729908	2382	5354256	4024813	2740402
1789685148	62314	94.7	94.4	10918	2413	2350	6057	764	0	54155	3647	8349	3000043	39782	49889	1081	200000	1738104	41756461	130819141	2382	5356386	4026495	2741871
1789685182	62348	94.9	94.4	8091	3882	1713	7683	185	0	86294	3777	8523	3000202	39597	50000	1045	200000	1739157	41780453	130912532	2382	5358843	4029300	2742753
1789685210	62376	96.4	95.8	5907	4691	2461	6135	824	0	66175	3702	7927	3000257	39540	49912	1101	200000	1739988	41796439	130993917	2382	5361311	4030695	2743453
1789685238	62404	96.1	95.5	5835	4387	2672	8005	289	0	37146	3514	8064	3000160	39288	49885	1526	200000	1740722	41808297	131082904	2381	5363530	4032555	2745492
1789685272	62438	97.5	96.8	9313	3489	2013	6260	421	0	43506	3746	8968	3000563	39696	50000	820	200000	1741828	41823694	131206310	2381	5366284	4034324	2746985
1789685302	62468	96.2	95.2	8707	2359	3558	8433	879	0	19066	3784	8894	3000109	39624	49920	1382	200000	1742499	41835183	131295982	2381	5369189	4035936	2748670
1789685329	62495	95.7	94.6	7325	1721	3004	7412	1670	0	6874	3543	8388	3000106	39858	50000	1126	200000	1743151	41845166	131370962	2381	5372193	4037560	2750429
1789685359	62525	94.7	94.0	8591	2179	3054	9201	1319	0	28809	3666	8632	3000061	39303	50000	1136	200000	1743810	41860141	131442550	2382	5374544	4039491	2751949
1789685393	62559	94.9	94.5	8698	4428	2518	7036	158	0	48488	3585	8453	3000427	39401	50000	1399	200000	1744744	41881404	131527648	2381	5376806	4042127	2753130
1789685426	62591	89.1	87.4	6309	3503	1756	8345	59	0	42575	3749	8944	3000861	39326	50000	851	200000	1745568	41904874	131586707	2381	5379366	4044320	2754599
1789685452	62618	94.8	94.3	9875	2542	1703	6058	83	0	80390	3542	4873	3000908	39979	50000	996	200000	1746331	41930781	131630605	2383	5381931	4046480	2755046
1789685479	62645	94.7	94.1	8019	4410	1817	7490	366	0	51764	3617	8118	3000364	39717	50000	1037	200000	1747074	41943791	131705164	2381	5383941	4048114	2756264
1789685510	62675	95.1	94.6	10604	2032	1652	5605	462	0	34919	3781	8665	3000566	40000	50000	913	200000	1747893	41962669	131782482	2382	5386477	4050006	2757337
1789685542	62708	91.9	91.5	7224	3116	4150	8767	813	0	2531	3976	9027	2999764	39390	49882	1217	200000	1748681	41984167	131857391	2381	5390407	4051264	2759871
1789685572	62738	95.0	94.4	7878	2139	3938	7316	911	0	8595	3471	8176	2999559	39186	50000	1311	200000	1749350	42001393	131939531	2381	5392922	4053193	2760416
1789685597	62763	95.7	95.2	7530	4468	3338	8517	471	0	10808	3598	4877	3000188	39635	50000	1468	200000	1750189	42019365	132026724	2381	5394691	4054836	2761692
1789685625	62791	95.8	93.7	6680	2745	2954	6244	1199	0	12189	3964	8947	3000101	39525	50000	1162	200000	1750728	42034632	132071432	2381	5396842	4056625	2763031
1789685657	62823	94.5	93.9	6629	3479	3468	8189	1432	0	39959	3733	8604	3000135	39629	49696	1491	200000	1751537	42049947	132156517	2381	5399456	4058764	2764077
1789685697	62863	95.4	95.1	5833	3634	1810	6477	543	0	97104	3578	12216	3000163	40000	50000	1009	200000	1752629	42074706	132246979	2388	5401926	4061736	2765415
1789685721	62887	94.3	93.9	18434	2252	2161	7988	813	0	64091	3627	4674	3000139	39966	49999	1001	200000	1753235	42091839	132302375	2388	5403919	4062744	2766621
1789685754	62920	93.4	92.9	8272	1640	2291	6681	811	0	65138	3777	8600	3000150	39838	50000	1093	200000	1754078	42099820	132423351	2388	5406329	4064309	2768400
1789685779	62945	93.9	93.2	5152	4694	2670	8353	1176	0	28533	3752	8258	3000487	39811	49997	1206	200000	1754664	42107060	132492568	2388	5408333	4065223	2770185
1789685811	62976	93.2	92.8	6852	2984	2974	7406	917	0	35721	4030	9005	3000071	39838	49999	1087	200000	1755356	42116292	132580706	2388	5411130	4066532	2772452
1789685838	63004	94.0	93.6	8225	3065	2938	9152	1144	0	26429	3483	4905	3000132	39944	50000	967	200000	1756151	42129167	132674638	2388	5413535	4068120	2773979
1789685867	63033	94.0	93.3	6998	5280	3254	7488	1835	0	44140	3321	7848	2999289	39348	50000	1222	200000	1756985	42138660	132780554	2391	5415930	4069720	2775198
1789685896	63062	93.0	92.4	9104	5571	3449	9285	1927	0	40537	3515	8076	2999355	39154	49841	1466	200000	1757690	42152321	132860242	2391	5418389	4071519	2776458
1789685929	63094	94.2	93.6	9049	2197	3227	7730	1412	0	58660	3665	8876	3000219	39572	49917	1384	200000	1758427	42167662	132937507	2391	5420843	4073102	2778822
1789685956	63122	96.2	94.5	10105	3273	2144	9071	459	0	47542	4037	9464	3000075	39483	49984	996	200000	1759103	42178590	133023412	2391	5422640	4074526	2780949
1789685989	63155	94.4	93.9	9298	2161	1522	7440	269	0	71063	3557	8355	3000210	39314	50000	893	200000	1760002	42194498	133128277	2391	5424967	4076751	2782443
1789686019	63185	93.2	92.7	7192	4225	1699	9050	294	0	55574	3359	8073	3000535	39265	50000	991	200000	1760739	42214042	133183124	2391	5427208	4078562	2783282
1789686049	63215	96.0	95.3	7862	2286	1618	6136	248	0	42107	3612	8481	3000570	39234	50000	907	200000	1761582	42230653	133272690	2391	5429655	4080394	2784519
1789686080	63246	94.8	92.4	7008	4079	980	7662	200	0	15263	4095	9224	3001179	39736	50000	491	200000	1762436	42249460	133341110	2391	5432169	4082167	2786056
1789686113	63279	93.9	93.3	13292	3803	1786	6116	200	0	39848	3915	8778	3000681	39700	50000	926	200000	1763462	42275770	133415883	2401	5434685	4084022	2787193
1789686138	63303	95.9	95.3	5575	3324	1423	7724	339	0	23058	3861	5155	3000474	39547	50000	515	200000	1764154	42289909	133490812	2400	5437218	4085823	2788438
1789686170	63336	97.0	96.0	10076	3697	3257	6914	1991	0	2206	3658	11977	3000216	39094	50000	1054	200000	1764800	42303964	133554513	2392	5441026	4087859	2789478
1789686197	63363	96.4	96.3	11806	2465	3655	8750	797	0	5413	3613	4807	3000016	39290	49958	1299	200000	1765677	42326997	133634993	2392	5443580	4089862	2790355
1789686226	63392	95.2	94.1	7189	3643	3545	6819	2005	0	663	3616	8531	3000212	39269	50000	1358	200000	1766352	42350977	133697932	2392	5445744	4091749	2791301
1789686256	63422	95.9	95.3	5883	3419	3268	8426	1856	0	21959	3506	8125	3000099	39140	49942	1144	200000	1767016	42380343	133761802	2392	5448235	4093857	2792217
1789686287	63452	94.9	94.4	7517	2818	3544	7442	1976	0	8042	3523	8275	2999516	39465	49806	1107	200000	1767889	42407177	133832047	2392	5450599	4095584	2793798
1789686318	63484	89.7	89.1	6655	4557	3293	9297	1931	0	10820	3623	8291	2998720	39201	49890	1250	200000	1768671	42425686	133905467	2392	5452800	4096775	2795688
1789686349	63515	94.6	93.4	9370	2814	3040	7381	1653	0	36718	3689	8534	2999037	39499	49784	1196	200000	1769373	42433447	133986979	2392	5455138	4098892	2796891
1789686376	63541	93.6	93.2	9424	4005	3077	9034	1793	0	8835	3338	4410	2998993	39884	49864	922	200000	1770145	42454649	134065397	2393	5457447	4100369	2798142
1789686407	63573	94.5	94.4	9405	5315	3955	7358	729	0	12072	3502	8165	2998572	39229	49806	1429	200000	1771145	42468728	134182497	2391	5459963	4102126	2799060
1789686436	63602	94.9	93.9	5812	3704	3205	9270	1175	0	36948	3521	8449	2999176	39089	49916	1188	200000	1771770	42477307	134263544	2391	5462388	4103931	2801424
1789686468	63634	94.9	93.7	5844	3726	2764	7967	1139	0	53938	3652	8436	3000080	39158	49989	1268	200000	1772632	42492713	134362293	2391	5464616	4105587	2803388
1789686500	63665	95.0	94.6	7533	3856	1865	9522	632	0	50265	3753	8593	3000181	39040	50000	830	200000	1773484	42505503	134480245	2391	5466821	4107483	2805091
1789686530	63696	93.8	93.1	6281	3634	2307	7047	580	0	23509	3276	7791	3000489	39076	50000	1192	200000	1774340	42518439	134582972	2391	5469147	4108989	2806742
1789686561	63727	94.2	93.8	5855	3949	3870	8715	716	0	13754	3440	11147	2999857	38432	49992	1600	200000	1774964	42530848	134650454	2391	5471574	4110479	2808543
1789686586	63752	94.0	92.6	6787	1584	2824	7086	735	0	34561	3543	5105	3000143	38975	49997	1048	200000	1775483	42542860	134712387	2391	5474889	4112706	2810134
1789686620	63786	95.1	94.7	6816	4719	2847	8665	817	0	23057	3359	11322	3000163	39557	49976	1104	200000	1776378	42560867	134792660	2391	5477081	4114321	2811327
1789686652	63818	94.9	94.3	9877	3236	1686	6728	446	0	36418	3558	8485	3000224	39284	50000	738	200000	1777234	42578675	134883497	2391	5479273	4116137	2813291
1789686677	63843	92.0	90.4	5570	3292	2159	8755	132	0	47494	3633	5005	3000235	38690	50000	1251	200000	1777866	42589111	134947474	2411	5481787	4118379	2814347
1789686708	63874	94.6	94.1	7466	2881	1691	6632	102	0	49838	3436	8241	3000899	39180	50000	851	200000	1778705	42616047	135008814	2411	5484199	4120326	2815142
1789686740	63906	93.5	92.9	5660	4422	1466	8405	331	0	28342	3408	7977	3001048	39377	50000	533	200000	1779651	42636458	135089502	2411	5487153	4122461	2816472
1789686770	63936	94.3	93.9	8944	5563	1138	5730	214	0	39867	3397	8081	3001304	40000	50000	418	200000	1780525	42662922	135151876	2411	5489211	4124292	2817511
1789686799	63965	94.0	93.4	7076	2828	2433	7734	239	0	45105	3354	7872	3000691	40000	50000	970	200000	1781219	42679148	135226939	2411	5491641	4125741	2819212
1789686830	63996	92.7	92.0	6172	4111	3523	6840	556	0	19860	3537	8347	3000132	39432	49980	1256	200000	1782021	42695611	135304123	2411	5494855	4127505	2820846
1789686859	64024	91.0	90.4	7032	3791	4011	8274	487	0	18320	3418	8006	2999853	39392	49953	1412	200000	1782785	42712424	135375738	2411	5496926	4129194	2821879
1789686887	64053	94.1	93.4	7594	3108	3924	6825	1187	0	10042	3375	7992	2999530	39258	50000	1313	200000	1783479	42728001	135446847	2411	5500331	4131023	2822998
1789686916	64082	97.2	96.8	9945	3896	1173	6837	692	0	5367	3657	8075	3000596	40000	50000	193	200000	1784350	42748681	135512104	2411	5501156	4133051	2823806
1789686949	64115	92.7	92.2	5130	4604	4142	7473	726	0	1574	3390	8333	2999110	39470	49786	1245	200000	1785078	42772644	135584043	2411	5505052	4134523	2826007
1789686980	64145	96.4	96.0	6123	3223	3761	8103	938	0	2333	3435	7934	2998928	39443	49932	1215	200000	1785762	42782927	135673604	2411	5506548	4136528	2826726
1789687009	64175	96.4	95.7	7499	6236	3154	7165	1890	0	10470	3895	8912	3000144	39924	50000	919	200000	1786603	42801523	135748048	2411	5509376	4138004	2828245
1789687037	64203	97.3	95.4	8672	1626	3385	8988	1784	0	17530	4070	9354	2998860	39526	49981	1272	200000	1787218	42811037	135821751	2411	5511852	4139745	2829644
1789687069	64234	96.2	95.6	6893	3138	2208	7314	658	0	68000	3933	9227	3000364	39959	50000	1115	200000	1787983	42822847	135900089	2411	5513976	4142008	2831634
1789687100	64266	96.7	96.4	6761	3809	2075	8867	730	0	51521	3585	8339	3000010	40000	49884	943	200000	1788956	42837791	136007627	2411	5516141	4143740	2832958
1789687132	64297	94.8	94.5	7611	2082	1746	7211	164	0	66473	3583	8386	3000082	39834	49985	1096	200000	1789843	42847829	136132594	2411	5518329	4145601	2834625
1789687164	64329	97.1	96.5	9638	4532	1877	8830	202	0	48532	3473	8599	3000278	39430	50000	1129	200000	1790833	42858994	136242960	2410	5520890	4147671	2835431
1789687193	64358	94.5	93.6	5349	4056	1596	5873	172	0	44992	3674	8709	3000815	39690	50000	965	200000	1791554	42873391	136314555	2410	5523169	4149559	2836438
1789687222	64388	90.4	89.8	7296	4333	1374	7269	285	0	61322	3353	7890	3000964	39922	50000	750	200000	1792299	42892612	136379563	2410	5525711	4151621	2837229
1789687246	64412	93.5	92.5	6500	2902	1886	5942	353	0	11452	3482	4895	3000404	39658	49994	1045	200000	1792989	42908747	136447182	2409	5528530	4152923	2839143
1789687278	64444	91.1	90.5	10152	2556	3783	7989	373	0	17061	3865	8794	2999746	39418	49966	1432	200000	1793683	42922168	136524308	2409	5531085	4154523	2840788
1789687310	64476	94.3	92.8	6157	3796	4270	7775	2377	0	4407	3841	12266	2999540	39237	49989	1594	200000	1794340	42933387	136593528	2409	5534615	4156338	2842099
1789687335	64501	96.0	95.4	6424	4872	2660	8879	1327	0	7219	3581	4991	3000142	38819	50000	1046	200000	1795055	42947395	136664766	2410	5536380	4157962	2844040
1789687369	64535	94.4	93.8	6231	2435	1626	7082	119	0	54493	3729	8863	3000642	39111	50000	1035	200000	1796012	42972784	136730135	2409	5538972	4161187	2845254
1789687399	64565	95.3	93.4	9501	2971	1746	8703	62	0	56741	3857	9173	3000895	39062	50000	976	200000	1796786	42994811	136788338	2411	5541516	4163277	2846102
1789687435	64601	95.1	94.8	10189	5173	1347	6485	282	0	69817	3620	11878	3000762	40000	50000	687	200000	1797757	43015740	136877487	2409	5543923	4165279	2847176
1789687459	64625	93.0	92.4	5933	4967	1718	8169	148	0	36028	3404	4927	3000488	39700	50000	1079	200000	1798367	43027272	136949077	2409	5546292	4167176	2848170
1789687489	64654	94.3	93.9	10248	3325	1772	5572	143	0	36668	3491	8200	3000666	39692	50000	931	200000	1799314	43050320	137022944	2409	5548594	4169179	2848901
1789687517	64682	91.3	90.4	7108	3154	3320	7913	2005	0	7017	3730	8789	3000088	39635	50000	1006	200000	1799899	43062687	137077013	2409	5552726	4171181	2849797
1789687546	64712	95.1	94.7	8280	2055	3005	6489	1331	0	22750	3515	8391	3000115	39970	50000	981	200000	1800617	43087526	137135036	2409	5554916	4173325	2850956
1789687576	64742	93.4	92.3	5952	2387	2568	8228	991	0	24617	4526	10436	2999806	39847	50000	1046	200000	1801231	43095462	137201357	2409	5557240	4174961	2852857
1789687607	64773	93.7	93.1	8643	3081	2933	7396	1123	0	16365	3691	8571	3000088	39846	50000	863	200000	1801914	43111311	137272286	2409	5559679	4176649	2854891
1789687641	64807	94.8	94.3	7623	2769	1664	9023	232	0	68385	3669	8670	3000225	39647	50000	948	200000	1802854	43123407	137393505	2409	5561967	4179013	2856201
1789687673	64839	94.5	94.1	8838	5490	1394	6355	218	0	78990	3609	8380	3000357	40000	50000	777	200000	1803744	43141538	137489426	2409	5564341	4180989	2857117
1789687702	64868	94.2	93.8	8664	2558	1862	7942	182	0	81115	3468	8235	3000020	40000	50000	1050	200000	1804410	43153383	137572737	2409	5566396	4182663	2858157
1789687733	64898	92.2	91.8	6293	5073	2616	5889	621	0	75090	3512	8374	3000176	39753	50000	1222	200000	1805199	43162196	137668961	2409	5568870	4184419	2858814
1789687757	64923	92.7	92.3	6568	5859	3209	7563	1573	0	45817	3289	4476	2999872	39633	49759	1262	200000	1806076	43175870	137764414	2409	5571295	4185577	2859879
1789687786	64952	92.6	92.5	6646	4616	3127	6304	1051	0	44235	3441	8002	2999191	40000	49975	1061	200000	1806791	43189590	137843353	2409	5573810	4187226	2861651
1789687817	64983	93.4	92.9	7086	5718	2885	7837	1641	0	9729	3745	8437	2999162	39412	50000	807	200000	1807734	43204189	137958268	2409	5575720	4188332	2863326
1789687846	65012	92.7	92.2	6509	3129	2865	7627	1094	0	3133	3506	8410	2999762	38838	50000	1141	200000	1808490	43211442	138058090	2409	5577842	4189505	2865029
1789687875	65041	93.6	91.4	8156	3459	2711	9306	734	0	24393	4149	9254	3000218	38471	50000	1159	200000	1809020	43223096	138122688	2409	5580136	4191249	2867078
1789687910	65075	97.2	96.7	7392	2706	1493	6985	296	0	56383	3768	8831	3000513	38754	50000	818	200000	1809958	43242715	138221476	2412	5582692	4193801	2868542
1789687936	65102	97.0	96.4	10343	2792	2188	8578	73	0	43286	3502	8124	3000774	39030	50000	1005	200000	1810663	43259758	138286713	2410	5584863	4195204	2869223
1789687969	65134	95.9	95.2	6776	4326	1964	7060	841	0	20333	3623	8562	3000803	39634	50000	733	200000	1811565	43273658	138389616	2409	5587941	4197065	2871557
1789687998	65164	96.5	96.3	5362	3510	4174	9788	673	0	13186	3233	7985	3000020	38811	50000	1775	200000	1812354	43293323	138458413	2411	5591668	4199153	2872505
1789688026	65192	96.9	94.7	6723	2251	3269	7126	761	0	35543	3712	8859	2999813	38594	50000	1457	200000	1812905	43305028	138516293	2409	5593620	4201572	2874120
1789688062	65227	97.8	97.2	9260	4223	1994	9068	742	0	28094	3610	12473	3000384	39715	50000	835	200000	1813881	43332926	138583219	2409	5596441	4203940	2875768
1789688090	65256	91.6	89.6	7951	3018	3395	7609	1901	0	19504	3934	9138	3000256	39665	50000	1150	200000	1814333	43342205	138639050	2409	5600119	4205760	2877005
1789688119	65285	87.6	85.3	7674	4322	3894	9876	1853	0	10199	3904	9248	3000226	39309	50000	1370	200000	1814930	43360570	138680601	2409	5602746	4206910	2879082
1789688152	65318	95.0	94.5	8229	1931	1798	7337	403	0	55627	3987	9322	3000379	39585	50000	872	200000	1815715	43382285	138752234	2409	5604876	4209467	2881403
1789688182	65348	92.7	92.2	7413	2307	1876	9133	386	0	52603	3593	8484	3000740	40000	50000	1122	200000	1816573	43401287	138817055	2409	5607417	4211633	2882338
1789688214	65380	96.0	94.4	6342	5129	1233	6283	153	0	60450	4002	8670	3000281	40000	50000	654	200000	1817482	43420478	138897233	2409	5609469	4213222	2883528
1789688239	65405	93.0	92.2	8801	4054	1644	8056	51	0	60491	3554	4729	3000145	39736	50000	924	200000	1818175	43429824	138978395	2409	5611776	4215142	2884385
1789688271	65437	95.3	94.9	8782	4861	1410	5721	255	0	71880	3369	7915	3000547	40000	50000	808	200000	1819099	43449717	139070681	2409	5614166	4217163	2885401
1789688299	65465	93.7	93.2	8564	2821	1472	7355	265	0	98025	3450	7728	3000125	40000	50000	855	200000	1819801	43464489	139143312	2409	5616385	4219135	2886272
1789688330	65495	93.2	92.8	11148	2768	2829	6102	875	0	30717	3471	7824	2999924	40000	49998	1089	200000	1820615	43478642	139240026	2409	5618731	4220007	2887246
1789688358	65524	91.7	91.1	6950	3900	2773	8329	1110	0	25548	3613	8194	2999929	39669	49977	1048	200000	1821371	43490866	139321879	2409	5621290	4221220	2889746
1789688388	65553	93.4	93.0	8001	3055	2246	6819	695	0	38192	3297	7878	3000154	39724	50000	856	200000	1822202	43499523	139425550	2409	5623457	4222910	2891733
1789688421	65586	94.3	93.9	10090	3779	2022	8656	441	0	33407	3410	8219	3000200	40000	50000	970	200000	1823108	43510878	139547040	2409	5625705	4224603	2893576
1789688454	65620	95.7	95.5	8603	2589	1020	6579	228	0	69611	3247	7779	3000226	40000	50000	429	200000	1824304	43526405	139677253	2410	5628082	4226632	2894631
1789688481	65646	91.7	90.8	9013	3336	2172	8699	78	0	53219	3247	7374	3000268	39172	50000	1278	200000	1824808	43533542	139749529	2410	5630581	4228666	2895248
1789688513	65678	94.9	94.6	12708	3867	1584	6249	537	0	80837	3508	8061	3000617	39485	50000	840	200000	1825744	43555985	139835234	2410	5633020	4230557	2896404
1789688540	65706	91.5	90.9	7773	4238	2068	8035	508	0	56929	3416	7740	3000459	39316	50000	1157	200000	1826391	43569989	139913081	2409	5635241	4232193	2897717
1789688572	65738	94.6	94.3	6090	4234	1466	6003	501	0	50597	3455	8068	3000476	40000	50000	520	200000	1827374	43588610	140009170	2409	5637611	4234028	2899000
1789688601	65766	93.0	92.2	7831	2854	1718	7893	165	0	35059	3298	7793	3000404	39337	50000	1098	200000	1828102	43603582	140090537	2409	5640081	4235987	2900334
1789688628	65794	93.9	92.1	6445	3828	1063	5838	262	0	20851	3503	8451	3000448	39241	50000	455	200000	1828993	43619238	140148232	2409	5642590	4237741	2901606
1789688659	65824	92.4	91.7	5466	4071	3622	8867	1268	0	1308	3465	8068	3000145	38539	50000	1088	200000	1829649	43636972	140215967	2409	5646654	4239742	2902742
1789688689	65854	92.3	91.4	10305	2409	3771	7253	2244	0	2059	3461	8280	3000479	39011	50000	1264	200000	1830453	43661171	140265986	2409	5649085	4241813	2903627
1789688718	65884	94.3	94.3	8074	4400	4132	8948	576	0	16585	3399	7927	3000249	39088	49867	1634	200000	1831257	43680693	140346532	2409	5651663	4244026	2904296
1789688746	65912	93.8	92.6	8965	2415	3494	7597	1144	0	8501	3642	8593	2999573	39177	49964	1346	200000	1831828	43699711	140398065	2409	5653951	4245298	2907214
1789688777	65943	96.0	95.3	6078	2972	1919	8873	547	0	55786	3479	8634	3000302	39266	50000	955	200000	1832695	43715483	140484169	2413	5655917	4247802	2908736
1789688808	65974	96.4	96.0	6118	2974	1657	7281	152	0	79866	3416	7829	3000470	39528	50000	801	200000	1833546	43737762	140557040	2413	5658507	4250034	2909461
1789688838	66004	95.3	94.8	7295	4780	2791	9127	1030	0	24704	3490	7542	3000264	39546	49910	1281	200000	1834368	43755890	140629911	2413	5660754	4251326	2910633
1789688868	66034	96.8	96.2	8054	2492	1912	6929	600	0	50537	3355	7981	3000273	39517	50000	983	200000	1835247	43765058	140741137	2413	5663263	4252970	2913035
1789688898	66063	94.6	94.3	10417	5433	1408	8338	111	0	37337	3599	7849	3000586	40000	50000	706	200000	1836138	43781536	140836016	2413	5665254	4254553	2914510
1789688929	66095	95.1	94.8	10952	3333	1153	6913	438	0	15647	3362	7651	3000289	40000	50000	358	200000	1836996	43792473	140960591	2413	5667795	4256284	2915796
1789688960	66126	96.2	95.3	10082	5277	1416	8573	195	0	43317	3484	8003	3000264	40000	50000	487	200000	1837953	43809179	141067129	2413	5670064	4258200	2916876
1789688991	66157	95.0	94.0	10134	5053	1515	5870	182	0	51888	3601	8193	3000223	40000	50000	870	200000	1838785	43821247	141159850	2413	5672195	4260195	2917694
1789689025	66191	87.7	87.5	11991	5262	1434	7499	233	0	43863	3289	7751	3000070	40000	50000	847	200000	1839717	43836318	141276252	2413	5674654	4262218	2918740
1789689055	66221	93.0	92.1	5567	3790	1752	5587	89	0	78854	3391	7907	3000285	40000	50000	1067	200000	1840466	43852431	141366247	2413	5676889	4264069	2919418
1789689082	66248	91.4	90.5	9866	3195	2024	7337	133	0	62172	3530	4859	3000345	39941	50000	1265	200000	1841225	43864848	141458662	2413	5679341	4266040	2920555
1789689109	66275	94.3	94.0	7419	4860	1744	5786	217	0	87613	3424	7770	3000256	39826	50000	973	200000	1841903	43878661	141534202	2413	5681539	4267766	2921699
1789689139	66305	91.5	91.1	7202	4721	1810	7479	393	0	93663	3348	7637	3000140	39832	50000	964	200000	1842736	43892714	141621137	2413	5683888	4269534	2922562
1789689170	66335	91.2	90.8	10233	4792	2480	6392	186	0	58910	3738	8179	3000281	39547	49984	1384	200000	1843394	43908529	141699985	2413	5686255	4271170	2924179
1789689202	66368	95.5	95.0	6378	5347	1735	7770	369	0	73316	3724	8242	3000464	39617	50000	1032	200000	1844491	43925937	141813570	2413	5688634	4273322	2925031
1789689229	66394	93.1	92.4	7665	3709	1936	5789	357	0	41565	3506	7729	3000302	39608	50000	1055	200000	1845101	43938762	141872658	2413	5690769	4275009	2926046
1789689261	66427	93.3	91.1	10815	3009	1394	7333	431	0	40715	3725	8918	3000617	39710	50000	526	200000	1846193	43957493	141952364	2413	5693449	4276855	2927166
1789689291	66457	94.5	93.1	5680	5160	1053	5677	224	0	23876	3658	8311	3000946	40000	50000	434	200000	1846995	43975863	142040807	2413	5695854	4278543	2928744
1789689323	66488	89.7	88.9	9123	2366	3894	7809	724	0	15847	3430	8261	3000207	38769	49986	1523	200000	1847625	43989944	142113547	2413	5698899	4280431	2930058
1789689347	66512	93.5	92.8	7668	3794	3955	7095	844	0	6274	3490	4749	3000068	38489	50000	1545	200000	1848258	44009964	142159283	2413	5702244	4282282	2931012
1789689376	66542	94.7	93.6	7133	2540	3092	8297	1226	0	26242	3480	8302	3000636	39111	50000	1180	200000	1848810	44029289	142214439	2413	5704360	4284603	2932260
1789689410	66576	94.9	94.4	8419	4647	2783	6599	392	0	65716	3445	11486	3000876	39857	50000	1354	200000	1849517	44059325	142265473	2413	5706805	4287088	2933078
1789689442	66607	95.1	94.7	7839	4319	2424	8079	372	0	63383	3664	8371	3000199	39585	50000	1223	200000	1850302	44077523	142341402	2413	5709099	4289200	2934081
1789689468	66634	94.3	93.7	7986	3827	2741	5796	894	0	70419	3273	4574	3000380	39689	50000	1178	200000	1851115	44100833	142406294	2413	5711555	4290995	2934691
1789689496	66662	93.1	92.6	10344	4238	3391	7529	1835	0	39379	3586	8139	2999601	39344	49951	1357	200000	1851921	44116972	142485984	2413	5714068	4292522	2935562
1789689526	66692	93.2	92.8	6586	5572	3084	7208	1444	0	11661	3639	8655	3000045	39997	49933	1178	200000	1852673	44134090	142553979	2413	5716177	4293561	2937970
1789689557	66722	95.6	95.1	5997	3174	2493	8625	870	0	57612	3603	8519	3000104	39866	50000	1106	200000	1853449	44143622	142646996	2413	5718534	4296030	2939006
1789689586	66752	94.5	92.7	7253	4846	3737	7592	1789	0	16832	3892	8508	3000279	39404	50000	1472	200000	1854151	44164713	142718386	2413	5721031	4297308	2939887
1789689619	66785	93.6	93.3	9608	2086	1918	9048	394	0	90615	3679	8869	3000066	39435	49995	988	200000	1854838	44186715	142799338	2413	5723301	4300369	2941447
1789689651	66817	94.4	94.1	13142	2852	2494	6538	479	0	60392	3914	9263	3000099	40000	50000	1113	200000	1855842	44206189	142885952	2413	5725719	4301802	2942405
1789689681	66847	95.3	94.9	8905	2417	2144	7906	434	0	51312	3715	8835	3000090	39900	50000	999	200000	1856680	44217517	142976560	2413	5727844	4303686	2943524
1789689710	66876	93.8	93.5	7702	4561	2949	6136	1221	0	36727	3428	4821	3000087	39929	49939	971	200000	1857688	44236126	143084998	2413	5730353	4304983	2944334
1789689737	66903	93.1	93.0	9632	5610	3652	8066	1014	0	833	3536	7819	2998276	39485	49861	1041	200000	1858460	44247300	143189730	2413	5732755	4306066	2945449
1789689770	66936	91.8	91.5	10074	4079	3878	6380	552	0	6387	3467	7879	2998490	39354	49880	1198	200000	1859464	44262157	143306857	2413	5734275	4308103	2946255
1789689799	66965	95.0	94.7	8056	4982	1043	7385	503	0	19298	3809	5013	3000448	40000	50000	332	200000	1860454	44279474	143421546	2413	5735930	4310043	2947314
1789689831	66997	94.3	94.0	6911	3788	1511	5994	309	0	49717	3807	8473	3000530	40000	50000	531	200000	1861250	44294039	143520452	2413	5738445	4312019	2948416
1789689859	67025	95.5	95.1	5247	3005	1627	7618	81	0	62968	3561	8320	3000484	39991	50000	800	200000	1861878	44304422	143593174	2413	5740396	4313840	2949093
1789689889	67055	95.5	94.7	8307	5928	1989	5967	285	0	31792	3850	8737	3000317	39334	50000	1193	200000	1862682	44316609	143687497	2413	5742945	4315893	2950488
1789689923	67089	93.2	92.9	8160	5014	1589	7181	538	0	43661	3624	8653	3000905	39767	50000	583	200000	1863686	44343048	143765253	2413	5745441	4317714	2951303
1789689948	67113	91.3	90.6	7134	2040	3368	6484	1343	0	3087	3919	5346	2999969	39579	50000	972	200000	1864229	44352423	143830590	2414	5749193	4319530	2952681
1789689978	67143	93.6	93.2	11276	3336	4159	7039	415	0	7977	4080	9086	2999051	38997	49982	1654	200000	1865062	44370400	143916729	2413	5750342	4321342	2953567
1789690006	67172	92.5	91.3	5460	2762	3365	6612	1170	0	10351	3967	9192	2999608	39038	49992	1317	200000	1865623	44379552	143977593	2413	5753407	4323203	2955523
1789690036	67202	93.7	93.1	8419	3612	3141	8797	654	0	33682	3850	9146	3000111	39036	49996	1322	200000	1866303	44392948	144047685	2413	5756266	4325238	2956924
1789690070	67236	95.2	94.2	8217	2031	2451	7122	929	0	29188	4144	9399	3000318	38949	50000	1158	200000	1867091	44424202	144114480	2413	5758335	4326718	2958817
1789690099	67265	92.4	91.6	6515	2267	3028	9493	604	0	23116	3937	9179	2999856	38515	49964	1172	200000	1867734	44438196	144182964	2413	5761318	4328499	2960931
1789690130	67296	94.0	93.2	7403	3074	3395	7912	1565	0	5811	3833	8816	2999960	38293	50000	1445	200000	1868524	44457154	144255435	2413	5764245	4329948	2963087
1789690159	67325	94.9	94.5	9807	1735	2841	9417	1317	0	40651	3864	8777	3000056	38613	49958	1241	200000	1869187	44472431	144318705	2413	5766798	4332218	2964105
1789690186	67352	94.3	93.9	7439	4520	3140	7199	1659	0	6745	3502	4636	3000234	38833	50000	1070	200000	1869983	44496141	144384663	2413	5769104	4333673	2965221
1789690217	67382	94.3	93.8	8552	2512	3490	8848	1817	0	24083	3545	8330	3000152	38959	49952	1408	200000	1870895	44511095	144480306	2413	5771547	4335783	2965896
1789690246	67411	94.5	94.2	6513	5747	2771	6973	1392	0	43512	3643	8350	2999915	39504	49954	1004	200000	1871603	44524175	144565447	2413	5773931	4338104	2966863
1789690276	67442	92.5	91.8	9055	4556	3705	9077	2108	0	11376	3828	8610	2999103	39036	49865	1526	200000	1872444	44549283	144646754	2413	5776298	4339097	2968624
1789690312	67478	95.5	95.3	8821	1549	1549	7216	311	0	112642	3626	8672	3000170	39462	50000	682	200000	1873216	44561309	144756843	2417	5778846	4342994	2969292
1789690337	67503	91.6	91.5	14920	6709	3827	9359	1104	0	463	3554	4544	2998613	39468	49889	1120	200000	1874518	44591658	144851847	2430	5781351	4343235	2969976
1789690365	67531	97.3	96.2	9187	4758	1068	5790	582	0	2059	4009	8754	3000371	40000	50000	235	200000	1875308	44600301	144948015	2431	5782018	4344997	2971133
1789690399	67565	94.4	94.2	8758	4988	796	7515	329	0	14023	3740	8734	3000208	40000	50000	62	200000	1876354	44614093	145079797	2429	5784161	4346740	2972281
1789690427	67593	92.9	92.6	7228	2850	1062	6203	351	0	17328	3967	5179	3000300	40000	50000	35	200000	1877190	44625847	145189231	2429	5786519	4348104	2973951
1789690457	67623	94.0	93.6	10229	3058	1207	8067	590	0	16085	3730	8612	3000305	40000	50000	321	200000	1877972	44636446	145288660	2427	5789122	4349986	2975224
1789690490	67656	94.4	94.1	7338	6439	1533	5918	165	0	49135	3607	8600	3000501	40000	50000	693	200000	1878885	44652985	145396419	2427	5791192	4351751	2976517
1789690521	67687	94.0	93.6	6815	2633	1811	7797	123	0	65785	3588	8215	3000530	39916	50000	896	200000	1879637	44665550	145497216	2427	5793434	4353363	2977431
1789690554	67720	93.4	92.8	10186	4145	2244	6700	582	0	61331	4080	9010	3000203	39537	50000	1055	200000	1880542	44681879	145591506	2428	5796391	4355292	2979040
1789690581	67746	93.7	93.1	7577	2808	2791	8668	1167	0	41544	4063	8851	3000146	39491	50000	1286	200000	1881151	44696165	145649024	2427	5798845	4356867	2980476
1789690607	67773	95.8	95.6	4692	3743	1543	5499	535	0	28473	3611	4845	3000389	40000	50000	453	200000	1881941	44715472	145738876	2427	5800567	4358490	2981595
1789690639	67805	91.7	90.6	8467	4710	3734	7637	803	0	18974	3977	9008	3000034	39392	49992	1425	200000	1882751	44733160	145821336	2427	5803497	4360312	2982712
1789690667	67833	97.9	97.0	7191	3340	4446	7405	909	0	9458	3728	8429	3000115	38877	49979	1715	200000	1883420	44749131	145875599	2427	5806943	4361953	2984034
1789690696	67861	96.0	94.6	6494	3174	3216	8809	1639	0	11738	3704	9007	3000210	38856	50000	1272	200000	1884094	44767656	145934169	2427	5809086	4363799	2986145
1789690730	67895	97.4	97.0	8015	2151	1978	7239	322	0	84235	3895	9354	3000531	39374	50000	1059	200000	1884995	44792497	146001885	2425	5811458	4367139	2987082
1789690760	67926	94.4	93.9	9979	3781	1743	9008	129	0	77590	3915	9011	3000361	39354	50000	1078	200000	1885828	44812365	146079306	2425	5813874	4369119	2988390
1789690791	67957	95.3	94.8	10287	5800	3078	6571	927	0	48732	3878	8642	3000384	39404	49938	1388	200000	1886680	44830325	146159129	2425	5816407	4370208	2988990
1789690819	67985	87.6	87.1	5763	4141	1885	8379	333	0	45113	4028	5469	3000245	39414	50000	927	200000	1887411	44845287	146230413	2425	5818645	4372124	2991441
1789690850	68015	95.5	95.1	5466	4742	1663	6134	97	0	40286	3766	8769	3000918	39622	50000	829	200000	1888326	44863033	146323961	2425	5820925	4373632	2993065
1789690879	68045	90.7	90.0	6109	4145	3908	8392	732	0	14596	3511	8266	2999518	38766	49853	1347	200000	1888945	44875276	146391111	2425	5824396	4375649	2994146
1789690909	68075	97.8	97.5	11630	5073	1180	5922	182	0	27819	3500	8134	3000994	39729	50000	661	200000	1889900	44903541	146468111	2427	5825771	4377753	2994978
1789690940	68106	94.7	94.2	8204	6535	1491	7713	229	0	46002	3583	8336	3000681	39780	50000	812	200000	1890784	44919624	146570451	2427	5828413	4379959	2995659
1789690970	68135	95.7	95.3	7770	5407	1259	5790	197	0	49528	3501	8255	3000598	40000	50000	701	200000	1891643	44936616	146654201	2427	5830552	4381982	2996497
1789691003	68169	95.0	94.6	8445	4377	1291	7540	164	0	72934	3604	8323	3000414	39940	50000	695	200000	1892673	44954455	146760776	2427	5833200	4384100	2997315
1789691028	68194	94.4	93.9	5648	4402	2292	5961	16	0	74839	3451	7744	3000313	39863	50000	1305	200000	1893196	44969799	146812363	2427	5835461	4385571	2998044
1789691059	68225	94.4	94.1	6836	4983	1531	7735	349	0	54268	3663	8135	3000016	40000	50000	841	200000	1894001	44982716	146930894	2427	5837868	4387274	3000392
1789691090	68256	94.4	94.0	8385	3197	1530	5995	83	0	57430	3463	8073	3000342	39845	50000	923	200000	1894923	44996338	147036577	2427	5840131	4389352	3001059
1789691120	68286	94.9	94.6	9736	2748	1437	7475	185	0	67570	3402	7760	3000396	39955	50000	861	200000	1895742	45009129	147131153	2427	5842415	4391335	3001972
1789691148	68314	94.0	93.6	7196	4106	2058	5862	436	0	81811	3416	7896	3000288	39681	49987	1074	200000	1896489	45026216	147208660	2427	5844856	4393268	3002815
1789691179	68345	93.0	92.5	6909	4071	3137	7711	971	0	26556	3394	7619	3000171	39590	49906	1387	200000	1897355	45039557	147313926	2427	5847211	4394075	3004091
1789691212	68378	94.5	94.1	8773	2145	1408	6199	90	0	89349	3321	8044	3000049	40000	50000	920	200000	1898329	45057765	147424209	2427	5849509	4397017	3005623
1789691240	68406	93.3	92.6	8463	5092	2521	7996	344	0	72512	3331	7777	3000346	39578	50000	1314	200000	1899099	45072287	147494250	2427	5852034	4398761	3006310
1789691272	68437	93.9	93.6	7371	5710	1690	6480	307	0	69332	3470	7960	3000455	40000	50000	926	200000	1899972	45090952	147575663	2427	5854253	4400688	3007548
1789691299	68465	93.4	92.6	7792	4972	1799	8099	186	0	57854	3553	7912	3000494	39415	50000	1025	200000	1900733	45103641	147661236	2427	5856478	4402526	3008654
1789691328	68494	95.3	94.6	8445	3744	1903	5980	370	0	34985	3433	8303	3000377	39122	50000	1076	200000	1901515	45120523	147735884	2427	5859104	4404496	3009643
1789691358	68524	95.3	95.1	8096	3493	1290	7196	381	0	18630	3442	8014	3000982	39903	50000	413	200000	1902336	45143391	147813138	2427	5861610	4406441	3010587
1789691389	68555	91.4	90.7	9073	4672	3900	5863	783	0	8150	3320	7959	3000143	39018	49932	1377	200000	1902986	45165354	147891246	2427	5864660	4408453	3011531
1789691418	68584	94.4	94.1	10402	3176	3999	8479	1092	0	3975	3466	8071	3000176	39482	50000	1358	200000	1903778	45190498	147943947	2427	5868189	4410566	3012250
1789691449	68614	94.6	94.1	6410	4891	4417	5746	448	0	1676	3438	7861	2998855	38941	49857	1512	200000	1904647	45208016	148042054	2427	5869140	4412516	3013735
1789691476	68642	93.8	92.5	7915	3275	2252	8428	1379	0	1908	3669	8560	2999384	39136	49969	685	200000	1905286	45220907	148107809	2427	5872088	4413574	3016505
1789691508	68674	93.4	93.2	7081	3186	4250	8314	642	0	25847	3490	8196	3000147	38803	49833	1524	200000	1906172	45238685	148195033	2427	5875428	4415499	3017960
1789691536	68702	95.0	94.0	5413	1844	2112	9808	795	0	71282	3603	8542	2999645	38934	49998	989	200000	1906640	45248666	148250647	2429	5877532	4417630	3020206
1789691568	68734	96.5	96.0	9582	4585	3040	7298	1190	0	41754	3542	8273	3000398	38911	50000	1413	200000	1907549	45268246	148363943	2426	5879809	4419097	3020923
1789691599	68765	97.5	97.1	5492	2811	1442	8845	133	0	64167	3762	8639	3000310	38932	50000	892	200000	1908434	45287564	148439023	2426	5882070	4421444	3022848
1789691630	68795	97.5	97.2	8219	3807	1370	6068	139	0	71953	3575	8259	3000392	39305	50000	806	200000	1909264	45307099	148537938	2426	5884317	4423446	3023762
1789691665	68830	97.4	97.1	10209	3465	1377	7770	165	0	69418	3534	8328	3000436	39357	50000	720	200000	1910417	45332872	148657148	2426	5886858	4425583	3024607
1789691687	68853	94.6	94.1	6068	4861	2824	5850	536	0	52272	3591	4708	3000254	39327	49683	1456	200000	1911022	45345336	148725139	2426	5889259	4427147	3025194
1789691720	68886	90.1	89.7	8127	5119	1958	7528	766	0	98800	4132	8846	3000206	39784	50000	847	200000	1911837	45356545	148836581	2426	5891767	4429126	3026655
1789691747	68913	93.5	93.2	9440	4603	3095	6096	1282	0	32574	3660	8279	2999820	39551	49993	1123	200000	1912506	45365439	148922053	2426	5893922	4429897	3027824
1789691781	68947	94.2	93.7	7759	2834	2326	8296	416	0	53516	3915	8942	3000023	39710	50000	1288	200000	1913363	45379885	149031982	2426	5896429	4432173	3030099
1789691812	68978	95.4	95.0	5880	4392	1786	6251	423	0	72970	3692	8485	3000411	39883	50000	841	200000	1914230	45395100	149134231	2426	5898470	4433795	3031314
1789691838	69004	95.1	93.3	6867	3216	1385	7809	24	0	59229	4014	5242	3000346	40000	50000	420	200000	1914965	45411323	149226254	2426	5900558	4435136	3032744
1789691869	69035	93.1	92.8	7372	4679	2444	6742	28	0	60201	3869	8847	3000183	39685	50000	1312	200000	1915661	45421026	149318873	2426	5903213	4436764	3034210
1789691898	69064	95.4	94.9	6832	6117	1507	8191	41	0	36112	3751	8587	3000243	39429	50000	952	200000	1916484	45432363	149392456	2426	5905321	4438470	3036037
1789691932	69098	92.7	92.3	6164	3111	3888	6279	813	0	17418	3553	8314	3000017	39161	49986	1344	200000	1917411	45452602	149489657	2426	5908670	4440393	3037122
1789691962	69127	94.7	94.1	9508	3112	3677	8889	1396	0	8416	3659	8746	3000122	39532	49966	1073	200000	1918157	45472022	149553926	2426	5912075	4442347	3038077
1789691990	69156	97.8	97.5	9285	2464	1062	5508	258	0	42617	3552	4692	3000652	40000	50000	446	200000	1919289	45499323	149666778	2426	5912514	4444447	3038687
1789692018	69184	92.6	91.8	6849	2828	2180	7503	63	0	44780	3680	8210	3000776	39504	50000	1231	200000	1919827	45512472	149725449	2426	5914983	4446376	3039593
1789692048	69214	95.3	94.8	12246	3755	1791	5829	380	0	56199	3916	8927	3000635	39889	50000	842	200000	1920617	45539354	149795648	2426	5917227	4447981	3040777
1789692080	69245	92.9	92.3	9461	2115	1536	7586	441	0	27848	3698	8695	3000563	39845	50000	635	200000	1921459	45551378	149889561	2426	5919847	4449891	3042336
1789692109	69275	92.0	91.0	8211	4763	3553	7030	762	0	10154	4051	9165	3000109	39636	50000	1286	200000	1922183	45568568	149949376	2426	5923481	4451743	3043330
1789692140	69306	94.2	93.3	12209	1162	4219	8875	2391	0	2025	3684	8634	2999077	39277	49806	1585	200000	1923017	45585941	150022573	2426	5926110	4453777	3044238
1789692170	69336	94.5	92.6	9641	3115	3722	6962	2300	0	1555	4028	9158	2999748	39307	50000	1079	200000	1923776	45598395	150106203	2426	5928576	4455955	3045130
1789692199	69365	92.7	92.6	13063	4597	4368	7671	301	0	2969	3730	4809	2998724	38931	49905	1594	200000	1924718	45622182	150206021	2426	5929713	4457594	3046378
1789692229	69395	93.9	79.7	8492	3302	4168	6586	646	0	4067	4329	9715	2999093	39203	49968	1493	200000	1925337	45637665	150287750	2426	5932462	4459373	3047939
1789692259	69424	95.4	94.8	9246	2682	3343	9110	1470	0	5686	3982	9137	3000134	39942	50000	769	200000	1926113	45656662	150355316	2426	5935962	4461481	3048936
1789692288	69453	97.2	96.8	7050	5096	1321	5990	356	0	25037	3892	5101	3000295	40000	50000	431	200000	1927261	45683248	150473669	2427	5936744	4463497	3049847
1789692319	69485	90.5	90.1	8566	2761	4072	8672	306	0	1703	3699	8400	2998709	39382	49898	1125	200000	1928011	45698552	150554139	2427	5939796	4464782	3051672
1789692350	69516	97.6	97.1	7525	2676	1323	6345	540	0	28084	3837	8829	3000317	39776	50000	412	200000	1928858	45711193	150665941	2428	5941672	4466800	3052686
1789692381	69547	94.6	94.3	6128	3976	1287	7887	106	0	52102	3564	8393	3000485	40000	50000	571	200000	1929771	45726950	150774779	2427	5943508	4468459	3053941
1789692411	69577	95.6	95.1	7901	3290	1710	5924	166	0	58217	3613	8533	3000432	39819	50000	1067	200000	1930445	45737508	150862140	2427	5946032	4470647	3054871
1789692441	69607	97.6	97.3	9064	6116	1279	7290	192	0	84736	3655	8551	3000420	39919	50000	671	200000	1931313	45753695	150960890	2427	5948386	4472711	3055557
1789692473	69638	96.5	96.1	5984	2817	2103	5776	228	0	59871	3601	8557	3000458	39870	49967	1390	200000	1932193	45770179	151057102	2427	5950846	4474881	3056372
1789692503	69669	97.8	96.6	9492	4267	1591	6877	82	0	82857	4019	5384	3000189	40000	50000	802	200000	1933019	45789468	151153315	2427	5953021	4476385	3057346
1789692527	69693	95.0	94.6	7992	2570	1649	5757	134	0	84423	3709	8438	3000208	39900	49943	1029	200000	1933419	45797473	151205773	2427	5955272	4478416	3058693
1789692558	69724	95.1	94.7	10645	3863	3074	7563	943	0	36809	3777	8623	3000316	39677	49904	1336	200000	1934433	45810502	151316078	2429	5957860	4479490	3059384
1789692595	69761	90.8	90.2	6117	4456	1729	6497	252	0	50572	4003	9454	3000609	39921	50000	994	200000	1935415	45826408	151447564	2432	5960196	4481636	3061845
1789692617	69782	85.4	83.5	8696	2255	3081	8640	388	0	26620	3721	5059	3000029	39089	50000	1575	200000	1935896	45836069	151477891	2429	5963148	4483397	3062887
1789692648	69814	93.1	92.8	9518	2143	3584	7182	372	0	28597	3903	9257	3000175	39502	49977	1257	200000	1936652	45855361	151550524	2430	5965833	4485456	3063953
1789692675	69841	94.8	93.6	8233	2043	2755	9293	854	0	12507	3969	9325	3000109	39168	50000	1262	200000	1937250	45867383	151607883	2429	5968699	4487322	3065649
1789692708	69874	92.3	91.7	7724	2296	3306	8119	1009	0	24190	3923	9643	3000159	39049	50000	1339	200000	1938002	45890104	151654237	2433	5972359	4489723	3067100
1789692736	69902	93.7	93.2	7929	1995	2974	9952	831	0	15668	4037	9538	3000168	38952	50000	1149	200000	1938584	45902638	151715758	2433	5974792	4491046	3069246
1789692767	69933	93.9	93.3	5841	3779	2752	8320	1486	0	30841	4037	8837	3000150	38910	50000	865	200000	1939348	45914059	151797592	2433	5977709	4493057	3071120
1789692797	69963	92.6	92.2	6697	6039	3128	10233	1782	0	29770	3712	8328	3000110	38965	50000	1142	200000	1940196	45932558	151871730	2433	5980194	4494784	3072180
1789692828	69994	92.4	91.8	7149	2794	2980	7974	1043	0	41469	3822	9117	3000027	38771	49911	1418	200000	1940863	45942631	151953867	2433	5982464	4496431	3074223
1789692859	70025	94.8	92.8	8082	3537	2585	9438	448	0	80428	3851	8837	3000253	38758	50000	1281	200000	1941590	45956686	152037010	2433	5984989	4498954	3075197
1789692885	70051	93.3	90.1	8918	6077	3580	7352	1075	0	10848	4355	9004	3000014	38754	49989	1376	200000	1942303	45976481	152095769	2441	5987333	4499685	3076521
1789692923	70089	92.8	92.4	8049	2728	2126	9734	212	0	96073	3927	9326	3000159	39287	50000	1410	200000	1943325	45991121	152218734	2441	5989978	4502695	3079331
1789692950	70116	94.7	94.3	7310	5460	2002	6506	448	0	84330	3601	7953	3000143	39132	50000	913	200000	1944021	46000620	152305009	2441	5992321	4504120	3080171
1789692980	70146	94.2	93.7	9764	6063	2562	8195	715	0	52608	3322	7577	3000135	39374	50000	1141	200000	1944979	46015276	152406134	2441	5994615	4505868	3080905
1789693010	70176	93.5	93.1	10154	2650	3241	6190	1382	0	35558	3452	8090	2999813	39700	49983	1336	200000	1945795	46032312	152495227	2441	5997136	4507274	3081967
1789693041	70207	94.4	93.9	7564	2443	2697	7806	907	0	63126	3550	8284	3000064	39581	49998	1248	200000	1946603	46045451	152597108	2441	5999440	4509346	3083371
1789693067	70232	93.1	92.5	6852	4241	2469	6632	800	0	61826	3342	4753	2999984	39754	50000	1072	200000	1947368	46055627	152689258	2441	6001757	4511313	3084411
1789693101	70267	94.8	94.4	6595	5802	3038	8438	1378	0	48418	3570	11765	2999753	39432	49956	1124	200000	1948273	46071717	152785074	2441	6004285	4513014	3085249
1789693126	70292	92.4	92.1	5984	5031	3039	6500	1668	0	11653	3692	4654	2999328	39741	49925	1153	200000	1948978	46086624	152868087	2441	6006322	4513669	3087601
1789693157	70323	93.8	93.5	6330	2827	2846	8005	1161	0	48456	3444	8080	2999725	39800	49938	1077	200000	1949739	46094830	152968414	2441	6008682	4516128	3088401
1789693186	70351	93.5	92.9	6821	5352	3600	7147	1917	0	2976	3586	8234	2999231	39319	50000	1264	200000	1950674	46107906	153071542	2441	6010920	4517332	3089370
1789693216	70382	94.4	93.9	7874	1831	2969	8558	1084	0	54093	3488	8107	3000281	39103	50000	1268	200000	1951350	46120992	153157496	2441	6013215	4519795	3090315
1789693248	70414	92.5	91.0	8701	2900	2611	6989	522	0	70787	3736	8819	3000222	39534	50000	1218	200000	1952179	46139679	153230576	2441	6015632	4522028	3091746
1789693277	70443	93.9	93.3	9433	5075	3158	8853	524	0	58283	3466	8257	3000032	39571	50000	1540	200000	1952838	46157043	153308240	2441	6018140	4524006	3092785
1789693312	70478	97.7	97.3	13051	3251	1381	6811	119	0	78167	3356	8163	3000566	40000	50000	866	200000	1954078	46194874	153411246	2441	6020366	4526621	3093727
1789693341	70507	96.3	95.8	7413	5142	1805	8611	211	0	56581	3401	7970	3000629	39974	50000	1110	200000	1954777	46210332	153489753	2445	6023060	4528877	3094329
1789693370	70536	97.2	96.8	9789	2824	1255	5784	161	0	72180	3380	8042	3000482	40000	50000	815	200000	1955715	46227723	153578640	2441	6025305	4531002	3095062
1789693400	70566	97.7	97.1	7519	5125	1578	7557	197	0	86416	3410	8066	3000505	40000	50000	917	200000	1956517	46245831	153654829	2441	6027884	4533204	3095708
1789693429	70594	97.4	97.0	7565	3963	1885	6004	484	0	77989	3486	8131	3000024	40000	50000	958	200000	1957356	46269798	153721136	2441	6030283	4535135	3096489
1789693459	70624	94.8	94.2	7996	1915	3365	8000	756	0	25371	3610	8419	3000314	39966	49847	1567	200000	1958221	46283828	153809324	2441	6032745	4536096	3097596
1789693492	70658	94.1	93.6	11833	2721	2066	6368	759	0	49219	3673	8885	3000416	40000	50000	969	200000	1959131	46299704	153922130	2443	6035269	4538287	3099547
1789693522	70688	88.2	87.4	7458	3315	1852	8251	618	0	26594	3758	8804	3000465	39531	50000	936	200000	1959788	46310555	154001610	2441	6037700	4539484	3102057
1789693546	70711	93.0	92.4	5790	2246	1517	6837	670	0	8998	3500	4905	3000552	39626	50000	507	200000	1960385	46319162	154076918	2441	6040055	4541015	3103593
1789693578	70744	94.9	94.6	5706	3609	959	8352	347	0	18667	3293	7873	3000738	40000	50000	162	200000	1961481	46340480	154165441	2441	6042296	4543155	3104576
1789693610	70776	94.3	93.8	7724	3659	2456	6653	582	0	12688	3493	11533	3000086	39559	50000	516	200000	1962133	46353794	154249784	2441	6045309	4544429	3106401
1789693639	70804	93.4	92.8	8600	2838	2846	8660	912	0	7983	3299	8081	3000051	39162	50000	747	200000	1962749	46361417	154334267	2441	6047849	4545769	3108452
1789693670	70836	92.6	91.7	8515	1681	2139	7209	844	0	63072	3447	8701	3000142	38931	50000	992	200000	1963425	46372870	154410048	2441	6050504	4548035	3110684
1789693701	70867	94.1	93.6	7457	4192	1954	9054	716	0	72438	3522	7984	3000064	38781	50000	1022	200000	1964338	46385051	154518082	2441	6052741	4549715	3112272
1789693729	70895	94.8	94.5	6797	5214	2561	7142	852	0	28569	3455	7673	3000162	39040	50000	1075	200000	1965083	46396619	154599686	2441	6054814	4550613	3113840
1789693762	70927	94.8	94.4	5256	3512	1381	8695	218	0	40635	3479	8340	3000363	39019	50000	774	200000	1965909	46410607	154704917	2441	6057013	4552761	3115591
1789693797	70963	95.1	94.8	10159	3779	1004	6300	212	0	43248	3486	8155	3000940	39695	50000	447	200000	1967011	46431279	154830727	2441	6059489	4554619	3116939
1789693825	70990	93.5	92.6	6362	5762	1864	8284	195	0	71017	3411	8187	3000478	39562	50000	830	200000	1967537	46440380	154903960	2441	6061920	4556466	3117707
1789693850	71015	94.3	93.6	10470	5062	1964	6167	121	0	67483	3383	4702	3000314	39626	50000	1059	200000	1968282	46451285	154987046	2434	6064206	4558277	3118824
1789693879	71045	94.8	93.0	8047	3541	2417	7855	101	0	46080	3679	8591	3000341	39224	50000	1276	200000	1968969	46466541	155076700	2434	6066657	4559878	3119930
1789693908	71074	91.9	91.4	7755	3278	3380	6441	709	0	19365	3414	8238	3000036	38829	49986	1250	200000	1969509	46480860	155144605	2434	6069879	4561521	3121789
1789693937	71103	92.6	91.6	7359	3291	3350	8649	1581	0	4389	3405	8147	3000063	38602	50000	1420	200000	1970118	46496876	155209574	2434	6072730	4563057	3123459
1789693967	71133	93.3	92.8	6840	3187	3305	7468	1609	0	32823	3562	8235	3000182	38630	49993	1264	200000	1970906	46510484	155279723	2434	6075389	4565297	3124423
1789694003	71168	95.8	95.4	8349	3130	2279	9332	809	0	67205	3725	12334	3000310	39854	50000	1039	200000	1971647	46529191	155358406	2434	6077719	4567164	3126785
1789694033	71199	95.0	94.2	5652	3017	2081	7221	561	0	39278	3940	8817	3000224	39728	50000	1107	200000	1972474	46544472	155440711	2434	6079957	4568873	3128358
1789694057	71223	95.7	95.2	8259	2403	2067	8577	652	0	24539	3516	4851	3000571	40000	50000	855	200000	1973178	46559045	155500806	2434	6082341	4570406	3129412
1789694090	71256	91.6	90.6	6773	3037	3184	7591	788	0	6749	3786	12550	2999672	39745	49869	963	200000	1973840	46569528	155586678	2434	6085299	4571618	3132521
1789694120	71286	93.8	93.4	5970	3421	3205	9708	594	0	18368	3725	8397	3000070	39046	50000	1046	200000	1974491	46580284	155685691	2434	6088134	4573357	3134001
1789694146	71311	94.8	93.8	7359	2881	2476	7240	1005	0	26930	3263	4693	3000081	38960	50000	899	200000	1975158	46590154	155764052	2434	6090424	4575355	3135638
1789694180	71346	95.5	94.9	6475	2717	2690	9260	670	0	41033	3782	12273	3000250	39129	49946	1138	200000	1975957	46606886	155845144	2434	6093099	4577354	3137020
1789694212	71378	96.4	95.9	7694	2911	1327	6507	120	0	54743	3237	7887	3000795	39959	50000	746	200000	1976990	46632106	155933838	2434	6095214	4579946	3138167
1789694242	71408	97.6	97.1	8211	3022	1463	8217	192	0	84671	3320	7979	3000383	40000	50000	843	200000	1977778	46645833	156025874	2434	6097735	4582155	3138882
1789694270	71436	95.4	94.9	8030	4256	2866	6133	971	0	49789	3355	7676	3000209	39813	49995	1173	200000	1978462	46658380	156113377	2434	6100087	4583279	3139587
1789694302	71467	93.0	92.4	6668	3361	3370	8048	575	0	29881	3680	8629	3000085	39745	49953	1615	200000	1979251	46670729	156213179	2434	6102666	4585113	3141842
1789694332	71498	94.2	93.8	6665	2763	4287	6000	442	0	22202	3602	8204	2999006	39464	49882	1600	200000	1979936	46684745	156295069	2435	6105074	4586780	3143175
1789694359	71525	95.6	94.7	6880	3166	2200	8446	1157	0	12704	3720	8745	2999660	39433	49994	831	200000	1980545	46693233	156372157	2434	6107969	4588013	3145953
1789694389	71555	95.6	95.3	8369	3149	3100	7371	850	0	18492	3424	8128	3000120	39276	50000	1197	200000	1981220	46704035	156471321	2463	6110584	4589785	3147078
1789694421	71587	88.4	87.8	6175	3187	2386	9244	596	0	68386	3842	8688	3000152	39400	50000	1195	200000	1981897	46718118	156541238	2463	6113061	4592038	3148813
1789694450	71616	91.8	91.3	7865	4454	2008	6885	630	0	54363	3379	7850	3000364	39620	50000	791	200000	1982713	46734459	156624185	2463	6115125	4593452	3150515
1789694477	71643	90.4	89.7	7693	4632	2863	8711	705	0	20122	3195	4277	3000039	39378	50000	1229	200000	1983434	46747225	156718892	2463	6117182	4594409	3151891
1789694513	71679	95.6	95.3	6766	5835	2302	6805	516	0	51042	3452	11322	3000477	39969	50000	1057	200000	1984364	46772192	156798846	2464	6119670	4596781	3152866
1789694543	71709	91.4	90.8	6491	4684	3485	8759	1494	0	35511	3365	7674	3000132	39297	49993	1414	200000	1985099	46784619	156891435	2463	6122237	4598148	3153714
1789694572	71738	93.1	92.0	8098	3159	2641	6480	929	0	40162	3650	8654	3000393	39054	50000	1298	200000	1985678	46801317	156952869	2463	6124635	4599861	3156142
1789694600	71766	91.4	90.4	6253	2792	3254	8870	1373	0	23602	3519	8411	3000022	38788	50000	1465	200000	1986315	46811302	157029658	2463	6127596	4601171	3158467
1789694630	71796	94.2	92.8	5668	2254	2018	7837	632	0	69051	3660	8512	3000153	38906	50000	840	200000	1986892	46821672	157091537	2464	6130288	4603634	3160280
1789694657	71823	91.7	91.0	7871	4496	3408	9601	1732	0	14000	3139	4190	3000188	38827	50000	1264	200000	1987702	46836962	157192435	2463	6132493	4604414	3161175
1789694690	71856	94.9	94.4	6867	3072	2572	7071	489	0	54735	3373	11425	3000188	38976	49749	1339	200000	1988394	46849577	157280185	2465	6134661	4606514	3163186
1789694717	71883	91.8	91.4	6803	3774	2070	8353	453	0	71668	3131	4391	3000554	39915	50000	1036	200000	1989055	46863386	157372896	2463	6136927	4608729	3163976
1789694748	71914	94.3	93.8	10557	5928	2223	6693	455	0	67545	3369	7845	3000118	39604	50000	1060	200000	1989871	46881111	157459926	2463	6139172	4610447	3164982
1789694777	71943	94.5	93.8	7530	6802	3050	8310	1203	0	50254	3500	8010	3000118	39353	50000	1340	200000	1990697	46893367	157560976	2463	6141533	4612006	3165643
1789694808	71974	94.8	94.6	7663	3954	2236	5903	457	0	62501	3487	8225	3000351	39837	50000	1117	200000	1991556	46909909	157647733	2463	6143731	4614386	3166776
1789694838	72004	94.3	93.7	7169	3628	2720	7556	512	0	66554	3489	8264	3000322	39432	50000	1293	200000	1992332	46927902	157730400	2463	6146164	4616181	3167563
1789694867	72033	95.1	94.2	6811	3524	2374	6602	379	0	61860	3674	8367	3000410	39567	50000	1139	200000	1993124	46941858	157814595	2463	6148460	4618359	3168430
1789694900	72065	93.8	93.4	7448	4887	2728	8318	791	0	51496	3638	8621	3000227	40000	49915	1240	200000	1994128	46967408	157890572	2463	6150999	4620333	3169100
1789694929	72095	94.2	93.8	5939	3793	2381	6490	277	0	46027	3782	8553	3000195	39646	49868	1324	200000	1994855	46977617	157990667	2463	6153226	4622247	3171040
1789694962	72128	96.3	95.9	7084	3393	1540	7822	148	0	45576	3642	8445	3000839	40000	50000	907	200000	1995775	46994944	158096378	2464	6155582	4624344	3172086
1789694989	72155	93.0	92.6	6168	2717	1770	6375	104	0	67256	3653	5044	3000394	40000	50000	867	200000	1996540	47009168	158186380	2463	6158107	4626262	3172724
1789695019	72185	93.4	93.0	6969	3597	1822	8057	37	0	68281	3804	8383	3000200	39863	50000	981	200000	1997324	47021675	158279361	2463	6160310	4627895	3174087
1789695049	72215	94.3	93.8	9163	2684	1738	6115	217	0	50316	3984	8700	3000379	40000	50000	1122	200000	1998109	47033756	158372907	2463	6162597	4629837	3175597
1789695082	72248	95.1	94.1	8834	3311	1301	7459	201	0	33739	3784	9025	3000070	40000	50000	595	200000	1999134	47050476	158488093	2467	6165083	4631695	3176796
1789695109	72275	93.3	92.7	6353	3415	1825	5485	209	0	34458	3724	4910	3000345	39912	50000	986	200000	1999918	47060972	158584600	2463	6167591	4633628	3177590
1789695139	72304	90.6	89.9	8306	4074	4074	8325	1113	0	9246	3713	8610	3000018	39526	49999	1496	200000	2000566	47077018	158649263	2463	6171588	4635318	3178943
1789695167	72333	93.6	91.5	7353	4023	4369	7311	725	0	5003	4152	9190	2999195	39327	50000	1716	200000	2001197	47096486	158705009	2463	6174012	4636743	3180855
1789695197	72363	94.4	93.7	6778	3179	2936	8261	1589	0	7946	3901	9014	3000027	39930	50000	752	200000	2001805	47114561	158770933	2463	6176026	4638662	3182485
1789695227	72393	97.3	96.7	9495	3408	2939	7021	1217	0	4351	3813	8914	3000167	39741	50000	962	200000	2002657	47134280	158867515	2464	6178134	4640425	3183589
1789695262	72428	97.0	96.6	7513	3558	1148	8645	285	0	54382	3758	9219	3000372	39921	50000	626	200000	2003630	47150797	158967865	2464	6180648	4643227	3185434
1789695294	72460	91.7	90.3	6697	3157	1456	6748	171	0	52849	4108	9425	3000688	39935	50000	917	200000	2004374	47164992	159053228	2464	6183156	4645157	3186748
1789695325	72491	92.8	92.3	12232	4961	1864	8392	73	0	75823	3784	8692	3000463	40000	50000	919	200000	2005260	47184057	159125314	2464	6185701	4647107	3187215
1789695347	72513	92.9	92.1	9229	4263	1845	6051	219	0	53827	3902	4862	3000296	40000	50000	1141	200000	2005837	47195169	159187950	2466	6187898	4648903	3188653
1789695379	72545	94.8	94.2	8956	2930	1563	7490	136	0	47433	3644	8577	3000681	39930	50000	969	200000	2006718	47210062	159296963	2464	6190256	4650861	3189763
1789695410	72576	94.4	93.6	6925	3794	1500	5890	257	0	33870	3693	8752	3000838	40000	50000	816	200000	2007580	47233301	159378719	2464	6193010	4652939	3190806
1789695440	72606	94.3	93.8	8799	4136	1415	7389	305	0	39219	3569	8196	3000605	40000	50000	673	200000	2008431	47249580	159454486	2464	6195414	4654977	3191536
1789695472	72638	91.4	90.9	7185	4469	3591	6224	607	0	7076	3718	8679	2999206	39650	49937	1208	200000	2009205	47263895	159533895	2464	6198575	4656783	3192769
1789695502	72668	95.4	94.9	8974	2283	3755	8663	961	0	10408	3739	8903	2999983	39228	50000	1366	200000	2010038	47279650	159619729	2464	6201678	4658640	3193724
1789695528	72694	91.6	91.0	9119	2305	4159	7050	1042	0	2068	3613	4878	2999185	39055	50000	1486	200000	2010735	47293684	159702378	2464	6204125	4660409	3194815
1789695557	72723	92.8	89.8	7263	4957	4110	9103	1202	0	1534	4323	9680	2998894	39501	49721	1289	200000	2011368	47308440	159772068	2464	6206624	4661768	3196990
1789695592	72758	95.2	94.9	8097	4906	3584	6712	693	0	12326	3745	8394	2999542	39521	49931	1090	200000	2012289	47322856	159891534	2464	6208143	4663804	3197961
1789695621	72787	96.4	95.9	7187	5408	1662	7870	699	0	24249	3618	8310	3000478	40000	50000	492	200000	2013188	47335612	159985613	2464	6209860	4665698	3199004
1789695652	72818	92.4	91.8	8298	2830	3367	6624	1151	0	16643	3785	8846	2999454	39634	49925	1054	200000	2013913	47349326	160067844	2464	6213060	4667478	3200335
1789695678	72844	91.8	91.5	6658	2101	3975	9107	1070	0	8318	3905	5289	2999258	39599	49885	1289	200000	2014842	47360526	160152637	2464	6216098	4669291	3201395
1789695707	72873	93.3	91.4	6517	5486	4119	7631	2384	0	395	3910	8774	2998551	39211	50000	1387	200000	2015579	47366943	160241042	2464	6218645	4671020	3203074
1789695737	72903	94.2	94.2	6272	5706	4059	9277	781	0	949	3732	8558	2999023	39304	49879	1113	200000	2016425	47379973	160340599	2464	6220665	4672333	3205267
1789695766	72932	94.9	93.9	7140	3587	3515	7500	1722	0	9223	3617	8419	2999748	38790	50000	1277	200000	2017095	47391246	160422468	2464	6222673	4673943	3206535
1789695799	72965	95.3	95.0	6595	2094	1787	8782	170	0	68233	3509	8521	3000543	39166	50000	1047	200000	2017902	47407098	160508277	2464	6224901	4677384	3207330
1789695833	72999	93.7	93.2	9049	1661	1950	6603	552	0	90928	3618	8485	3000483	39208	50000	942	200000	2018890	47428113	160605014	2464	6227661	4679298	3208407
1789695862	73028	92.3	91.8	7997	5402	3199	8515	448	0	31394	4172	9183	3000114	39046	49906	1404	200000	2019582	47443481	160677199	2464	6229984	4680070	3209978
1789695888	73054	95.3	94.3	6160	3392	1994	5984	551	0	52656	3915	5495	3000205	39160	50000	818	200000	2020319	47455235	160760024	2464	6232018	4682089	3211304
1789695917	73083	94.5	93.2	7006	4126	3447	8135	1354	0	35952	4093	9190	3000288	39161	49959	1357	200000	2020952	47467091	160827909	2464	6234660	4683354	3212137
1789695952	73118	94.8	94.3	9810	2392	1696	6747	238	0	82853	4224	10096	3000284	38839	50000	1082	200000	2021752	47482018	160917389	2464	6237094	4686383	3213700
1789695983	73149	96.1	95.7	8827	3800	1519	8149	205	0	54288	3705	8715	3000474	39250	50000	918	200000	2022731	47504970	160989806	2466	6239365	4688401	3214580
1789696014	73180	94.6	93.9	9517	2814	1315	5871	144	0	83558	3721	8795	3000449	39365	50000	734	200000	2023506	47516868	161084862	2464	6241859	4690449	3215393
1789696039	73204	93.0	92.2	6714	3755	3447	7679	1351	0	34253	3962	5195	3000374	39059	50000	1472	200000	2024170	47531156	161166030	2464	6244186	4691270	3215928
1789696071	73236	96.8	96.4	7221	4291	1575	5633	447	0	78457	3931	9212	3000859	39633	50000	775	200000	2025083	47549311	161247865	2464	6246515	4694002	3217308
1789696100	73266	96.5	95.7	7259	2188	1728	7416	362	0	38525	3983	8810	3000362	39714	50000	827	200000	2025898	47566759	161336845	2464	6248907	4695654	3218794
1789696128	73294	96.7	96.1	8159	3038	1083	6331	350	0	24066	4152	9032	3000485	39776	50000	357	200000	2026658	47580033	161416580	2464	6251274	4697476	3219977
1789696161	73326	97.1	95.8	9868	3521	1162	8082	398	0	25488	3823	9204	3000813	40000	50000	399	200000	2027563	47603212	161510742	2464	6253726	4699422	3221014
1789696188	73354	94.5	93.9	6768	3936	1260	5770	342	0	25337	4037	5396	3000439	40000	50000	558	200000	2028340	47616794	161591534	2464	6256209	4701216	3222210
1789696218	73384	85.8	85.2	10955	1441	1511	7492	354	0	23232	4109	9015	3000463	39975	50000	565	200000	2028929	47627866	161658301	2464	6258563	4702903	3223520
1789696249	73415	94.8	94.4	11813	2788	1029	5666	185	0	49967	3883	9001	3000522	40000	50000	553	200000	2029740	47647179	161749783	2465	6260465	4704779	3224647
1789696281	73447	94.3	93.6	9735	3654	1776	7571	230	0	48817	3844	9218	3000617	40000	50000	945	200000	2030517	47663947	161836494	2464	6262956	4706753	3225634
1789696314	73480	95.6	95.1	11104	4968	1450	5719	235	0	60372	3842	9142	3000583	40000	50000	644	200000	2031410	47682477	161937522	2465	6265380	4708642	3226730
1789696338	73504	94.2	92.8	5573	3838	1781	7513	108	0	70048	3825	5220	3000318	39734	50000	873	200000	2032010	47696078	162000316	2464	6267753	4710474	3227651
1789696370	73536	95.1	94.6	8917	5399	1565	5977	41	0	92831	3886	9021	3000448	40000	50000	728	200000	2032790	47712297	162093060	2464	6270063	4712135	3228711
1789696401	73567	93.8	93.4	9242	2038	1663	8039	252	0	66587	4147	9015	3000084	39595	50000	1067	200000	2033559	47721036	162199356	2464	6272560	4714100	3230490
1789696432	73598	94.6	94.2	9763	5958	2029	6129	397	0	59054	3905	8493	3000315	39504	50000	833	200000	2034517	47736902	162296859	2464	6274750	4715507	3231237
1789696458	73624	93.4	92.7	7331	2914	2603	8220	226	0	67802	3385	4805	3000166	39351	49958	1413	200000	2035187	47750074	162377041	2465	6277192	4717548	3232562
1789696492	73657	94.9	94.6	10304	3359	2592	6116	922	0	59153	3766	8640	3000423	39734	49960	1054	200000	2036175	47775804	162477996	2464	6279639	4719147	3233242
1789696516	73682	92.2	91.4	9734	6022	3558	8104	1994	0	15810	3753	8549	2999731	39119	49959	1453	200000	2036750	47790794	162546068	2467	6281959	4719894	3234847
1789696548	73714	95.3	94.5	7702	3060	2518	6970	1080	0	54809	3734	8981	3000028	39550	50000	933	200000	2037512	47801454	162638992	2467	6284281	4722489	3235739
1789696579	73745	93.9	93.4	8965	2806	2170	8750	245	0	64896	3692	8735	3000133	39940	50000	1227	200000	2038310	47820636	162708913	2467	6286453	4724618	3237375
1789696614	73780	94.8	94.5	7579	3808	1527	6827	236	0	94518	3654	8693	3000342	39688	50000	896	200000	2039383	47842026	162820530	2467	6288807	4726791	3238244
1789696637	73802	92.5	92.0	7647	2241	2345	8470	447	0	65991	3326	4412	3000258	39601	50000	1141	200000	2039925	47851824	162884365	2467	6291028	4728080	3239076
1789696667	73833	94.1	93.7	8680	4137	2460	6129	395	0	75845	3679	8301	3000361	39714	50000	1218	200000	2040799	47869018	162971633	2467	6293478	4730187	3239835
1789696703	73869	94.4	93.9	10473	2979	2634	7740	410	0	74130	3732	12062	3000119	39351	50000	1271	200000	2041686	47882899	163078219	2467	6295972	4732234	3240615
1789696727	73893	93.2	92.6	6840	2921	2864	5691	1096	0	48029	3321	4457	3000346	39551	50000	1281	200000	2042429	47902051	163146862	2467	6298312	4733963	3241346
1789696762	73927	95.6	94.8	6667	3092	3081	7267	333	0	51850	3641	12297	3000395	39297	50000	1517	200000	2043260	47921173	163220722	2467	6300787	4736129	3242382
1789696791	73957	94.7	94.4	9871	3159	1381	5362	240	0	76587	3919	5197	3000669	40000	50000	765	200000	2044224	47947167	163291450	2467	6302956	4738625	3243365
1789696821	73987	94.8	94.2	6458	3103	1766	7154	170	0	51690	3690	8511	3000406	39971	50000	972	200000	2045014	47963288	163369512	2467	6305548	4740751	3244283
1789696852	74017	94.9	94.5	9114	5341	1528	5722	305	0	75405	3763	8711	3000427	39962	50000	876	200000	2045833	47983303	163453866	2467	6307859	4742685	3245144
1789696885	74051	94.7	94.3	7673	3842	1310	7191	185	0	47349	3900	8968	3000320	40000	50000	749	200000	2046792	47998803	163576485	2467	6309973	4744422	3246451
1789696910	74075	92.7	92.1	9678	2941	1729	5674	85	0	69297	3815	5303	3000301	39655	50000	997	200000	2047368	48009781	163644304	2467	6312430	4746392	3247155
1789696940	74106	95.2	94.8	8631	6007	1327	6974	85	0	60067	3510	8243	3000442	40000	50000	763	200000	2048211	48026833	163737399	2467	6314584	4748239	3248148
1789696970	74136	94.7	94.2	8317	2562	1495	5579	168	0	67302	3699	8593	3000427	39993	50000	928	200000	2048965	48040358	163831574	2467	6316989	4750410	3248934
1789697003	74169	96.8	96.3	11316	3967	1658	7185	127	0	78066	3749	8795	3000444	39884	50000	936	200000	2049995	48060015	163936098	2468	6319451	4752597	3249650
1789697034	74200	96.6	95.5	5568	2852	1641	5631	265	0	59262	4044	9082	3000417	39991	50000	774	200000	2050820	48073970	164034780	2467	6321952	4754441	3250655
1789697060	74226	95.1	94.5	9315	2368	1765	7236	73	0	65075	3965	5313	3000246	39881	50000	1121	200000	2051454	48089712	164109061	2467	6324256	4756426	3251345
1789697088	74254	94.4	94.0	8237	3322	1597	5763	183	0	83357	3869	8697	3000295	39985	50000	1037	200000	2052062	48099794	164179290	2468	6326591	4758539	3252520
1789697121	74287	89.5	89.3	11348	6479	2702	7534	807	0	49020	3794	8635	3000203	39963	49977	1027	200000	2053053	48112313	164283004	2469	6329158	4759726	3253260
1789697153	74319	94.4	93.8	9096	2526	1884	6469	171	0	76455	3770	8893	3000074	39302	50000	1101	200000	2053900	48121227	164397724	2467	6331473	4762028	3255126
1789697180	74346	93.2	92.7	5947	3941	2625	8089	467	0	52749	3501	4821	3000280	39641	50000	1308	200000	2054731	48136427	164485416	2468	6333963	4763536	3255919
1789697210	74376	94.5	93.9	5979	2798	1864	6582	221	0	61914	3859	8741	3000335	39544	50000	1112	200000	2055466	48150973	164583159	2467	6336196	4765789	3256998
1789697239	74405	95.5	95.2	8467	2642	1208	7782	188	0	53746	3947	8692	3000701	39966	50000	747	200000	2056213	48173858	164650810	2468	6338365	4767630	3258012
1789697272	74437	95.6	94.3	8603	4153	1594	5845	245	0	27981	3987	9008	3000633	39771	50000	1054	200000	2057074	48193926	164738595	2474	6340955	4769730	3258972
1789697307	74473	96.2	96.0	12631	4150	933	7191	218	0	77678	3815	8817	3000278	40000	50000	429	200000	2058242	48218783	164856218	2497	6343313	4771898	3259526
1789697328	74494	90.1	89.0	8194	5084	3310	5994	974	0	32954	3875	4821	3000200	39270	49995	1569	200000	2058599	48228180	164885408	2488	6345707	4773292	3260281
1789697362	74528	94.1	93.7	6449	2461	1545	7584	199	0	41729	3956	9110	3000395	39225	50000	880	200000	2059563	48247465	164992655	2491	6348036	4775033	3262674
1789697391	74557	94.7	94.2	6470	4518	1593	5803	159	0	52918	3926	5140	3000690	39215	50000	882	200000	2060355	48265952	165082053	2493	6350353	4776939	3263595
1789697421	74586	93.9	93.4	7312	5604	1642	7319	205	0	79860	3933	9044	3000857	39358	50000	1013	200000	2061052	48283632	165144721	2491	6352478	4778877	3264405
1789697452	74618	94.0	93.5	10492	4250	1646	5717	109	0	63075	4048	9262	3000901	39337	50000	984	200000	2061873	48303495	165221603	2492	6354946	4780885	3265414
1789697477	74643	93.8	92.7	5840	4120	1637	7263	45	0	61613	4029	5291	3000792	39554	50000	861	200000	2062673	48324663	165278845	2499	6357393	4782702	3266493
1789697508	74674	94.3	93.9	8242	4349	1642	5987	177	0	49512	3917	9087	3000856	39754	50000	994	200000	2063490	48341678	165366547	2499	6359956	4784781	3267606
1789697540	74706	94.1	93.7	9817	2784	1459	7486	152	0	62294	4109	9071	3000580	39915	50000	787	200000	2064415	48362997	165444552	2499	6362353	4786730	3268574
1789697572	74738	94.0	93.6	9934	2062	1297	5645	265	0	63280	3743	8529	3000327	40000	50000	718	200000	2065239	48382939	165547954	2499	6364648	4788747	3269468
1789697606	74772	94.9	94.2	6096	4866	1393	7303	197	0	64731	4065	9312	3000501	40000	50000	614	200000	2066250	48403685	165662309	2499	6367037	4790592	3270672
1789697627	74793	90.7	89.9	11229	3633	2762	5834	921	0	66330	3915	4727	3000154	39512	50000	1371	200000	2066588	48410366	165710457	2501	6369321	4792044	3271251
1789697658	74823	92.8	92.3	6703	4840	2232	7708	650	0	75016	3842	9067	3000202	39547	49998	1124	200000	2067428	48423140	165801995	2499	6371672	4793587	3273408
1789697692	74858	92.9	92.5	7661	3570	1810	6550	470	0	67374	4019	9278	3000213	39054	50000	1024	200000	2068429	48435882	165930087	2499	6373972	4795183	3275081
1789697719	74884	94.7	94.3	10284	4044	1275	7924	198	0	81480	3745	4925	3000672	39423	50000	629	200000	2069286	48450122	166024886	2502	6376004	4796795	3276306
1789697748	74914	93.7	93.3	6754	5509	2075	6453	237	0	69449	3720	8208	3000320	39682	50000	1115	200000	2069919	48465502	166096346	2499	6378294	4798709	3277235
1789697783	74949	94.1	93.9	8210	2159	2336	8157	513	0	41744	3734	8658	3000218	40000	49941	953	200000	2071054	48482189	166224332	2499	6380769	4800451	3278200
1789697809	74974	92.2	91.9	7401	2397	3295	6292	1393	0	20580	3650	4903	3000116	39807	49813	1267	200000	2071921	48492931	166323173	2499	6383236	4801481	3279418
1789697836	75002	94.4	93.8	8793	4330	3121	7858	1461	0	62341	4033	9103	2998990	39152	50000	1275	200000	2072559	48500277	166409707	2499	6385783	4803856	3280077
1789697868	75033	96.7	96.2	6693	3410	2830	7170	834	0	50156	4003	9358	3000207	39261	49976	1192	200000	2073397	48514968	166505767	2499	6387982	4805786	3282068
1789697900	75066	97.3	96.2	6741	3992	2287	8798	756	0	43908	4106	9196	3000302	39290	50000	1126	200000	2074292	48533020	166607117	2499	6390308	4807449	3283518
1789697928	75094	94.6	93.4	5401	3659	1525	6615	193	0	57526	3958	5275	3000355	39468	50000	818	200000	2075152	48547534	166713917	2499	6392418	4809267	3285049
1789697958	75123	92.7	92.2	7590	3703	2289	8433	24	0	60037	3962	9161	3000244	39453	50000	1083	200000	2075911	48564174	166774284	2499	6394901	4810797	3285725
1789697991	75156	96.4	96.1	6161	3618	1454	6493	253	0	57648	4015	9006	3000767	39865	50000	708	200000	2076823	48578774	166889142	2499	6397532	4812724	3287890
1789698018	75184	88.8	88.3	6504	5986	1535	8016	157	0	56269	3651	4747	3000324	39697	50000	951	200000	2077460	48592164	166956609	2501	6399492	4814632	3288753
1789698052	75217	92.9	92.5	7063	3944	2019	6723	51	0	71515	3689	8655	3000549	39846	50000	829	200000	2078374	48612110	167062342	2499	6402094	4816113	3289545
1789698080	75246	90.2	89.5	12010	2869	1566	8590	175	0	44520	3968	8878	3000416	39575	50000	992	200000	2078913	48621357	167138818	2499	6404411	4817807	3291915
1789698111	75277	94.0	91.4	6950	3960	3486	6337	79	0	24807	4401	9728	3000026	39012	49946	1411	200000	2079677	48645817	167194032	2499	6407057	4819486	3293304
1789698136	75302	92.8	92.1	5665	5336	2078	7652	797	0	15701	3922	5188	3000657	39300	50000	774	200000	2080404	48663372	167262980	2499	6409492	4821070	3294244
1789698167	75333	90.9	90.0	7294	2579	3009	6921	790	0	11593	4072	9139	3000099	39162	49950	1175	200000	2081155	48678420	167336498	2499	6412518	4822653	3296164
1789698196	75362	92.7	91.6	8158	3689	3903	9166	1975	0	5239	4233	9030	3000014	38931	50000	1614	200000	2081825	48697903	167410530	2499	6415291	4824265	3297732
1789698226	75392	93.7	93.6	8212	3032	3564	7755	963	0	10953	3855	8724	2999597	39537	49995	1046	200000	2082617	48712656	167491528	2499	6417883	4826214	3298902
1789698258	75424	91.8	91.6	8213	2500	4273	9659	757	0	1129	3775	8303	2998914	39297	49821	1375	200000	2083521	48727905	167600084	2499	6420144	4827729	3300539
1789698286	75451	93.9	93.0	5612	3426	2848	7239	1416	0	16384	3627	8500	2999190	39416	50000	824	200000	2084059	48733713	167672991	2499	6422318	4829859	3301737
1789698319	75485	92.6	91.9	9936	3252	3791	9225	2114	0	13207	3811	8849	2999630	39130	50000	1420	200000	2085015	48751529	167786176	2499	6424808	4831526	3302554
1789698346	75512	92.9	92.3	9545	2394	3034	6850	1494	0	18891	3602	4944	2999370	39131	50000	1160	200000	2085706	48760856	167884903	2499	6426913	4833425	3304122
1789698376	75542	93.8	93.5	7213	5560	2876	8411	1568	0	14563	3675	8500	2999264	39529	50000	842	200000	2086379	48772801	167966524	2499	6429241	4835265	3305035
1789698409	75575	93.1	93.1	9315	6558	4159	7503	866	0	5629	3509	8032	2998510	39317	49914	1411	200000	2087458	48795654	168087567	2499	6431830	4836887	3305607
1789698439	75605	94.1	93.3	7647	5384	3538	8829	2162	0	2426	3460	8342	2999319	39411	50000	949	200000	2088299	48804489	168182329	2499	6434150	4839045	3306722
1789698465	75631	97.8	97.8	9464	3698	916	5535	487	0	7521	3600	4673	3000532	40000	50000	201	200000	2089391	48821410	168299696	2500	6434852	4841032	3307327
1789698498	75664	93.5	93.1	6823	4508	1409	7455	448	0	29873	3760	8560	3000426	40000	50000	482	200000	2090286	48837095	168410506	2499	6437452	4843200	3308210
1789698530	75696	93.9	93.5	8948	3600	1164	5791	269	0	39942	3862	8532	3000524	40000	50000	473	200000	2091191	48852099	168517585	2503	6439597	4845134	3309023
1789698558	75724	92.9	92.3	7359	4764	1778	7647	219	0	48669	3544	8334	3000785	40000	50000	928	200000	2091805	48868456	168590702	2499	6441968	4847252	3309972
1789698591	75757	95.4	95.1	9043	3297	1327	5606	224	0	69821	3574	8471	3000173	40000	50000	597	200000	2092781	48889984	168689298	2499	6444228	4849181	3310853
1789698622	75787	93.8	93.0	7937	5276	1767	7397	194	0	40018	3612	8394	3000343	39927	50000	1088	200000	2093477	48900235	168767184	2499	6446597	4851188	3311848
1789698649	75815	94.0	93.5	7494	3621	1679	5677	97	0	67199	3855	5160	3000344	39835	50000	814	200000	2094413	48920848	168849203	2501	6449028	4853105	3312458
1789698679	75845	94.1	93.6	7588	4286	1796	7463	232	0	53825	3899	8428	3000540	39904	50000	962	200000	2095224	48937464	168936819	2499	6451561	4854971	3313787
1789698710	75876	94.3	94.0	8175	4501	1328	5928	204	0	36588	3620	8305	3000369	40000	50000	696	200000	2096158	48957029	169022664	2499	6453914	4856829	3315119
1789698739	75905	93.6	93.0	7564	4590	1777	7570	165	0	44198	3448	7776	3000336	39762	50000	967	200000	2096834	48970377	169113252	2499	6456192	4858711	3316110
1789698769	75935	92.6	92.2	9776	3997	1502	5732	229	0	45242	3576	8106	3000782	40000	50000	783	200000	2097510	48992384	169178244	2499	6458445	4860584	3317029
1789698799	75965	93.2	92.5	6823	2675	1606	7296	287	0	26073	3413	7968	3000812	40000	50000	934	200000	2098256	49009048	169261544	2499	6460910	4862533	3317972
1789698827	75993	95.5	95.0	7914	4177	4086	5780	603	0	11775	3595	8455	2999906	39193	49975	1567	200000	2098948	49028760	169315591	2499	6463963	4864581	3318909
1789698857	76022	97.3	96.2	8447	3093	3708	8298	2097	0	1809	3519	8507	3000057	39527	50000	1227	200000	2099737	49047739	169379351	2499	6467599	4866927	3319745
1789698886	76052	95.8	95.5	5583	1506	2748	6878	1160	0	29590	3431	8265	2999769	39829	50000	1013	200000	2100450	49062814	169450372	2499	6469836	4869388	3320906
1789698917	76082	89.2	88.7	7443	7134	4115	8647	2259	0	3287	3595	8087	2999195	39403	49996	1453	200000	2101386	49076640	169563214	2499	6472317	4870858	3321429
1789698946	76112	94.9	94.5	6881	5000	3460	6949	2125	0	10510	3622	8403	3000010	39430	50000	1083	200000	2102141	49087662	169654709	2499	6474724	4872983	3322193
1789698978	76144	94.2	93.9	8879	4677	3748	8723	2278	0	11602	3888	8849	2999871	39578	49971	1314	200000	2103161	49101772	169762743	2499	6477206	4875075	3323000
1789699010	76176	95.7	95.1	9614	2672	3689	7151	1925	0	12484	3700	8639	2999691	39558	50000	1195	200000	2104024	49117609	169863081	2499	6479754	4877407	3323904
1789699038	76204	94.0	94.0	11940	3848	3938	8740	1079	0	2007	3602	4814	2999181	39375	50000	1269	200000	2105043	49131881	169985866	2499	6482108	4879257	3324522
1789699068	76233	94.7	93.1	9731	4566	4154	6323	496	0	2732	4152	9071	2998746	39379	49950	1432	200000	2105830	49146112	170074469	2499	6483350	4880952	3325872
1789699100	76265	94.7	94.2	7379	4485	4057	9179	1077	0	1032	3814	8722	2998906	39336	49956	1183	200000	2106699	49162829	170166123	2499	6486836	4882653	3327469
1789699130	76296	94.8	94.0	6516	3240	3046	7597	1767	0	35695	3913	9031	2998936	39339	49953	1039	200000	2107465	49173615	170243504	2499	6489333	4884947	3328820
1789699161	76327	95.2	95.1	7588	6093	3733	9245	1185	0	6121	3637	8254	2999229	39370	50000	1110	200000	2108561	49191298	170354479	2499	6491670	4886610	3329373
1789699193	76359	94.2	93.8	9350	2601	3965	7364	1111	0	6093	3940	8659	2999555	39618	50000	1406	200000	2109493	49206365	170463160	2499	6494069	4888530	3330355
1789699218	76383	98.2	97.6	8812	3115	1297	7374	438	0	6227	3663	4809	3000196	40000	50000	488	200000	2110184	49220120	170547223	2499	6494720	4890330	3331375
1789699252	76417	90.9	90.4	7040	2585	4165	7213	805	0	1041	3829	9157	2999369	39222	49967	1318	200000	2110965	49233754	170646822	2499	6498726	4892036	3333145
1789699278	76443	94.7	93.4	8188	2999	3203	8548	1858	0	921	3778	8619	3000197	39369	50000	1039	200000	2111588	49243094	170711763	2499	6500710	4893803	3334415
1789699309	76475	93.4	91.6	8411	2272	3284	7504	1960	0	30067	4070	9526	3000072	39322	50000	1102	200000	2112292	49257770	170794506	2499	6503371	4895877	3335596
1789699345	76511	94.4	94.0	10586	2523	1512	9243	590	0	66352	3803	9232	3000312	39509	50000	609	200000	2113243	49271301	170908017	2499	6505978	4898327	3337918
1789699367	76532	93.3	92.6	6699	3476	2482	6414	356	0	37994	3472	4594	3000588	39399	50000	1154	200000	2113839	49289570	170956989	2499	6507788	4899416	3338833
1789699400	76566	94.6	93.6	7394	4051	1613	8035	43	0	85872	3802	9049	3001033	39950	50000	938	200000	2114723	49313394	171050749	2499	6510236	4901960	3339892
1789699429	76594	94.0	93.4	11560	5134	2998	6132	843	0	57900	3790	8682	3000133	39212	50000	1445	200000	2115217	49323067	171134575	2499	6512739	4903291	3340933
1789699459	76625	94.0	93.5	8033	3031	1755	7727	253	0	56488	3734	8742	3000434	39102	50000	1069	200000	2116045	49344282	171203849	2499	6514945	4905255	3342952
1789699492	76658	94.0	93.4	10290	4113	1691	5978	208	0	45049	3725	8641	3000725	39146	50000	949	200000	2116940	49374687	171287876	2499	6517489	4907268	3344020
1789699519	76685	95.4	93.8	6475	2688	1583	7439	156	0	45407	3889	5293	3000964	39597	50000	743	200000	2117693	49401466	171348023	2499	6519765	4909027	3345079
1789699547	76713	95.4	94.6	8923	2704	1770	5924	310	0	32033	3894	9071	3000529	39134	50000	1037	200000	2118323	49417741	171413246	2499	6522387	4910971	3346025
1789699580	76746	95.8	95.5	10065	5452	1505	7355	318	0	40343	3775	8769	3000789	39664	50000	609	200000	2119265	49440289	171512801	2500	6524779	4912909	3346913
1789699611	76777	94.2	93.7	10031	3743	1518	5748	432	0	45053	3842	8689	3000311	39580	50000	766	200000	2120101	49452777	171626123	2499	6527007	4914613	3348244
1789699641	76807	92.1	91.6	6456	2459	3738	8170	486	0	2454	4014	8833	2998539	39026	49934	876	200000	2120811	49462023	171715034	2499	6530226	4916094	3349787
1789699671	76836	97.4	97.0	8704	3239	1450	6251	445	0	48447	3727	5140	3000443	39857	50000	445	200000	2121840	49474808	171851596	2499	6531879	4918184	3350647
1789699700	76866	97.1	96.5	6397	4947	1823	8244	587	0	36157	3626	8697	3000296	39960	50000	535	200000	2122597	49486918	171941553	2499	6534609	4919982	3352158
1789699726	76891	95.7	95.3	8862	3356	1946	5988	78	0	30432	3806	8724	3000339	39717	50000	904	200000	2123195	49500199	171999603	2499	6536206	4921344	3352894
1789699757	76922	93.7	92.4	5093	3433	2967	8921	921	0	25280	4327	9643	3000047	39095	50000	1107	200000	2123769	49506705	172084750	2499	6539916	4923099	3355293
1789699787	76953	96.0	95.3	8607	3043	3578	7500	1950	0	10163	3853	8862	3000265	39144	50000	1329	200000	2124715	49524733	172179944	2499	6542369	4924660	3356571
1789699823	76989	91.7	91.4	8902	2025	1681	8846	137	0	82883	3718	8946	3000256	39498	50000	1033	200000	2125502	49537382	172280289	2500	6544749	4928282	3357496
1789699846	77012	93.5	93.0	8704	6614	3142	6252	1882	0	25415	3376	4291	2999883	39643	50000	932	200000	2126199	49555749	172342979	2499	6547206	4928781	3358025
1789699880	77046	93.8	93.7	9711	6710	4400	8336	952	0	2279	3623	8341	2998736	39012	49855	1469	200000	2127313	49577832	172475432	2499	6549618	4930201	3359011
1789699911	77077	95.9	95.3	8535	1789	3511	6004	1131	0	6973	3953	8914	2999965	39096	50000	1284	200000	2128070	49587585	172569284	2499	6551761	4932101	3360258
1789699942	77108	93.9	93.6	7074	2321	3889	7744	1095	0	6712	3863	9055	2999944	39451	49947	1380	200000	2128945	49608062	172642870	2499	6554152	4933931	3361240
1789699968	77134	94.6	94.1	10861	4254	3728	6934	1408	0	5399	3848	5183	2999607	39649	49947	1149	200000	2129734	49620361	172725400	2499	6556538	4935960	3361980
1789700000	77166	97.4	97.2	10326	6285	990	6939	440	0	10119	4330	9511	3000355	40000	50000	80	200000	2130759	49641322	172837347	2503	6557124	4937735	3363005
1789700027	77193	88.4	87.9	6515	3828	3967	6358	777	0	7011	4323	5593	2999063	38975	49934	1110	200000	2131391	49650058	172914513	2502	6560362	4939489	3364383
1789700059	77225	97.0	96.6	9100	4861	1181	7349	556	0	28349	3692	8566	3000640	40000	50000	356	200000	2132277	49670821	173013340	2502	6562051	4941478	3365389
1789700088	77254	92.5	90.8	8736	3772	3077	6397	1000	0	10257	4067	9390	3000007	39785	50000	1278	200000	2132791	49688623	173075225	2502	6565161	4943181	3366963
1789700120	77286	93.1	92.4	10754	3365	3291	8353	1756	0	14725	3864	9136	3000184	39405	50000	1136	200000	2133507	49710614	173137136	2502	6568094	4945113	3367879
1789700150	77316	93.9	93.2	6702	2399	3234	6994	1303	0	33975	3826	9177	3000145	39142	50000	1327	200000	2134077	49725816	173197962	2502	6570613	4947342	3369041
1789700178	77344	93.8	93.2	6830	3671	2656	8618	777	0	46359	3861	5297	3000247	39411	50000	1247	200000	2134885	49750534	173265490	2510	6572917	4949327	3370620
1789700210	77375	95.3	94.9	7207	3152	1319	6685	195	0	59541	4382	9801	3000425	39664	50000	706	200000	2135763	49768216	173343011	2510	6574877	4951301	3372171
1789700241	77407	94.3	93.8	9498	2222	1475	8419	238	0	65298	3982	8999	3000479	39723	50000	859	200000	2136634	49784466	173435065	2512	6577357	4953451	3373168
1789700273	77439	94.5	94.2	8307	5299	1258	5998	131	0	91371	3796	8704	3000518	40000	50000	659	200000	2137525	49802413	173531216	2514	6579645	4955554	3373976
1789700302	77468	93.3	92.9	6905	3418	2917	7966	848	0	62244	3662	8363	3000263	39762	49959	1286	200000	2138200	49815092	173611195	2514	6582110	4956798	3374665
1789700326	77492	92.7	92.3	8232	6747	2988	6211	1352	0	36599	4184	5394	2999638	39693	49880	1099	200000	2138914	49825430	173702852	2516	6584394	4957944	3376153
1789700356	77522	94.5	94.0	8105	5952	3570	7839	2112	0	15536	3751	8604	2999812	39285	50000	1223	200000	2139864	49839579	173814301	2516	6586699	4959430	3376983
1789700389	77555	95.0	94.6	8840	3232	3325	7059	1313	0	35344	3775	8881	3000103	39515	50000	1321	200000	2140589	49851057	173906148	2516	6589113	4961782	3378131
1789700416	77582	92.7	92.3	6591	3870	2989	8919	1418	0	29407	3717	5097	2999676	39663	49899	1006	200000	2141356	49866353	173987466	2516	6591486	4963315	3379959
1789700446	77612	93.9	93.7	9137	8077	3991	7588	2029	0	1254	3787	8550	2998693	39368	50000	1309	200000	2142332	49881678	174113802	2516	6593641	4964521	3381116
1789700478	77644	95.9	93.3	6936	4315	3157	9016	1721	0	15498	4495	9918	2999130	39254	50000	935	200000	2142980	49889276	174191416	2516	6595930	4966472	3382225
1789700512	77678	95.1	92.0	7405	4662	4128	7330	2249	0	5536	4619	9647	2999354	38994	50000	1584	200000	2143947	49908339	174293313	2516	6598546	4967997	3383500
1789700536	77702	94.8	94.3	6788	1324	3244	9054	1609	0	19914	3943	5173	2999750	38918	50000	1029	200000	2144515	49920174	174361789	2516	6600895	4969643	3385684
1789700567	77733	97.5	97.4	9371	7811	3994	8065	1039	0	19183	3775	8646	2998502	38433	49933	1286	200000	2145612	49937243	174487446	2521	6603488	4971597	3386154
1789700596	77762	97.0	96.0	5615	2741	2849	9797	1237	0	18727	4171	9519	2998639	38131	49988	1202	200000	2146208	49947836	174558247	2525	6605372	4972752	3389338
1789700628	77794	95.9	95.3	6365	2871	2462	7421	861	0	56121	3757	9081	3000226	37968	50000	1127	200000	2146999	49958565	174658540	2526	6607782	4975043	3390143
1789700662	77828	95.6	95.3	7169	3479	1629	8962	363	0	97859	3736	8825	3000358	38260	50000	940	200000	2147664	50005791	174706067	2525	6609953	4977376	3391464
1789700692	77858	93.2	92.9	8517	5065	2569	6285	397	0	55395	3822	8217	3000059	38154	49968	1170	200000	2148487	50019022	174801792	2525	6612356	4978767	3392649
1789700716	77882	87.1	86.5	10666	8732	4097	8012	2020	0	15554	3288	4339	2999032	37759	49964	1474	200000	2149243	50030874	174892336	2525	6614991	4979970	3393082
1789700745	77911	94.6	93.5	12447	2018	2914	6631	1195	0	13182	3969	9090	3000035	37672	49991	1310	200000	2149883	50044557	174970186	2525	6616809	4980918	3395915
1789700778	77944	92.6	92.1	7938	2204	3804	9109	1083	0	15657	3745	9103	3000057	37177	50000	1413	200000	2150661	50062738	175034844	2525	6620736	4983668	3397045
1789700805	77971	96.4	95.8	5343	4978	3417	7884	1694	0	3518	3645	8488	3000202	37299	50000	1207	200000	2151267	50078155	175095105	2525	6622847	4985360	3398586
1789700838	78004	92.6	91.8	7065	1701	2549	9749	988	0	55720	3914	9357	3000216	37538	50000	1209	200000	2151979	50098365	175160369	2525	6625536	4988111	3399897
1789700869	78035	93.7	93.1	6230	4073	2742	7490	1119	0	15315	3719	8687	3000077	37765	50000	1211	200000	2152798	50120869	175231431	2525	6628057	4989616	3401705
1789700900	78066	94.5	94.0	7376	2614	3332	9218	1654	0	14027	3714	8693	3000060	37690	50000	1115	200000	2153594	50136394	175328513	2525	6630820	4991465	3402721
1789700929	78095	81.8	81.8	9072	5584	4164	5813	460	0	10678	3919	5031	2998996	37736	49917	1446	200000	2154290	50157226	175413720	2525	6632072	4992913	3403440
1789700960	78126	96.2	95.7	11213	5036	1276	7006	488	0	15519	3665	8664	3000523	38420	50000	427	200000	2155180	50170145	175517056	2525	6634059	4994828	3404523
1789700987	78153	93.9	93.3	9021	4737	1531	5319	385	0	17326	3714	4984	3000529	38264	50000	574	200000	2155951	50180819	175615017	2525	6636443	4996910	3405355
1789701019	78185	92.5	92.1	8479	3641	1241	6705	265	0	50382	3731	8745	3000651	38566	50000	589	200000	2156810	50194688	175711136	2529	6638466	4998974	3406121
1789701051	78216	94.3	93.7	6743	2894	1826	5690	182	0	40585	3731	8887	3000300	38423	50000	1021	200000	2157595	50205846	175816331	2525	6640986	5001097	3406986
1789701082	78248	95.5	95.1	10775	4543	1532	6980	241	0	25741	3681	8574	3000384	38465	50000	927	200000	2158355	50220684	175887432	2525	6643105	5002969	3408041
1789701108	78273	95.3	94.9	5381	2834	1405	5371	609	0	28358	3490	4768	3000560	38604	50000	418	200000	2159157	50235007	175965855	2525	6645866	5004996	3408700
1789701141	78307	94.0	93.7	7902	5835	919	6852	439	0	32635	3745	8846	3000538	38728	50000	244	200000	2160090	50256127	176071923	2525	6648013	5006929	3409688
1789701171	78337	93.2	92.7	7074	4517	1763	5881	104	0	56497	3628	8513	3000767	38680	50000	1070	200000	2160802	50267493	176159498	2525	6650315	5009032	3410447
1789701204	78370	94.4	94.1	10081	5534	1294	7238	163	0	53785	3870	8903	3000645	39089	50000	705	200000	2161765	50289228	176261678	2525	6652481	5010888	3411511
1789701234	78400	94.1	93.5	5390	4534	1648	5711	130	0	70849	3953	8964	3000437	39185	50000	972	200000	2162468	50300778	176347983	2525	6654833	5012870	3412258
1789701262	78428	95.0	94.8	11387	4167	2112	7267	32	0	63804	3929	5413	3000236	39244	50000	1182	200000	2163421	50314808	176457532	2525	6657227	5014522	3412971
1789701288	78454	92.0	91.6	7618	6692	2098	6069	923	0	77917	4090	8994	3000191	39217	49957	921	200000	2163866	50323985	176516426	2525	6659568	5015896	3414816
1789701321	78487	93.9	93.6	7991	3104	1991	7854	425	0	72469	3863	9016	3000228	39076	50000	1057	200000	2164716	50336180	176624603	2525	6661756	5017450	3416426
1789701348	78513	93.0	92.7	9904	4925	2033	6507	366	0	68834	3908	5263	3000089	38974	50000	912	200000	2165533	50347243	176731675	2525	6663932	5018997	3417447
1789701376	78541	93.4	92.8	9435	8116	3896	8348	1789	0	12694	4055	8604	2999777	38721	49885	1543	200000	2166309	50369040	176807781	2525	6666396	5020002	3418085
1789701412	78577	96.0	95.7	10671	3531	2623	6333	880	0	68316	3671	8774	3000519	38959	50000	1192	200000	2167160	50389254	176914990	2525	6668815	5022837	3419101
1789701436	78602	92.5	91.7	6979	4378	3098	8044	1239	0	33135	3829	5071	3000242	38828	49951	1378	200000	2167875	50417849	176972724	2525	6671125	5024095	3420544
1789701476	78642	95.8	95.5	11475	3252	1252	6663	45	0	48587	3807	12805	3001023	39547	50000	808	200000	2168959	50445438	177072940	2525	6673321	5027091	3421613
1789701500	78666	93.7	91.7	5266	2699	1713	8440	56	0	58978	3916	5214	3000672	39368	50000	728	200000	2169574	50461083	177126551	2525	6675835	5028902	3422747
1789701530	78696	96.5	95.7	10618	3196	2433	6537	50	0	38070	3964	9349	3000708	39249	50000	1373	200000	2170315	50481116	177201038	2525	6678498	5030768	3423646
1789701560	78726	95.0	94.7	8244	6258	1848	8003	527	0	53798	3739	8790	3000597	39793	50000	844	200000	2171055	50503027	177272042	2525	6680962	5032445	3425278
1789701590	78756	92.5	91.8	7865	3197	980	5613	447	0	29314	3922	8927	3000654	39979	50000	321	200000	2171870	50516508	177366259	2525	6683121	5034147	3426752
1789701619	78785	89.5	89.1	5928	4042	1154	7484	215	0	24235	3575	4913	3000615	40000	50000	612	200000	2172673	50532701	177465652	2525	6685530	5035595	3428412
1789701650	78816	93.1	92.6	7950	3085	1367	6249	248	0	47723	3660	8539	3000567	39853	50000	470	200000	2173476	50544410	177572771	2525	6687930	5037428	3429710
1789701681	78847	93.6	92.9	6906	2217	1911	8216	324	0	41068	3515	8471	3000381	39563	50000	776	200000	2174343	50557871	177666963	2525	6690637	5039411	3430869
1789701708	78873	94.9	94.7	7053	5435	1292	5626	337	0	81350	3652	8181	3000477	40000	50000	630	200000	2174880	50570830	177712070	2525	6692295	5041130	3431874
1789701742	78908	92.5	91.9	6754	2825	2209	7811	149	0	64295	3643	8526	3000228	39360	50000	1365	200000	2175652	50587930	177812645	2525	6694874	5043310	3432893
1789701774	78940	93.5	93.2	9772	5467	1548	5831	265	0	73879	3747	8674	3000466	39793	50000	825	200000	2176633	50607783	177898399	2518	6697352	5045280	3433723
1789701799	78965	93.7	93.2	6764	3050	1488	7465	166	0	94244	3523	4750	3000353	39923	50000	859	200000	2177353	50621122	177970779	2520	6699549	5047234	3434651
1789701827	78993	92.3	91.6	12224	4341	3868	6269	1516	0	37271	3773	8294	3000103	39441	50000	1713	200000	2178045	50632284	178065871	2518	6702122	5047999	3435081
1789701861	79027	96.3	95.5	7016	3266	1618	7394	402	0	86644	3785	8851	3000193	40000	50000	855	200000	2178933	50649739	178173895	2517	6704404	5051130	3436383
1789701886	79052	91.0	90.4	8617	3025	2218	5854	407	0	65571	3636	4742	3000237	39859	50000	1049	200000	2179626	50664627	178254033	2517	6706785	5052895	3437625
1789701917	79083	93.0	92.6	8965	7102	3070	7435	1197	0	33364	3607	8238	3000042	39596	49974	1305	200000	2180479	50677941	178379173	2517	6709075	5053821	3438454
1789701947	79113	94.9	94.6	6791	3768	2477	6480	752	0	69701	3786	8712	3000102	39865	50000	1136	200000	2181236	50694974	178458512	2517	6711328	5056126	3439609
1789701980	79146	93.7	93.4	10639	2697	2415	8125	651	0	84407	3716	8749	3000043	40000	49991	1004	200000	2182072	50710665	178558005	2518	6713824	5058415	3440290
1789702006	79172	92.1	91.7	11960	7226	3654	6839	2023	0	1548	3667	4607	2999055	39547	49926	1247	200000	2183086	50732187	178667792	2517	6716060	5058763	3441826
1789702037	79203	92.6	92.2	6337	4093	3187	8560	1866	0	39958	3923	8584	2998684	39102	49952	1112	200000	2183763	50741283	178754324	2518	6718565	5060902	3442947
1789702070	79236	93.2	92.4	6465	4707	4478	7533	2205	0	479	3894	8956	2998799	38367	49929	1719	200000	2184689	50757703	178875492	2517	6720972	5062275	3444496
1789702096	79262	93.2	92.8	8043	1785	2776	8562	787	0	40208	3999	5410	3000110	38563	49996	1043	200000	2185213	50768188	178944806	2517	6723198	5065104	3445470
1789702127	79293	94.4	93.9	7950	2454	2639	7067	397	0	29017	3687	8727	3000453	39099	50000	1200	200000	2186035	50799554	178990980	2517	6725621	5067013	3446626
1789702158	79324	95.5	94.3	5588	3339	2176	8652	864	0	37718	3890	9242	3000436	39429	50000	746	200000	2186864	50818723	179072447	2517	6728198	5069120	3447673
1789702187	79353	92.7	90.7	6749	5385	3772	7547	1218	0	21547	4313	9123	3000769	39058	50000	1624	200000	2187566	50836756	179141937	2517	6730616	5070101	3448816
1789702221	79386	94.1	93.7	9100	1500	1789	9187	286	0	84172	3940	9480	3000546	39262	50000	1161	200000	2188444	50856010	179221961	2517	6733161	5073475	3450592
1789702250	79416	95.9	95.4	9202	2613	1519	6544	200	0	67135	3816	8701	3000947	40000	50000	932	200000	2189279	50873892	179315078	2517	6735411	5075350	3451573
1789702284	79450	95.1	94.5	10953	4174	1476	8154	160	0	50750	3796	8797	3000590	40000	50000	831	200000	2190227	50892629	179433470	2517	6737966	5077397	3452579
1789702311	79476	93.5	93.0	5520	4576	2051	5698	67	0	60997	3872	5120	3000436	39857	50000	917	200000	2190963	50904707	179508009	2517	6740306	5078888	3453173
1789702340	79506	94.0	93.5	6393	5354	1551	7533	301	0	56787	4148	8896	3000352	39881	50000	860	200000	2191673	50916326	179601532	2517	6742568	5080739	3455251
1789702373	79538	95.3	94.9	11615	3824	1556	6000	184	0	67665	3881	8897	3000561	39848	50000	852	200000	2192598	50932748	179702528	2521	6745019	5082846	3456007
1789702399	79565	93.8	92.9	5744	4823	2092	7716	158	0	39510	3874	5186	3000581	39993	50000	1030	200000	2193302	50950570	179771732	2517	6747412	5084609	3456760
1789702430	79596	97.7	97.2	8613	4117	1412	5780	261	0	30618	4119	9292	3000481	39866	50000	582	200000	2194198	50967824	179872617	2518	6749890	5086330	3458418
1789702458	79624	96.0	95.5	7784	2045	1640	7524	584	0	19260	4104	8783	3000542	39808	50000	608	200000	2194861	50983013	179939647	2517	6752418	5088220	3459276
1789702491	79656	93.5	93.2	7286	3337	3820	7601	1256	0	3950	3732	8794	2999491	39243	50000	1111	200000	2195742	51003395	180022639	2517	6756351	5090154	3460275
1789702518	79683	92.1	91.7	8023	5540	1139	7610	377	0	17717	3696	4699	3000621	40000	50000	460	200000	2196465	51022686	180114597	2517	6756881	5091868	3461359
1789702550	79716	92.4	91.9	8661	3452	1433	5985	463	0	34132	3979	9028	3000583	40000	50000	513	200000	2197241	51040297	180203071	2517	6759479	5093936	3462285
1789702582	79747	93.2	92.9	7427	3471	1390	7680	239	0	37566	3765	8799	3000428	39830	50000	690	200000	2198097	51056808	180307317	2517	6761660	5095837	3463469
1789702614	79779	95.6	94.2	9605	4343	770	5883	147	0	43424	4153	9494	3000419	39698	50000	324	200000	2199010	51072829	180407197	2518	6764055	5097413	3465334
1789702642	79808	90.2	89.8	6142	2723	1548	8031	273	0	46682	3856	5093	3000279	39882	50000	976	200000	2199736	51083836	180502880	2517	6766612	5098878	3466833
1789702668	79833	90.4	90.1	8441	4726	1598	6364	197	0	63837	3978	8659	3000181	39945	49936	1000	200000	2200081	51090858	180549581	2518	6768591	5100782	3467835
1789702702	79867	94.5	94.3	8489	5197	2076	8134	377	0	77368	3662	8568	3000162	40000	49985	1022	200000	2201139	51107058	180672461	2517	6771118	5102659	3468636
1789702725	79891	90.3	89.4	9745	2144	3879	6005	2233	0	17784	3628	4564	2999234	38719	49969	1521	200000	2201806	51117565	180770775	2517	6773625	5103053	3469620
1789702756	79922	94.4	93.8	6583	3557	3249	7343	1576	0	37075	3987	9166	2999842	38696	50000	1333	200000	2202414	51129696	180850264	2517	6776050	5105564	3470596
1789702786	79952	95.4	94.8	9877	2562	3054	6400	1044	0	38336	4008	9232	3000004	38625	49999	1337	200000	2203097	51153097	180906968	2517	6778167	5107381	3472197
1789702819	79985	94.3	93.7	7394	3122	1808	7990	578	0	55580	4064	9287	3000290	39135	50000	971	200000	2204047	51174698	180989194	2517	6780462	5109601	3473720
1789702848	80014	94.7	93.1	5527	2955	1464	6810	474	0	30683	4058	5564	3000556	39179	50000	771	200000	2204949	51195279	181091779	2517	6782926	5111105	3475606
1789702880	80046	94.5	94.0	8247	2392	1309	8278	406	0	46119	4010	9285	3000626	39370	50000	496	200000	2205719	51211212	181190373	2517	6785326	5113089	3476440
1789702907	80073	93.1	92.4	6606	2815	1900	6122	104	0	30088	3970	9076	3000383	38897	50000	1186	200000	2206276	51223361	181246412	2517	6787556	5115069	3477389
1789702938	80104	92.9	92.1	6353	4710	3464	8602	2039	0	4096	3838	8867	3000044	38765	50000	1013	200000	2206979	51238701	181296722	2517	6791660	5117234	3478356
1789702969	80135	93.7	93.1	6736	4634	4076	7063	2248	0	12352	3665	8525	3000087	38678	49962	1666	200000	2207906	51253866	181379083	2517	6794270	5119257	3479180
1789702996	80161	94.9	94.7	7724	2715	3084	8168	1522	0	10976	3922	5365	2999898	39262	50000	843	200000	2208557	51263868	181463399	2517	6796493	5121604	3480295
1789703027	80193	93.7	93.6	8684	5361	4487	7508	701	0	2426	4039	8918	2999142	38916	49972	1620	200000	2209529	51283767	181569940	2517	6799024	5123108	3481099
1789703056	80222	94.3	93.3	7153	2795	3476	9298	1003	0	14305	4357	10090	2998741	38713	49966	1448	200000	2210049	51289977	181644701	2517	6801262	5124725	3483712
1789703091	80256	96.1	95.4	7932	2739	2099	7457	689	0	62375	4008	9379	3000282	38863	50000	1039	200000	2210940	51309347	181741959	2517	6803586	5127493	3484928
1789703120	80286	94.0	93.5	8632	3381	2402	9264	657	0	43192	4025	9010	3000210	38789	50000	1276	200000	2211577	51335835	181808881	2517	6805783	5128820	3486582
1789703155	80321	94.6	94.1	12688	3365	1814	6673	776	0	74547	3850	9356	3001193	39733	50000	800	200000	2212620	51354177	181928239	2517	6808183	5130498	3488057
1789703176	80342	92.0	91.3	7340	2105	2401	8640	576	0	44301	4253	5390	3000058	39185	50000	1139	200000	2213063	51361824	181984030	2517	6810447	5131801	3489681
1789703208	80374	95.2	94.8	7770	4566	1596	6416	385	0	38287	3848	8948	3000353	39312	50000	758	200000	2213979	51377533	182096117	2517	6812178	5133129	3491250
1789703235	80401	94.2	93.7	6446	3795	1597	8187	744	0	8140	3887	5116	3000462	39254	50000	393	200000	2214685	51394440	182195571	2517	6814841	5134720	3492830
1789703270	80436	96.1	94.8	7176	3562	3731	7719	2260	0	1044	3893	12596	2998832	39351	49782	1046	200000	2215499	51406236	182291738	2517	6818567	5136499	3494332
1789703298	80464	96.9	96.9	10792	5571	4074	8577	466	0	2695	3704	4836	2998598	39240	49935	1276	200000	2216372	51419136	182408528	2517	6819985	5138155	3495401
1789703331	80497	98.1	97.6	7966	4113	1038	6042	330	0	18779	4193	8968	3000447	39815	50000	51	200000	2217401	51431089	182542664	2517	6821456	5139740	3496802
1789703361	80527	94.9	94.5	10636	6220	1254	7842	504	0	20565	4015	5206	3000438	40000	50000	467	200000	2218202	51441282	182670859	2517	6823917	5141685	3497907
1789703390	80556	94.2	93.6	11167	4060	1813	6051	153	0	61178	3824	8649	3000349	39405	50000	1111	200000	2218756	51451534	182745760	2518	6825974	5143721	3498483
1789703422	80588	91.4	90.9	8913	4184	1553	7400	213	0	39300	3847	8948	3000577	39333	50000	850	200000	2219610	51473894	182823220	2517	6828335	5145525	3499687
1789703448	80614	94.0	93.3	5860	2786	1924	5561	253	0	33988	3918	5352	3000954	39756	50000	947	200000	2220310	51494188	182882129	2517	6830755	5147284	3500558
1789703478	80644	95.2	94.6	7431	3980	1215	7120	184	0	24776	4319	9226	3000674	39842	50000	780	200000	2221020	51512667	182956793	2517	6833062	5148623	3502598
1789703507	80673	91.5	90.6	7444	2852	3251	6803	1590	0	11023	3839	9108	3000038	39278	50000	1065	200000	2221535	51524477	183021507	2517	6836547	5150400	3504108
1789703539	80705	97.6	97.3	8024	5328	1360	7199	508	0	24197	3978	8534	3000877	40000	50000	500	200000	2222458	51543601	183135153	2518	6837515	5152097	3504865
1789703571	80737	91.9	90.5	6488	4069	3126	6454	1418	0	20260	3983	9616	3000222	38788	50000	1169	200000	2223005	51556154	183191311	2517	6841335	5154151	3506432
1789703596	80762	92.8	92.1	7248	2299	3574	8384	2002	0	13435	3939	5217	3000109	38635	50000	1300	200000	2223670	51575184	183258023	2517	6843803	5155439	3507947
1789703626	80792	94.5	93.9	7695	1529	3719	7406	1934	0	11178	3765	8845	2999094	38280	49952	1284	200000	2224462	51588998	183343571	2517	6846238	5157648	3508993
1789703658	80824	94.6	94.0	8272	4207	3580	9159	2073	0	7331	4004	9231	3000005	38813	49804	1343	200000	2225236	51605932	183432409	2517	6848623	5159091	3510435
1789703690	80856	95.9	95.5	9513	1922	2495	7102	800	0	62775	3920	9275	3000083	39030	50000	1175	200000	2225963	51620745	183517054	2517	6850924	5162090	3511483
1789703717	80883	93.3	92.7	8695	6192	2572	8587	969	0	36128	3597	4865	3000035	39131	50000	1015	200000	2226766	51638150	183600702	2517	6853192	5163702	3512417
1789703750	80915	94.6	94.0	6808	2294	3274	7150	1176	0	44728	3780	9006	3000376	39501	49943	1417	200000	2227788	51655949	183692083	2517	6855760	5165676	3513177
1789703776	80942	93.3	92.0	7192	5231	2743	8498	1264	0	23772	4222	9154	2999736	39729	50000	861	200000	2228328	51664407	183758149	2517	6857950	5167358	3514394
1789703810	80976	93.9	91.1	12349	2837	4222	7692	2086	0	7235	4324	9951	2999148	38874	50000	1903	200000	2229220	51682723	183873773	2517	6860564	5168520	3515949
1789703840	81005	93.0	92.4	7105	1694	1297	9461	190	0	66502	4765	6430	3000367	38967	50000	617	200000	2229874	51691127	183973415	2519	6862838	5170550	3519937
1789703868	81034	94.0	93.2	9146	3957	3178	7874	1064	0	35298	4010	8965	3000178	38624	49968	1289	200000	2230513	51703268	184061609	2518	6865266	5171538	3520476
1789703900	81066	94.2	93.0	7584	2913	2319	9642	741	0	40976	4173	9645	3000288	38414	50000	1105	200000	2231279	51716186	184155129	2518	6867753	5173184	3522922
1789703930	81096	93.1	92.5	9127	2745	2347	6672	844	0	60875	4038	9204	3000167	38672	50000	1095	200000	2231860	51726853	184235065	2518	6870294	5174633	3525178
1789703957	81123	92.8	92.2	8020	2358	2342	8791	183	0	47424	4007	5306	3000072	38581	49918	1360	200000	2232496	51737015	184330590	2518	6872670	5176537	3527291
1789703994	81160	95.3	95.1	8732	2910	1148	6928	89	0	108045	3986	9251	3000369	39070	50000	545	200000	2233651	51755882	184466454	2519	6875007	5178566	3528053
1789704017	81183	89.5	87.1	13005	5701	3956	9110	2241	0	16144	3954	8434	2998987	38127	49990	1592	200000	2234034	51764132	184529206	2518	6877502	5178876	3528851
1789704048	81214	92.3	91.8	6261	2825	3216	7178	1330	0	25080	3971	5709	3000119	37983	49948	1251	200000	2234822	51776663	184634100	2518	6879843	5180606	3531308
1789704077	81243	94.3	93.6	6498	2876	3230	8770	1204	0	61336	3823	8970	3000208	37527	49993	1463	200000	2235481	51786222	184713310	2518	6882399	5182820	3532124
1789704111	81277	97.1	96.3	8386	2981	1849	7240	350	0	63676	3876	8839	3000438	37964	50000	985	200000	2236480	51813104	184798124	2518	6884757	5185604	3533577
1789704138	81303	98.1	97.7	8611	4283	1528	8660	304	0	73905	3830	8722	3000576	38383	50000	843	200000	2237048	51829483	184839935	2519	6886984	5187408	3534535
1789704168	81334	97.0	96.2	7291	5868	2045	6743	220	0	47170	3728	8605	3000326	37984	50000	1191	200000	2237847	51848923	184931868	2518	6889464	5189498	3535476
1789704200	81366	98.2	97.6	7753	3676	1422	8042	298	0	43819	3806	8930	3000654	38328	50000	625	200000	2238839	51871087	185032509	2518	6892055	5191434	3536486
1789704229	81395	97.5	96.5	8474	2267	1078	5716	382	0	12232	3802	8734	3000506	38392	50000	387	200000	2239554	51882376	185118668	2518	6894500	5193265	3537904
1789704262	81427	91.9	91.4	6662	3449	4248	7830	555	0	2620	3840	8877	2999052	37498	49987	1362	200000	2240332	51896488	185211039	2518	6897366	5194928	3539244
1789704291	81457	95.0	93.8	5993	2252	1972	7079	492	0	43234	3885	9306	3000127	37686	50000	879	200000	2240955	51906421	185284661	2518	6900399	5197144	3541596
1789704324	81489	90.8	90.2	9451	3150	1720	8775	165	0	59691	3934	9021	3000346	37806	50000	928	200000	2241864	51926687	185348048	2520	6902808	5199569	3542643
1789704348	81514	94.4	93.8	7062	3724	1882	6540	78	0	78380	3681	5078	3000553	37969	50000	916	200000	2242520	51938728	185420520	2520	6905136	5201214	3543267
1789704380	81546	92.9	92.3	9601	3861	1743	8606	461	0	42650	4060	9109	3000076	37759	50000	926	200000	2243340	51949103	185527546	2518	6907850	5202962	3545441
1789704409	81575	95.4	95.0	5474	2518	1457	5976	98	0	48253	3750	8751	3000566	38110	50000	735	200000	2244113	51968620	185590434	2522	6909945	5204843	3546272
1789704438	81604	94.2	92.7	5991	4011	1241	7614	126	0	37465	4109	5390	3000337	38304	50000	406	200000	2244958	51983660	185711763	2522	6912157	5206249	3548473
1789704473	81639	92.5	92.0	9303	3436	1574	6411	396	0	50835	3879	9063	3000199	38108	50000	525	200000	2245821	51994569	185838634	2522	6915396	5208275	3549697
1789704496	81662	94.2	93.6	9388	2033	1913	7844	56	0	53260	3946	8715	3000377	38068	49995	1006	200000	2246208	52009188	185865477	2522	6917071	5209631	3550433
1789704532	81698	94.7	94.3	6841	2881	1262	6143	342	0	13156	3885	9064	3000305	38317	50000	439	200000	2247156	52021004	186013647	2522	6919835	5211506	3552511
1789704559	81725	92.8	92.1	7362	4111	1682	7785	531	0	26737	3857	5295	3000440	38202	50000	541	200000	2247923	52034798	186088363	2523	6922499	5213553	3553445
1789704589	81755	94.9	94.6	9827	4495	1396	6236	191	0	56757	3904	8984	3000534	38388	50000	535	200000	2248743	52049954	186166795	2525	6924518	5215334	3554330
1789704619	81785	92.9	92.4	7869	3634	1638	8115	157	0	61658	4033	8980	3000539	38787	50000	954	200000	2249398	52063538	186260365	2522	6926746	5217289	3555597
1789704654	81820	94.8	94.4	12096	4955	1583	5827	204	0	78737	4203	9402	3000262	38868	50000	836	200000	2250235	52081751	186377939	2522	6928887	5219092	3556498
1789704677	81843	91.4	88.4	6087	3904	3001	8412	398	0	26027	4362	5622	2999929	38157	50000	1132	200000	2250737	52089476	186433694	2528	6932021	5220519	3558080
1789704707	81873	92.0	90.9	8219	3501	4073	7785	2265	0	13903	4539	10375	3000094	37176	50000	1501	200000	2251362	52100803	186505229	2541	6935568	5221838	3560529
1789704741	81907	95.1	94.6	10540	2779	3363	9253	1873	0	37717	4155	9450	3000107	37638	50000	1287	200000	2252167	52120889	186586336	2542	6938182	5224483	3561310
1789704767	81932	93.9	93.6	7906	4461	3290	6547	1137	0	1921	4102	5229	3000014	37778	49998	905	200000	2252932	52140591	186664888	2542	6939424	5225192	3563053
1789704796	81962	93.0	92.2	6608	3646	2895	8394	1097	0	16290	4509	9830	3000014	37373	49996	1159	200000	2253484	52150628	186735185	2542	6941952	5226948	3564876
1789704828	81994	93.3	92.4	7293	3345	3446	7478	1800	0	20047	4434	9867	3000303	37833	50000	1375	200000	2254187	52167858	186817917	2542	6944705	5228704	3566204
1789704859	82025	94.6	93.9	7038	2154	1726	9046	155	0	38683	4102	5606	3000402	37805	50000	1021	200000	2255076	52185572	186933942	2542	6946962	5231239	3568533
1789704888	82054	94.8	94.2	6066	5255	1518	6611	182	0	53137	3983	9249	3000520	37620	50000	795	200000	2255836	52202707	186992298	2543	6949320	5233220	3569314
1789704921	82086	94.1	93.8	8545	3494	1419	8182	153	0	52017	4206	9418	3000700	37794	50000	834	200000	2256630	52219649	187093866	2542	6951650	5235238	3570222
1789704950	82116	93.8	93.3	8530	4816	1564	5649	144	0	26453	3871	8868	3000976	38161	50000	967	200000	2257428	52232334	187173149	2542	6953958	5237152	3571233
1789704978	82144	96.8	96.3	6839	3832	1314	7032	643	0	19690	3953	5348	3000821	38190	50000	378	200000	2258344	52247709	187272428	2544	6956779	5239138	3572223
1789705009	82174	96.6	96.2	5810	4017	1501	5606	450	0	23813	3904	8805	3000504	38220	50000	505	200000	2259143	52263601	187358541	2544	6959258	5241253	3573143
1789705037	82203	96.8	96.1	7572	2945	3853	8553	1250	0	2940	3962	9154	2998839	37464	49933	1218	200000	2259843	52274419	187444820	2544	6963046	5243046	3574265
1789705069	82234	97.3	96.9	6791	4861	3811	7249	1198	0	2284	3956	9043	2999839	38131	50000	1121	200000	2260682	52293178	187541189	2544	6965319	5244872	3575310
1789705102	82267	95.5	93.9	11167	2309	4050	8871	2226	0	5848	4387	10033	3000051	37798	49986	1422	200000	2261436	52313066	187632245	2544	6967748	5246904	3576540
1789705127	82293	94.8	94.7	7964	6546	3626	7299	1143	0	10708	3967	5083	2999609	37924	50000	1134	200000	2262183	52326822	187735656	2544	6969928	5248313	3578069
1789705161	82327	95.7	95.4	11907	2149	4353	7886	456	0	3016	4113	9144	2998951	37896	49897	1461	200000	2263146	52343809	187844348	2548	6971213	5250361	3578972
1789705187	82353	93.1	92.4	9796	2891	3504	7345	852	0	3586	4268	5465	2999116	38047	49861	718	200000	2263844	52355135	187942917	2548	6974155	5251292	3581015
1789705220	82386	85.6	84.8	7369	1511	2217	9440	677	0	82039	4575	10584	3000096	37698	50000	862	200000	2264209	52360303	188006457	2548	6977391	5254093	3583862
1789705248	82413	93.6	92.5	9034	6495	3431	7654	1782	0	22360	4108	9112	3000007	37599	50000	1248	200000	2265065	52373919	188087761	2548	6979479	5254790	3584953
1789705286	82451	94.0	93.5	8475	1619	1751	9646	772	0	54460	4254	10087	3000278	37718	50000	729	200000	2266024	52386251	188221969	2548	6982290	5257331	3587412
1789705308	82474	91.2	88.9	7101	3064	3146	7067	484	0	29918	4481	5740	3000123	36955	50000	1336	200000	2266598	52395022	188293761	2548	6984895	5258384	3589258
1789705337	82503	90.7	88.6	9055	2610	3639	9184	1530	0	10382	4505	10206	3000301	36325	50000	1514	200000	2267027	52405133	188353750	2551	6987899	5259602	3591630
1789705368	82534	92.3	92.0	6745	3504	2102	7368	657	0	47524	4017	9420	3000266	36879	50000	974	200000	2267613	52419220	188413153	2548	6990423	5262339	3593385
1789705400	82566	93.7	93.1	6766	3941	2793	9280	247	0	40967	4085	9324	3000016	36995	49932	1441	200000	2268327	52437334	188490279	2548	6992689	5263839	3595198
1789705429	82595	94.7	92.2	7086	3252	1620	6876	147	0	55663	4865	6192	3000770	37171	50000	330	200000	2269302	52452036	188602529	2548	6994963	5265374	3596615
1789705463	82629	94.0	93.5	8811	4795	1573	9084	478	0	48788	4011	9562	3000366	36576	50000	601	200000	2270141	52465480	188708329	2549	6998166	5267676	3598364
1789705490	82656	95.0	94.5	7248	4458	1388	6015	193	0	75139	3864	8805	3000473	36768	50000	725	200000	2270838	52480414	188771192	2549	6999791	5269516	3599220
1789705517	82683	92.3	91.6	7405	3447	3242	8118	552	0	28008	4227	5365	3000309	36403	49971	1481	200000	2271473	52494477	188857236	2549	7002349	5270630	3600188
1789705550	82716	95.4	94.5	9514	2417	2069	6133	389	0	34422	4158	9500	3000649	36510	50000	1204	200000	2272491	52517236	188946661	2549	7004822	5272811	3601763
1789705581	82747	93.0	92.4	7973	2352	1910	8120	740	0	58873	4290	9814	3000312	36132	50000	737	200000	2273320	52530773	189033429	2549	7007732	5274778	3603252
1789705611	82776	94.8	94.5	7891	3940	1272	6226	191	0	29045	3921	9027	3001200	37368	50000	695	200000	2274031	52548330	189113775	2549	7009247	5276169	3604737
1789705643	82809	92.9	92.5	9720	2351	3514	8700	768	0	17047	3908	8996	2999429	37011	49942	914	200000	2274841	52562068	189219742	2549	7012782	5277908	3606036
1789705673	82839	97.1	96.8	11154	6426	1221	5796	127	0	65156	4168	5553	3000419	37330	50000	563	200000	2275856	52580730	189357853	2549	7013817	5279768	3606910
1789705702	82867	92.3	91.5	7304	4665	2263	7857	295	0	53214	4153	9025	3000217	36673	49934	1458	200000	2276392	52590869	189425484	2549	7016088	5281682	3608114
1789705734	82900	95.6	95.4	6476	3410	1253	5831	288	0	88833	3866	8975	3000400	37198	50000	594	200000	2277404	52608927	189533913	2549	7018399	5283425	3609216
1789705756	82921	92.4	88.9	10188	4131	2443	7734	436	0	33159	4315	5401	3000111	36928	49931	1461	200000	2277851	52615164	189596505	2549	7020621	5284501	3610760
1789705792	82958	94.5	94.1	8186	3411	1842	6819	207	0	83201	4044	9402	3000174	36690	50000	1087	200000	2278824	52627253	189720086	2549	7023405	5287170	3612024
1789705823	82989	95.1	94.9	7544	5005	1071	8061	130	0	101167	3871	8730	3000304	37118	50000	642	200000	2279729	52645969	189808007	2550	7025567	5289145	3612961
1789705845	83011	90.4	89.7	8856	8837	3758	5911	1937	0	10213	3550	4383	2999624	36743	50000	1413	200000	2280262	52659323	189899983	2549	7027988	5289403	3613591
1789705875	83041	97.6	97.4	7084	4440	3281	7306	1554	0	23978	3794	8872	3000050	37025	50000	1116	200000	2281003	52669459	190006075	2549	7030293	5291659	3614606
1789705906	83072	97.6	96.9	8183	4853	3520	6007	1970	0	14866	4062	9221	2999929	36946	49983	1182	200000	2281916	52687243	190114421	2549	7032737	5293496	3615468
1789705941	83106	97.1	96.5	8813	2504	3377	7889	1311	0	45674	3962	9493	2999889	36551	50000	1483	200000	2282847	52700442	190234346	2549	7035212	5295716	3616942
1789705973	83138	96.1	95.7	10008	3207	2083	6681	697	0	61434	4130	9692	3000167	36694	49979	994	200000	2283712	52715899	190331940	2549	7037416	5297825	3618858
1789705997	83163	93.0	91.7	7427	3025	2687	8190	395	0	42948	3937	5047	3000285	36450	50000	1294	200000	2284245	52725490	190405978	2549	7039527	5299004	3620071
1789706032	83198	96.0	95.8	12037	2377	1211	6553	217	0	69041	4229	9753	3000926	37372	50000	563	200000	2285403	52748262	190516845	2549	7041790	5301588	3621070
1789706064	83230	93.2	92.7	8531	4181	1750	8414	133	0	51162	3774	8646	3000675	37274	50000	1033	200000	2286112	52762629	190610812	2551	7044297	5303656	3622066
1789706095	83261	95.4	93.4	7106	5046	1469	5506	54	0	62391	4165	9288	3000725	37716	50000	562	200000	2286959	52781976	190694627	2550	7046448	5305195	3623064
1789706119	83284	87.6	85.9	10598	4483	1915	7647	137	0	72139	3963	5190	3000073	37352	50000	1007	200000	2287463	52788583	190759688	2549	7048835	5306961	3624593
1789706148	83314	92.8	92.3	10278	3469	2359	6304	831	0	77611	3835	8869	3000129	37160	50000	1149	200000	2288142	52798191	190850889	2549	7051220	5308451	3625706
1789706181	83346	93.1	92.4	8205	4441	2216	8420	509	0	52432	3543	8432	3000149	36987	50000	1284	200000	2288986	52812306	190959618	2549	7053826	5310133	3627976
1789706211	83376	96.5	96.3	5758	4830	944	5704	89	0	40599	3577	8389	3000950	37961	50000	406	200000	2289942	52832207	191055959	2549	7055596	5311632	3629202
1789706243	83409	88.5	85.5	9227	3577	3540	8507	161	0	18325	4073	9380	2999840	36593	49957	1532	200000	2290554	52840964	191147728	2549	7058861	5313049	3631981
1789706270	83436	95.3	94.9	8351	2281	1234	5997	564	0	34602	3666	4912	3000509	37138	50000	348	200000	2291388	52857249	191247289	2549	7060949	5315034	3632508
1789706299	83465	93.5	92.9	6461	4356	1755	7950	692	0	34973	3452	8366	3000155	37059	50000	573	200000	2292064	52873589	191327367	2549	7063633	5316792	3633860
1789706325	83491	94.4	94.1	7525	4883	1637	5585	58	0	46961	3506	8035	3000601	37316	50000	651	200000	2292635	52889330	191383980	2549	7065226	5318140	3634928
1789706361	83527	94.6	94.3	12191	3204	1501	7664	623	0	42296	3599	8568	3000267	37313	50000	481	200000	2293644	52901546	191523656	2549	7068308	5320236	3636758
1789706391	83556	95.0	94.2	7674	5007	1956	5913	132	0	36884	3593	8204	3000499	37430	50000	863	200000	2294481	52918722	191598694	2549	7070130	5321892	3637236
1789706422	83588	92.6	91.3	6086	3143	1551	7701	488	0	17213	3907	8648	3000515	37772	50000	592	200000	2295169	52929430	191694462	2549	7072733	5323600	3639246
1789706453	83619	92.0	91.5	7117	3053	3632	6378	577	0	18381	3720	8761	2999935	36916	49967	1275	200000	2295874	52942739	191782087	2549	7075617	5325256	3640477
1789706477	83643	99.2	98.7	8384	3153	1050	7255	515	0	23012	3547	4831	3000781	37647	50000	284	200000	2296559	52957836	191866803	2549	7077086	5327062	3641408
1789706509	83675	93.2	92.8	7677	4859	1363	5819	219	0	35224	3953	8979	3000638	37801	50000	631	200000	2297400	52976555	191959631	2549	7079362	5328841	3642574
1789706540	83706	95.3	95.0	10163	4286	1207	7439	327	0	46765	3953	8746	3000397	38027	50000	516	200000	2298219	52991612	192055551	2549	7081672	5330716	3643590
1789706572	83738	94.8	93.6	10513	4175	1028	5766	191	0	32739	3856	8941	3000556	38080	50000	566	200000	2299070	53004399	192166662	2549	7083943	5332343	3645167
1789706596	83762	92.6	92.0	6200	2627	1308	7626	527	0	17088	3725	4907	3000419	37866	50000	465	200000	2299781	53014219	192244939	2549	7086731	5334112	3646498
1789706627	83792	93.7	93.2	9154	5060	1400	5916	279	0	20403	3846	8629	3000416	37759	50000	537	200000	2300440	53024402	192328305	2549	7088813	5335697	3648045
1789706657	83823	90.7	89.6	8409	4508	3504	8633	2032	0	6263	3568	8706	3000292	37253	50000	1240	200000	2301029	53035915	192407420	2549	7092570	5337422	3649288
1789706686	83852	93.9	93.8	6776	4844	3658	6503	1057	0	9878	3922	8566	3000244	38139	50000	1301	200000	2301788	53058283	192474900	2549	7094794	5339267	3649815
1789706717	83883	94.4	93.5	7631	2666	2910	8097	1490	0	34611	4113	9342	2999572	38320	50000	1059	200000	2302508	53072425	192550215	2549	7097114	5341665	3651243
1789706751	83917	95.8	93.2	9772	4177	4010	7271	2195	0	13074	4355	9288	3000100	38491	50000	1699	200000	2303382	53091300	192648494	2549	7099614	5342966	3652513
1789706777	83943	96.3	95.8	8801	1419	2554	8832	496	0	70156	4126	5435	3000147	38488	50000	1093	200000	2303942	53096952	192728488	2549	7102057	5345835	3654374
1789706807	83973	96.6	96.0	10911	9800	3692	7321	1965	0	36357	3743	8505	2999948	38468	49986	1516	200000	2304872	53114383	192829750	2549	7104649	5347029	3654977
1789706836	84001	94.2	93.5	7460	2104	3020	9206	1406	0	21962	3928	9202	2998993	38173	49977	1225	200000	2305541	53125489	192905140	2549	7106875	5348484	3657635
1789706868	84034	95.8	95.8	7329	3162	4401	8587	997	0	23818	3741	8766	2999194	38413	49906	1583	200000	2306505	53147136	193006792	2549	7110049	5350059	3658813
1789706903	84069	96.6	96.2	10697	2848	3887	8919	849	0	17847	3950	8761	2999628	38718	49921	1318	200000	2307461	53166694	193130289	2549	7111414	5352363	3659441
1789706928	84094	97.9	97.5	9967	1945	1184	5291	167	0	42324	4032	5286	3000521	39330	50000	606	200000	2308246	53187752	193217718	2549	7112729	5354122	3660480
1789706958	84124	94.6	94.1	9670	3253	1699	7042	141	0	53515	3808	8808	3000558	39227	50000	1028	200000	2308907	53200516	193295363	2549	7115040	5356136	3661373
1789706998	84164	93.0	92.8	12347	4617	961	5602	163	0	83958	3780	9141	3000804	39738	50000	426	200000	2310068	53226072	193419302	2549	7117335	5358151	3662234
1789707017	84182	80.9	79.7	12705	8149	3371	7651	1288	0	37105	3920	4781	3000161	39325	49899	1411	200000	2310306	53231320	193447718	2549	7119661	5358785	3662818
1789707045	84211	92.5	92.2	8022	4926	3271	6002	1428	0	29157	3873	8993	3000011	39291	50000	1077	200000	2311044	53240848	193523886	2549	7122129	5360825	3663507
1789707080	84246	94.2	92.7	11577	4670	3923	7932	2132	0	12923	4155	9253	3000013	39123	50000	1451	200000	2311990	53263426	193626980	2549	7124668	5362428	3664660
1789707106	84272	93.0	92.4	7035	4278	3700	7350	1681	0	24332	3854	5319	2998614	38747	50000	1431	200000	2312655	53272246	193723312	2549	7127176	5363953	3667151
1789707136	84302	92.8	92.7	7759	6866	3615	8604	1171	0	7497	3808	8508	3000008	38473	50000	1122	200000	2313532	53284054	193834896	2549	7129302	5365499	3667893
1789707167	84333	92.3	91.2	8587	3283	3435	7505	1882	0	4735	3786	9022	3000124	38613	50000	1067	200000	2314223	53298186	193909467	2549	7131668	5367432	3669081
1789707195	84361	93.9	93.4	10600	2785	3416	9268	1737	0	22737	3632	5005	3000062	38643	49999	1269	200000	2315036	53322035	193988510	2549	7134053	5369432	3670279
1789707226	84392	93.4	93.1	7238	5531	3120	7092	1822	0	1549	4159	9164	2999453	39102	49840	1055	200000	2315832	53337382	194098777	2549	7136153	5370668	3671990
1789707260	84426	93.9	93.0	6772	2815	3679	8751	1670	0	15998	4052	8965	2999274	38885	50000	1326	200000	2316583	53350952	194194430	2549	7138552	5372814	3672890
1789707291	84456	93.7	92.8	6840	4213	3889	6951	2237	0	1351	4216	9295	3000001	38800	50000	1283	200000	2317353	53363584	194302314	2549	7140918	5374202	3674077
1789707321	84487	94.4	90.8	8914	5139	4398	8786	2429	0	5880	4966	10055	2999553	37867	50000	1802	200000	2318070	53376353	194382555	2549	7143531	5375956	3675249
1789707346	84512	90.4	89.8	10621	1940	3388	7615	1305	0	27791	4338	5753	3000166	37983	50000	1349	200000	2318597	53390634	194421580	2549	7145895	5377549	3678599
1789707378	84544	94.9	94.9	9042	6133	3825	9081	827	0	18355	3914	8559	3000035	37391	50000	1291	200000	2319471	53411591	194531342	2549	7148328	5379213	3679063
1789707407	84572	93.7	93.0	10115	2894	3452	7644	1253	0	743	3898	9097	2999747	37933	49992	990	200000	2320186	53428696	194599710	2549	7150120	5380318	3681476
1789707440	84606	93.5	92.7	10087	2620	2589	9495	1169	0	48482	3907	9394	3000196	37926	50000	1059	200000	2320936	53441297	194691711	2549	7152627	5382528	3682917
1789707466	84632	93.0	92.4	6276	1854	2708	7366	259	0	38923	3751	5136	3000255	37666	50000	1507	200000	2321526	53451297	194772737	2549	7154848	5384561	3684501
1789707505	84671	95.2	94.9	11095	4264	1347	8614	82	0	67693	3728	12884	3000791	38353	50000	558	200000	2322614	53477086	194879195	2549	7157452	5387056	3685338
1789707527	84693	92.1	88.3	5526	3107	2121	6285	416	0	76935	4435	5453	3000173	38504	50000	1173	200000	2323039	53485481	194940329	2549	7159839	5388428	3686749
1789707557	84723	94.9	91.9	11508	3632	3847	8435	911	0	43716	4398	9246	2999198	37792	50000	1696	200000	2323782	53496844	195052906	2549	7162456	5389323	3687949
1789707588	84754	93.7	93.2	8853	4510	2800	6799	784	0	52164	3889	9011	3000098	38275	50000	1155	200000	2324450	53506861	195143252	2549	7164897	5391390	3690226
1789707621	84787	93.4	92.9	6623	2542	1731	8625	114	0	63619	3790	9060	3000083	38442	50000	1107	200000	2325368	53519064	195247779	2549	7167150	5393471	3692267
1789707649	84815	95.2	94.5	7965	5320	2753	6432	453	0	50451	3420	4795	3000425	38446	50000	1372	200000	2326248	53537994	195339828	2549	7169650	5394838	3693001
1789707680	84846	95.3	94.9	6941	4359	2117	7915	279	0	64358	3979	9383	3000223	38472	50000	1238	200000	2326974	53554653	195412752	2549	7171884	5397047	3694350
1789707710	84876	93.3	92.6	7877	3537	2404	5854	626	0	88206	4595	10496	3000057	38143	50000	1193	200000	2327485	53562801	195484552	2548	7174303	5398935	3695257
1789707736	84902	94.9	94.5	8252	7445	2825	7574	1384	0	16471	4491	5960	2999969	38712	49892	1036	200000	2328162	53580468	195578605	2548	7176466	5399177	3696996
1789707770	84935	94.7	94.7	11095	7122	3943	6698	880	0	897	4556	10885	2999004	38673	50000	1282	200000	2328942	53599862	195677072	2548	7178984	5400784	3697592
1789707802	84968	95.6	95.1	8283	2203	3791	8203	1010	0	5556	4636	11333	2999934	38686	50000	1216	200000	2329734	53614736	195763789	2548	7181194	5402523	3698714
1789707830	84996	94.7	94.2	12439	5774	4081	6295	716	0	15329	4475	6425	2999962	38148	50000	1698	200000	2330440	53631633	195855718	2548	7183340	5404224	3699728
1789707858	85023	97.1	96.5	7731	4954	1539	6302	465	0	28675	4495	6135	3000626	38740	50000	501	200000	2331166	53647700	195927796	2548	7184332	5406102	3700728
1789707889	85055	92.2	91.7	7950	6145	1332	5188	315	0	18578	4294	10194	3000999	39102	50000	470	200000	2331725	53666450	195985207	2548	7186487	5407954	3701720
1789707925	85091	91.7	91.0	14047	6083	989	6647	85	0	68296	4145	9668	3000728	39552	50000	432	200000	2332753	53687624	196094252	2549	7188270	5409726	3702946
1789707948	85114	90.7	88.8	6120	3541	2704	6005	626	0	59882	3817	5301	3000152	38788	50000	1170	200000	2333200	53695790	196159875	2548	7190813	5410923	3703826
1789707978	85143	91.9	91.3	11294	3325	2148	7691	615	0	52482	4421	9622	3000124	38336	50000	1217	200000	2333745	53703050	196243612	2548	7193087	5412579	3705757
1789708010	85176	95.4	95.1	8260	5852	1614	5671	481	0	58889	4510	10585	3000472	38767	50000	673	200000	2334568	53718426	196330717	2548	7195146	5414255	3707009
1789708036	85202	89.7	88.9	9985	3265	3071	7778	516	0	43329	4167	5792	3000238	38294	49950	1480	200000	2335103	53729644	196395810	2548	7197661	5415636	3708260
1789708071	85237	94.2	93.8	8033	2990	1555	6217	126	0	89404	4252	10032	3000498	38681	50000	805	200000	2336117	53746832	196502642	2549	7199934	5418074	3709331
1789708096	85262	93.6	92.9	9380	8147	4042	8267	2186	0	6762	4408	9876	2999050	38300	49799	1510	200000	2336608	53754926	196573402	2548	7202452	5418387	3710051
1789708131	85297	92.6	92.2	10304	2120	2726	6609	1239	0	58400	4437	10808	2999635	38348	50000	972	200000	2337327	53767632	196645573	2548	7204848	5421117	3711134
1789708157	85323	92.9	92.8	7688	5524	4410	8544	677	0	1468	3941	5405	2999174	38024	49911	1524	200000	2338347	53786756	196753195	2548	7207092	5421907	3712599
1789708187	85353	95.6	94.2	7758	2169	3386	7115	1597	0	11670	4965	10861	2999676	38181	50000	1187	200000	2338803	53792421	196820588	2548	7209399	5423977	3713800
1789708219	85384	94.6	93.2	10209	4115	3402	8705	1892	0	6414	4178	10040	2999430	38473	50000	1238	200000	2339624	53808569	196904915	2548	7211699	5425682	3714819
1789708247	85413	93.5	92.8	7866	2828	3355	7050	1416	0	20990	3838	5534	2999322	38481	49980	1237	200000	2340300	53819353	197000626	2548	7214188	5427518	3716589
1789708276	85442	94.1	94.0	8273	7293	4049	8760	888	0	8131	4636	9552	2998815	38166	49881	1379	200000	2341116	53832028	197095461	2548	7216726	5429114	3717277
1789708308	85474	94.8	94.4	7850	4573	4196	7696	881	0	4291	4466	10282	2999004	38171	49974	1306	200000	2341911	53847613	197182581	2548	7218943	5430623	3719368
1789708341	85507	93.4	92.2	7347	2665	3754	9204	1850	0	13092	4189	9540	2999231	38298	50000	1193	200000	2342563	53858950	197256536	2548	7221443	5433028	3720038
1789708365	85531	94.5	94.0	6556	4156	3017	7024	1592	0	888	3452	4697	2999222	38230	50000	846	200000	2343394	53877118	197340905	2551	7223216	5434005	3722066
1789708397	85563	94.3	93.7	8426	2925	3076	8706	1434	0	8525	4046	8811	3000263	38010	50000	1314	200000	2344184	53890770	197440959	2551	7225510	5435732	3723093
1789708428	85594	94.1	93.8	6653	3554	2486	7238	739	0	45326	3670	8521	3000182	38422	50000	993	200000	2344772	53902511	197529519	2551	7227943	5437940	3724495
1789708455	85621	94.9	94.3	7691	5220	3360	9000	1838	0	25525	3790	8609	2999738	38339	50000	1230	200000	2345495	53916452	197621481	2551	7230189	5439158	3725621
1789708489	85655	94.6	94.2	9008	2566	2667	7307	946	0	54671	3829	9080	3000003	38381	50000	1162	200000	2346150	53924684	197714506	2551	7232674	5441432	3727229
1789708521	85687	94.2	93.6	6601	2767	2369	8916	393	0	60699	3638	8594	3000154	38319	50000	1227	200000	2347065	53941928	197819560	2551	7234959	5443655	3728700
1789708552	85718	95.3	94.9	7207	4668	1299	6570	128	0	58002	3650	8548	3000384	38428	50000	865	200000	2347976	53962282	197925625	2551	7237030	5445474	3729863
1789708576	85742	92.9	91.9	6974	3405	1787	8309	66	0	45765	4043	5362	3000433	38817	50000	755	200000	2348514	53980886	197981687	2551	7239507	5447058	3730971
1789708609	85775	93.9	93.3	8929	3171	1928	6858	52	0	59079	3865	9092	3000223	38515	50000	1190	200000	2349348	53991263	198100975	2551	7242182	5449166	3732465
1789708638	85804	94.8	94.5	8546	3423	1307	8109	164	0	67276	3800	8618	3000436	39090	50000	671	200000	2350075	54008791	198186073	2551	7244393	5450896	3733717
1789708672	85837	95.2	94.6	7855	2535	1920	6322	147	0	33010	4088	9309	3000406	38829	50000	1093	200000	2350985	54023100	198311147	2551	7247063	5452977	3734945
1789708705	85871	97.8	97.5	7442	3146	1662	7700	316	0	50394	4061	9121	3000675	39220	50000	629	200000	2352024	54046375	198417085	2551	7249508	5454669	3736128
1789708726	85892	95.7	94.6	9970	2595	2868	6720	1589	0	8296	4002	5340	3000124	38540	49998	840	200000	2352489	54050896	198479063	2551	7253282	5456370	3737743
1789708758	85923	94.8	94.7	7334	5786	4166	8979	849	0	13691	3799	8527	2999911	38451	49930	1507	200000	2353478	54070047	198572376	2554	7256011	5458293	3738400
1789708787	85952	93.7	92.8	6057	3842	2939	7519	1873	0	10849	3763	8845	2999126	38460	49953	924	200000	2354114	54078605	198660569	2554	7258168	5459884	3740594
1789708821	85987	90.6	90.5	8145	3699	4407	8047	416	0	1978	3927	8753	2999743	38078	49965	1705	200000	2355073	54099267	198782708	2554	7259175	5461522	3741408
1789708846	86012	93.8	92.6	7366	2051	3342	7176	1967	0	4133	3648	5185	2999990	38480	50000	1104	200000	2355651	54114264	198847447	2554	7262867	5463403	3742899
1789708876	86042	94.4	94.0	6724	3913	3472	8757	1935	0	4711	3842	8640	3000038	38642	50000	1153	200000	2356430	54132313	198935724	2554	7265247	5465525	3743626
1789708907	86073	95.3	94.8	6882	2523	3586	7038	1931	0	41661	3856	9006	2999648	38620	49875	1509	200000	2357226	54143661	199031646	2554	7267833	5467775	3744627
1789708939	86105	92.8	92.5	6719	4781	3022	8797	1337	0	32985	4066	9280	2999525	38484	49976	998	200000	2357946	54158808	199122215	2554	7270161	5469365	3746578
1789708968	86134	92.0	91.9	8325	3595	3939	7651	537	0	18356	3653	4753	3000070	37839	50000	1523	200000	2358884	54174151	199242132	2554	7272488	5470856	3747520
1789708996	86162	93.9	92.8	6210	2389	3263	9620	1465	0	29317	3995	9635	2999116	37882	49890	1246	200000	2359341	54187964	199287910	2554	7274808	5472253	3750518
1789709028	86194	93.3	92.7	11123	4992	3039	7733	1789	0	24062	3938	8925	2999363	37567	49973	1167	200000	2360163	54202907	199405219	2554	7277034	5473587	3752044
1789709060	86226	94.9	94.4	8542	2973	3343	9335	1405	0	35992	3737	8940	2999710	37494	50000	1375	200000	2360849	54212139	199495215	2554	7279452	5475735	3752927
1789709086	86252	91.5	91.1	9160	4751	2780	6834	1371	0	26700	3812	5093	2999173	37833	49994	1007	200000	2361476	54224816	199564253	2554	7281628	5476644	3755508
1789709116	86282	93.7	93.3	9416	4730	2757	8451	1531	0	29968	4209	9089	3000027	37766	50000	1006	200000	2362305	54234419	199673574	2554	7283868	5478332	3756593
1789709149	86315	93.8	93.2	5898	3606	3711	7906	2005	0	27681	3734	8512	2999530	37214	50000	1503	200000	2363181	54249004	199793285	2554	7286479	5479976	3757704
1789709177	86343	94.5	93.9	5666	3541	3445	9302	1759	0	7888	3842	8961	2999559	37410	50000	1138	200000	2363824	54260731	199871481	2554	7288816	5481847	3758986
1789709210	86376	94.0	93.3	10229	3654	3675	7114	2099	0	14373	3677	8630	3000125	37674	50000	1333	200000	2364706	54289118	199958316	2554	7291223	5483677	3760023
1789709237	86402	93.5	92.9	8281	5498	3983	8743	2157	0	1235	3652	4808	2999094	37214	49968	1196	200000	2365493	54304095	200076516	2554	7293533	5485262	3761458
1789709266	86431	94.5	94.0	8205	4563	3639	7116	2034	0	5573	3763	8609	2999900	37256	50000	1306	200000	2366282	54319542	200162369	2554	7295829	5487233	3762324
1789709296	86462	94.4	94.0	6185	3230	2580	8552	943	0	43480	3601	8690	3000077	37676	50000	1035	200000	2366984	54335061	200232007	2554	7298005	5489782	3763611
1789709327	86492	94.8	94.3	8510	6529	3647	7105	1981	0	32621	3726	8899	2999100	37489	49797	1471	200000	2367756	54352913	200312103	2554	7300623	5491384	3764249
1789709360	86526	95.1	94.8	6182	3413	1751	8352	486	0	88205	3864	9003	3000118	37883	50000	763	200000	2368666	54366246	200412103	2554	7302866	5494485	3765343
1789709385	86551	93.3	92.6	10392	4046	3166	6534	1286	0	26817	3694	4889	3000217	37716	50000	1344	200000	2369592	54380915	200502478	2554	7305245	5495568	3766053
1789709416	86582	94.6	94.1	8798	1965	2463	7963	454	0	75343	3739	8947	3000117	37557	50000	1214	200000	2370346	54390100	200603884	2554	7307632	5498240	3767022
1789709450	86615	94.5	94.1	9705	3472	1850	6466	163	0	79338	3939	9213	3000465	37794	50000	1147	200000	2371433	54408054	200711300	2554	7310115	5500944	3767830
1789709480	86646	95.7	95.3	9131	2266	1363	7838	230	0	65372	4069	9129	3000352	38078	50000	744	200000	2372218	54421931	200807753	2555	7312501	5502879	3768862
1789709515	86681	96.0	95.2	10534	2886	1359	5660	162	0	49039	4014	9414	3000978	38497	50000	748	200000	2373211	54447897	200919872	2547	7314791	5504690	3770154
1789709541	86707	96.3	95.6	6711	3947	1899	7483	214	0	55798	3918	5201	3000567	38462	50000	988	200000	2374010	54463653	201016447	2547	7317472	5506733	3770833
1789709569	86735	97.1	96.7	7672	2433	1387	5959	315	0	86992	3943	8888	3000473	38493	50000	846	200000	2374729	54476571	201092383	2547	7319687	5508746	3771841
1789709605	86771	98.0	97.7	10306	5777	1313	7590	201	0	41215	4006	9244	3000423	38390	50000	723	200000	2375917	54494779	201229041	2547	7322216	5510733	3772877
1789709631	86797	96.7	96.3	6169	2702	1715	5699	245	0	42873	3913	5163	3000426	38537	50000	989	200000	2376721	54510760	201311304	2547	7324595	5512929	3773397
1789709661	86827	95.8	95.5	8906	4877	1339	7093	246	0	70154	3963	9015	3000434	39022	50000	802	200000	2377525	54526324	201404608	2547	7326821	5514974	3774220
1789709695	86861	95.7	95.3	10608	5334	1634	5653	168	0	57246	4259	9488	3000327	38857	50000	907	200000	2378217	54536611	201519354	2547	7329116	5516806	3775148
1789709718	86884	88.8	88.2	9312	2482	2309	7220	472	0	64307	4082	5155	3000189	38690	50000	1382	200000	2378767	54548481	201576654	2547	7331342	5518546	3776024
1789709753	86919	95.1	94.4	8518	5103	1574	5685	495	0	42647	4125	9630	3000290	39122	50000	707	200000	2379807	54566406	201707935	2547	7333878	5520332	3777540
1789709781	86947	94.2	93.8	6644	2793	1369	7389	222	0	39864	4073	5291	3000489	39289	50000	686	200000	2380739	54577749	201829262	2547	7336386	5521804	3779210
1789709808	86973	94.3	93.8	7457	3730	1428	6101	269	0	27275	4062	9203	3000301	38924	50000	806	200000	2381291	54585767	201904694	2547	7338427	5523645	3780412
1789709846	87011	93.1	92.8	8024	5234	934	7564	224	0	47636	3975	9346	3000673	39175	50000	533	200000	2382432	54609111	202048950	2548	7340662	5525314	3781678
1789709870	87036	90.2	89.4	9377	1557	1575	5716	486	0	39529	4344	5684	3000268	38500	50000	635	200000	2383018	54616979	202126218	2548	7343465	5527185	3782909
1789709899	87065	95.5	95.1	6022	4275	1192	7089	185	0	48217	3974	8811	3000437	38477	50000	645	200000	2383791	54632848	202208107	2548	7345387	5529142	3783875
1789709933	87099	90.5	89.1	6245	4452	3160	6737	785	0	12138	3949	9449	3000042	37579	50000	1051	200000	2384559	54649704	202294394	2548	7349442	5530902	3785427
1789709964	87130	95.6	95.3	9147	2966	1103	6907	285	0	49264	3820	8906	3000926	38605	50000	397	200000	2385403	54672734	202374316	2557	7350212	5532778	3785963
1789709992	87157	93.8	93.2	9269	3751	1635	5668	188	0	50212	3938	5260	3000423	38431	50000	746	200000	2386168	54688826	202474310	2550	7352639	5534625	3787327
1789710022	87188	94.2	93.7	9971	4520	1537	7375	230	0	50609	4117	9285	3000447	38253	50000	894	200000	2386933	54704010	202557951	2550	7354806	5536625	3788243
1789710053	87219	94.1	93.4	6304	4275	1724	5945	178	0	46978	4025	9333	3000540	38369	50000	792	200000	2387838	54721751	202641308	2550	7357358	5538400	3789507
1789710081	87246	93.1	92.5	7777	2930	1376	7670	202	0	55534	4095	5442	3000555	38215	50000	820	200000	2388635	54734855	202735937	2554	7359857	5540462	3790600
1789710108	87274	93.8	93.2	7493	3564	2004	6091	42	0	51965	4003	9185	3000716	38128	50000	1170	200000	2389304	54751991	202796648	2550	7362144	5542261	3791306
1789710142	87307	91.1	90.6	8339	3340	3114	8304	615	0	17192	4045	9368	3000070	38447	49967	1062	200000	2390107	54767592	202899175	2550	7365424	5543946	3793228
1789710169	87335	93.0	92.5	5602	2304	3507	6458	289	0	23584	4107	5421	3000246	38217	49955	1288	200000	2390939	54783516	203011043	2551	7367442	5545467	3794407
1789710197	87363	93.3	92.6	8731	3638	3113	8724	1534	0	11277	4416	9746	3000129	38004	50000	990	200000	2391581	54793879	203097771	2551	7370049	5546753	3796377
1789710226	87392	92.2	91.8	11000	1581	3361	7177	1583	0	12126	4464	5812	3000187	37750	50000	1102	200000	2392265	54804170	203190309	2551	7372629	5548600	3797620
1789710256	87422	94.1	93.3	6799	4052	3037	8975	1391	0	40491	4050	9386	3000132	37794	49935	1119	200000	2393018	54820732	203260854	2551	7374968	5550378	3799154
1789710289	87455	93.5	93.1	8147	5403	3242	7123	1830	0	33650	4162	9253	2998891	37509	49947	1239	200000	2393947	54835857	203377079	2551	7377406	5552325	3800072
1789710323	87489	94.1	92.8	8858	3221	2511	8927	922	0	43991	4673	10016	3000147	37395	50000	1199	200000	2394700	54846106	203470382	2551	7379687	5554237	3802122
1789710349	87515	94.5	94.0	5049	3191	1551	6329	298	0	58612	4040	5475	3000396	37739	50000	694	200000	2395467	54860331	203555502	2551	7381683	5555801	3803747
1789710379	87545	95.6	95.1	7498	2726	1461	8046	108	0	72707	3994	9162	3000239	37529	50000	891	200000	2396141	54872858	203653824	2551	7383999	5557935	3804898
1789710414	87580	97.1	96.9	9629	5250	1686	6427	43	0	72144	3900	9104	3000398	37916	49947	1072	200000	2397174	54900021	203766206	2551	7386376	5559860	3805738
1789710438	87604	95.2	94.4	6319	3397	2632	8202	550	0	74748	3918	5055	3000403	37794	49979	1275	200000	2397778	54911367	203858693	2551	7388755	5561106	3807003
1789710467	87633	96.4	96.1	9422	2578	2220	6026	369	0	69392	4068	9145	3000067	37908	50000	1140	200000	2398451	54920674	203955964	2551	7391093	5563444	3807867
1789710504	87670	97.6	97.1	10797	3393	1663	7706	249	0	74470	4027	9307	3000407	38280	50000	978	200000	2399619	54942665	204085236	2551	7393590	5565765	3808941
1789710527	87693	95.6	95.1	8097	2936	2661	5817	449	0	52162	4153	5186	3000184	38052	50000	1309	200000	2400225	54951494	204179346	2551	7395812	5566989	3809806
1789710560	87725	95.1	94.7	9308	3047	1765	7243	446	0	91132	4084	9467	3000268	38143	50000	938	200000	2401123	54968203	204276867	2555	7398181	5569484	3810695
1789710593	87759	94.4	93.9	8677	3542	1867	6081	221	0	34875	4416	9553	3000346	37968	50000	1099	200000	2402020	54986443	204379481	2552	7401076	5571467	3812382
1789710626	87792	91.5	91.3	12837	5350	1571	7391	307	0	89383	4095	9435	3000610	38663	50000	663	200000	2402888	55009268	204457646	2562	7403346	5573360	3812875
1789710649	87814	90.6	90.0	5412	4284	2651	5649	507	0	37458	4239	5151	3000069	38202	50000	1337	200000	2403358	55020740	204527987	2558	7405355	5574510	3814247
1789710685	87850	94.6	94.0	9002	3679	2163	7284	679	0	40622	4123	9932	3000367	37996	50000	958	200000	2404454	55036288	204654158	2558	7407945	5576412	3815716
1789710708	87874	93.1	91.4	7236	3352	1573	5817	358	0	28677	4467	5626	3000352	37735	50000	793	200000	2405041	55045548	204736331	2558	7410110	5577602	3817936
1789710738	87904	92.6	90.5	9100	3551	3116	8674	1268	0	12369	4646	10058	3000176	36698	50000	1300	200000	2405582	55056463	204818207	2558	7413439	5579039	3820002
1789710767	87933	91.4	90.8	6665	1977	2720	7558	1138	0	14875	4073	9091	3001035	38222	50000	1063	200000	2406181	55071747	204870800	2558	7416054	5580717	3822302
1789710803	87969	94.4	94.0	5657	2571	1786	9221	409	0	56052	3864	9318	3000470	38751	50000	864	200000	2407042	55091196	204993218	2558	7418506	5583150	3823857
1789710827	87993	94.2	93.1	9104	3521	1782	7011	89	0	35576	4016	5173	3000713	38957	50000	861	200000	2407800	55104422	205081839	2558	7420566	5584657	3825185
1789710864	88029	94.4	94.1	15607	3292	1447	8739	274	0	91178	4035	9340	3000268	38644	50000	820	200000	2408729	55120940	205198324	2561	7423071	5586814	3826341
1789710892	88058	93.5	93.0	5318	3047	1511	6004	133	0	79793	3784	8514	3000438	38700	50000	873	200000	2409468	55135514	205270585	2559	7425288	5588779	3827194
1789710917	88083	93.3	92.7	12546	4753	2243	7704	402	0	85532	3738	4837	3000264	38548	50000	1099	200000	2410095	55145339	205338757	2559	7427651	5590348	3828003
1789710951	88117	94.2	93.8	10691	5787	2713	6033	757	0	72264	3922	8925	3000092	38550	49921	1178	200000	2410891	55160514	205463481	2559	7430137	5592065	3828864
1789710976	88142	92.5	91.9	9763	2981	2854	7760	1286	0	20832	3652	4750	2999374	38425	50000	1052	200000	2411697	55172584	205572013	2559	7432323	5592908	3830725
1789711007	88173	93.5	93.1	7077	3075	2807	7251	1147	0	46583	4062	9188	2999903	38347	49992	1048	200000	2412528	55186223	205675802	2559	7434706	5594914	3831693
1789711037	88203	94.0	93.5	7558	7410	3577	8981	2053	0	9756	4018	8987	3000000	37997	50000	1212	200000	2413397	55205777	205775871	2559	7436974	5596136	3832855
1789711070	88236	93.8	93.0	11065	4463	3864	7151	2264	0	11182	3757	9014	2999904	37713	50000	1400	200000	2414231	55219494	205896565	2559	7439477	5598069	3833639
1789711096	88262	93.7	93.2	6780	2601	3633	8609	2098	0	9481	3788	5078	2999363	37869	50000	1316	200000	2414968	55236146	205978353	2559	7441815	5600039	3834781
1789711126	88292	93.8	93.3	6605	2981	3292	6996	1702	0	13336	4164	9093	2999271	37907	49961	1239	200000	2415656	55248454	206064107	2559	7444153	5602164	3836037
1789711156	88322	94.6	94.3	6749	4153	3459	8546	1801	0	6730	3799	8704	3000004	38270	50000	1104	200000	2416383	55259044	206166526	2559	7446526	5604060	3836888
1789711188	88354	94.1	93.2	10161	5353	4005	7266	2068	0	6895	3901	9273	3000076	38093	50000	1527	200000	2417291	55274490	206273646	2559	7448982	5605885	3837836
1789711222	88387	94.6	94.3	7620	1979	2527	8776	747	0	69801	4043	9429	3000123	38416	50000	1120	200000	2417976	55289363	206354640	2560	7451385	5608778	3839273
1789711245	88411	93.2	92.5	8510	6001	3911	6926	1880	0	3206	3607	4675	2999798	38434	49875	1566	200000	2418818	55307658	206436040	2559	7453819	5609623	3840296
1789711279	88445	96.0	95.8	8232	1863	1803	8166	389	0	100428	4077	9597	3000135	38797	50000	827	200000	2419560	55324241	206522161	2562	7456257	5613170	3841370
1789711311	88477	97.3	96.9	11429	3338	2020	6553	209	0	78705	3886	9053	3000260	38948	50000	1154	200000	2420618	55347080	206616898	2560	7458596	5615192	3842343
1789711343	88509	96.7	96.4	8927	4834	1928	8056	171	0	81584	4201	9029	3000313	39042	50000	1086	200000	2421525	55359438	206749177	2559	7460907	5617194	3843203
1789711370	88535	94.3	93.7	6367	3004	2681	5921	514	0	65192	3775	5078	3000627	39546	50000	1306	200000	2422257	55371422	206851089	2559	7463311	5618753	3843978
1789711399	88565	96.6	96.1	9810	3001	2734	7393	309	0	61942	4025	9197	3000657	39748	50000	1355	200000	2422947	55389711	206937100	2559	7465718	5620646	3844817
1789711431	88596	94.7	94.2	6354	5052	1459	6091	95	0	36932	4090	9108	3000467	39522	50000	1229	200000	2424263	55408050	207030988	2562	7468318	5623863	3845619
1789711459	88625	95.1	94.5	9923	5169	1543	7549	105	0	49857	3939	9045	3000464	39212	50000	852	200000	2425613	55417536	207130431	2586	7471092	5626170	3846292
1789711492	88657	95.6	95.3	8410	4918	1312	6136	278	0	62431	3665	8622	3000466	39382	50000	655	200000	2426525	55430068	207243037	2585	7473614	5628223	3847065
1789711526	88692	91.5	91.1	7705	3533	1553	7908	70	0	44318	3716	8812	3000252	39308	50000	979	200000	2427370	55445299	207346292	2586	7475986	5630218	3848061
1789711551	88717	91.2	90.7	8401	4997	1734	5636	58	0	73973	3708	4832	3000606	39657	50000	1069	200000	2427996	55459062	207397407	2586	7478241	5632088	3848648
1789711580	88746	92.1	91.5	6102	4085	1867	7295	284	0	76058	3727	8348	3000210	39578	50000	1206	200000	2428583	55469736	207473220	2585	7480560	5634054	3849840
1789711616	88782	94.9	94.6	8578	4822	1314	5582	181	0	63285	3859	9073	3000326	39753	50000	775	200000	2429586	55491037	207608647	2585	7482899	5635972	3850868
1789711640	88805	93.2	92.7	6982	3358	2331	7295	186	0	75621	3633	4626	3000224	39595	50000	1351	200000	2430145	55504219	207675393	2584	7485205	5637740	3851677
1789711670	88836	95.6	95.2	10538	5827	2258	5691	350	0	84333	4121	9261	3000222	39667	50000	1077	200000	2430808	55515294	207778286	2584	7487623	5639507	3852548
1789711700	88866	94.1	93.7	10592	4535	2823	7444	931	0	65166	3962	9068	3000089	39674	49961	1294	200000	2431602	55528567	207864032	2584	7490027	5641078	3853443
1789711727	88892	93.7	93.2	8492	4270	2665	5982	801	0	41232	3633	4896	3000239	39697	50000	1178	200000	2432389	55545721	207964975	2584	7492248	5642680	3854870
1789711760	88925	92.6	91.6	7763	4773	3005	7674	1183	0	62896	4183	9521	3000035	39461	50000	1162	200000	2433189	55560059	208068791	2583	7494751	5644456	3855641
1789711791	88957	92.9	92.6	8050	1578	2192	6943	694	0	58247	4158	9625	3000088	39648	50000	1075	200000	2433970	55572792	208169305	2584	7497023	5646132	3858094
1789711819	88985	90.1	87.8	7101	3497	3794	8563	82	0	21351	4360	5854	2999171	38890	49962	1653	200000	2434738	55585713	208262044	2583	7499482	5647551	3860099
1789711848	89014	97.4	96.8	10345	2841	1425	6656	695	0	24641	4428	9598	3000942	40000	50000	437	200000	2435429	55602575	208341724	2583	7501790	5649590	3860642
1789711880	89046	91.1	90.5	8601	3112	3880	9803	897	0	2564	4082	9590	2999089	39254	49998	1424	200000	2436139	55616971	208426441	2583	7505587	5651283	3862156
1789711911	89077	94.7	94.2	7498	4379	3830	6912	1291	0	8451	4216	9333	2999997	39268	50000	1230	200000	2436858	55632013	208515241	2583	7508008	5653196	3862954
1789711936	89102	98.3	97.8	9915	3407	1031	6918	454	0	9070	3784	4861	3000700	39912	50000	289	200000	2437721	55645692	208617323	2583	7508632	5655107	3864020
1789711968	89134	89.1	87.6	10094	3670	3581	7174	2043	0	2705	4309	9837	3000030	39123	50000	1133	200000	2438338	55656999	208685454	2583	7512706	5656779	3865827
1789712002	89168	94.0	93.8	11904	2057	3814	8881	960	0	16307	3879	8778	2999576	39227	50000	1233	200000	2439298	55674952	208806700	2583	7515233	5658955	3866381
1789712028	89194	96.4	96.0	7666	5207	1123	5644	303	0	27075	4211	5294	3000769	40000	50000	507	200000	2440159	55688904	208922009	2583	7515789	5660557	3867531
1789712058	89224	92.9	92.2	8984	2524	1427	7460	450	0	29714	3905	8947	3000523	39573	50000	542	200000	2440841	55701204	209019383	2583	7518316	5662521	3868657
1789712088	89254	92.4	90.2	6698	3204	4705	7877	1030	0	2295	4282	9626	2998862	37687	50000	1800	200000	2441477	55717593	209094212	2583	7522850	5664106	3870546
1789712116	89281	94.8	93.7	6448	3032	2968	8828	2182	0	10969	4124	9093	2999974	37878	50000	528	200000	2442433	55725414	209158946	2582	7525292	5666807	3871286
1789712148	89314	94.1	93.9	8537	6006	3705	7621	877	0	8989	3855	8799	3000100	37488	50000	1183	200000	2444060	55741487	209270516	2582	7527665	5668989	3871817
1789712179	89345	94.2	93.5	6334	3349	3572	9271	2025	0	9452	3818	8688	2999114	37391	50000	1105	200000	2444681	55748630	209354492	2582	7530086	5670682	3873217
1789712211	89377	94.4	94.3	12681	4667	3761	7653	1168	0	3869	3977	8961	2999538	37542	50000	1128	200000	2445694	55766322	209450792	2582	7532437	5672739	3873702
1789712236	89402	97.5	97.0	9725	2746	1109	7668	327	0	16088	3880	4925	3000423	38068	50000	424	200000	2446546	55782027	209548349	2582	7532963	5674537	3874697
1789712270	89436	92.3	91.8	7784	3672	4008	6366	526	0	3411	3810	9063	2998858	37326	49919	1157	200000	2447340	55796415	209642508	2582	7536007	5676215	3876043
1789712302	89468	94.5	94.1	6496	3101	3419	8865	1050	0	9986	4085	9254	2999312	37278	50000	1042	200000	2448107	55807379	209748912	2586	7539237	5678169	3877332
1789712327	89493	96.0	95.5	9088	3848	4038	6259	438	0	14441	4018	5296	2999473	37452	49910	1514	200000	2448896	55820477	209846971	2586	7540551	5679788	3878453
1789712358	89524	94.0	92.6	7367	4107	4013	9017	1110	0	725	3903	9117	2999336	37670	50000	1330	200000	2449552	55835330	209926111	2586	7544075	5681432	3879892
1789712390	89556	94.1	93.6	6849	4706	3583	7045	1259	0	4525	4082	9011	2999529	37614	50000	991	200000	2450404	55851085	210026008	2586	7546367	5683540	3880747
1789712419	89584	90.9	90.4	9167	3672	1138	7141	294	0	18929	3929	5055	3000601	38403	50000	430	200000	2451294	55867683	210145578	2586	7546914	5685246	3881877
1789712449	89615	90.9	90.4	8088	3469	3208	6620	1072	0	15567	3800	9000	3000114	38226	50000	1074	200000	2451874	55877605	210220642	2586	7550571	5687177	3882797
1789712482	89648	96.1	95.9	11716	2016	1204	6891	306	0	36099	3836	8985	3000629	38953	50000	441	200000	2452845	55894863	210342730	2586	7551468	5689133	3883510
1789712508	89674	90.6	90.0	7890	4011	2565	6199	527	0	14433	4138	5501	3000095	38269	50000	901	200000	2453450	55905004	210431592	2586	7554809	5690560	3885219
1789712535	89701	94.6	92.8	5524	2796	3070	7939	1357	0	1430	4170	9438	3000017	38063	50000	1011	200000	2454016	55918771	210493445	2586	7557091	5692052	3886719
1789712569	89735	93.2	92.7	6921	2990	3314	7698	954	0	43192	4069	9784	3000014	37687	50000	1157	200000	2454740	55930157	210576502	2586	7560342	5694355	3888816
1789712600	89765	93.4	92.6	7552	2781	2250	9304	982	0	35037	4102	9773	3000002	37733	49991	1038	200000	2455468	55941157	210662300	2586	7562387	5695951	3890764
1789712626	89792	92.7	92.2	7065	3086	2960	7546	847	0	18997	3951	5308	3000058	37696	50000	964	200000	2456138	55951313	210754609	2587	7564812	5697246	3892692
1789712659	89825	91.5	90.7	7001	3720	2731	9816	1094	0	32121	4150	9968	3000114	37289	50000	1122	200000	2456867	55961261	210854415	2586	7567683	5698715	3894714
1789712686	89852	92.7	91.2	6992	4304	2898	7375	1514	0	12431	4747	10137	3000191	36841	50000	1214	200000	2457404	55969842	210946451	2586	7569645	5699583	3896805
1789712722	89887	93.1	92.4	9033	1795	2039	9513	687	0	53948	4234	9926	3000325	37062	50000	1166	200000	2458120	55988445	211040344	2586	7572501	5701948	3899293
1789712752	89917	95.0	94.2	6887	2982	2167	6953	546	0	39436	3918	9181	3000257	36971	50000	997	200000	2458852	56004265	211120109	2586	7574947	5703881	3900277
1789712780	89946	94.9	94.6	4475	3004	1703	8427	289	0	40473	3833	5212	3000427	37167	50000	680	200000	2459770	56018819	211219158	2586	7577109	5705338	3902107
1789712812	89978	92.2	91.7	6689	3445	1743	6207	189	0	55674	3798	8604	3000217	36738	50000	840	200000	2460493	56029850	211322845	2585	7579571	5707096	3903529
1789712840	90006	93.9	93.4	7609	3440	1487	7812	168	0	60507	3651	8572	3000336	36586	50000	800	200000	2461167	56044142	211389382	2585	7581637	5708916	3904336
1789712874	90040	95.2	94.7	11634	4168	1503	5515	256	0	49229	3938	8950	3000422	36555	50000	804	200000	2462112	56061257	211510947	2585	7583997	5710847	3905460
1789712900	90066	93.2	92.8	7195	3698	1818	7102	96	0	73523	3840	5086	3000474	36914	50000	791	200000	2462852	56078194	211593655	2585	7586378	5712513	3906056
1789712931	90096	93.3	92.7	7270	3202	1677	5988	134	0	54473	4077	8880	3000134	36553	50000	964	200000	2463533	56088851	211696992	2585	7588616	5714224	3907959
1789712963	90129	94.8	94.4	10781	4394	1257	7428	302	0	47428	4150	9276	3000757	36853	50000	621	200000	2464489	56111843	211797165	2585	7590910	5716005	3909142
1789712993	90159	94.3	92.7	5509	2691	1391	5409	145	0	65512	4191	9513	3000734	37340	50000	629	200000	2465227	56126469	211883612	2585	7593042	5717584	3910394
1789713020	90186	92.6	91.9	10867	3724	2021	7344	59	0	85611	4229	5390	3000767	38238	50000	1048	200000	2465856	56139171	211973809	2584	7595425	5719214	3911455
1789713050	90216	95.4	94.9	6145	3968	1553	6070	185	0	52054	3843	8477	3000337	38313	50000	1008	200000	2466691	56154566	212080616	2584	7597550	5721106	3913054
1789713083	90249	92.7	92.2	5478	3061	1764	7636	189	0	45949	3871	8978	3000383	38499	50000	928	200000	2467541	56169964	212188032	2584	7600054	5723010	3913943
1789713110	90276	97.8	97.4	8414	1788	1275	5731	286	0	39900	3681	4988	3000871	39078	50000	485	200000	2468511	56183368	212308449	2584	7602448	5724827	3915090
1789713138	90304	96.6	95.8	6232	3081	1420	7627	288	0	28364	3933	8791	3000456	38617	50000	641	200000	2469231	56194917	212393391	2584	7605149	5726458	3916716
1789713169	90335	93.8	93.3	8048	3679	3886	6522	613	0	17636	4104	9343	3000001	38565	49960	1298	200000	2469910	56210826	212472004	2584	7607950	5728322	3917892
1789713200	90366	93.7	93.4	5754	3521	4041	9235	1072	0	430	3767	8840	2998788	38424	49828	1203	200000	2470644	56221652	212560776	2584	7611331	5730120	3918960
1789713231	90397	94.4	93.9	6671	2420	4086	6077	669	0	6508	3814	8752	2998803	38480	49884	1314	200000	2471504	56231732	212672344	2584	7612715	5732248	3920024
1789713261	90426	93.3	92.9	6458	6124	3963	7674	707	0	11131	3937	5399	2999034	38447	49886	1359	200000	2472365	56244507	212786669	2584	7615136	5734212	3921064
1789713290	90456	96.9	96.5	8888	6324	1397	5670	284	0	35198	3871	8769	3000751	39250	50000	678	200000	2473134	56260005	212880741	2584	7616709	5736273	3921785
1789713323	90489	87.1	86.4	8321	5678	1263	7251	195	0	37317	3885	8883	3000629	39563	50000	623	200000	2473833	56276106	212971123	2584	7619028	5738063	3923110
1789713349	90515	90.5	89.5	8277	6038	2462	5802	57	0	47506	4016	5338	3000513	39092	50000	1147	200000	2474482	56289002	213058590	2584	7621504	5739597	3923900
1789713378	90543	92.8	92.2	8170	4654	1974	7437	195	0	36126	4079	9149	3000249	38944	50000	1006	200000	2475128	56306145	213122179	2584	7623761	5741137	3925603
1789713411	90576	92.2	91.8	5911	2345	3783	7285	907	0	1634	3715	8701	2999010	38832	50000	1357	200000	2475872	56317298	213219266	2584	7627480	5742654	3927454
1789713439	90605	97.7	97.3	13618	2529	1222	7302	440	0	37992	3817	4929	3000483	39349	50000	466	200000	2476756	56335842	213327923	2584	7628279	5744683	3928094
1789713469	90634	94.4	93.8	6545	3926	1640	5976	148	0	25900	3709	8509	3000581	39423	50000	887	200000	2477500	56349949	213411811	2584	7630423	5746623	3928929
1789713502	90668	92.2	91.3	7638	5022	4220	7744	592	0	15229	3838	8778	2999061	38752	49835	1543	200000	2478323	56363951	213520248	2584	7633367	5748416	3930044
1789713528	90694	94.0	93.5	7689	6195	1801	5651	328	0	30967	3680	4850	3000634	39372	50000	777	200000	2479034	56377233	213621559	2584	7635199	5750275	3931155
1789713560	90726	93.0	92.6	9186	3173	1349	7246	229	0	37913	4226	9179	3000635	39429	50000	707	200000	2479788	56392051	213719319	2584	7637405	5752176	3932231
1789713592	90758	92.3	90.7	8452	5006	3547	6177	167	0	17683	4196	9582	3000002	38838	49922	1584	200000	2480513	56407129	213802860	2584	7640208	5753875	3933682
1789713619	90784	95.5	95.0	10325	2462	1592	7249	365	0	28485	4114	5263	3000841	39776	50000	494	200000	2481372	56424901	213908266	2584	7642267	5755593	3934585
1789713646	90811	91.6	90.6	8974	1421	2954	6627	1482	0	11377	4180	9418	3000113	39206	50000	812	200000	2481702	56432703	213941357	2584	7646000	5757544	3935837
1789713677	90843	93.2	92.3	7972	3191	3284	8370	1377	0	23191	4032	9906	3000164	38259	50000	1613	200000	2482436	56448005	214019216	2584	7648309	5759749	3936758
1789713709	90875	94.0	93.4	5905	2772	2016	7214	426	0	48515	4621	10019	3000211	38051	50000	1053	200000	2483056	56461011	214106578	2584	7650405	5761493	3939656
1789713741	90907	95.2	94.8	9642	2885	900	8432	302	0	36576	3944	9239	3000824	38587	50000	360	200000	2483994	56478715	214217581	2584	7652654	5763271	3940961
1789713772	90938	88.4	86.6	7752	2685	3665	8393	1259	0	1828	4605	10256	2998973	37427	50000	1263	200000	2484483	56487116	214289945	2584	7657081	5764493	3943682
1789713797	90963	96.9	96.4	10452	1411	1127	8404	528	0	19433	4271	5431	3000458	37996	50000	305	200000	2485230	56499301	214379941	2584	7657961	5766468	3944564
1789713826	90992	91.6	90.7	7164	3543	2840	6968	792	0	4710	4097	9449	2999942	37701	49970	1190	200000	2485808	56513584	214448914	2584	7660978	5768090	3945943
1789713857	91023	94.6	94.2	7120	4768	2927	8756	827	0	19545	4062	9477	3000047	37845	50000	944	200000	2486539	56531552	214528995	2584	7663687	5769936	3946968
1789713890	91056	92.0	91.5	8583	2257	2871	7509	530	0	45351	4114	9534	2999603	37456	49995	1207	200000	2487227	56543089	214618447	2584	7666370	5771958	3949153
1789713917	91083	93.5	93.0	5920	2935	3307	9178	641	0	30954	4139	5593	3000078	37024	50000	1249	200000	2488055	56551815	214747101	2584	7668552	5773061	3951179
1789713946	91112	95.0	92.2	7632	4141	2929	7277	1205	0	33464	4355	9876	3000041	37498	50000	1122	200000	2488655	56561306	214844009	2584	7670735	5774600	3952533
1789713976	91142	94.1	93.6	6470	2886	2210	8682	645	0	37475	3987	9074	3000182	37278	50000	1066	200000	2489321	56573642	214939720	2584	7672579	5776174	3954230
1789714009	91174	94.1	92.8	10087	2756	2116	6799	617	0	35271	3970	9318	3000319	36873	50000	1079	200000	2490212	56586471	215051626	2584	7675068	5777829	3955919
1789714036	91202	94.6	94.2	6177	3882	1290	8118	240	0	16837	3764	5089	3000424	37147	50000	550	200000	2490985	56601579	215149470	2588	7677101	5779224	3957662
1789714067	91232	94.6	94.2	7147	2921	1225	6272	591	0	11630	3797	8611	3000359	37109	50000	287	200000	2491746	56616210	215228177	2584	7679702	5781199	3958741
1789714100	91266	97.6	97.1	6611	5232	1003	7892	282	0	29439	3900	8967	3000545	37248	50000	422	200000	2492751	56638301	215334725	2585	7681899	5783124	3959771
1789714131	91297	95.3	94.7	10728	3033	1475	5746	296	0	52158	3823	8831	3000309	36970	50000	817	200000	2493478	56650557	215439722	2584	7684154	5785133	3960642
1789714164	91329	94.0	93.6	10732	5516	1376	7182	119	0	52598	3794	8888	3000894	37491	50000	730	200000	2494245	56671324	215534478	2584	7686249	5786994	3961581
1789714195	91361	93.0	91.8	10177	3807	1624	5604	249	0	45584	4012	9298	3000627	37455	50000	800	200000	2495013	56683854	215628130	2584	7688680	5788710	3962959
1789714219	91385	87.9	87.3	5016	3816	1619	7183	84	0	64585	4078	5337	3000397	37311	50000	895	200000	2495590	56696124	215694355	2585	7690969	5790457	3963929
1789714251	91416	94.1	93.6	8345	2779	1394	5577	195	0	37837	4091	9060	3001039	37750	50000	839	200000	2496344	56717339	215787837	2584	7693042	5792203	3965231
1789714281	91447	92.8	92.1	6813	4406	1374	7258	232	0	30789	3911	5366	3000711	37525	50000	857	200000	2497329	56741796	215903828	2584	7695696	5793735	3966765
1789714307	91473	90.7	89.8	5966	2493	3363	6818	937	0	17113	3946	9036	3000055	36792	50000	1186	200000	2497767	56750717	215951336	2584	7699162	5795334	3968083
1789714337	91503	95.7	95.5	8917	5866	899	6923	366	0	19108	3801	8751	3000723	37499	50000	188	200000	2498670	56770436	216039129	2584	7700052	5797222	3968960
1789714370	91535	89.7	88.6	7601	3320	3087	6653	1121	0	27711	4693	10381	2999105	36242	49926	1211	200000	2499182	56777855	216116434	2584	7703878	5798911	3971666
1789714397	91563	94.8	94.2	5477	2458	2917	8357	931	0	33402	3693	5161	3000030	36230	50000	1227	200000	2499878	56793720	216207749	2584	7706271	5800872	3972967
1789714429	91595	94.5	93.9	6288	3252	2705	7358	1108	0	42654	3969	9001	3000145	36325	50000	1107	200000	2500760	56806968	216321446	2584	7708556	5802467	3974177
1789714456	91622	94.0	93.1	7368	4211	3075	8927	1230	0	26280	4293	9285	3000196	36348	50000	1001	200000	2501242	56818602	216381040	2584	7710926	5804052	3974986
1789714493	91659	94.0	93.6	7556	3006	2558	7281	533	0	71021	4197	9553	3000150	36593	49965	1208	200000	2502246	56840261	216496479	2585	7713469	5806647	3976686
1789714517	91683	91.0	90.4	8181	5785	3179	8927	1716	0	17637	3822	4867	2999084	36651	49949	900	200000	2503056	56850096	216605273	2584	7715693	5807456	3978090
1789714551	91717	94.0	93.8	7247	3220	3653	6949	456	0	7401	4077	9236	2999108	36131	49991	1352	200000	2504023	56863583	216743523	2584	7717125	5808975	3979033
1789714577	91743	92.1	91.3	6696	3127	3529	9353	957	0	13845	3836	5192	3000037	36050	50000	1262	200000	2504743	56872973	216847572	2584	7720213	5810542	3980513
1789714605	91771	95.0	93.7	10684	2881	3222	7010	1779	0	3405	4094	9114	3000203	36049	50000	1183	200000	2505319	56885151	216937699	2584	7722363	5811969	3982278
1789714636	91802	92.0	91.4	7456	4096	3089	8672	1676	0	41904	3892	9004	2999331	35628	50000	1187	200000	2506072	56904752	217011884	2584	7724866	5814242	3983240
1789714671	91837	94.1	93.7	6949	4708	2026	7086	736	0	92860	4194	9462	3000101	35664	49979	920	200000	2506854	56918657	217105463	2585	7727107	5816566	3984957
1789714696	91862	94.7	94.3	10327	8051	3086	8532	1590	0	2737	3557	4508	2999362	35578	50000	1009	200000	2507706	56939389	217204634	2584	7729004	5816954	3986188
1789714726	91892	92.8	92.3	8177	3201	2966	7193	1516	0	29051	4011	9219	2999923	35693	49998	1079	200000	2508368	56950898	217286530	2584	7731543	5819020	3987322
1789714759	91925	95.3	92.9	7642	4043	3939	8998	2062	0	6448	4494	9424	3000058	35316	50000	1501	200000	2509136	56967381	217394218	2584	7734021	5820492	3988323
1789714786	91952	92.8	92.1	9084	1822	2567	7013	555	0	67166	3943	5498	3000030	35079	50000	1223	200000	2509744	56980121	217464251	2584	7736271	5822811	3990534
1789714817	91983	94.1	93.6	8471	6378	2595	8402	853	0	51210	4111	9343	3000263	35271	50000	1018	200000	2510564	56995235	217557042	2584	7738507	5824426	3991311
1789714847	92013	94.5	91.8	10276	5536	4115	7481	2283	0	10041	4186	9352	3000100	34787	50000	1576	200000	2511374	57013030	217655572	2584	7741051	5825514	3992183
1789714882	92048	94.3	93.9	8634	3424	2356	8969	554	0	79559	3902	9561	3000178	34613	50000	1124	200000	2512075	57033254	217746227	2584	7743536	5828634	3993820
1789714908	92074	95.0	94.5	7148	5559	2602	6020	953	0	41131	3631	4929	3000083	34893	50000	1030	200000	2512993	57052522	217834302	2585	7745790	5830088	3994818
1789714937	92103	96.2	95.6	7706	3070	3060	7806	1087	0	55961	3880	8733	3000028	34813	49937	1383	200000	2513799	57067282	217918542	2584	7748148	5831882	3995997
1789714968	92134	95.8	95.5	7447	4757	2198	6537	644	0	75383	3968	8831	3000085	34989	50000	1005	200000	2514556	57077530	218026935	2588	7750404	5834183	3996808
1789714997	92162	96.9	95.6	11561	4012	3007	8212	1151	0	31276	4060	9259	3000050	35227	50000	1066	200000	2515337	57094310	218117665	2584	7752789	5835639	3997550
1789715032	92198	96.5	95.9	9701	2607	2789	7100	584	0	55532	4051	9367	3000210	34808	50000	1525	200000	2516327	57106919	218251727	2584	7755256	5838193	3999255
1789715059	92225	95.8	95.6	5638	4131	1801	8430	336	0	47970	3817	5041	3000401	35259	49972	876	200000	2517146	57127689	218341992	2584	7757366	5839673	4000882
1789715088	92254	94.9	93.6	6649	3747	2213	7104	292	0	73489	3784	8883	3000059	34921	50000	1209	200000	2517873	57137337	218440366	2584	7759729	5841594	4001873
1789715121	92287	90.6	90.2	11647	2629	2046	8628	414	0	78740	4119	9214	3000268	35155	50000	1151	200000	2518673	57149941	218539375	2584	7762075	5843655	4002811
1789715154	92320	93.9	93.5	6906	4258	1816	6231	260	0	77695	4088	8999	3000203	35544	50000	1116	200000	2519630	57165399	218654105	2584	7764405	5845570	4004099
1789715180	92346	91.4	90.9	7050	4879	2104	7615	184	0	66978	3663	4841	3000375	36100	50000	1159	200000	2520281	57180248	218749930	2584	7766538	5847114	4005040
1789715211	92377	94.8	94.5	8588	3182	1790	5875	365	0	97035	3762	8996	3000249	36253	50000	959	200000	2520941	57198262	218838412	2584	7768899	5849070	4005952
1789715240	92406	91.2	90.6	11404	5241	2802	7758	911	0	57190	4092	9142	3000079	36033	49902	1282	200000	2521584	57212115	218928514	2584	7771239	5850083	4007210
1789715267	92433	91.1	90.7	6522	4252	2690	6209	1040	0	38070	3708	4937	2999121	35893	49946	1069	200000	2522254	57221865	219021612	2584	7773441	5851225	4009065
1789715296	92462	93.9	93.6	8038	6015	3643	7838	2155	0	8135	4047	8853	2998925	35647	50000	1249	200000	2523021	57234863	219119102	2584	7775842	5852545	4009640
1789715330	92495	94.2	92.8	10511	2815	3704	7110	1891	0	10141	4176	9410	2999832	35731	50000	1287	200000	2523860	57251139	219210553	2584	7778279	5854740	4010668
1789715357	92523	91.9	91.5	11825	5450	3616	8822	2060	0	880	3847	5208	2999164	35399	50000	1364	200000	2524629	57265408	219312139	2584	7780498	5856047	4012307
1789715388	92554	94.8	94.5	8357	8033	3472	7029	1953	0	1770	4030	8791	2999792	35511	50000	1018	200000	2525368	57277077	219429343	2584	7782583	5857985	4013161
1789715421	92587	94.9	94.1	9026	4656	3723	8741	2081	0	2526	4198	9698	2999810	35431	50000	1272	200000	2526169	57294108	219527713	2584	7784962	5859815	4014201
1789715447	92612	93.8	93.7	8144	2788	3892	6874	1049	0	2116	3857	4957	2999713	35471	50000	1391	200000	2526893	57306119	219628730	2584	7787314	5861384	4015234
1789715480	92645	95.0	94.1	8928	2835	3704	8271	2110	0	1006	4159	9436	2999695	35475	50000	1232	200000	2527774	57320604	219739099	2584	7789520	5863411	4016200
1789715506	92672	93.1	92.6	10644	2222	3484	6865	2091	0	14359	4002	5176	3000164	35750	50000	1161	200000	2528467	57340553	219810479	2584	7791916	5865400	4017166
1789715538	92704	94.6	94.5	7465	6523	3973	8575	945	0	1342	4202	9306	2999266	35688	49925	1083	200000	2529331	57355834	219935363	2584	7793953	5866790	4018960
1789715570	92736	95.4	94.5	9171	2269	2542	6877	1024	0	36051	4176	9837	2999666	36109	50000	801	200000	2530022	57366060	220027820	2584	7796125	5868990	4020047
1789715596	92761	91.6	90.6	9186	2990	4238	9278	2427	0	1732	4279	5470	2999290	35829	49882	1713	200000	2530779	57381928	220114101	2584	7798714	5869741	4021826
1789715626	92792	96.2	96.0	8631	2448	2738	6898	1500	0	49264	4065	9246	2999316	35990	50000	809	200000	2531419	57388391	220207154	2584	7801127	5872543	4022526
1789715655	92821	93.6	93.0	7752	2716	3798	9046	1985	0	17965	3836	5197	2999318	35892	49949	1570	200000	2532400	57409632	220303243	2586	7803657	5873992	4023909
1789715686	92852	94.6	94.2	5865	4082	3005	7482	1406	0	39082	4514	10331	2999152	35993	49934	1184	200000	2533016	57417228	220402777	2586	7805940	5875886	4026027
1789715721	92887	94.8	94.5	8343	2718	2020	8887	502	0	59466	4259	9904	3000119	36325	50000	991	200000	2533919	57434708	220508824	2586	7807967	5878114	4027408
1789715748	92914	93.7	93.4	9793	6188	2719	6709	891	0	44887	4255	5617	3000045	36257	50000	1094	200000	2534703	57445937	220609854	2586	7810151	5879327	4028293
1789715781	92947	96.5	95.7	8523	3522	3123	8373	998	0	50836	4305	10052	3000118	36078	50000	1484	200000	2535525	57459238	220729989	2587	7812512	5881199	4029103
1789715814	92980	95.4	94.5	5531	3163	1828	5949	300	0	57136	4535	10315	3000211	36162	50000	849	200000	2536359	57475687	220837702	2586	7814750	5883090	4031592
1789715837	93003	96.5	95.9	8407	3005	1952	7545	35	0	81799	4314	5803	3000341	36078	50000	1108	200000	2536909	57486320	220900001	2587	7816951	5884717	4032506
1789715875	93041	96.9	96.6	7444	3392	1384	7287	223	0	63295	4544	10015	3000331	36267	50000	849	200000	2537975	57500331	221062943	2586	7819255	5886612	4034458
1789715901	93067	94.9	93.6	13386	6171	2436	8907	597	0	68347	4218	5371	3000116	36029	50000	995	200000	2538657	57512424	221138169	2587	7821521	5887983	4035360
1789715928	93094	95.5	94.9	8757	3165	1892	6496	320	0	74002	4161	9695	3000002	35670	50000	1194	200000	2539228	57520138	221207140	2586	7823811	5889860	4037024
1789715959	93125	93.5	93.0	9032	3799	2544	7993	685	0	48133	4290	5699	3000235	35884	50000	1117	200000	2540119	57535268	221338356	2586	7826083	5890821	4038269
1789715988	93154	92.7	91.0	7696	2899	2903	6648	698	0	52176	4345	9729	2999603	35639	49948	1196	200000	2540651	57543149	221410966	2586	7828449	5892347	4039962
1789716020	93185	90.1	89.7	8266	3894	2803	8424	864	0	52234	4112	9514	2999057	35483	50000	1256	200000	2541315	57553786	221502263	2586	7830890	5894188	4041109
1789716045	93211	92.9	92.2	8362	5122	3651	6588	1743	0	1972	4086	5370	2999461	35456	50000	1330	200000	2542111	57570581	221595228	2586	7833291	5895226	4042008
1789716080	93246	94.9	94.4	10459	3062	2862	8117	930	0	58704	4568	10455	3000180	35211	50000	1345	200000	2542853	57588524	221684815	2587	7835695	5898005	4043076
1789716106	93272	94.1	93.7	8085	2780	2376	5996	657	0	43182	3986	5331	3000166	35281	49977	1119	200000	2543472	57617334	221753597	2589	7837826	5899542	4044789
1789716139	93304	94.9	94.6	9373	3268	2423	7578	824	0	82174	4581	10299	3000093	35669	50000	1040	200000	2544187	57639268	221834625	2598	7840264	5901724	4045446
1789716166	93331	94.1	93.2	6971	3322	3233	6747	1215	0	12117	4049	5311	3000018	35367	49932	1486	200000	2545076	57654566	221943696	2598	7842439	5902406	4047325
1789716200	93366	95.5	95.4	7829	2901	1461	8097	396	0	115356	4154	9880	3000448	36134	50000	776	200000	2545851	57668413	222049950	2601	7845025	5905875	4048012
1789716233	93399	93.5	92.8	11155	5311	3687	6582	1508	0	22067	4796	10188	3000060	35606	50000	1625	200000	2546794	57683888	222162497	2608	7847541	5906410	4049101
1789716263	93429	92.7	92.2	7083	2375	2325	8350	567	0	66216	4617	6351	3000418	35893	50000	1071	200000	2547595	57697614	222250881	2624	7850127	5908512	4051636
1789716290	93456	92.7	92.2	7745	2493	2900	6938	803	0	60542	4816	10204	3000013	35266	50000	1453	200000	2548032	57704537	222315711	2624	7852584	5909969	4053380
1789716316	93482	92.9	92.2	5791	2840	2462	8734	921	0	21519	4318	5802	3000034	35528	50000	841	200000	2548783	57713918	222420494	2628	7854690	5910821	4056026
1789716349	93514	94.3	93.0	6179	5264	2899	7464	977	0	31048	4474	10680	3000015	35102	49995	1178	200000	2549542	57723460	222537403	2627	7857016	5911897	4057641
1789716385	93551	94.5	94.0	10494	2834	1607	9182	469	0	56007	4643	11099	3000244	35985	50000	734	200000	2550315	57739698	222644223	2631	7859515	5914081	4059968
1789716406	93572	92.8	91.8	7046	2499	2029	6252	295	0	43284	4181	5475	3000278	35832	50000	1128	200000	2550755	57751518	222695519	2631	7861388	5915528	4061243
1789716444	93610	95.0	94.7	14584	3798	1021	7603	189	0	101787	4627	10597	3000410	35937	50000	544	200000	2551852	57763785	222833381	2631	7863667	5917701	4062207
1789716469	93635	92.8	92.3	7496	5702	2741	5915	650	0	37686	3841	5113	3000185	35942	49930	1059	200000	2552412	57776988	222901214	2631	7865965	5918657	4062794
1789716499	93665	94.3	93.9	10675	3762	3091	7779	1352	0	35292	4512	9939	2999658	35611	49961	1179	200000	2553132	57785236	222993498	2631	7868356	5920074	4064307
1789716528	93694	92.7	92.1	6109	3655	2756	6344	406	0	44801	4339	5724	2999874	35258	49964	1337	200000	2553755	57794692	223092056	2631	7870467	5921302	4066855
1789716560	93726	95.5	95.2	9440	3321	1341	7636	307	0	102565	4237	9974	3000257	35644	50000	706	200000	2554579	57805464	223180545	2632	7872695	5923898	4067864
1789716587	93753	93.2	92.5	7342	4383	3231	7128	1007	0	22995	3827	5169	3000082	35295	50000	1318	200000	2555339	57819621	223291317	2626	7875141	5924714	4068705
1789716617	93783	94.5	93.9	8443	5438	3239	8655	1677	0	45918	4386	9759	2999049	34907	50000	1266	200000	2556008	57827974	223396223	2626	7877645	5926703	4069437
1789716649	93815	95.5	94.9	7134	4076	3048	6330	1232	0	32160	4414	10169	2999700	34665	50000	1331	200000	2556820	57847220	223479999	2626	7879757	5928099	4071650
1789716678	93843	97.6	97.1	6911	2247	2282	7887	750	0	59400	4327	5960	3000277	34808	50000	1147	200000	2557575	57866810	223578837	2626	7881928	5930017	4073249
1789716707	93873	97.2	96.7	9745	3152	2842	7572	1067	0	40439	4588	10007	3000061	34617	50000	1464	200000	2558284	57885618	223675662	2626	7884137	5931338	4074887
1789716741	93906	96.9	96.6	5580	2697	1652	8965	380	0	30117	4349	10158	3000241	34710	50000	811	200000	2559142	57896097	223806326	2626	7886529	5933382	4076555
1789716770	93936	94.7	94.4	7116	4826	973	5888	290	0	22569	3954	5377	3000577	35240	50000	185	200000	2560121	57914239	223920111	2626	7888667	5934905	4078093
1789716799	93964	94.9	94.3	9457	2098	1528	7753	356	0	28419	4150	9467	3000331	34817	50000	738	200000	2560672	57922481	224003222	2627	7891237	5936915	4079160
1789716832	93998	91.9	91.6	6677	2883	4076	6150	566	0	3374	4191	9553	2999325	34568	49905	1210	200000	2561604	57943053	224085180	2627	7894129	5938820	4080228
1789716858	94024	94.2	93.7	8161	2014	3730	7776	646	0	12124	3879	5115	2999633	34802	49934	1292	200000	2562381	57951713	224184630	2627	7896552	5940720	4081315
1789716888	94054	97.5	97.0	8548	2593	1204	5597	353	0	23422	3825	8712	3000525	35399	50000	435	200000	2563244	57967199	224288392	2627	7898073	5942645	4082071
1789716916	94082	86.7	84.9	7073	2948	743	7237	256	0	13637	4694	5884	3000712	35761	50000	226	200000	2563982	57983447	224383086	2628	7900234	5944150	4083953
1789716948	94113	87.9	86.5	7233	3975	3978	6777	258	0	2606	4436	9887	2998774	34047	49847	1083	200000	2564565	57992717	224472917	2629	7903214	5945079	4086608
1789716976	94142	93.8	92.9	7499	2333	3504	9415	1803	0	9546	4512	9862	2999357	34352	50000	1102	200000	2565032	57999043	224538330	2627	7906694	5946885	4088515
1789717007	94173	94.4	94.4	6758	4164	4114	7963	1007	0	7257	3827	8749	2999047	34425	49973	1240	200000	2565936	58019448	224648763	2627	7909126	5948211	4090076
1789717041	94207	94.9	94.5	11175	2892	4162	8420	670	0	359	3692	8470	2998642	34303	49893	1334	200000	2566835	58032168	224772217	2627	7910400	5950162	4090799
1789717067	94233	93.8	93.4	8925	3874	4009	7346	1002	0	2096	3712	5053	2998925	34451	49785	1214	200000	2567608	58044990	224859225	2628	7913873	5952023	4092054
1789717098	94264	94.0	93.7	11459	5511	3763	8800	1097	0	9137	4108	9137	3000003	34536	50000	1309	200000	2568329	58055407	224972971	2627	7916108	5953988	4092922
1789717129	94295	96.4	96.1	11394	3157	1389	5510	428	0	30015	3712	4905	3000569	35043	50000	510	200000	2569286	58073898	225115585	2627	7916824	5956034	4093629
1789717158	94324	93.5	93.2	10594	6384	1283	6994	110	0	48447	3873	8600	3000398	34897	50000	800	200000	2569827	58090662	225192344	2627	7918618	5957736	4094600
1789717191	94357	94.3	94.0	9633	3074	1342	5632	147	0	88515	4170	9335	3000366	34815	50000	775	200000	2570686	58107024	225299696	2627	7920987	5959821	4095342
1789717220	94385	93.6	93.0	8930	4877	2075	7427	206	0	67244	3950	5292	3000296	34349	50000	1210	200000	2571572	58124553	225411417	2627	7923372	5961679	4096269
1789717250	94416	94.3	94.0	9756	3628	1829	5675	51	0	71505	4063	9325	3000670	34706	50000	975	200000	2572427	58144899	225497178	2627	7925695	5963273	4097196
1789717280	94446	93.0	92.3	7731	2307	1568	7514	237	0	73147	4047	9210	3000209	34214	50000	968	200000	2573087	58152892	225598008	2627	7928014	5965168	4099009
1789717314	94480	94.7	94.5	9776	3050	1339	6024	261	0	71719	3854	9053	3000444	34467	50000	695	200000	2574056	58169040	225720181	2629	7930394	5967088	4100015
1789717336	94502	92.5	90.2	7066	4560	2281	7713	375	0	49819	4779	5837	3000139	34002	50000	1280	200000	2574540	58177542	225798701	2627	7932563	5968179	4101337
1789717374	94539	94.7	94.3	7976	3539	1462	6177	279	0	97114	4366	9999	3000509	34371	50000	827	200000	2575585	58192453	225939851	2629	7935331	5970773	4102750
1789717400	94565	93.5	93.0	10537	5262	2382	7788	511	0	46580	4051	5186	3000242	34364	50000	1119	200000	2576235	58208642	226023208	2627	7937508	5971989	4103670
1789717428	94594	93.4	92.9	9344	3083	2656	6107	862	0	55072	4403	9585	3000187	34286	50000	1219	200000	2576849	58217244	226104058	2627	7939829	5973776	4104437
1789717463	94629	94.6	94.2	9319	3785	1714	7739	168	0	66023	4081	9603	3000865	35050	50000	1102	200000	2577919	58238440	226210008	2627	7942080	5976042	4106144
1789717490	94656	93.7	92.4	6903	4006	1581	5886	42	0	58222	4293	5666	3000402	35032	50000	497	200000	2578772	58252119	226317720	2628	7944395	5977408	4107624
1789717519	94685	92.3	91.7	10954	1979	2064	7942	182	0	69372	4106	9375	3000157	34875	50000	1223	200000	2579297	58258246	226397886	2627	7946943	5979503	4109088
1789717555	94721	95.6	95.4	11971	4785	1005	5832	143	0	89199	3916	9276	3000612	35396	50000	424	200000	2580358	58284226	226532196	2628	7949161	5981330	4110253
1789717578	94744	93.9	93.0	6431	5956	3577	8070	1151	0	42898	3906	4885	3000065	34911	49850	1507	200000	2580910	58300492	226609909	2627	7951657	5982109	4110966
1789717608	94774	96.5	96.4	12579	2985	2303	6059	527	0	62277	3968	9107	3000042	35086	50000	1002	200000	2581658	58309231	226709536	2627	7953933	5984700	4112159
1789717642	94808	97.5	97.1	6922	4372	1687	7882	336	0	83340	3959	8939	3000116	35275	50000	1027	200000	2582726	58330227	226827903	2620	7956339	5986958	4113499
1789717668	94834	91.5	91.2	7825	3102	2229	6487	570	0	58748	3777	4771	3000051	35156	50000	1030	200000	2583414	58338754	226933169	2620	7958581	5988249	4114607
1789717698	94864	94.0	93.3	7553	5535	2923	8153	1222	0	41505	3814	8745	2999827	35182	50000	1130	200000	2584129	58349727	227039783	2620	7960946	5989576	4115428
1789717732	94898	94.7	94.4	9212	3205	1765	6125	491	0	80005	4084	9457	3000137	35155	50000	1019	200000	2585018	58364028	227150540	2620	7963316	5992195	4116937
1789717756	94922	93.0	92.6	8621	6012	3012	7540	947	0	27915	3769	4795	2999655	35042	49982	1073	200000	2585570	58370325	227234655	2620	7965335	5992764	4117926
1789717788	94954	92.4	91.1	8913	5218	3529	6942	1890	0	12843	4397	9855	2999302	34590	50000	1247	200000	2586349	58385274	227332978	2620	7967715	5994050	4119078
1789717818	94984	88.7	88.1	8621	2909	2782	8905	265	0	69693	4843	6728	3000157	34074	50000	1614	200000	2586849	58396249	227405266	2618	7970187	5996716	4121438
1789717850	95016	94.9	94.6	10694	3086	1941	6670	461	0	95775	4518	10414	3000223	34444	50000	889	200000	2587525	58407801	227508148	2618	7972483	5998686	4122106
1789717877	95043	90.9	90.4	11690	3819	3352	8607	1965	0	14566	4197	5599	3000119	34612	49950	1202	200000	2588386	58435852	227583476	2618	7974847	5999196	4123324
1789717910	95075	94.5	94.2	9039	5743	3130	6798	1791	0	12266	4468	10434	2999030	34649	49892	1032	200000	2589130	58444550	227708600	2618	7976875	6000387	4125495
1789717939	95105	94.6	94.6	9610	2782	1760	7375	800	0	19718	4224	5583	3000317	35258	50000	490	200000	2589971	58453118	227848182	2618	7978188	6002141	4125953
1789717968	95133	90.2	89.3	9877	2443	3555	7271	1911	0	2996	4342	9441	2999652	34526	50000	1212	200000	2590514	58461372	227921709	2617	7981440	6003546	4127769
1789718000	95166	95.2	94.8	11336	2465	3528	8956	2034	0	25531	4064	9336	3000196	34545	50000	1330	200000	2591345	58479127	228008364	2617	7984092	6005999	4128326
1789718026	95192	93.7	93.7	10154	2977	3627	7095	1251	0	3405	4323	5456	3000021	34875	50000	1140	200000	2592125	58496836	228096772	2617	7986334	6007582	4129302
1789718058	95224	93.9	93.5	11018	4081	3879	8704	907	0	970	3826	8606	2999512	34787	50000	1281	200000	2593046	58515720	228199519	2618	7988553	6009476	4130214
1789718089	95254	95.3	93.2	7276	3166	3190	6783	1528	0	8681	4207	9566	3000259	35282	50000	1012	200000	2593629	58526917	228288227	2617	7990464	6011200	4131927
1789718116	95282	92.0	91.3	8973	2489	3147	8831	1339	0	14890	4153	5484	3000035	35419	50000	1154	200000	2594266	58538950	228377109	2617	7993039	6012903	4133538
1789718145	95311	93.5	93.0	6896	3236	3409	7254	1844	0	24516	4124	9145	2999182	35207	49995	1371	200000	2595030	58553329	228470724	2620	7995476	6014730	4134639
1789718177	95343	95.4	92.7	9326	5264	3600	8794	1880	0	8457	4730	9863	3000115	35407	50000	1250	200000	2595780	58571600	228555791	2617	7997890	6016451	4135656
1789718210	95375	93.3	93.0	9460	2141	3350	7384	1527	0	42566	4037	9396	3000087	35475	49866	1169	200000	2596521	58591802	228630088	2617	8000466	6018532	4137363
1789718237	95403	94.2	94.2	11822	5112	3739	9107	1152	0	1665	3871	4907	2998867	35384	49949	817	200000	2597540	58608479	228760191	2617	8002598	6019572	4138961
1789718266	95432	97.3	96.9	10190	2629	1056	6354	378	0	14080	4030	5252	3000438	35924	50000	212	200000	2598480	58621539	228896538	2617	8003450	6021357	4139992
1789718300	95466	94.9	94.6	8924	6023	1211	8105	409	0	30608	4013	9042	3000370	35814	50000	481	200000	2599313	58639068	229020894	2617	8005769	6023187	4141045
1789718334	95500	93.8	93.6	9719	4733	1124	5877	406	0	54312	4233	9536	3000288	35743	50000	427	200000	2600150	58656421	229134036	2617	8008134	6025094	4142138
1789718363	95529	94.3	93.8	8863	7476	1699	7632	127	0	77323	3975	8993	3000202	35375	50000	976	200000	2600652	58668194	229203912	2617	8010105	6026908	4143175
1789718388	95554	94.6	93.0	5523	4602	2017	5733	394	0	83113	4097	5193	3000250	35369	50000	1014	200000	2601291	58677899	229296262	2617	8012453	6028341	4144237
1789718421	95587	95.5	95.1	12136	5624	3041	7932	607	0	43949	4093	9406	3000083	35254	49926	1384	200000	2602041	58694190	229400010	2617	8015023	6029851	4145687
1789718446	95612	95.2	94.6	7726	5754	3101	6187	1612	0	35967	3883	5038	2999496	35121	50000	1267	200000	2602827	58704620	229514480	2617	8017376	6031065	4146761
1789718475	95641	97.3	96.5	5905	4202	3425	7705	1515	0	17269	4186	9439	2999680	35105	50000	1307	200000	2603506	58716694	229599926	2617	8019781	6033071	4147654
1789718514	95680	96.5	96.3	6660	2255	1825	6913	310	0	87793	4326	10063	3000105	35838	49936	954	200000	2604524	58740605	229716461	2617	8022140	6035908	4149264
1789718537	95702	97.2	96.6	9741	5596	3354	8766	1881	0	38280	3747	4869	3000029	35660	50000	1312	200000	2605245	58749818	229827771	2617	8024587	6036665	4150116
1789718568	95733	95.5	95.0	6424	4045	3489	7364	1842	0	31277	4408	9740	2999345	35301	49980	1473	200000	2606003	58763115	229919017	2617	8026987	6038515	4151310
1789718605	95771	97.5	97.1	10487	1866	1775	8656	498	0	72222	4137	9723	3000267	35581	50000	978	200000	2607016	58786945	230032914	2617	8029332	6041570	4152604
1789718626	95792	93.2	92.5	5780	2313	2441	6417	857	0	53403	3893	4977	3000160	35471	50000	1121	200000	2607546	58801430	230089437	2619	8031456	6042674	4153891
1789718658	95824	93.0	92.3	11219	2612	2905	8304	842	0	58185	4124	9526	3000044	34799	50000	1540	200000	2608280	58810619	230193348	2617	8033914	6044742	4155259
1789718692	95857	94.6	94.3	8302	2828	3430	6902	693	0	21360	4424	9915	3000085	34672	50000	1395	200000	2609197	58827096	230309527	2617	8037230	6046566	4156806
1789718717	95883	87.2	86.7	7831	2587	3889	8606	773	0	9684	3866	5110	2999312	34296	50000	1585	200000	2609863	58837259	230393453	2618	8039725	6047967	4158033
1789718746	95912	94.5	93.5	7942	2050	2783	6688	944	0	37499	4051	9602	3000290	34612	50000	1042	200000	2610398	58848292	230443058	2617	8041859	6050302	4159675
1789718779	95945	94.8	94.3	9785	3920	2918	8390	1060	0	36016	3990	8887	3000530	35289	50000	1203	200000	2611398	58870316	230540242	2617	8044191	6051989	4160643
1789718812	95978	95.7	95.4	9873	3423	1650	6671	228	0	103688	3937	9190	3000155	35627	50000	999	200000	2612196	58883816	230645707	2617	8046453	6054823	4161770
1789718836	96002	94.2	93.8	8530	4421	2320	8183	608	0	57905	3569	4620	2999957	35580	50000	1033	200000	2612913	58894376	230737086	2617	8048617	6056015	4162660
1789718867	96033	94.6	94.2	8736	2565	2716	6662	733	0	83145	4057	8976	3000025	35433	50000	1386	200000	2613722	58904550	230836383	2617	8051040	6058032	4163393
1789718904	96070	94.6	94.3	11859	3515	1737	7909	210	0	111214	3902	9148	3000133	35502	50000	911	200000	2614606	58919954	230980166	2617	8053309	6060652	4164203
1789718927	96093	92.7	92.6	10215	7365	4181	5851	937	0	1185	3683	4459	2998956	35482	49956	1367	200000	2615395	58939568	231081592	2617	8055794	6060966	4164762
1789718956	96122	93.7	93.1	9069	4923	3161	7432	1855	0	866	4055	9486	2998728	35540	49956	927	200000	2616036	58949119	231168410	2617	8057860	6062557	4167044
1789718987	96153	94.5	94.4	8635	4147	4285	6796	881	0	5149	3977	5095	2999315	35132	49956	1535	200000	2616887	58959431	231307320	2617	8060349	6063948	4167879
1789719017	96183	93.8	91.1	7550	2738	3829	8644	2333	0	139	4828	10306	2998514	34989	50000	1154	200000	2617447	58972227	231389998	2617	8062809	6065434	4170272
1789719048	96213	97.8	97.8	9427	3337	1218	5888	561	0	17222	4026	5143	3000628	35744	50000	382	200000	2618506	58990856	231530817	2617	8063483	6067475	4170852
1789719080	96246	94.1	93.7	8461	3276	1179	7584	565	0	17606	4010	9210	3000505	35838	50000	324	200000	2619383	59002906	231640960	2619	8065971	6069577	4171778
1789719107	96273	93.1	92.5	6884	4251	1901	5907	46	0	47009	3971	9159	3000462	35691	50000	1095	200000	2619945	59012343	231716394	2617	8067939	6071419	4172502
1789719138	96303	94.7	94.3	7194	3632	1474	7324	234	0	22532	4169	5336	3000673	35908	50000	687	200000	2620908	59031334	231835213	2617	8070392	6073125	4174191
1789719168	96334	94.0	93.5	9167	5190	1371	5746	480	0	21284	4096	9185	3000570	35858	50000	426	200000	2621626	59044144	231922113	2617	8072978	6074978	4175532
1789719201	96367	94.0	93.5	7020	4336	1421	7449	193	0	35809	4125	9313	3000480	35721	50000	713	200000	2622479	59059882	232026706	2617	8075061	6076735	4176612
1789719232	96398	90.3	89.9	5110	2475	3685	6149	529	0	7883	4109	9491	2999159	35307	49978	1272	200000	2623176	59074055	232101402	2617	8078136	6078373	4178069
1789719258	96423	98.1	97.8	9944	6838	1208	7069	447	0	24381	4026	5189	3000514	35987	50000	402	200000	2623966	59092860	232201442	2617	8079687	6080249	4178830
1789719291	96457	94.4	92.6	8107	4049	1096	5607	386	0	10560	4492	10126	3001096	36416	50000	362	200000	2624718	59107005	232309140	2617	8081976	6081945	4180285
1789719318	96484	91.0	90.3	5466	2709	3397	7841	749	0	9150	4152	5650	2999632	35514	49936	1148	200000	2625319	59117826	232397122	2617	8085224	6083786	4181540
1789719348	96514	96.2	96.0	10607	4107	1225	5796	293	0	20315	4231	9517	3000454	36050	50000	396	200000	2626062	59138088	232484604	2617	8086693	6085543	4182576
1789719378	96544	96.8	94.5	7751	3493	4459	9948	2590	0	608	4622	10529	2998377	34585	49932	1584	200000	2626671	59148078	232566348	2617	8091182	6086572	4185887
1789719407	96573	97.2	97.1	9100	2017	1568	6561	882	0	10743	3894	5190	3000369	35014	50000	314	200000	2627555	59158420	232686922	2617	8092333	6088928	4186382
1789719440	96606	98.6	98.4	11732	4082	791	7863	157	0	27144	3896	9139	3000584	35410	50000	456	200000	2628669	59183062	232790837	2619	8093960	6090644	4187696
1789719474	96640	97.7	97.4	15920	3403	1037	6028	400	0	50114	4166	9504	3000237	35350	50000	358	200000	2629524	59193426	232922895	2617	8096563	6092524	4188880
1789719499	96664	98.4	94.2	6505	3507	759	7899	211	0	29989	4830	6000	3000484	35062	50000	314	200000	2630164	59205504	233010201	2617	8098948	6093853	4191284
1789719531	96697	95.4	95.0	7812	5276	1667	6284	147	0	64693	4095	9410	3000300	35136	50000	991	200000	2630925	59215277	233123778	2617	8101364	6095960	4191977
1789719560	96726	94.8	94.5	9709	6088	1444	7806	355	0	71119	4015	8991	3000270	35285	50000	845	200000	2631678	59227927	233215894	2617	8103671	6097811	4193038
1789719595	96761	91.6	91.2	10272	4322	1654	5604	151	0	65325	4186	9241	3000185	35031	50000	1036	200000	2632479	59237201	233335238	2618	8105678	6099556	4194049
1789719618	96784	85.6	85.2	6565	4313	2009	7089	580	0	83160	3995	5080	3000072	34963	50000	981	200000	2632887	59243806	233397292	2616	8107953	6101290	4194798
1789719653	96819	89.6	89.2	8214	2371	2290	5892	511	0	64692	4020	9094	3000055	35273	50000	1030	200000	2633823	59259655	233515474	2616	8110258	6102491	4196352
1789719678	96844	87.7	87.0	7239	6869	3652	7712	2000	0	30214	3625	4615	2998921	34625	49943	1431	200000	2634577	59267218	233626122	2616	8112770	6103533	4196993
1789719709	96874	93.2	91.8	7129	3913	3181	6921	1781	0	11402	4466	9836	2999342	34426	49880	1223	200000	2635275	59279567	233724118	2616	8114844	6104819	4199308
1789719735	96901	88.1	87.4	10121	2567	3939	8820	2126	0	10251	4054	5304	2999356	34007	50000	1435	200000	2635867	59288428	233814043	2616	8117417	6106349	4200633
1789719767	96933	92.0	92.0	7529	7043	3814	7544	1058	0	9947	4042	9236	2999116	33935	49955	1157	200000	2636712	59304052	233908562	2616	8119866	6108248	4201500
1789719801	96966	91.6	90.8	7605	4748	4134	9489	2184	0	480	4180	9404	2999654	34306	49952	1233	200000	2637609	59328982	233994495	2616	8122149	6109827	4203628
1789719827	96993	95.7	95.7	9102	2299	1283	5674	594	0	10786	3846	4864	3000371	34672	50000	307	200000	2638447	59341355	234108322	2617	8122961	6111703	4204206
1789719860	97026	91.3	90.8	7507	6048	1369	7271	319	0	18259	4062	8936	3000868	34879	50000	539	200000	2639271	59360392	234201744	2618	8125194	6113616	4205257
1789719892	97058	94.8	93.8	9386	5509	915	5386	284	0	18472	4103	9158	3000957	35462	50000	346	200000	2640026	59378990	234303582	2616	8127212	6115107	4206647
1789719922	97088	89.3	88.7	8901	2454	1340	7294	371	0	37331	3954	5325	3000245	35095	50000	624	200000	2640831	59395225	234407544	2617	8129756	6116788	4208061
1789719946	97112	88.9	88.2	6677	3468	2407	6290	559	0	61636	4170	8913	3000305	35494	50000	1212	200000	2641038	59408811	234431570	2616	8132145	6118545	4209076
1789719980	97146	91.4	91.1	7940	4660	3235	8522	856	0	33904	3860	8757	2999496	35553	50000	1283	200000	2641956	59426783	234547965	2616	8135010	6119938	4210737
1789720008	97174	96.1	95.1	6359	5174	1239	5302	385	0	47756	3986	5204	3000401	35898	50000	534	200000	2642834	59437854	234668546	2616	8136040	6121379	4211805
1789720041	97207	92.5	92.0	7150	4640	1807	7413	810	0	38209	3960	8869	3000207	35987	50000	608	200000	2643642	59449682	234780448	2617	8138814	6123131	4213236
1789720075	97241	94.4	94.2	5975	3436	594	5516	154	0	54532	3688	8567	3000710	36581	50000	207	200000	2644605	59467721	234901454	2616	8140432	6124804	4214613
1789720107	97273	91.6	90.9	13601	2486	2039	7845	165	0	51767	3946	9022	3000160	36031	50000	1218	200000	2645217	59474464	234997394	2616	8143119	6126913	4215524
1789720134	97300	94.0	93.2	9629	3020	1249	5827	86	0	100626	4082	5312	3000464	36598	50000	628	200000	2645976	59492355	235074602	2617	8145329	6128786	4216147
1789720156	97321	92.0	89.7	9835	6118	3716	7926	2135	0	11554	4196	9012	2999092	35889	49975	1396	200000	2646388	59501144	235122728	2616	8147703	6129061	4217205
1789720186	97352	93.5	93.2	8357	2634	3016	6777	873	0	29432	4081	5427	2998542	35562	49929	1183	200000	2647113	59509841	235246072	2616	8150168	6131090	4219508
1789720218	97384	94.4	94.4	9866	6250	4070	8464	925	0	660	4310	8889	2998953	35554	49927	1264	200000	2648001	59521614	235383806	2616	8152700	6132300	4220017
1789720247	97413	94.2	93.7	6585	4636	3848	7503	1001	0	4709	3970	5252	2999304	35733	50000	1246	200000	2648845	59538501	235493485	2616	8154994	6134206	4221212
1789720277	97443	94.9	94.4	8102	4343	3658	8999	1247	0	1505	3922	9158	2999764	36052	50000	1130	200000	2649553	59551428	235593605	2616	8157268	6135983	4222354
1789720309	97475	96.7	96.4	7299	4559	4020	7342	1080	0	2135	4170	9239	2998936	36240	49962	1220	200000	2650508	59565837	235711380	2620	8159581	6137838	4223312
1789720337	97503	97.0	96.6	8865	1962	4223	7827	616	0	5634	4039	5306	2999005	36336	49956	1443	200000	2651314	59578728	235827933	2620	8160866	6139926	4224409
1789720369	97534	95.0	94.6	7003	4987	3314	6979	501	0	9692	4057	9350	3000081	36181	50000	1451	200000	2652111	59593232	235929275	2620	8163921	6141699	4225557
1789720397	97563	94.8	94.0	6732	2509	2868	8372	1194	0	5144	4158	9474	3000007	36381	49999	944	200000	2652658	59608830	235991300	2620	8166044	6143613	4227163
1789720431	97597	96.3	95.7	13615	1635	3395	7080	1148	0	24694	4517	10408	3001307	38288	49988	1424	200000	2653559	59630287	236089954	2620	8168504	6145221	4229142
1789720457	97623	90.7	90.0	7299	3068	2857	8958	1006	0	25149	3932	5233	3001183	38954	50000	1174	200000	2654169	59639096	236185369	2620	8170940	6146687	4231236
1789720487	97653	92.3	91.8	5987	3038	2747	7754	1079	0	33459	4117	9373	3000159	38826	50000	1210	200000	2654783	59656538	236260537	2620	8173324	6148396	4232821
1789720517	97683	89.4	88.2	6844	4669	1906	9550	553	0	67409	4143	9490	3000075	39039	50000	1038	200000	2655318	59669040	236332776	2620	8175469	6150054	4235034
1789720547	97713	92.5	92.0	6923	3361	2655	7089	498	0	24978	3833	5203	3000148	39004	50000	1314	200000	2656207	59691254	236447879	2622	8177797	6151440	4236422
1789720584	97749	94.2	93.9	10362	2029	1433	8017	404	0	14034	3817	8680	3001292	40000	50000	528	200000	2656990	59714275	236599637	2620	8179933	6153174	4237467
1789720613	97779	94.0	93.6	11337	1894	1748	5669	525	0	30636	3859	8774	3000277	40000	50000	869	200000	2657612	59733255	236693617	2620	8182301	6154769	4238918
1789720637	97803	92.3	91.8	9288	2848	1184	6879	390	0	16419	4262	5315	3000339	39778	50000	501	200000	2658290	59746645	236773835	2621	8184565	6156312	4240246
1789720669	97835	90.4	90.1	11453	2156	3777	7176	1010	0	11476	3905	8662	2999497	39096	50000	1282	200000	2658984	59758235	236881532	2620	8188413	6158358	4241195
1789720700	97866	99.0	97.6	9216	5660	924	7181	261	0	31746	3824	8736	3000406	39455	50000	388	200000	2659919	59770919	237018788	2620	8188958	6160209	4242342
1789720733	97899	93.0	92.3	10369	5638	1048	5650	385	0	21866	3869	9095	3000231	39415	50000	59	200000	2660796	59782614	237147798	2623	8191478	6161821	4243776
1789720760	97925	92.4	91.7	7790	2671	1578	7448	297	0	41529	4167	5269	3000307	39032	50000	589	200000	2661455	59790880	237261514	2624	8193975	6163569	4245128
1789720792	97957	94.5	94.3	7162	5073	1236	5859	241	0	62014	3643	8438	3000440	39497	50000	464	200000	2662333	59806664	237376476	2623	8195967	6165483	4245835
1789720828	97994	93.7	93.3	6839	3990	1409	7878	178	0	84155	3793	8716	3000277	39338	50000	816	200000	2663239	59816267	237519640	2623	8198543	6167603	4247162
1789720849	98015	91.1	90.3	10920	4310	2520	5915	453	0	61039	3829	4863	3000271	39168	50000	1196	200000	2663688	59827399	237566814	2629	8200736	6168872	4247922
1789720877	98043	94.1	92.0	9465	4247	2100	7601	220	0	59687	4321	9326	3000082	38677	50000	1351	200000	2664278	59834926	237656702	2623	8203137	6170616	4249687
1789720909	98075	92.2	91.8	8500	4209	1872	6731	159	0	102153	3935	9069	3000074	38586	50000	1184	200000	2664988	59848872	237746579	2623	8205759	6172905	4251339
1789720938	98104	93.0	92.4	9065	5881	3496	8383	1691	0	37944	3607	4714	3000044	38118	49989	1386	200000	2666008	59861904	237883124	2624	8208281	6173585	4252274
1789720968	98134	94.0	93.3	7207	2754	2499	6902	636	0	39461	4611	10140	3000173	37863	50000	1276	200000	2666687	59881052	237953871	2623	8210396	6175114	4255029
1789721000	98165	95.4	95.3	8437	5246	1179	7991	312	0	60302	3819	9074	3000470	38372	50000	575	200000	2667481	59900102	238044749	2623	8212410	6177199	4256273
1789721028	98194	88.8	87.9	6641	4761	3694	7606	809	0	286	4020	9044	2999854	36470	50000	1821	200000	2668003	59911124	238123862	2623	8216323	6179397	4257226
1789721061	98227	94.6	93.9	13515	3148	3397	9067	1702	0	22396	4139	9429	3001234	38703	50000	1221	200000	2669409	59937260	238197915	2638	8219417	6181957	4257579
1789721086	98252	93.9	93.3	5935	2189	2739	6087	1156	0	5441	4018	8773	3000797	38511	50000	1143	200000	2670223	59949184	238268766	2638	8221063	6183288	4259330
1789721119	98284	92.0	91.5	10039	2431	3061	8304	748	0	15622	3864	9500	3000025	38086	49902	1284	200000	2671102	59965271	238349976	2638	8224069	6185455	4260968
1789721149	98315	94.0	92.7	6955	1667	2896	7499	1153	0	21078	4049	9525	3000165	37856	49998	1182	200000	2671817	59976276	238435751	2638	8226907	6187214	4262990
1789721180	98346	93.4	92.9	6641	2809	3233	9141	943	0	21802	4006	9069	2999644	37354	49998	1326	200000	2672517	59991002	238532119	2638	8229145	6188855	4264502
1789721208	98374	93.1	92.2	6385	3094	2296	7310	717	0	57997	3704	5189	3000253	37130	50000	1338	200000	2673336	60005867	238642733	2638	8231716	6190994	4266347
1789721237	98402	96.8	96.4	9451	3207	2396	9078	977	0	24000	4139	9378	3000113	36586	50000	1121	200000	2673974	60019672	238737942	2638	8234228	6192310	4267980
1789721278	98443	97.5	96.7	13976	4186	2494	7463	988	0	33563	4095	9681	3000275	36198	50000	942	200000	2674897	60026095	238960508	2638	8237100	6194287	4269491
1789721301	98467	95.7	95.3	6808	2829	2567	9574	1108	0	56615	4181	9175	3000044	36210	50000	945	200000	2675322	60031620	239026871	2638	8239455	6195434	4271611
1789721327	98493	93.2	92.8	7804	3850	2987	7367	1212	0	26341	3628	4893	3000017	36188	49991	1014	200000	2676071	60041493	239147475	2638	8241573	6196592	4273215
1789721356	98522	94.5	94.2	6779	5497	3227	9243	1885	0	34311	3858	8439	2998580	35884	49966	1258	200000	2676816	60050832	239277891	2638	8243964	6198057	4274413
1789721391	98556	93.7	93.0	7582	4695	3183	7162	1767	0	22649	4155	9350	2999205	35931	49956	1162	200000	2677709	60068526	239414609	2638	8246215	6199683	4275858
1789721415	98581	86.9	86.5	7036	4692	3348	8666	1929	0	1499	3726	4789	2999428	35798	50000	1044	200000	2678339	60078422	239504917	2638	8248278	6200852	4277187
1789721450	98616	92.6	92.5	7362	3173	3760	7141	1168	0	11211	3863	8758	2998676	35746	50000	1097	200000	2679159	60089748	239620794	2638	8250798	6202829	4277848
1789721484	98650	93.3	93.0	6671	3970	4099	7675	481	0	11711	3505	8045	2998702	35472	49951	1509	200000	2680208	60108154	239767628	2637	8251920	6204657	4278933
1789721508	98674	98.4	97.7	7784	6171	1585	5296	282	0	47410	3662	4759	3001020	36583	50000	839	200000	2680882	60119999	239873880	2637	8253630	6206636	4279818
1789721540	98705	93.2	92.9	9794	5218	1216	6689	153	0	62437	3687	8379	3000382	36509	50000	657	200000	2681725	60135985	239982243	2637	8255669	6208497	4280773
1789721572	98738	94.0	93.6	10059	3791	1531	5488	278	0	36295	3600	8395	3000345	36347	50000	743	200000	2682587	60149665	240101978	2637	8258086	6210375	4281880
1789721600	98766	93.7	93.1	7429	1962	1216	7209	242	0	31976	3856	5143	3000433	36034	50000	775	200000	2683561	60163942	240224339	2637	8260665	6211891	4283474
1789721629	98795	92.8	92.2	7136	4463	1867	6237	906	0	21783	3669	8674	3000179	35561	50000	679	200000	2684138	60173582	240311939	2637	8263387	6213633	4284835
1789721656	98821	92.3	91.1	5848	2405	3085	8318	827	0	6460	3600	8338	3000036	34241	50000	1564	200000	2684682	60188866	240381387	2637	8266085	6215330	4286158
1789721686	98852	90.8	89.7	6727	1380	3309	7641	642	0	22181	3775	8916	3000044	33413	49937	1677	200000	2685522	60208208	240441716	2637	8269918	6218847	4286966
1789721720	98886	95.8	93.4	8430	2665	2989	9278	1138	0	15442	3991	13409	3000063	32636	50000	1316	200000	2686797	60223370	240531087	2637	8272400	6220068	4289326
1789721748	98914	92.2	91.6	5822	2566	1828	7637	566	0	35754	3829	5298	3000655	32730	50000	857	200000	2687527	60236191	240639817	2636	8274782	6221697	4292290
1789721778	98943	92.7	92.1	6728	3242	2243	9738	1014	0	17192	3677	8529	3000230	32281	50000	557	200000	2688230	60250556	240728063	2636	8277433	6222761	4294374
1789721807	98973	91.3	90.8	7021	2720	2751	8123	1087	0	13249	3720	8717	3000049	31864	50000	1035	200000	2688860	60262929	240815451	2636	8280045	6223942	4297099
1789721838	99004	95.4	95.3	7863	3801	581	8974	94	0	37218	3517	8013	3000415	32294	50000	212	200000	2689719	60276297	240942462	2636	8281521	6225779	4298544
1789721876	99042	93.3	93.1	13983	2540	1303	6579	176	0	91033	3648	8632	3000507	32463	50000	747	200000	2690756	60294571	241098222	2635	8284030	6227841	4299397
1789721901	99067	93.1	92.7	6530	6450	2943	8385	1162	0	46982	3487	7558	3000059	32327	49916	1161	200000	2691264	60304186	241168950	2635	8286291	6228787	4300151
1789721933	99099	93.7	93.4	8160	3881	1944	6108	523	0	89268	3944	8621	3000172	33338	49952	958	200000	2692012	60314556	241295757	2635	8288487	6230712	4302270
1789721956	99122	91.1	90.7	7614	3988	3000	7577	1083	0	30119	3322	4307	2999898	33244	49980	1101	200000	2692664	60323095	241409036	2635	8290492	6231511	4303384
1789721987	99153	93.9	93.3	6544	6323	3894	7151	1953	0	11579	3553	7898	2998928	32895	50000	1361	200000	2693529	60338208	241544841	2635	8292946	6232850	4304421
1789722016	99182	96.8	96.5	5697	3494	3124	8497	1912	0	12968	3657	8295	3000010	33226	50000	925	200000	2694233	60350645	241642632	2635	8295177	6234640	4305505
1789722049	99215	96.2	95.7	8700	7152	3715	7008	2029	0	1502	3593	8321	2999456	32816	50000	1281	200000	2695166	60366290	241774015	2635	8297558	6236487	4306626
1789722080	99246	94.8	93.9	9009	2821	3886	8570	2243	0	5382	3562	8230	2999169	32161	50000	1273	200000	2696013	60374087	241908013	2635	8299868	6238269	4307536
1789722110	99276	93.6	93.1	8674	4501	3479	7173	2027	0	8371	3741	8413	3000042	32183	50000	1134	200000	2696764	60390259	242010835	2635	8302242	6240140	4308849
1789722140	99306	94.2	93.4	10943	3889	4102	8899	2265	0	1897	3528	8168	2999034	31763	49973	1496	200000	2697604	60406987	242106836	2635	8304676	6242223	4309753
1789722166	99332	94.3	94.2	8088	2798	3574	7090	1421	0	1601	3452	4565	2999489	31865	50000	938	200000	2698384	60421243	242213171	2635	8307010	6244181	4310456
1789722199	99365	96.3	96.1	12122	4714	797	7093	284	0	22763	3524	7968	3000711	32574	50000	274	200000	2699437	60443418	242341592	2635	8307481	6246032	4311310
1789722230	99395	91.2	89.6	8287	3909	3653	6314	722	0	8061	3827	8932	2999202	31946	49849	1171	200000	2700031	60454679	242418716	2635	8310838	6247799	4313034
1789722260	99426	94.1	94.0	9727	6861	3586	8729	1178	0	3861	3559	8139	2999794	32608	50000	931	200000	2700816	60476589	242498241	2635	8313928	6249621	4314098
1789722290	99456	96.4	96.1	6766	6543	997	5420	381	0	36407	3926	5026	3000300	32939	50000	279	200000	2701774	60490717	242652819	2635	8314448	6251536	4314986
1789722319	99485	86.2	85.5	8032	2748	2573	7865	171	0	22800	3865	8647	2999644	32208	49963	969	200000	2702297	60500569	242735187	2635	8317355	6252608	4317044
1789722347	99513	92.8	92.5	8951	3920	1610	6018	254	0	26249	3851	8767	3000326	32235	50000	694	200000	2702871	60508389	242826439	2637	8318986	6254144	4318507
1789722382	99548	89.1	88.9	7670	4587	3979	9110	929	0	2809	3495	8319	2998798	32337	49996	1352	200000	2703733	60520002	242961734	2635	8322838	6255782	4320048
1789722407	99573	98.0	97.7	7723	3093	1126	5271	579	0	17343	3506	4632	3000286	32796	50000	340	200000	2704581	60528906	243079831	2634	8323699	6257681	4321050
1789722444	99610	92.4	92.0	8470	5596	2133	6998	162	0	37561	3559	11662	3000233	32520	50000	1000	200000	2705415	60539473	243202840	2634	8325610	6259181	4322592
1789722469	99635	88.0	87.3	8297	2548	3462	6061	122	0	16749	4077	5121	2999845	31771	49986	1563	200000	2705990	60545566	243298456	2634	8328067	6260476	4323957
1789722499	99665	95.8	95.4	8231	3600	1751	7525	460	0	25381	3615	8449	3000215	31930	50000	584	200000	2706674	60553028	243407659	2634	8330378	6262162	4325576
1789722533	99699	90.5	90.2	9356	5779	3302	7178	608	0	14052	3910	8683	2999248	31342	49943	1370	200000	2707383	60558567	243562698	2634	8333162	6263382	4327584
1789722558	99724	94.0	93.4	5942	4061	1880	7880	720	0	31886	3633	4695	3000235	31541	50000	689	200000	2708066	60566437	243684412	2634	8334549	6264820	4328689
1789722592	99757	92.2	91.8	6973	4120	3535	7314	954	0	14230	3681	12012	2999054	31026	50000	1139	200000	2708746	60578067	243768880	2634	8338072	6266433	4330448
1789722618	99784	91.7	91.3	7957	3363	4003	9109	1071	0	6709	3606	4889	2998795	30871	50000	1404	200000	2709466	60587249	243880577	2634	8340556	6268015	4331690
1789722649	99814	93.9	93.3	6632	3460	3601	7270	1217	0	302	3657	8394	2999023	31337	49944	816	200000	2710141	60598609	243972118	2634	8342660	6269491	4333564
1789722681	99847	97.1	96.9	12118	2954	1024	7726	473	0	35464	3882	8727	3000471	32063	50000	188	200000	2711119	60610764	244111155	2634	8343586	6271392	4334633
1789722712	99878	87.8	87.2	7336	3974	3403	7203	746	0	2534	3803	8964	2999117	31278	49938	865	200000	2711772	60617854	244200495	2634	8346828	6272658	4336502
1789722738	99904	92.0	91.5	7178	3537	4076	8523	205	0	16427	3928	5061	2999448	31000	49830	1613	200000	2712516	60626173	244313390	2634	8348460	6273992	4338223
1789722767	99933	94.8	93.5	9042	3041	3852	7419	970	0	6017	3993	8999	2999766	30878	50000	1516	200000	2713098	60635353	244403199	2634	8351891	6275663	4339821
1789722798	99964	94.5	93.7	9579	3080	3701	8826	2145	0	3616	3666	8623	2999822	31170	50000	1125	200000	2713866	60650530	244506545	2634	8354226	6277596	4340965
1789722827	99993	93.9	93.9	9937	2440	3820	6900	988	0	13724	4309	5558	2999529	31472	49884	1168	200000	2714700	60673868	244609572	2634	8356671	6279668	4341614
1789722858	100024	95.5	95.1	8854	4813	3380	8266	854	0	1686	3893	8848	2999503	31655	49990	1253	200000	2715488	60685634	244732283	2634	8358569	6281174	4342954
1789722891	100057	94.3	93.9	7651	3316	3836	7224	896	0	18116	4049	8930	2999349	31661	49930	1239	200000	2716310	60699378	244842757	2634	8361149	6283027	4344308
1789722921	100087	96.1	95.4	7466	3066	3052	9071	1895	0	14577	4078	9293	2998705	31721	49895	1094	200000	2717133	60708296	244945519	2634	8363267	6284351	4346633
1789722948	100114	97.9	97.8	12804	2799	3922	7211	1086	0	6526	3609	4611	2998772	31580	49864	1266	200000	2717994	60717348	245089536	2634	8365532	6286094	4347075
1789722978	100144	95.9	94.7	9679	5698	1001	7218	428	0	10915	4083	8774	3000335	32076	50000	247	200000	2718745	60727474	245229772	2634	8366041	6287714	4348390
1789723010	100176	94.7	94.4	5945	4993	4156	7101	900	0	1220	3848	9100	2998251	31416	49709	1296	200000	2719518	60737326	245357037	2634	8370184	6289435	4349826
1789723042	100208	95.8	95.2	8235	6690	3266	8268	1835	0	8444	3783	8807	3000001	31370	50000	1086	200000	2720289	60747889	245488594	2634	8372134	6291331	4351128
1789723069	100235	93.2	93.1	8647	4684	3944	5990	498	0	16681	3966	5058	2999040	30925	49830	1317	200000	2721149	60759257	245624773	2634	8373488	6293024	4351788
1789723102	100268	93.3	92.9	7141	4207	4186	8816	1086	0	992	3776	8861	2998450	30490	49920	1352	200000	2721950	60769805	245762321	2634	8376865	6294662	4353220
1789723128	100294	94.8	94.2	7727	3257	3823	6084	748	0	7739	3796	4988	2998944	30411	49869	1266	200000	2722626	60781756	245870712	2634	8378310	6296688	4354387
1789723159	100325	93.6	93.2	8408	5106	3174	8329	864	0	8752	3645	8616	3000029	30582	50000	1175	200000	2723446	60796261	245986859	2634	8381046	6298249	4355638
1789723192	100358	89.9	89.6	10695	6046	3763	5975	427	0	16818	3849	8798	2999070	30075	49933	1512	200000	2724257	60806706	246105011	2634	8382378	6299916	4356650
1789723216	100382	89.8	89.1	7101	3336	3358	8369	1037	0	11904	3783	4994	2999231	30018	50000	1070	200000	2724851	60814431	246207378	2634	8385484	6301509	4358163
1789723247	100413	91.6	90.9	9495	3501	3632	7182	1944	0	7611	4068	9250	2999977	30065	50000	1134	200000	2725545	60829453	246298719	2634	8387861	6303023	4359964
1789723283	100448	93.1	93.1	8079	5147	3989	9015	955	0	12632	3771	8408	2999004	29973	49947	1277	200000	2726425	60842291	246424994	2634	8390447	6304945	4360558
1789723310	100475	94.8	93.2	6698	3344	2396	6766	1185	0	13231	4237	9486	2999614	30070	49992	921	200000	2727014	60849900	246498336	2634	8392088	6306208	4363192
1789723337	100502	91.7	91.3	6914	3399	2999	8566	885	0	26328	3656	5118	3000050	29916	49941	1172	200000	2727666	60860375	246591486	2634	8394617	6308148	4364253
1789723369	100535	96.5	96.1	6537	3729	1634	6847	170	0	40582	3828	9119	3000503	30247	50000	649	200000	2728563	60883492	246691159	2634	8396788	6310259	4366025
1789723400	100565	93.4	92.9	7143	4461	1559	8714	305	0	54936	3790	8612	3000300	30220	50000	926	200000	2729225	60895071	246784744	2634	8399074	6312329	4367095
1789723431	100596	94.4	93.7	6033	4061	1951	6063	466	0	51590	3737	8621	3000453	30467	50000	934	200000	2730000	60917840	246872924	2634	8401238	6313979	4367833
1789723478	100644	71.3	70.6	18914	4104	1619	7900	419	0	69588	5961	11809	3000421	30795	50000	677	200000	2730989	60929225	247019027	2634	8403698	6315615	4369448
1789723489	100655	50.1	50.1	17144	17144	1254	3672	318	0	17183	129	386	3000677	31034	50000	456	200000	2731224	60932380	247063391	2634	8403847	6315615	4369819
1789723520	100686	58.6	58.1	7474	4068	1902	5442	157	0	56189	5900	8186	3000282	30970	50000	1071	200000	2731535	60936023	247112585	2634	8405709	6316888	4371039
1789723550	100716	91.4	91.1	7577	3781	1714	4716	475	0	78438	3880	8928	3000130	31076	50000	738	200000	2732119	60946382	247201879	2634	8408348	6318732	4372790
1789723579	100745	92.4	92.2	9686	2387	2495	6465	722	0	58236	3654	4727	3000228	31183	49961	1042	200000	2732984	60959597	247337221	2634	8410537	6319957	4374145
1789723608	100774	94.6	93.1	13150	4212	3245	6363	1730	0	15086	4083	8919	2999283	31025	50000	1036	200000	2733654	60967808	247458129	2634	8412697	6320917	4374956
1789723636	100802	92.6	92.3	9251	4676	3189	8208	2009	0	7924	3787	4918	2998753	31105	49948	886	200000	2734562	60978688	247586607	2634	8415037	6322369	4376469
1789723667	100833	98.5	98.5	11189	4960	868	5361	404	0	20149	3842	8305	3000330	31458	50000	71	200000	2735620	60989719	247749734	2634	8415471	6324078	4377159
1789723704	100870	93.9	93.6	14263	3123	892	7437	115	0	26470	4171	9193	3000407	31314	50000	154	200000	2736719	61005083	247907028	2634	8417688	6325573	4378904
1789723730	100896	90.9	90.5	9484	3046	1300	5521	124	0	68922	4156	5413	3000187	31348	50000	687	200000	2737379	61012546	248003155	2634	8419788	6327270	4380187
1789723757	100923	92.9	92.4	8337	5001	2405	7496	909	0	47479	3864	8745	3000253	31139	50000	786	200000	2737903	61025022	248065761	2634	8422185	6328602	4381284
1789723786	100951	92.2	91.5	11242	1383	2513	6411	301	0	60212	3781	4842	3000094	30839	49976	1252	200000	2738789	61034997	248189603	2634	8424369	6329998	4383361
1789723818	100984	93.7	93.3	9775	2293	1943	7981	548	0	72529	3824	8972	3000249	31181	50000	697	200000	2739665	61052174	248305847	2634	8426753	6331629	4384657
1789723847	101012	93.1	92.7	8945	8889	3690	7451	2157	0	3497	3761	8307	2999242	30793	49887	964	200000	2740509	61066296	248434150	2634	8429060	6332331	4385760
1789723880	101046	95.5	95.4	11326	2200	1362	7642	491	0	20928	3744	8283	3000500	31209	50000	542	200000	2741576	61081662	248579031	2634	8429792	6334236	4386254
1789723913	101079	92.8	92.5	8306	5729	1191	4777	169	0	76938	3952	5249	3000572	31297	50000	555	200000	2742531	61101442	248693521	2634	8431732	6335818	4387872
1789723937	101103	91.7	90.9	5765	4114	1749	6747	56	0	76033	3849	8540	3000298	30917	50000	1052	200000	2742987	61108620	248739867	2634	8433872	6337459	4388991
1789723978	101143	93.5	93.2	9415	7957	1450	6438	469	0	140961	3766	8859	3000487	31351	50000	698	200000	2744188	61133532	248890753	2634	8436409	6339305	4390360
1789723997	101163	91.6	91.5	15438	15438	3986	7307	172	0	3541	3515	4065	2998557	30848	49885	1091	200000	2744737	61143366	248987414	2634	8437454	6339337	4391042
1789724030	101196	94.4	93.9	7132	4761	3416	6725	1433	0	1780	3859	8930	2999040	31226	49947	741	200000	2745555	61154776	249104726	2634	8440740	6341137	4392421
1789724066	101232	95.8	95.6	18444	3446	849	7038	146	0	70199	4057	9380	3000646	31950	50000	345	200000	2746692	61172641	249250798	2634	8441353	6343024	4393727
1789724099	101265	92.7	92.2	8000	1614	1177	5944	93	0	80678	4143	5419	3000304	31590	50000	779	200000	2747725	61183998	249414197	2634	8443660	6344352	4395572
1789724120	101286	85.0	84.1	12466	2231	2218	7957	503	0	87546	3970	8863	2999339	31290	50000	998	200000	2747782	61185540	249425866	2634	8445845	6346018	4396642
1789724145	101311	90.8	90.5	7910	6050	2464	6086	1647	0	15387	3598	4643	2998672	31421	49987	639	200000	2748654	61193772	249557026	2634	8447854	6346457	4397758
1789724183	101349	91.3	91.2	8709	6910	4146	7304	254	0	4507	4097	8921	2998335	31393	49948	1257	200000	2749777	61209088	249718973	2634	8449378	6348017	4398855
1789724207	101373	97.7	97.2	8444	2337	1318	5078	465	0	22929	4038	5089	3000265	31896	50000	463	200000	2750509	61217058	249826286	2634	8451164	6349825	4399957
1789724239	101405	92.5	92.3	9627	5423	1398	6570	148	0	49722	3898	8876	3000294	31788	50000	830	200000	2751317	61228419	249935404	2634	8453012	6351689	4400695
1789724281	101446	94.7	93.4	18243	4598	1558	5544	409	0	46600	3786	8899	3000331	31867	50000	614	200000	2752518	61240352	250141328	2630	8455541	6353504	4402112
1789724298	101464	90.1	88.1	5817	2110	1604	7301	167	0	64448	4079	4955	3000149	31392	50000	792	200000	2752737	61244680	250177181	2630	8457489	6354885	4403526
1789724330	101495	91.3	90.2	10555	4878	3131	6480	835	0	49960	4194	9400	3000051	30725	50000	1434	200000	2753458	61254047	250294503	2630	8460001	6355977	4404472
1789724364	101529	93.1	92.7	7533	3618	1947	8191	576	0	37913	3955	9509	3000175	30647	50000	910	200000	2754263	61267796	250410067	2630	8462261	6357850	4406944
1789724389	101555	94.0	91.8	8593	3377	1297	6024	481	0	33335	4638	5970	3000213	30412	50000	528	200000	2754984	61279069	250514899	2630	8464589	6358967	4409228
1789724418	101584	93.9	93.3	7283	3247	1146	7759	160	0	8656	4365	9942	3000109	29832	50000	96	200000	2755572	61286857	250607090	2630	8467009	6360154	4411157
1789724446	101612	91.1	90.5	8648	2385	3468	7676	1058	0	7999	3917	8866	2999840	29706	50000	1167	200000	2756148	61294605	250680102	2630	8470656	6361966	4412312
1789724478	101644	98.0	97.8	9211	7355	985	7699	494	0	30057	3503	8168	3000642	30392	50000	237	200000	2757082	61311847	250797408	2630	8471461	6363990	4412864
1789724512	101678	91.7	91.1	9466	4054	3681	5439	724	0	12817	3758	8886	2999574	29397	49917	1286	200000	2757787	61322944	250913600	2630	8474554	6365887	4414122
1789724538	101704	92.5	92.0	9727	3699	3704	7257	475	0	5435	4060	5292	2998997	30033	49921	1019	200000	2758467	61337946	250978347	2630	8476942	6367476	4415427
1789724569	101735	98.0	97.1	10146	2622	608	5467	294	0	24281	4045	9178	3000322	30455	50000	187	200000	2759392	61351454	251102849	2630	8478093	6369098	4416872
1789724606	101772	93.2	92.9	13821	5292	1297	7527	432	0	45238	3951	9188	3000462	30511	50000	411	200000	2760351	61364862	251246483	2631	8480835	6371132	4417965
1789724625	101791	91.2	90.5	5413	2620	2090	6170	195	0	67757	4052	5136	3000149	30436	50000	1037	200000	2760664	61374815	251281490	2630	8482899	6372554	4418756
1789724664	101830	94.6	94.4	9326	3104	1483	8059	510	0	55041	4096	9374	3000166	30619	50000	742	200000	2761802	61383801	251468951	2630	8485363	6374275	4421010
1789724688	101854	96.1	95.4	6568	3334	1810	6000	140	0	45511	3815	5018	3000397	30619	50000	902	200000	2762522	61395248	251560859	2630	8487390	6375907	4421938
1789724721	101887	97.7	97.4	10899	1361	1384	7515	160	0	74481	3990	9263	3000310	30719	50000	702	200000	2763393	61406723	251700245	2632	8489764	6377840	4423066
1789724751	101917	97.0	96.8	11889	3212	1146	5718	243	0	67544	4225	9220	3000428	30945	50000	597	200000	2764216	61420545	251801055	2630	8491966	6379727	4424134
1789724787	101953	96.4	96.1	11940	4406	1472	7484	126	0	46595	4212	9414	3000377	30934	50000	788	200000	2765314	61435906	251946994	2631	8494320	6381650	4425130
1789724810	101976	97.1	96.7	6710	4505	1599	5717	25	0	91212	4011	5182	3000215	30810	50000	981	200000	2765981	61445714	252024793	2631	8496577	6383464	4425882
1789724846	102012	96.2	96.1	11394	2809	1373	7483	135	0	77493	3969	9035	3000198	30846	50000	887	200000	2766918	61463363	252191222	2630	8498927	6385456	4427338
1789724869	102035	94.2	93.9	6747	4740	2518	5909	415	0	85172	3712	4760	3000097	30705	50000	1219	200000	2767539	61470479	252278866	2630	8501261	6386991	4427961
1789724897	102063	93.9	93.2	9653	4742	3282	7449	1833	0	14168	4209	9309	3000081	30750	50000	960	200000	2768246	61479327	252374315	2630	8503623	6387941	4428759
1789724926	102092	93.9	93.6	8910	2743	3750	6455	2364	0	15784	4251	5662	2998568	30342	49995	1263	200000	2769201	61495519	252492904	2631	8506229	6389439	4430123
1789724961	102127	94.6	94.5	9397	7135	3355	8176	612	0	4567	4299	9892	2998887	30169	49870	1198	200000	2770120	61507126	252616660	2630	8508261	6390828	4432210
1789724988	102154	92.8	92.2	7904	1717	3689	6660	843	0	4261	4871	6635	2999272	30174	49950	1238	200000	2770663	61513693	252705807	2630	8509838	6392596	4433085
1789725020	102186	91.3	89.6	9870	5940	3514	8860	1547	0	11500	4910	11118	3000179	30438	50000	1458	200000	2771257	61527140	252787528	2630	8512329	6393760	4434833
1789725046	102212	91.9	91.5	11072	2869	3562	6430	2031	0	7855	4683	6609	2999860	30891	50000	1243	200000	2771812	61534993	252863144	2630	8514810	6395426	4435907
1789725080	102246	93.0	93.0	9288	5222	3565	7966	1340	0	4650	4455	10476	2999941	31412	50000	909	200000	2772610	61558522	252961000	2630	8517131	6397412	4436443
1789725108	102274	97.4	97.0	7256	4175	1351	5196	501	0	29410	4576	6304	3000242	31629	50000	379	200000	2773492	61567878	253092743	2630	8518036	6399225	4437560
1789725144	102310	93.4	93.1	8491	6003	1528	6767	122	0	47980	4358	10539	3000624	31687	50000	734	200000	2774294	61578416	253224870	2630	8519930	6400761	4439127
1789725171	102337	91.4	90.6	9547	2808	1410	5665	168	0	62728	4935	6604	3000330	31492	50000	252	200000	2774806	61586440	253290887	2630	8522154	6402043	4441407
1789725200	102366	92.1	91.6	8012	3873	1974	7908	141	0	77516	4684	10217	2999880	31129	50000	1273	200000	2775256	61591249	253369095	2630	8524595	6404130	4442239
1789725225	102391	91.7	91.3	9758	6284	3023	6117	1420	0	25262	3715	4706	2999066	30866	49993	978	200000	2776003	61599979	253483417	2630	8527028	6404598	4443482
1789725258	102423	92.6	92.0	9223	5315	3381	8026	1991	0	33058	4262	9788	2998938	30694	50000	1228	200000	2776795	61613084	253577611	2630	8529525	6406420	4444378
1789725294	102460	95.0	94.7	9611	2330	2161	6862	739	0	50543	4344	10144	3000073	30898	50000	1057	200000	2777657	61630505	253701685	2630	8531725	6408578	4446699
1789725317	102483	94.6	92.4	7544	3135	1957	8465	648	0	48982	4448	5654	3000070	30860	49952	907	200000	2778202	61636648	253792812	2630	8533917	6409558	4448446
1789725348	102514	94.4	94.1	6325	2781	1259	7487	134	0	115928	3981	9202	3000167	30990	50000	641	200000	2778935	61644156	253896988	2630	8536194	6411897	4449791
1789725377	102543	93.7	93.1	10633	3127	2791	9343	852	0	41942	3674	4918	3000090	30840	49984	1133	200000	2779854	61655953	254032021	2630	8538525	6412872	4450771
1789725407	102573	94.6	94.2	7782	5952	3328	6757	1864	0	30905	4226	9395	2999247	30753	49969	1254	200000	2780687	61667427	254137682	2630	8540936	6414231	4451568
1789725441	102607	94.5	93.4	7124	4008	3001	8359	1766	0	9312	4702	10159	2999395	31111	50000	847	200000	2781480	61682193	254244402	2630	8543212	6416006	4452941
1789725465	102631	96.2	96.1	9648	8450	874	4711	398	0	3184	4022	5053	3000620	31548	50000	266	200000	2782385	61697399	254348412	2630	8543665	6417075	4454272
1789725503	102669	92.2	91.9	10038	2933	4178	6896	560	0	19296	4641	10724	2999211	30717	49915	1648	200000	2783259	61706548	254483938	2630	8546520	6418891	4455573
1789725529	102695	95.0	94.1	9226	3100	3303	6942	855	0	16234	4371	6107	3000092	31299	50000	1234	200000	2783842	61714895	254572483	2634	8549604	6420663	4456572
1789725562	102728	96.4	95.8	8293	3550	3249	8090	824	0	17721	4548	10782	3000100	31795	49959	900	200000	2784658	61737457	254650901	2634	8551449	6422299	4457584
1789725589	102755	95.6	95.1	11453	1555	3654	6830	777	0	16424	4957	6492	3000098	31434	50000	1272	200000	2785339	61748591	254758538	2634	8554079	6423686	4459769
1789725620	102786	96.7	96.2	10451	6080	1484	7310	551	0	7539	4269	9177	3000271	31783	50000	453	200000	2786096	61758940	254885625	2634	8555189	6425384	4460899
1789725647	102813	97.6	97.2	7187	2343	1135	5853	421	0	13174	4080	5323	3000378	31769	50000	296	200000	2786972	61771334	255008589	2634	8557354	6427190	4462265
1789725676	102842	94.5	93.4	9004	3195	2800	8483	1474	0	2347	4317	9804	3000043	31203	50000	949	200000	2787579	61779055	255092377	2634	8560713	6428843	4463610
1789725714	102879	93.7	93.5	11460	3214	3213	7182	1390	0	17925	4336	10243	3000020	31513	49997	701	200000	2788493	61795917	255220969	2634	8563441	6430681	4464496
1789725743	102909	97.6	97.3	6505	3701	900	7501	92	0	86266	4286	5722	3000501	32102	50000	394	200000	2789446	61811130	255350817	2636	8563952	6432491	4465501
1789725780	102946	93.7	93.1	15776	2681	1428	5966	58	0	81276	5001	11227	3000195	31718	50000	900	200000	2790362	61819932	255489728	2636	8566560	6434538	4466764
1789725798	102964	90.6	90.0	6335	5800	2635	7363	1823	0	28468	4563	5449	2999169	31720	49975	615	200000	2790570	61823145	255519641	2636	8568551	6434949	4467178
1789725830	102996	94.0	93.9	7117	5998	3639	5737	146	0	7482	4780	6334	2999293	32114	49948	844	200000	2791807	61844551	255658661	2639	8570228	6436250	4468510
1789725863	103029	95.2	94.6	11865	2990	1109	6664	319	0	85449	4736	10656	3000351	32649	50000	560	200000	2792606	61853872	255778255	2640	8571277	6438016	4469706
1789725888	103054	91.9	91.6	8628	3762	1920	6208	601	0	99327	4719	6258	3000163	32591	50000	738	200000	2793103	61865543	255844989	2640	8573566	6439335	4470631
1789725917	103082	88.3	88.2	17621	3255	3630	8030	1290	0	6467	4639	5644	2998836	32318	49905	912	200000	2794031	61873920	255989630	2640	8575775	6439810	4471494
1789725952	103118	98.2	97.6	18423	2930	968	4694	381	0	29179	4743	10182	3000205	32676	50000	304	200000	2795047	61889586	256131157	2645	8576390	6441678	4472411
1789725982	103148	93.3	92.8	9510	2798	990	6415	232	0	46747	4287	5830	3000269	32407	50000	607	200000	2796005	61902684	256250677	2645	8578523	6443201	4473862
1789726016	103182	94.5	94.0	13299	2493	1230	5811	331	0	64735	4167	9486	3000307	32111	50000	536	200000	2796773	61912231	256377170	2645	8580900	6445033	4475096
1789726045	103210	92.9	92.5	6931	2364	1267	7478	240	0	77851	4303	9850	3000348	32295	50000	618	200000	2797360	61921330	256447275	2645	8582870	6446664	4476309
1789726069	103235	92.5	91.5	14427	3754	2875	5831	848	0	62434	4335	5698	3000078	31403	50000	1546	200000	2797839	61929364	256516997	2645	8585282	6448222	4476966
1789726104	103269	95.2	94.8	9882	3397	1475	7394	316	0	46237	4231	9941	3000557	31588	50000	799	200000	2798791	61946770	256636029	2645	8587531	6449977	4479297
1789726127	103293	90.4	89.9	7638	3676	2112	6072	712	0	94035	4158	5480	3000212	31550	50000	859	200000	2799267	61958453	256696349	2645	8589992	6451434	4480068
1789726161	103327	94.0	93.5	10300	1987	1661	7952	370	0	90341	4298	9625	3000196	31608	50000	895	200000	2800092	61974235	256820130	2645	8592136	6453025	4482213
1789726186	103352	93.8	93.4	11904	7398	3080	6270	1685	0	21193	3865	5019	2999422	31525	50000	878	200000	2800895	61982308	256949139	2645	8594236	6453542	4483024
1789726221	103387	94.4	94.3	9736	6184	3978	8313	1006	0	2890	4242	9599	2998913	31452	49960	1237	200000	2801969	61998392	257099730	2645	8596726	6455084	4483904
1789726249	103415	94.1	93.5	7698	2471	3651	5396	614	0	17171	4219	5663	2999186	31873	49934	981	200000	2802771	62009247	257207671	2649	8598404	6457014	4484851
1789726285	103451	98.0	97.9	9830	5728	872	6067	289	0	44304	4276	9678	3000947	32806	50000	376	200000	2803887	62030996	257350723	2645	8599502	6458868	4485847
1789726311	103477	91.9	91.2	7663	4122	1106	5759	124	0	24056	4079	5301	3000131	32436	50000	29	200000	2804547	62036381	257467216	2645	8601777	6460114	4487751
1789726343	103508	94.0	93.6	8870	4914	1425	7621	256	0	43726	4168	9136	3000173	32353	50000	706	200000	2805288	62043452	257580793	2645	8603940	6461901	4488958
1789726375	103541	89.7	87.4	6075	3294	3628	7714	1018	0	10991	4357	10048	3000042	31551	49922	1199	200000	2805965	62055558	257677197	2645	8608027	6463022	4491690
1789726401	103566	98.4	98.0	9326	6490	1323	7759	487	0	34499	3818	4954	3000266	31755	50000	478	200000	2806799	62069000	257802902	2649	8608753	6464949	4492312
1789726426	103592	92.0	91.5	6560	5347	1701	6411	453	0	93097	3910	8537	3000058	31730	50000	893	200000	2807117	62075583	257848490	2645	8610877	6466752	4493437
1789726461	103627	95.1	94.5	14987	2187	2609	8615	460	0	74337	4120	9401	3000085	31583	50000	1136	200000	2808076	62087416	257989660	2645	8613523	6468181	4494815
1789726486	103652	97.7	97.3	9908	1773	3276	6426	1321	0	18799	3734	4954	2998873	31455	49991	1194	200000	2808949	62100554	258106715	2645	8615318	6468878	4496279
1789726516	103681	97.3	81.1	7539	3276	2509	8431	977	0	57944	4599	9907	2999326	31507	50000	1054	200000	2809537	62109880	258189322	2645	8617750	6470792	4498249
1789726551	103717	96.6	96.4	8479	2680	1930	7203	561	0	70442	3981	9033	3000183	31703	50000	893	200000	2810439	62119656	258336613	2645	8619856	6472782	4499567
1789726576	103742	95.6	94.8	8719	7752	2895	8821	1214	0	19914	3924	5434	2999684	31092	50000	1183	200000	2811158	62128955	258433271	2645	8621876	6473443	4500729
1789726607	103773	97.0	95.5	7599	3483	2514	6672	376	0	67326	4674	10973	3000089	31040	50000	972	200000	2811777	62137052	258516904	2645	8624307	6475877	4501939
1789726643	103808	93.6	93.0	11304	5433	2952	8896	794	0	55248	4787	11074	3000024	31028	49947	1300	200000	2812627	62151422	258623213	2645	8626791	6477452	4503400
1789726666	103832	92.6	92.5	8690	6898	3767	6521	1212	0	861	4446	5585	2998945	30991	49869	917	200000	2813374	62160147	258743076	2645	8628887	6477854	4505039
1789726701	103867	93.6	93.3	9786	5123	3412	8216	942	0	8527	4300	10589	2999035	31284	50000	927	200000	2814235	62171071	258859230	2645	8631198	6479677	4506120
1789726728	103894	98.1	97.7	9715	3489	1001	5354	273	0	20874	4575	5918	3000376	31633	50000	367	200000	2815103	62181371	258990357	2644	8631687	6481215	4507229
1789726762	103927	94.9	92.4	10722	4730	345	7130	164	0	5007	4814	11412	3000400	31686	50000	87	200000	2815884	62194646	259098682	2644	8633757	6482424	4509531
1789726790	103956	93.6	92.9	7426	2436	1882	6170	232	0	26798	4385	6126	3000122	30903	50000	1180	200000	2816528	62200208	259212571	2644	8636708	6483767	4511306
1789726819	103985	88.3	87.7	8390	6100	1906	7936	419	0	45768	4090	9174	3000577	31467	49949	976	200000	2817046	62207527	259287465	2644	8638563	6485307	4512775
1789726856	104022	92.9	92.6	5442	4149	2083	6173	420	0	39331	4005	9443	3000246	31618	50000	885	200000	2818099	62221086	259440199	2644	8640900	6486588	4514788
1789726881	104047	89.5	88.9	8770	3167	1928	8072	459	0	26851	4022	5220	3000096	31287	50000	916	200000	2818656	62227008	259530953	2644	8643205	6487884	4516717
1789726911	104077	96.4	96.2	7058	4797	1301	6036	118	0	66712	3799	8815	3000316	31290	50000	812	200000	2819356	62240634	259636258	2644	8644924	6489684	4517598
1789726945	104111	92.4	92.1	12591	4959	1685	7753	212	0	64368	4528	9665	3000282	31517	50000	824	200000	2820135	62253357	259757489	2644	8647201	6491275	4518709
1789726969	104135	90.5	90.1	5898	3802	2187	5639	652	0	61913	4293	5610	3000061	31642	50000	948	200000	2820618	62259742	259833005	2644	8649288	6492814	4519933
1789727003	104169	93.4	93.0	9409	7391	2777	7467	906	0	53436	4023	9510	3000082	31681	49773	1197	200000	2821525	62273630	259964480	2644	8651533	6493821	4521419
1789727026	104191	91.0	90.6	7486	6663	2506	5640	1355	0	17657	4126	5283	2998873	31472	49998	795	200000	2822022	62277558	260036386	2644	8653397	6494657	4522905
1789727064	104229	92.3	92.1	11914	6053	3165	7430	873	0	16444	4364	10592	2999300	31317	50000	802	200000	2822978	62290185	260177994	2644	8655703	6496220	4523780
1789727089	104255	96.6	96.0	11235	2905	1503	5253	459	0	35226	3921	5245	3000374	31414	50000	750	200000	2823651	62302996	260292274	2637	8656567	6497538	4525327
1789727120	104286	89.9	88.9	8738	2828	3190	7808	1002	0	27608	4474	10830	2999841	30861	49978	1388	200000	2824193	62309374	260364159	2637	8659527	6498763	4527596
1789727155	104321	92.8	92.5	6973	2509	3341	6854	742	0	31375	4443	10916	3000039	30716	49997	1314	200000	2824799	62317776	260466917	2637	8662372	6500980	4529137
1789727178	104344	93.3	92.7	6359	4208	3683	8538	1118	0	23663	4146	5539	2999824	30443	49988	1201	200000	2825492	62327706	260545282	2637	8664410	6501742	4531123
1789727209	104375	92.6	91.8	7316	2143	2414	7514	812	0	66285	4323	9647	3000022	30143	50000	1071	200000	2826069	62331769	260631735	2637	8667512	6503865	4533451
1789727237	104403	94.8	94.2	8167	5497	2534	8869	1072	0	18956	4271	9228	3000143	30706	50000	911	200000	2826747	62346000	260721625	2637	8669378	6504954	4534799
1789727275	104441	95.8	95.5	11125	2742	1400	6604	203	0	62931	3728	8878	3000297	30680	50000	780	200000	2827794	62357110	260898046	2637	8671617	6507583	4536018
1789727299	104464	92.7	92.3	5617	3414	2057	8170	398	0	61929	3767	4922	3000267	30770	50000	945	200000	2828333	62367160	260969931	2637	8673755	6509141	4536770
1789727326	104492	94.1	93.1	9090	4331	3565	6539	1435	0	34272	3822	8775	2999659	30029	49995	1573	200000	2828980	62375945	261067828	2636	8676120	6510095	4537631
1789727363	104529	97.2	97.1	8045	3382	1052	7616	167	0	74602	3989	9796	3000580	30865	50000	631	200000	2830160	62391534	261205785	2636	8678316	6513206	4539044
1789727392	104558	97.4	96.9	7616	4630	1824	5627	360	0	96782	4272	9430	3000365	30802	49964	1005	200000	2830840	62403084	261293436	2636	8680620	6515124	4539787
1789727415	104581	96.9	96.3	11383	7667	3314	7458	1900	0	12979	4214	5394	2998794	30376	49882	1206	200000	2831571	62409707	261415727	2636	8682945	6515436	4540950
1789727448	104614	98.4	98.3	8878	5739	3860	6147	1120	0	903	4437	10110	2998577	30301	49916	1088	200000	2832449	62419952	261549191	2636	8685438	6517176	4541420
1789727476	104642	97.9	97.5	8454	5115	927	6156	329	0	2440	4524	5984	3000621	31100	50000	98	200000	2833392	62436354	261658708	2636	8685941	6518965	4542672
1789727507	104673	95.9	95.5	6083	4273	1640	6123	890	0	14456	3589	8440	3000147	30842	50000	440	200000	2834148	62445809	261776010	2636	8689011	6520967	4543785
1789727541	104706	97.3	97.3	5973	5202	633	7194	182	0	46296	3523	8089	3000305	31185	50000	158	200000	2835310	62462633	261922061	2636	8690363	6522832	4544850
1789727573	104739	93.5	93.0	10362	5456	1863	5961	215	0	62428	3671	8324	3000103	30626	50000	1070	200000	2836036	62470704	262039771	2636	8693036	6525045	4545583
1789727604	104770	95.5	95.4	9095	2768	1243	7133	95	0	77320	3760	8814	3000313	30851	50000	737	200000	2836843	62485660	262132393	2636	8694941	6526836	4546519
1789727627	104793	93.2	92.7	12615	4350	2637	5619	748	0	62616	3600	4749	3000223	30829	50000	1116	200000	2837301	62492071	262204788	2636	8697336	6528156	4547234
1789727658	104823	92.5	92.1	10387	8169	3709	7174	2155	0	2389	3769	8785	3000046	30811	50000	1044	200000	2838176	62504664	262327141	2636	8699646	6529147	4547984
1789727688	104854	97.3	97.3	13091	3403	1084	4247	342	0	28543	4373	5642	3000560	31299	50000	407	200000	2839170	62523755	262473647	2636	8700127	6530907	4548607
1789727719	104885	90.0	89.6	8917	4220	1473	5967	290	0	38392	4308	9893	3000280	31049	50000	667	200000	2839815	62531295	262561712	2636	8702513	6532737	4549774
1789727755	104920	93.3	93.2	9287	4306	1132	5478	193	0	26538	4017	9572	3000377	31196	50000	569	200000	2840703	62544550	262688435	2636	8704489	6534488	4550925
1789727784	104950	91.0	90.5	9776	7345	1709	7193	155	0	57535	4705	6463	3000167	30859	50000	845	200000	2841397	62549889	262810519	2636	8706850	6536332	4551644
1789727813	104978	94.3	93.9	11711	6735	1268	5682	301	0	116309	4442	10033	3000247	30773	50000	566	200000	2842015	62560832	262876177	2637	8709050	6538012	4553034
1789727837	105003	90.2	90.1	11963	7073	3683	7664	1502	0	1722	3796	4834	2998666	30917	49852	844	200000	2842664	62575544	262977752	2636	8711363	6538132	4553537
1789727875	105040	96.7	96.6	14347	5668	691	4763	148	0	37785	4185	9603	3000410	31398	50000	415	200000	2843894	62592702	263158171	2636	8711623	6539844	4554873
1789727900	105066	92.0	91.1	6256	2606	2122	6901	92	0	36540	4098	5376	3000151	30362	50000	1131	200000	2844465	62601642	263250018	2637	8714109	6541400	4556481
1789727929	105095	92.4	91.8	8266	4124	1448	6002	122	0	50108	4027	9091	3000286	30058	50000	727	200000	2845208	62615833	263330000	2636	8716034	6542902	4557734
1789727965	105131	94.0	93.7	11870	2085	1340	7868	273	0	68175	3935	9292	3000277	30463	50000	696	200000	2846159	62630227	263465812	2636	8718271	6544672	4559243
1789727988	105154	92.6	92.3	8046	3883	2340	6023	744	0	58636	3683	4913	3000154	30412	50000	772	200000	2846658	62639753	263535102	2636	8720712	6546024	4560229
1789728018	105184	95.0	95.0	16882	7517	3951	7926	1172	0	11709	3767	8343	2999242	30075	49939	1170	200000	2847627	62651715	263677156	2636	8723071	6546720	4560833
1789728047	105213	98.3	97.8	9516	5601	1091	4856	527	0	22344	4042	5423	3000407	30564	50000	367	200000	2848603	62665439	263803612	2637	8723762	6548595	4561864
1789728081	105247	94.7	94.5	8985	5925	1410	6617	109	0	52734	4344	9891	3000543	30777	50000	550	200000	2849564	62681613	263898944	2636	8725653	6550161	4563399
1789728116	105282	94.2	93.9	12848	1817	1127	6225	201	0	139816	4243	10156	3000119	30713	49973	657	200000	2850295	62690707	264024520	2636	8727867	6552068	4564513
1789728136	105302	92.4	92.3	11038	7329	3995	8116	1057	0	6873	3855	4637	2998495	30075	49976	1271	200000	2850865	62698178	264128867	2636	8730220	6552134	4564821
1789728168	105334	94.1	93.3	7103	4455	2838	5896	1793	0	1389	4184	9791	2999124	30242	49954	747	200000	2851658	62709305	264240590	2636	8732049	6553262	4567820
1789728201	105367	94.4	94.1	10756	1574	2857	7168	444	0	7619	3788	8698	2999137	30009	49948	878	200000	2852584	62719808	264384545	2636	8733880	6555013	4568569
1789728231	105397	96.5	96.1	10429	3588	1195	6383	153	0	36917	3876	5235	3000397	30181	50000	565	200000	2853543	62736464	264524314	2636	8735198	6556554	4569990
1789728265	105431	94.2	93.9	11305	2025	1226	8372	261	0	79825	3868	8775	3000247	30305	50000	673	200000	2854324	62743857	264659472	2636	8737292	6558368	4571492
1789728292	105457	94.9	94.4	8585	6121	2192	6187	468	0	69139	3701	8125	3000105	29994	50000	928	200000	2854894	62751800	264741991	2636	8739551	6559601	4572368
1789728316	105482	95.9	95.3	9307	8832	3461	8042	2066	0	11419	3492	4629	2998490	29767	49948	1226	200000	2855788	62760447	264879628	2636	8741927	6560397	4573313
1789728348	105514	97.7	97.6	11220	5262	3774	6285	1122	0	2111	3736	8471	2998741	29805	49954	987	200000	2856670	62773792	264999076	2636	8744292	6562166	4574256
1789728375	105541	96.4	96.0	10759	3296	990	6485	389	0	7710	3725	4826	3000397	30397	50000	137	200000	2857605	62787762	265113171	2636	8744953	6564000	4575419
1789728409	105575	96.0	95.6	11058	3548	1397	6206	540	0	29304	3671	8628	3000253	30071	50000	491	200000	2858532	62800511	265254812	2636	8747490	6565837	4576695
1789728438	105603	97.9	97.5	7517	2408	1281	7895	482	0	24390	3756	8287	3000640	30432	50000	419	200000	2859230	62811775	265352784	2636	8749967	6567847	4577751
1789728469	105635	95.5	95.2	12045	3409	1514	5773	179	0	55510	3770	8593	3000492	30285	50000	718	200000	2860096	62825746	265472907	2636	8751993	6569881	4578540
1789728501	105667	94.6	94.2	8677	6072	1321	7346	242	0	65134	3632	8470	3000185	30223	50000	623	200000	2860910	62838305	265591382	2636	8754314	6571840	4579468
1789728530	105696	95.9	95.5	8123	3980	1599	5914	52	0	76373	3893	8955	3000157	30141	50000	848	200000	2861617	62849905	265685014	2636	8756601	6573629	4580287
1789728563	105728	93.7	93.3	8123	2712	1954	7812	246	0	93002	4327	9384	3000116	29972	49959	1062	200000	2862341	62860816	265783734	2636	8758874	6575358	4581746
1789728588	105754	90.5	90.0	10576	7400	3811	6109	1894	0	6900	3974	5454	2998503	29456	50000	1171	200000	2863097	62871440	265891449	2636	8761183	6575971	4582395
1789728620	105786	90.8	90.7	8248	3997	2453	7584	1240	0	8584	4688	10718	2999937	29916	49979	723	200000	2863814	62887603	265964507	2636	8763017	6577145	4584526
1789728648	105813	91.9	91.5	12198	3709	3369	5724	872	0	16945	4143	5599	2999913	29738	49980	1026	200000	2864558	62895434	266079680	2636	8765074	6578442	4585217
1789728682	105847	95.6	95.2	9550	6428	2656	7153	783	0	13368	4690	10634	3000052	29607	50000	819	200000	2865339	62903864	266220019	2636	8766752	6579808	4586895
1789728708	105874	96.3	96.0	9325	4511	1437	5798	267	0	42148	4114	5691	3000311	29666	50000	539	200000	2866163	62914509	266329821	2636	8768168	6581328	4588273
1789728742	105908	94.1	93.8	8118	6028	1641	7708	505	0	71012	4282	9987	3000183	29657	50000	712	200000	2867013	62924075	266460105	2636	8770353	6582876	4589703
1789728771	105937	93.5	92.7	8231	3886	1860	6395	568	0	81320	4502	10195	3000151	29707	50000	923	200000	2867464	62930510	266542810	2636	8772497	6584357	4591252
1789728799	105964	94.7	94.2	6426	6234	2776	8282	971	0	58607	3961	5594	3000018	29422	50000	1148	200000	2868257	62938569	266661205	2636	8774804	6585467	4592716
1789728827	105993	96.5	96.3	8426	7750	2475	5931	1459	0	13549	4330	9103	3000037	29669	50000	468	200000	2869098	62947635	266793357	2636	8776503	6586304	4593858
1789728857	106023	94.5	94.3	10554	3557	3975	7316	234	0	3956	3742	5123	2998241	29386	49894	1081	200000	2870099	62961275	266933911	2636	8778238	6587880	4594870
1789728890	106056	98.3	97.9	12456	2598	1231	5365	243	0	48339	4134	9339	3000244	29926	50000	589	200000	2870941	62968166	267066992	2636	8779691	6589740	4595874
1789728925	106091	96.1	95.0	10510	4781	797	6990	189	0	39117	4104	9343	3000324	29914	50000	341	200000	2871945	62982629	267200259	2636	8781892	6591434	4597357
1789728956	106122	94.5	93.5	5993	4931	1616	5909	138	0	51085	4000	9507	3000448	29517	50000	719	200000	2872681	62991255	267312859	2636	8784406	6593192	4598856
1789728979	106145	96.0	93.8	11723	2696	1492	7569	114	0	63679	4184	5336	3000307	29399	50000	353	200000	2873253	63000245	267392881	2636	8786695	6594619	4600315
1789729013	106179	94.5	94.3	8606	2517	1487	6400	43	0	106000	3972	9207	3000342	29610	50000	889	200000	2874037	63011004	267512089	2636	8789278	6596751	4601504
1789729044	106210	94.8	94.4	10785	2330	2158	8038	323	0	61965	3966	8894	3000095	29491	50000	1034	200000	2874840	63022308	267622373	2636	8791585	6598252	4602591
1789729065	106231	94.0	93.5	10346	6327	3206	5964	1868	0	13043	3772	4764	2998915	29335	49873	999	200000	2875434	63030954	267711178	2636	8793905	6598900	4603614
1789729101	106266	94.6	94.6	9703	7748	3866	7701	1167	0	4418	4135	9308	2998774	29185	49952	1189	200000	2876478	63048919	267846042	2636	8796317	6600707	4604128
1789729132	106297	97.7	97.4	11971	3972	1172	4859	495	0	32258	3928	5461	3000328	29588	50000	349	200000	2877484	63064347	267994250	2636	8796987	6602845	4604830
1789729162	106327	96.1	95.8	11176	4233	1067	6411	30	0	94545	4200	10032	3000204	29629	50000	531	200000	2878210	63072654	268087734	2636	8798850	6604843	4605592
1789729189	106354	95.8	95.4	9618	3713	2623	5985	660	0	60965	3664	5004	3000206	29592	49969	1135	200000	2878913	63081266	268206122	2636	8801231	6606251	4606322
1789729216	106382	96.7	96.2	10777	7093	3417	7667	1946	0	3127	4296	9323	2999146	29406	49914	1154	200000	2879716	63091582	268319338	2636	8803529	6606927	4607563
1789729250	106416	96.6	96.3	13339	2592	3640	6040	1884	0	5113	4321	9585	2999345	29572	49994	1006	200000	2880573	63102021	268456240	2636	8805992	6609212	4608433
1789729277	106443	98.4	98.3	6657	5512	904	6049	369	0	23792	3736	4649	3000460	30034	50000	339	200000	2881610	63118534	268599467	2636	8806490	6610739	4609319
1789729310	106476	95.9	95.5	13699	3107	1116	5855	409	0	1841	4053	9473	3000319	29938	50000	439	200000	2882452	63128958	268725670	2636	8808915	6612534	4610546
1789729337	106503	92.9	92.4	8289	3221	1173	7560	428	0	11915	4424	5555	3000310	29990	50000	54	200000	2883155	63138883	268831812	2636	8811225	6613950	4612060
1789729370	106536	93.7	93.4	11101	5911	1519	5917	240	0	39275	4152	9509	3000200	29784	50000	669	200000	2883878	63146756	268949674	2636	8813422	6615705	4613199
1789729407	106572	94.9	94.6	8410	3508	1730	7588	464	0	35833	4663	10734	3000657	30277	50000	742	200000	2884773	63159580	269089007	2636	8815599	6617189	4614651
1789729426	106592	90.6	90.0	10292	3972	1830	5799	549	0	66687	4793	6234	3000083	29947	50000	1058	200000	2885010	63163611	269129550	2636	8817706	6618832	4615993
1789729456	106622	95.5	95.0	8946	2838	2221	7361	513	0	41942	4744	6389	3000115	29756	50000	1035	200000	2885927	63173822	269265652	2636	8819852	6620063	4617481
1789729489	106655	90.3	89.8	10954	3031	2357	6122	673	0	69395	4573	10797	3000042	29515	50000	1195	200000	2886534	63181676	269362342	2636	8822113	6621860	4618549
1789729516	106681	88.4	88.2	10500	6472	2861	8012	1234	0	12851	3898	5316	2998473	29574	49983	905	200000	2887122	63188860	269460430	2636	8824447	6622346	4620442
1789729548	106714	93.6	93.5	10953	6028	3458	6688	1027	0	8622	3982	8699	2999124	29388	50000	1122	200000	2888103	63200988	269601694	2636	8826614	6624032	4621051
1789729580	106746	94.3	93.0	6630	4866	3513	8659	855	0	7950	4064	9263	2998456	29093	49947	924	200000	2888986	63209987	269723935	2636	8829025	6625470	4623077
1789729608	106774	93.5	93.1	7838	4780	3637	6542	544	0	7456	3765	5029	2998536	29066	49954	926	200000	2889875	63222955	269839471	2636	8830683	6627126	4624009
1789729642	106808	97.8	97.6	11399	6413	1272	7451	256	0	53050	3950	8837	3000506	29735	50000	533	200000	2890764	63235587	269990349	2636	8831941	6628863	4625123
1789729673	106839	94.4	93.9	6167	3213	1202	5600	214	0	26622	4057	9320	3000366	29898	50000	564	200000	2891486	63247319	270096778	2636	8834125	6630511	4626538
1789729704	106870	94.1	93.8	10017	4353	1357	7294	213	0	66750	3879	5469	3000475	30217	50000	629	200000	2892431	63261798	270226751	2636	8836419	6632514	4627171
1789729734	106900	94.5	94.1	9647	1781	1608	5941	151	0	89694	4276	9566	3000142	29992	50000	1059	200000	2893091	63270500	270313535	2636	8838546	6634420	4628397
1789729763	106929	95.3	95.0	8782	5552	1784	7464	182	0	103894	3905	8933	3000255	30042	50000	1041	200000	2893784	63279921	270417187	2636	8840920	6636258	4629257
1789729788	106954	93.9	93.5	6593	4625	2798	5563	1021	0	79112	3721	4989	3000091	29846	50000	1172	200000	2894499	63288204	270513706	2636	8843273	6637496	4629936
1789729819	106985	94.7	94.2	12542	4084	3463	7198	1899	0	14456	4244	9823	2999847	29940	50000	1115	200000	2895275	63302281	270621963	2636	8845662	6638704	4630850
1789729847	107013	93.5	93.5	9570	2544	3926	6461	1298	0	2038	4340	5871	2998347	29786	49840	1035	200000	2896166	63313472	270759201	2636	8848030	6639963	4632573
1789729876	107042	98.3	97.9	8380	2258	1016	6468	546	0	4697	4113	5342	3000205	30078	50000	125	200000	2897030	63323625	270906357	2636	8848583	6641608	4633784
1789729911	107077	91.4	91.1	9929	1556	3859	7067	206	0	2457	3884	9021	2998492	29390	49940	937	200000	2897891	63336437	271029245	2636	8851438	6642963	4635636
1789729940	107106	97.7	97.2	10636	6166	1353	8239	341	0	41903	4097	9221	3000163	29682	50000	552	200000	2898589	63343127	271142197	2636	8853143	6644674	4637095
1789729976	107142	94.8	94.5	12590	3433	1099	6078	239	0	40105	3922	9163	3000670	29973	50000	678	200000	2899579	63360556	271286961	2636	8855251	6646058	4638807
1789730007	107173	93.1	92.8	12114	1761	1083	8140	377	0	84609	4306	5672	3000227	30217	50000	399	200000	2900462	63368867	271425132	2636	8857764	6647990	4640220
1789730032	107198	94.4	94.1	8591	4083	2682	6477	952	0	41572	4302	9084	3000063	30144	50000	774	200000	2900974	63376967	271498217	2636	8859904	6648911	4641094
1789730057	107223	97.5	97.1	9654	2543	3141	8618	1505	0	8437	3853	5071	2998750	29778	49955	877	200000	2901813	63384590	271625865	2636	8862164	6649498	4643035
1789730087	107253	97.9	96.8	7751	5701	2840	6883	1891	0	9360	4202	9216	2998609	29833	49863	865	200000	2902724	63394923	271748976	2636	8864193	6650770	4645038
1789730122	107287	98.4	98.3	16718	2329	1232	7050	465	0	25930	3885	8708	3000272	30133	50000	391	200000	2903694	63406345	271921554	2636	8864945	6652618	4645261
1789730151	107317	97.1	96.6	7024	2873	1662	5596	247	0	73346	4123	5576	3000356	29940	50000	862	200000	2904555	63420394	272034437	2636	8866972	6654179	4646460
1789730185	107350	96.4	96.0	10171	5928	1342	7355	320	0	75086	4289	9706	3000224	29869	50000	739	200000	2905431	63432899	272164856	2636	8869117	6655938	4648012
1789730207	107373	92.5	91.9	6868	4047	2186	6250	555	0	88556	3830	4894	3000192	29737	50000	1026	200000	2905953	63446419	272223442	2636	8871497	6657458	4649152
1789730237	107403	95.2	94.8	10629	8936	3499	7774	1822	0	5186	3920	8844	2999065	29468	49973	1152	200000	2906876	63457636	272374615	2636	8873496	6657975	4650158
1789730267	107433	92.8	92.6	8214	4930	3656	5524	502	0	2690	4152	5442	2999288	29444	49977	1121	200000	2907704	63469971	272494055	2636	8875131	6659572	4651320
1789730297	107463	97.5	97.1	9481	5409	1321	6735	437	0	21981	4081	9451	3000198	29870	50000	425	200000	2908508	63480396	272612442	2636	8876839	6661242	4652647
1789730329	107495	94.6	94.1	11433	3304	1131	5935	343	0	19480	4254	9686	3000546	30059	50000	468	200000	2909325	63494572	272710190	2636	8879087	6663030	4654082
1789730366	107532	95.7	95.5	9666	3626	1118	7564	457	0	44287	4001	9085	3000310	30321	50000	351	200000	2910394	63511315	272849040	2636	8881441	6664990	4654995
1789730393	107559	91.8	91.5	8813	2943	1345	5686	266	0	67323	4116	5441	3000278	30081	50000	648	200000	2911045	63520720	272945518	2636	8883793	6666913	4656078
1789730417	107583	88.1	87.6	6298	3530	1753	7368	190	0	77464	4375	5596	3000187	30210	50000	947	200000	2911500	63532327	272998682	2636	8885847	6668595	4657029
1789730449	107615	94.4	93.8	12858	4726	3766	6113	1389	0	31966	4061	9212	3000090	29433	49922	1669	200000	2912278	63544418	273121865	2636	8888417	6669433	4657941
1789730481	107647	96.2	96.1	10313	1964	1123	7154	148	0	90694	4401	9871	3000190	30154	50000	596	200000	2913037	63557779	273228763	2637	8890650	6672455	4659387
1789730507	107673	93.6	93.2	7822	2405	2072	5916	438	0	77386	3796	5219	3000173	30130	50000	968	200000	2913742	63573990	273321518	2636	8892986	6674088	4660196
1789730537	107702	94.1	93.9	10679	6817	3688	7633	2014	0	13553	4112	8896	2998702	30146	49838	1037	200000	2914610	63585726	273457190	2636	8895326	6674906	4661013
1789730572	107738	95.1	95.1	10408	7555	3833	6313	1298	0	3648	3898	9054	2998515	30164	49984	1160	200000	2915662	63600891	273603882	2636	8897691	6676576	4661752
1789730598	107764	99.2	98.8	9955	3874	1109	6317	454	0	23785	4111	5282	3000268	30649	50000	353	200000	2916592	63612643	273726673	2636	8898318	6678574	4662620
1789730635	107801	94.8	94.0	14082	4350	721	5689	237	0	38178	4274	10148	3000373	30863	50000	265	200000	2917559	63627599	273869097	2638	8900472	6680171	4664316
1789730663	107829	92.2	91.6	7245	4461	1951	7713	149	0	57744	4317	5709	3000176	30403	50000	800	200000	2918262	63634625	273989696	2636	8902719	6681561	4665998
1789730695	107861	94.7	94.3	12990	2643	1260	6335	343	0	52123	4187	9577	3000120	29996	50000	449	200000	2919076	63644431	274111190	2638	8905329	6683342	4667401
1789730725	107891	94.4	93.4	6427	3016	1581	8001	165	0	64171	4488	10210	3000250	29942	50000	438	200000	2919760	63655446	274194958	2636	8907411	6684921	4668820
1789730750	107916	93.5	93.1	15664	2290	2011	5831	523	0	94167	4253	5390	3000048	29590	50000	1127	200000	2920195	63663003	274264983	2636	8909558	6686609	4669741
1789730780	107946	93.6	93.2	9554	3520	2668	7623	1007	0	46792	3763	4930	3000181	29495	49977	1030	200000	2921194	63676810	274417759	2636	8911862	6687429	4671189
1789730807	107973	93.9	93.5	8000	5427	3245	5884	1983	0	13943	4239	9244	2999149	29262	50000	994	200000	2921851	63688205	274525967	2636	8914133	6688669	4672137
1789730838	108004	93.9	93.9	11659	3356	3847	7656	1268	0	4588	4448	5889	2999147	29421	49965	1213	200000	2922801	63701092	274663549	2636	8916514	6690402	4672841
1789730868	108034	92.4	91.7	9859	5408	3812	7181	940	0	11604	4253	9851	2999036	29251	50000	1220	200000	2923574	63709980	274762663	2636	8918648	6691728	4674871
1789730901	108067	95.0	94.7	11347	4301	3746	8681	1280	0	7386	4235	9444	2999515	29032	50000	1104	200000	2924374	63718865	274889810	2636	8920981	6693608	4675835
1789730928	108094	98.4	98.1	11989	3435	964	5789	287	0	24348	3895	5029	3000483	29525	50000	359	200000	2925329	63733743	275021552	2636	8921466	6695446	4676772
1789730962	108128	95.9	94.8	7461	3486	4488	8456	237	0	3851	4654	10679	2998921	28882	49953	1549	200000	2926078	63748973	275123729	2636	8924517	6696722	4679001
1789730990	108156	97.1	96.2	6572	4898	1381	6498	649	0	16539	4449	5853	3000270	29416	50000	187	200000	2926849	63759516	275250113	2636	8926688	6698371	4680630
1789731018	108184	97.5	97.1	6114	4980	1501	8159	387	0	38958	4133	9556	3000405	29519	50000	637	200000	2927449	63769928	275334126	2636	8928865	6700221	4681727
1789731052	108218	97.7	97.5	12068	4011	1321	5867	271	0	45750	4321	9873	3000305	29810	50000	596	200000	2928424	63783831	275465468	2636	8930895	6701984	4682910
1789731082	108247	96.3	96.0	8825	3655	1539	7576	188	0	60890	4016	5619	3000158	29783	50000	616	200000	2929372	63795843	275596949	2634	8933146	6703563	4684427
1789731114	108280	94.0	93.6	8121	2261	1418	6197	255	0	75813	3871	8884	3000110	29505	50000	637	200000	2930083	63803259	275721466	2634	8935673	6705417	4685623
1789731138	108304	93.7	93.4	10799	5179	1929	7665	337	0	64293	3605	4582	3000279	29625	50000	896	200000	2930639	63813819	275816174	2634	8937478	6706874	4686428
1789731168	108334	93.2	92.8	7923	7136	2547	5725	702	0	63542	3827	8832	2999190	29451	49960	1076	200000	2931313	63819605	275920375	2634	8939865	6708408	4687563
1789731197	108363	95.5	95.3	10031	8110	3399	7322	2010	0	13741	3932	8803	2999152	29368	50000	1104	200000	2932278	63831155	276043202	2632	8942171	6709386	4688282
1789731231	108397	95.2	94.8	12088	4311	3579	6477	2236	0	2179	4093	9208	2999274	29352	50000	828	200000	2933242	63844828	276182839	2632	8944551	6711345	4689352
1789731262	108428	98.1	98.0	15109	5652	698	6482	285	0	26041	3934	5280	3000379	29716	50000	220	200000	2934405	63857901	276361531	2634	8944941	6713124	4690140
1789731296	108462	94.3	93.8	13334	3040	1305	5790	266	0	38205	4159	9732	3000137	29434	50000	588	200000	2935224	63867665	276489820	2635	8947565	6714995	4691345
1789731318	108484	87.2	86.5	7604	2703	1995	7395	59	0	67982	4101	5294	3000250	29304	50000	1010	200000	2935744	63875033	276553336	2636	8949554	6716504	4691917
1789731354	108520	94.8	94.5	6124	3491	1350	6042	295	0	71680	3896	8958	3000199	29386	50000	593	200000	2936687	63885739	276703102	2636	8952149	6718443	4694001
1789731379	108545	92.8	92.4	11272	6140	1851	7674	420	0	70526	3932	5071	3000148	29445	50000	844	200000	2937154	63893665	276771246	2639	8954153	6719990	4694805
1789731406	108572	94.5	93.4	7406	5695	3207	6602	1186	0	32228	4150	9156	2999292	29409	49952	1154	200000	2937782	63902121	276864593	2636	8956533	6720774	4696019
1789731436	108601	93.4	92.9	10793	3550	3330	8506	1473	0	28970	4134	5463	2999021	28924	50000	1261	200000	2938617	63913378	276998771	2636	8959026	6722340	4697622
1789731466	108632	94.7	94.2	7315	6327	3866	6987	2049	0	1553	4243	9174	2999035	28550	49989	1109	200000	2939439	63924938	277134000	2636	8961239	6723582	4699068
1789731499	108665	95.5	94.9	9462	3385	3535	8788	2019	0	22549	4133	9765	2999452	28482	49997	1295	200000	2940224	63936773	277237116	2636	8963689	6725649	4700210
1789731526	108692	92.4	92.2	9131	2467	3066	7025	1649	0	9889	4201	5517	2999671	28542	50000	917	200000	2940943	63946833	277329022	2638	8965954	6727305	4701614
1789731561	108726	93.9	93.8	11847	6578	3992	8895	977	0	12460	4253	9333	2998723	28471	49818	1222	200000	2942019	63961438	277467862	2638	8968425	6729203	4702182
1789731588	108754	93.6	93.2	7907	5255	3700	6589	561	0	2184	4141	5224	2998356	28357	49947	827	200000	2942890	63972788	277590141	2638	8969966	6730779	4703466
1789731623	108789	96.6	96.3	12882	6930	1290	7441	237	0	82197	4081	9203	3000258	28610	50000	592	200000	2943811	63983029	277745322	2636	8971058	6732713	4704451
1789731654	108820	94.4	93.8	5954	5220	1596	5921	256	0	36307	4136	9340	3000119	28574	50000	834	200000	2944540	63991550	277855009	2636	8973341	6734390	4705774
1789731682	108848	94.0	93.7	7591	7266	1354	7538	225	0	95455	4363	5775	3000184	28595	50000	650	200000	2945354	64001072	277964803	2640	8975688	6736316	4706536
1789731709	108875	92.9	92.5	12322	3671	1986	5901	342	0	76909	4176	8861	3000033	28360	50000	1076	200000	2945943	64009902	278048880	2640	8977789	6737872	4707866
1789731743	108909	94.9	94.7	6458	5087	2336	7642	372	0	47252	3834	8950	3000124	28495	49953	1149	200000	2946840	64022466	278183093	2640	8980217	6739602	4709016
1789731771	108937	93.5	93.2	7959	5693	2907	6266	1187	0	47413	3926	5140	3000092	28603	49991	997	200000	2947745	64032065	278317200	2640	8982737	6740785	4709991
1789731798	108963	93.9	92.6	7811	5534	3505	8138	1919	0	3676	4053	8942	2999598	28252	49912	1163	200000	2948318	64039769	278412773	2640	8985117	6741998	4711449
1789731827	108992	94.3	94.3	10628	5152	3594	7005	1345	0	957	3988	5228	2998656	28351	49941	819	200000	2949139	64049257	278555309	2640	8987469	6743559	4712291
1789731859	109025	98.3	98.0	14690	3194	1042	7244	318	0	26546	4248	9420	3000346	28900	50000	153	200000	2950148	64064738	278690906	2640	8987996	6745227	4713725
1789731892	109058	96.7	96.3	9800	1918	3017	6959	533	0	20090	4163	9408	2999097	28645	49942	840	200000	2950930	64076310	278816106	2640	8991399	6746909	4715098
1789731921	109087	96.5	96.1	8863	2480	1152	7768	171	0	39698	4163	5578	3000847	29508	50000	488	200000	2951869	64091709	278952359	2640	8992466	6748497	4716260
1789731951	109117	97.4	97.1	9287	4793	1393	5923	276	0	71317	4268	9596	3000223	29533	50000	637	200000	2952638	64101303	279068370	2640	8994644	6750244	4717744
1789731986	109152	95.9	95.6	7469	3879	1546	7856	355	0	116382	4010	9261	3000350	29553	50000	658	200000	2953609	64117909	279198049	2640	8997081	6752091	4718640
1789732008	109173	91.8	91.2	14334	6785	3018	6094	2014	0	11975	3818	4524	2998752	29105	49960	906	200000	2954135	64126484	279278880	2640	8999296	6752250	4719943
1789732038	109204	98.4	98.3	11600	2515	959	6184	420	0	43295	3942	4967	3000385	29648	50000	323	200000	2955251	64144908	279438096	2641	8999900	6754174	4720363
1789732075	109241	93.9	93.7	12042	6963	1041	4875	166	0	75466	3713	8645	3000385	29758	50000	528	200000	2956386	64162695	279579356	2643	9002090	6756163	4721376
1789732101	109267	91.2	90.9	7137	1640	1288	6801	148	0	115529	3679	8221	3000090	30062	50000	689	200000	2956795	64170953	279633936	2640	9004354	6758203	4722364
1789732127	109293	93.6	93.2	15201	6908	3152	6252	1919	0	17396	3559	4491	2998792	29961	50000	957	200000	2957670	64178856	279792584	2640	9006633	6758436	4723046
1789732162	109328	93.2	93.2	10548	4312	3679	8154	1429	0	1496	3851	8897	2998720	30022	49911	783	200000	2958753	64195926	279940543	2640	9008847	6759932	4723992
1789732200	109366	96.3	96.1	19896	1827	909	4753	351	0	39299	4117	9302	3000431	30531	50000	274	200000	2959957	64210075	280138513	2640	9009564	6761863	4725321
1789732219	109385	83.6	83.0	6315	3235	2073	6753	521	0	91733	3891	4769	3000052	30100	50000	1079	200000	2960165	64216594	280164232	2639	9011592	6763548	4726162
1789732246	109412	90.6	90.4	10673	2862	3329	6524	1273	0	24429	3689	4793	2999053	29870	49986	1006	200000	2960953	64229646	280293719	2639	9014121	6763908	4727551
1789732281	109447	93.0	92.0	7462	6578	3424	8326	960	0	3705	4348	9223	2998392	29638	50000	1000	200000	2961989	64241355	280462541	2639	9016165	6765181	4729204
1789732307	109473	98.0	97.6	7025	4982	1330	5678	549	0	13202	3928	5105	3000190	29972	50000	303	200000	2962817	64250227	280584637	2640	9017130	6766950	4730208
1789732339	109504	92.5	92.2	6575	5602	1102	7185	303	0	27300	3701	8553	3000374	30082	50000	409	200000	2963679	64264456	280699398	2639	9019192	6768736	4731520
1789732371	109536	92.6	92.3	10835	5344	1123	5507	201	0	51305	3711	8472	3000349	30034	50000	508	200000	2964528	64276415	280817662	2639	9021322	6770632	4732507
1789732403	109569	94.0	93.0	10807	3260	1133	7385	120	0	24515	4104	9280	3000566	30378	50000	633	200000	2965376	64289188	280939900	2639	9023742	6772347	4734077
1789732429	109594	93.6	92.9	5998	2615	1759	5953	298	0	43047	3882	5196	3000232	30266	50000	892	200000	2966021	64298127	281041325	2639	9026436	6774304	4734994
1789732462	109628	93.3	93.0	8706	7451	1418	7425	209	0	42277	3932	9009	3000417	30419	50000	588	200000	2967000	64316253	281166001	2639	9028627	6776043	4736097
1789732492	109658	95.0	94.7	9291	4970	1438	5722	309	0	68127	3871	8929	3000370	30397	50000	690	200000	2967760	64325658	281276388	2639	9030723	6777731	4737306
1789732515	109681	91.2	90.8	6604	2540	1958	7649	279	0	52661	3914	5013	3000102	30327	50000	951	200000	2968261	64332070	281358253	2639	9032915	6779173	4738597
1789732552	109718	93.9	93.7	10098	2671	1094	6248	80	0	108753	4340	9483	3000121	30436	50000	653	200000	2969421	64341597	281504699	2639	9035300	6781358	4739885
1789732579	109745	92.5	91.8	12853	3267	2928	8227	954	0	55055	4079	8474	3000036	30021	50000	1332	200000	2970084	64352088	281591821	2639	9037722	6782456	4740656
1789732608	109774	93.3	92.9	6132	2789	2218	6829	504	0	62655	3634	4887	3000079	29992	49927	992	200000	2970826	64361977	281726304	2639	9040136	6784488	4742866
1789732636	109802	93.4	93.1	8467	6005	3148	8465	1689	0	30024	4457	9010	2998696	29767	50000	1138	200000	2971532	64369739	281824264	2640	9042305	6784996	4743802
1789732669	109835	94.2	93.7	8721	3404	3198	7305	1962	0	13630	3823	8811	2999598	29984	50000	849	200000	2972396	64384561	281947603	2639	9044649	6786683	4745002
1789732698	109864	93.7	93.7	10854	3437	4064	8212	374	0	3488	3694	4718	2998165	29710	49915	1240	200000	2973428	64400879	282106796	2639	9045979	6788235	4745872
1789732730	109896	96.8	96.4	8701	3937	3750	6628	271	0	2364	4369	9220	2998550	29830	49868	816	200000	2974384	64410737	282246413	2639	9048182	6789743	4747400
1789732760	109926	97.1	96.7	9953	5244	3070	8980	1609	0	2085	3860	8750	2999173	29763	50000	688	200000	2975121	64417513	282368517	2639	9051121	6791522	4749467
1789732792	109958	97.6	97.5	11212	3176	1006	6065	209	0	52722	3813	4978	3000365	30073	50000	319	200000	2976323	64432140	282543723	2641	9051918	6793194	4750448
1789732824	109990	95.7	95.2	9798	1819	1606	8218	406	0	47576	3784	8468	3000332	29770	50000	624	200000	2977104	64442177	282670577	2640	9054831	6795234	4751414
1789732846	110012	98.0	97.6	5207	3179	1326	5931	252	0	63805	3771	8691	3000290	29706	50000	676	200000	2977571	64453271	282710540	2641	9056716	6797174	4752389
1789732883	110049	96.9	96.6	8377	3112	1391	7760	46	0	85782	3828	9129	3000245	29846	50000	734	200000	2978692	64468892	282871863	2639	9059142	6799202	4753422
1789732910	110075	94.9	94.4	8365	4043	1781	5942	101	0	71017	3797	5055	3000253	29904	50000	910	200000	2979453	64482217	282977868	2640	9061337	6800956	4754493
1789732937	110102	97.9	96.4	11777	3995	2295	7599	346	0	54562	4273	9600	3000193	29714	50000	1317	200000	2980003	64493000	283067991	2640	9063680	6802414	4755674
1789732972	110137	96.5	96.2	5575	3931	1571	6121	165	0	86989	3945	9251	3000195	29816	50000	967	200000	2981105	64511362	283198759	2640	9066151	6804769	4756987
1789733003	110169	92.5	92.3	8846	5065	1340	7745	130	0	103445	3879	8787	3000107	29856	50000	810	200000	2981861	64522163	283304685	2640	9068478	6806727	4757967
1789733026	110192	92.5	92.1	8118	6752	3029	6177	1950	0	28118	3609	4660	2998400	29719	50000	924	200000	2982587	64533471	283405518	2640	9070925	6807107	4758727
1789733061	110227	93.5	93.5	10162	4412	4385	6826	301	0	1810	3800	8745	2998168	29261	49941	1517	200000	2983760	64550156	283544388	2640	9072072	6808920	4759397
1789733089	110255	95.7	95.1	8805	4799	1769	4760	616	0	18779	3699	4932	3000338	29639	50000	602	200000	2984580	64559874	283686526	2640	9074325	6810829	4760487
1789733123	110289	87.2	87.1	9906	4933	947	6235	192	0	57090	3778	8889	3000395	29989	50000	389	200000	2985365	64573035	283793791	2640	9076156	6812545	4761806
1789733154	110320	91.2	90.8	9017	5657	1364	5753	121	0	89510	3937	8778	3000211	29687	50000	827	200000	2986161	64580612	283906877	2640	9078327	6814494	4762742
1789733178	110344	91.0	90.7	7361	3319	2009	7363	308	0	87062	3649	4640	3000121	29763	50000	996	200000	2986772	64588822	283999217	2641	9080527	6816116	4763544
1789733206	110372	94.6	94.4	13574	6255	2945	5884	1692	0	14936	3985	8721	2999434	29640	50000	910	200000	2987605	64601544	284110780	2640	9082731	6816782	4764463
1789733242	110408	92.4	92.3	10489	3194	3618	7770	1105	0	9598	3802	8653	2998752	29576	49942	971	200000	2988677	64612880	284286366	2640	9085186	6818547	4765146
1789733271	110436	91.6	91.5	8948	3516	3849	5224	519	0	16615	3820	5012	2998413	29533	49916	1189	200000	2989434	64621442	284405553	2640	9086680	6820133	4766467
1789733302	110467	98.6	98.3	9825	5390	836	6170	359	0	14474	3995	8968	3000252	29982	50000	44	200000	2990374	64631495	284548948	2640	9088031	6821708	4767922
1789733331	110497	92.5	92.2	8457	2822	1034	5956	588	0	25711	4257	5487	3000275	29987	50000	274	200000	2991228	64641665	284679927	2640	9090660	6823553	4769224
1789733356	110522	92.9	92.3	8202	3707	1846	7773	81	0	56745	3843	8433	3000205	29631	50000	1069	200000	2991629	64649901	284742940	2640	9092596	6825347	4769847
1789733393	110559	96.0	95.7	6313	5189	1439	5973	324	0	59879	4103	9361	3000265	29661	50000	646	200000	2992784	64666280	284908866	2640	9095365	6827324	4771639
1789733417	110583	93.5	92.2	7645	3799	2008	7581	164	0	25629	4209	5440	3000206	29476	50000	726	200000	2993363	64677839	284994388	2640	9097345	6828666	4773169
1789733448	110614	95.0	94.4	7987	2813	1991	6984	776	0	21950	4256	9645	3000337	29097	50000	645	200000	2994121	64688360	285103538	2640	9100328	6830297	4774375
1789733479	110645	93.1	92.9	7339	3205	3891	9126	284	0	21551	3987	9149	2998845	29090	49956	1207	200000	2994936	64703835	285199427	2640	9103012	6832066	4776042
1789733512	110678	97.9	97.5	12348	3413	1056	5751	593	0	19265	4029	9002	3000305	29616	50000	166	200000	2995883	64716907	285341237	2640	9104665	6833826	4777161
1789733540	110706	94.5	94.2	10089	2026	932	7505	227	0	33092	3909	5067	3000295	29624	50000	56	200000	2996833	64729717	285458450	2640	9106848	6835399	4778612
1789733574	110740	94.1	93.8	8387	3008	1342	5981	256	0	84726	3960	9182	3000268	29614	50000	712	200000	2997657	64738211	285606052	2640	9109000	6837385	4779630
1789733606	110771	95.5	95.2	11304	2549	1504	7637	98	0	69646	4034	9057	3000385	29745	50000	819	200000	2998461	64751472	285707600	2640	9111227	6839268	4780490
1789733629	110795	92.3	91.9	5665	3271	1643	5591	33	0	111488	3994	5111	3000071	29556	50000	939	200000	2999012	64758137	285796222	2641	9113546	6840992	4781306
1789733660	110826	95.3	94.9	12708	2566	1665	7464	169	0	75513	3927	8729	3000026	29366	50000	1047	200000	2999809	64768441	285914190	2640	9115777	6842696	4783082
1789733689	110854	95.0	94.7	9694	5801	2596	6095	891	0	61783	3547	4750	3000106	29258	50000	1111	200000	3000783	64778561	286070896	2640	9118140	6843991	4783747
1789733719	110885	96.5	96.3	8694	3805	2264	7801	601	0	88075	3907	8999	3000006	29510	49997	962	200000	3001572	64787169	286185695	2640	9120478	6845982	4784975
1789733750	110916	96.2	95.9	14246	3633	3594	6204	1981	0	16690	3979	8742	2999096	29605	49907	983	200000	3002537	64800514	286343791	2640	9122940	6847245	4785651
1789733777	110943	93.8	93.8	10095	3150	3788	7256	427	0	2928	3772	4869	2998119	29248	49854	900	200000	3003437	64809449	286489579	2640	9124489	6848559	4786696
1789733810	110976	98.0	97.7	14259	5221	1104	5739	352	0	36584	4011	8959	3000283	29718	50000	426	200000	3004458	64819805	286641052	2640	9125727	6850437	4787858
1789733843	111009	92.9	92.5	9168	2383	3585	8577	514	0	5492	3906	9102	2998910	29045	49975	730	200000	3005222	64830512	286751809	2640	9129245	6852082	4789313
1789733872	111038	97.0	96.5	11486	8023	1117	5807	106	0	71799	4048	5295	3000445	29553	50000	610	200000	3006080	64841937	286884880	2640	9130323	6853854	4790601
1789733903	111069	95.0	94.6	12041	1954	1487	7658	202	0	76609	4045	8864	3000205	29244	50000	853	200000	3006896	64854330	287000599	2642	9132590	6855748	4791790
1789733938	111104	96.3	96.1	8613	2822	1119	5718	177	0	74161	4192	9377	3000530	29509	50000	562	200000	3007961	64876136	287132672	2640	9134894	6857717	4792715
1789733958	111124	93.5	92.9	8696	4263	1919	7513	431	0	97654	3780	4688	3000160	29477	50000	867	200000	3008355	64882677	287183480	2640	9137093	6859346	4793434
1789733986	111152	93.9	92.8	13041	6058	3033	6039	1936	0	14320	4194	9273	2999066	29497	50000	864	200000	3009222	64893359	287287046	2640	9139422	6859935	4794298
1789734029	111195	91.7	91.5	6669	1865	1214	7914	103	0	89280	3999	9628	3000203	29764	50000	595	200000	3010634	64910981	287444500	2640	9142044	6862868	4796484
1789734049	111215	91.6	91.0	11649	4638	2461	6145	793	0	61722	3672	4598	3000072	29532	50000	966	200000	3011047	64917892	287507844	2640	9144181	6864041	4797069
1789734079	111244	93.9	93.6	8220	7279	3684	7917	2090	0	2412	3829	8616	2998513	29318	49953	973	200000	3011863	64930817	287634799	2640	9146579	6865151	4798013
1789734113	111279	95.2	95.1	8124	2772	3694	6294	1360	0	11545	3856	9007	2998552	29305	49939	1005	200000	3012907	64941057	287791188	2640	9149049	6867053	4798662
1789734141	111307	98.5	98.3	9872	2850	1019	6303	139	0	58700	3911	5043	3000305	29753	50000	549	200000	3013963	64956835	287942125	2640	9149363	6869012	4799509
1789734176	111341	94.4	94.3	15898	2241	1117	6060	229	0	137808	4028	9373	3000188	29873	50000	457	200000	3014876	64968268	288066350	2643	9151587	6870933	4800325
1789734196	111362	92.8	92.4	7846	1321	3003	8103	1846	0	21648	3767	4603	2998458	29678	49972	839	200000	3015417	64975787	288159327	2642	9153922	6871232	4801306
1789734227	111393	98.2	98.1	14908	7147	915	4672	374	0	29809	4048	4973	3000376	30073	50000	270	200000	3016699	64989266	288372650	2644	9154398	6873069	4801765
1789734263	111429	94.5	94.2	11197	3105	1190	6582	348	0	63853	4160	9004	3000291	29984	50000	432	200000	3017711	65002932	288514208	2644	9156853	6875032	4802894
1789734291	111457	94.6	94.4	6177	4695	1153	5200	161	0	94238	3851	8636	3000206	29855	50000	669	200000	3018381	65011978	288597026	2644	9158894	6877060	4803697
1789734321	111487	94.1	93.7	9969	4268	2605	7114	492	0	60801	4149	8940	3000190	29521	49961	1271	200000	3019098	65025898	288698015	2644	9161295	6878445	4804593
1789734348	111514	95.1	94.8	6270	5113	2088	6017	360	0	71643	4081	5362	3000130	29605	49947	1020	200000	3019900	65037381	288817148	2644	9163505	6880259	4806251
1789734377	111542	96.0	92.5	10761	6860	3778	7864	2169	0	16425	4624	9684	3000039	29377	50000	1342	200000	3020615	65047830	288927046	2644	9165983	6880894	4806888
1789734411	111577	94.2	93.7	7261	3355	2665	7341	579	0	73258	4324	9789	2999865	29090	50000	1282	200000	3021346	65057122	289041065	2644	9168511	6883532	4809122
1789734436	111602	94.7	94.5	8702	6028	3412	8863	1872	0	11898	3652	4647	2998996	29272	49964	858	200000	3022269	65067334	289167878	2644	9170835	6884612	4810056
1789734471	111637	93.7	93.6	9568	6042	4035	8084	926	0	954	3981	9325	2998759	29062	49927	1275	200000	3023280	65085967	289304227	2644	9173464	6886051	4811428
1789734499	111665	99.0	98.6	8318	3412	1402	8096	440	0	27791	3995	5011	3000226	29393	50000	516	200000	3024105	65102189	289418945	2644	9174184	6888106	4812066
1789734533	111699	96.1	94.4	10345	4672	524	5863	131	0	39159	4436	9871	3000442	29627	50000	240	200000	3025164	65118835	289531015	2644	9176007	6889786	4813599
1789734564	111730	93.3	92.7	11010	2178	1116	8106	413	0	33207	4198	5620	3000197	29272	50000	152	200000	3026098	65127089	289665395	2644	9178847	6891393	4815118
1789734592	111758	97.9	97.5	8030	3865	1562	6521	332	0	64656	4014	9290	3000290	28980	50000	821	200000	3026698	65133592	289769102	2644	9180987	6893134	4816376
1789734628	111794	97.7	97.5	13653	3412	1117	8197	314	0	80915	4056	9339	3000296	29176	50000	496	200000	3027744	65151023	289924135	2644	9183256	6895042	4817536
1789734648	111814	97.1	96.7	5184	5014	2976	6070	1203	0	22692	3899	4857	3000021	28992	49972	878	200000	3028275	65160612	290008061	2644	9185487	6895716	4818383
1789734679	111845	97.8	96.4	13464	3505	3007	7886	1900	0	33380	4419	10004	2998700	28812	50000	936	200000	3029103	65169325	290133679	2644	9187889	6897353	4819504
1789734706	111872	93.7	93.4	10509	2805	3332	6640	1512	0	18663	4204	5440	2998259	28791	50000	1046	200000	3029848	65177302	290244784	2644	9190365	6898786	4821430
1789734741	111907	98.4	98.4	13362	9855	1236	6651	575	0	32280	4742	10388	3000241	29131	50000	323	200000	3030986	65188502	290422471	2647	9191102	6900499	4821794
1789734773	111939	96.1	95.7	9797	2641	1323	5833	173	0	54053	4445	6363	3000245	29081	50000	592	200000	3031943	65202808	290561209	2644	9193101	6902258	4823066
1789734802	111967	94.3	93.9	11872	2010	1327	7654	123	0	81344	4377	10373	3000318	29086	50000	766	200000	3032550	65209897	290641281	2644	9195212	6904111	4824089
1789734827	111993	93.2	92.9	8689	3559	1860	5899	370	0	88122	4137	5658	3000065	29195	50000	827	200000	3033113	65218281	290733537	2644	9197376	6905574	4824989
1789734859	112025	93.4	92.7	9818	8687	3764	7995	2226	0	24532	4303	9430	2998707	28823	49972	1432	200000	3034041	65231483	290864148	2644	9199954	6906335	4825694
1789734887	112053	94.1	94.0	11511	3113	3714	5323	718	0	1755	4208	5624	2998893	28968	49956	1031	200000	3034850	65245465	290981517	2644	9201541	6908056	4826802
1789734917	112083	90.9	90.1	10962	2806	3481	7709	1290	0	2110	4170	9553	2999016	29273	50000	1042	200000	3035446	65261978	291062887	2644	9204384	6909411	4828522
1789734947	112113	96.6	96.0	10525	2165	2055	6303	423	0	19962	4291	5531	3000402	29228	50000	797	200000	3036420	65273299	291195763	2644	9205540	6911095	4829580
1789734980	112146	95.3	95.1	8890	3487	1112	7906	266	0	47535	4079	9173	3000589	29629	50000	343	200000	3037320	65285946	291318136	2644	9207519	6912755	4831671
1789735014	112180	94.9	94.5	6295	6003	1402	6463	318	0	83140	4180	9181	3000214	29273	50000	670	200000	3038222	65297144	291444001	2644	9210144	6914871	4832613
1789735044	112210	95.2	95.0	10376	4547	1331	8081	162	0	82276	3852	8821	3000392	29526	50000	833	200000	3038967	65311692	291533413	2644	9212215	6916851	4833450
1789735069	112235	93.9	93.6	13317	4547	2311	5868	670	0	76042	3748	4861	3000043	29481	50000	911	200000	3039523	65319243	291636883	2644	9214549	6918154	4834259
1789735099	112265	95.6	94.9	13276	6072	3149	7612	1953	0	15476	4129	9254	2999165	29446	50000	875	200000	3040451	65329925	291777397	2644	9216848	6919053	4835210
1789735126	112292	93.1	92.9	7207	3270	2996	6237	1706	0	15588	3996	5255	2998502	29417	49999	898	200000	3041055	65337297	291872113	2644	9219021	6920132	4837318
1789735162	112327	96.3	96.2	11687	6997	3505	8024	1274	0	3906	4142	9111	2998845	29394	49993	833	200000	3042175	65347854	292046125	2644	9221407	6922048	4837753
1789735192	112357	98.4	98.0	8482	5141	1206	6105	261	0	44471	3848	5140	3000404	29596	50000	508	200000	3043346	65360006	292223129	2644	9222019	6923890	4838706
1789735221	112387	94.7	93.4	7468	2811	837	8140	21	0	3333	4243	9173	3000163	29406	50000	42	200000	3044023	65368046	292324691	2644	9224328	6924922	4841276
1789735253	112419	94.0	93.7	10004	6621	1482	6674	500	0	69136	4177	9678	3000189	29456	50000	545	200000	3044825	65375623	292443145	2644	9226919	6926756	4842587
1789735285	112451	95.0	94.6	10610	4424	1750	8471	224	0	58137	4050	9476	3000252	29302	50000	567	200000	3045621	65384151	292563581	2644	9229001	6928215	4844205
1789735306	112472	91.4	88.9	6215	2455	2074	6137	286	0	61033	4327	5564	3000212	28406	50000	713	200000	3046097	65392393	292620756	2644	9231315	6929419	4845772
1789735343	112509	94.7	94.4	9467	3314	1336	8081	387	0	129434	4032	9389	3000220	28963	50000	605	200000	3047078	65404266	292772090	2644	9233782	6931566	4847291
1789735365	112531	92.7	91.9	13667	9447	3009	6560	1823	0	8969	3967	4771	2999893	28651	50000	920	200000	3047782	65414450	292878964	2644	9235994	6931926	4848129
1789735396	112562	96.0	95.6	9943	5927	3518	8406	1958	0	9556	3851	9172	2998776	28449	50000	977	200000	3048635	65424739	292998207	2644	9238326	6933440	4849363
1789735429	112595	98.5	98.5	9140	7963	1263	4939	457	0	13201	3951	8883	3000594	29246	50000	338	200000	3049610	65444015	293134926	2644	9239285	6935235	4850209
1789735456	112622	96.5	96.0	6326	5675	868	6774	215	0	27466	4028	5494	3000437	29099	50000	82	200000	3050525	65455893	293239130	2644	9241371	6936802	4851902
1789735501	112667	96.9	96.6	22528	2212	1246	6732	162	0	89417	3968	12599	3000457	28923	50000	599	200000	3051783	65470613	293437159	2651	9243995	6938940	4853073
1789735518	112684	91.0	89.3	6150	4115	2361	8592	892	0	65703	4190	5156	3000054	28535	50000	815	200000	3052006	65477032	293462767	2651	9246074	6940025	4854125
1789735546	112712	93.9	93.6	14987	2842	2964	6540	1393	0	5062	3834	5073	2999382	28448	49962	880	200000	3052933	65488849	293607627	2651	9248189	6941021	4855836
1789735579	112745	95.4	95.3	12150	6134	2995	8114	1550	0	3061	4101	8740	2999153	28973	50000	354	200000	3053924	65502805	293766979	2651	9250284	6942254	4856297
1789735621	112786	97.7	97.5	15612	4633	641	5648	121	0	56244	3901	8816	3000379	29072	50000	393	200000	3055419	65518535	293999161	2655	9251123	6944159	4857864
1789735636	112802	90.0	89.4	10101	2553	2027	7907	494	0	112552	3991	4899	3000001	28936	49877	913	200000	3055489	65521281	294010986	2655	9253391	6945885	4858829
1789735665	112831	93.7	93.5	13454	2278	2980	6895	1875	0	25307	3785	4883	2998489	28965	49997	777	200000	3056544	65529415	294188268	2655	9255764	6946347	4860109
1789735697	112863	94.6	94.5	11577	3764	3591	8973	1038	0	7970	4095	9110	2998154	28764	49971	1025	200000	3057531	65537061	294333089	2655	9258159	6947629	4861536
1789735726	112892	97.2	96.9	12311	2652	1156	5278	532	0	20575	3989	5071	3000247	29166	50000	321	200000	3058553	65547674	294486624	2655	9258939	6949611	4862431
1789735761	112927	94.5	94.2	9509	3039	1690	7303	568	0	35675	3920	8782	3000256	28883	50000	582	200000	3059416	65561669	294612674	2655	9261505	6951315	4863609
1789735792	112957	93.5	93.0	8087	3575	1040	5665	118	0	45895	4198	9207	3000215	28647	50000	517	200000	3060150	65572200	294730190	2655	9263296	6952913	4865201
1789735830	112995	92.5	92.0	9526	2919	1031	7527	276	0	55070	3945	9257	3000431	28810	50000	442	200000	3061245	65590716	294878832	2655	9265847	6954942	4866256
1789735847	113013	90.5	89.9	7098	3177	2122	5865	377	0	71722	3983	4886	3000165	28561	50000	1064	200000	3061508	65597490	294909861	2661	9267921	6956495	4866791
1789735878	113044	94.2	93.8	8057	5841	2181	7725	226	0	64230	4053	9175	3000050	28184	49997	1226	200000	3062362	65608196	295023546	2655	9270187	6958129	4868645
1789735918	113084	96.6	96.3	10676	3405	1524	6160	407	0	121517	3891	9201	3000324	28467	50000	803	200000	3063671	65631567	295189666	2655	9272705	6960241	4869719
1789735936	113102	91.1	90.9	9310	7124	2787	8073	1971	0	18913	3758	4518	2999433	28276	49951	765	200000	3064186	65640975	295263160	2655	9274916	6960513	4871013
1789735973	113139	98.2	98.1	13844	2770	1213	5146	401	0	28963	3817	8763	3000301	28367	50000	403	200000	3065406	65662103	295449770	2655	9275614	6962340	4871400
1789735999	113165	94.4	94.1	6206	2428	1606	6942	324	0	41342	3890	5215	3000211	28212	50000	640	200000	3066160	65671912	295560710	2655	9277847	6963935	4872860
1789736033	113199	94.6	94.4	9409	4744	1216	5948	213	0	78748	4156	9222	3000314	28477	50000	613	200000	3067071	65682643	295702540	2655	9280056	6966031	4873756
1789736061	113227	93.9	93.6	5816	4673	2234	7758	385	0	53407	3959	8605	3000161	28654	50000	992	200000	3067657	65691676	295798424	2655	9282214	6967616	4874729
1789736086	113252	93.2	92.6	11042	5725	3352	6179	1319	0	33393	3704	4994	2998706	28355	49981	1331	200000	3068391	65698645	295925941	2655	9284691	6968471	4875949
1789736116	113282	95.6	95.4	7539	4810	2917	7471	1539	0	18016	3927	9069	2998849	28371	50000	832	200000	3069187	65711876	296057801	2655	9286879	6970230	4876918
1789736146	113312	93.9	93.7	11781	3395	3221	7131	2055	0	10236	3823	5058	2998421	28706	49961	920	200000	3070214	65727919	296207323	2655	9289260	6971650	4878218
1789736180	113346	94.3	94.2	8716	6255	3636	8932	1494	0	2032	4101	8830	2998158	28671	49920	726	200000	3071183	65736797	296367817	2655	9291486	6973207	4879427
1789736215	113381	98.1	97.8	13203	7446	1159	5950	500	0	31460	3901	8664	3000181	28794	50000	480	200000	3072264	65747547	296547530	2656	9292260	6975032	4880508
1789736246	113412	93.7	93.3	12249	2749	1621	7854	248	0	79338	4518	5977	3000258	28580	50000	751	200000	3073143	65759105	296691192	2655	9294389	6976649	4881577
1789736278	113444	94.9	94.6	10176	1732	1317	6177	263	0	86493	4075	9157	3000175	28376	50000	733	200000	3073975	65769587	296816490	2655	9296572	6978357	4883295
1789736298	113464	93.5	93.1	7652	3790	2364	7791	771	0	66945	3504	4513	3000115	28108	50000	862	200000	3074391	65779404	296886720	2655	9298653	6979471	4884017
1789736327	113492	93.5	93.2	6038	5982	3193	6031	1923	0	4110	3896	8505	2999426	28002	50000	902	200000	3075202	65797314	296987734	2655	9300870	6980359	4885025
1789736360	113526	97.2	97.1	14762	3768	3572	7919	1590	0	8511	3853	8706	2998850	28017	49971	897	200000	3076237	65811302	297126163	2655	9303265	6982043	4885735
1789736391	113557	97.7	97.5	16941	1768	843	4862	294	0	37905	3827	5156	3000364	28448	50000	320	200000	3077439	65829302	297278993	2655	9303679	6984106	4886535
1789736424	113590	97.4	97.0	9277	3693	1407	6806	181	0	80205	3821	8930	3000352	28402	50000	807	200000	3078311	65839837	297413542	2655	9305969	6986235	4887269
1789736456	113622	97.9	97.6	10203	7186	1245	5982	223	0	100526	4049	9297	3000535	28683	50000	639	200000	3079206	65854230	297528810	2655	9308272	6988198	4888148
1789736476	113642	93.0	92.5	11224	2588	2882	7785	1568	0	25198	3626	4731	2999391	28627	49947	926	200000	3079727	65861010	297602592	2655	9310502	6988629	4888956
1789736512	113678	94.4	94.3	14256	7788	3989	6326	1064	0	2674	3836	8812	2999093	28360	49932	1193	200000	3080815	65874196	297772523	2655	9313042	6990362	4889524
1789736538	113704	97.4	97.0	11104	2961	1130	6334	495	0	23747	4015	5035	3000334	28695	50000	347	200000	3081673	65887037	297900947	2655	9313727	6992276	4890583
1789736575	113741	94.6	94.3	11222	4610	984	5685	111	0	60824	3914	9429	3000508	28826	50000	493	200000	3082770	65907712	298051609	2655	9315670	6994182	4891612
1789736607	113773	94.2	93.9	6560	4244	1144	7664	210	0	128482	3885	8764	3000204	28873	50000	537	200000	3083556	65921091	298164488	2656	9318104	6996302	4892540
1789736626	113792	94.2	93.5	14191	8483	3366	6171	2072	0	8584	3811	4500	2999065	28493	50000	1120	200000	3084137	65927792	298265700	2655	9320323	6996465	4893200
1789736659	113825	96.5	96.5	10477	4770	3583	7872	1166	0	8778	4065	8945	2998927	28868	49916	975	200000	3085079	65940782	298409403	2655	9322689	6998387	4894015
1789736689	113855	94.1	93.8	7539	5180	3633	5266	363	0	10939	3866	5090	2998559	29045	49934	1058	200000	3086175	65957190	298551754	2655	9324113	7000083	4895268
1789736720	113886	92.0	91.8	12449	4445	964	6081	227	0	60879	3953	8872	3000127	29369	50000	418	200000	3087007	65967044	298671718	2656	9325286	7001958	4896253
1789736750	113916	88.7	88.2	5566	2499	3207	6730	533	0	2152	4069	9413	2999404	29199	49945	1012	200000	3087543	65974774	298749349	2656	9328621	7003064	4898400
1789736779	113945	91.6	91.4	9142	4308	3748	8179	393	0	18954	4292	5508	2999184	28717	49953	1243	200000	3088381	65985076	298877278	2656	9330701	7004757	4899537
1789736808	113974	98.1	97.4	7138	5717	1165	6093	456	0	27237	3964	9181	3000230	29045	50000	339	200000	3089136	65997939	298996053	2656	9332317	7006305	4900954
1789736838	114004	93.1	92.8	7319	3408	1021	7796	365	0	5397	4013	5254	3000245	28950	50000	67	200000	3090040	66009321	299132425	2656	9334459	7007595	4902658
1789736871	114036	93.7	93.4	9584	6378	1336	6081	263	0	53286	4069	9095	3000243	28930	50000	644	200000	3090901	66019205	299255211	2656	9336785	7009541	4903689
1789736904	114070	95.0	94.6	12260	4923	1062	7669	271	0	30798	4070	9376	3000319	28814	50000	519	200000	3091893	66032539	299388515	2656	9338991	7011281	4905003
1789736936	114102	94.9	94.6	9585	3582	1704	5694	231	0	75331	3907	9053	3000179	28703	50000	640	200000	3092726	66043163	299512446	2656	9341295	7012883	4906345
1789736963	114129	92.9	92.6	11083	1777	1431	7691	328	0	96858	4119	5234	3000071	28724	50000	721	200000	3093330	66049635	299609120	2656	9343593	7014703	4907570
1789736989	114155	94.1	93.8	6974	4246	2235	6122	674	0	64291	3557	4623	3000150	28517	50000	854	200000	3094094	66059171	299728831	2656	9345725	7016063	4908339
1789737016	114182	94.1	93.7	9691	9012	3801	7944	2200	0	830	3859	8679	2999408	28219	50000	1131	200000	3094936	66070341	299852821	2656	9348026	7016796	4909147
1789737052	114218	94.2	94.2	13703	2878	3587	6257	1291	0	10065	4019	9079	2998860	28443	50000	960	200000	3095921	66084539	299999834	2656	9350467	7018893	4909888
1789737080	114246	97.7	97.4	14493	3405	972	6395	385	0	35591	3804	4907	3000261	28905	50000	314	200000	3096977	66099193	300148140	2656	9351063	7020617	4911078
1789737113	114279	94.6	94.2	9761	1789	1290	6038	283	0	50657	3924	9258	3000292	28789	50000	631	200000	3097810	66108416	300279555	2656	9353448	7022537	4912205
1789737140	114306	94.3	93.8	8331	2322	2062	7615	201	0	57700	4549	5836	3000238	28444	50000	856	200000	3098595	66120009	300394108	2656	9355592	7023942	4913696
1789737173	114338	93.5	93.1	12836	1944	1416	5999	467	0	43865	4220	9715	3000143	28277	50000	586	200000	3099292	66127998	300511778	2656	9358015	7025674	4915088
1789737201	114367	94.2	93.9	7318	2711	1358	7486	206	0	41818	4235	5531	3000448	28772	50000	642	200000	3100193	66139636	300639027	2656	9360061	7027168	4916600
1789737234	114400	95.2	94.9	9814	4676	1210	5791	269	0	104596	3810	8932	3000249	28970	50000	478	200000	3100958	66149368	300763936	2656	9362586	7029258	4917692
1789737260	114426	97.8	97.3	6852	5716	2472	7669	838	0	36924	3883	8395	3000136	28965	50000	1122	200000	3101563	66160872	300852042	2656	9364683	7030526	4918813
1789737293	114459	97.0	96.8	6410	3439	1658	6240	252	0	72194	4076	9169	3000102	28941	49874	1042	200000	3102634	66170553	301001492	2656	9366877	7032290	4920808
1789737322	114488	96.9	96.5	11560	3243	1770	8008	334	0	95615	4260	5627	3000152	28934	50000	857	200000	3103562	66184117	301132487	2657	9369422	7033993	4921741
1789737349	114515	97.4	97.0	10441	2494	1720	7042	382	0	71575	4012	8802	3000026	28727	50000	1021	200000	3104188	66193493	301238185	2656	9371476	7035616	4923399
1789737377	114543	93.3	92.9	7875	2185	2239	8879	449	0	79104	3809	5020	3000033	28606	49960	1120	200000	3104995	66201781	301370547	2656	9373809	7037045	4924666
1789737406	114572	93.8	93.6	7238	6780	3121	6361	1788	0	15330	3912	8985	2999355	28806	49990	756	200000	3105747	66210985	301491046	2656	9376105	7037963	4925427
1789737436	114602	98.5	98.4	10558	4391	754	6601	179	0	8920	4082	5065	3000459	29196	50000	230	200000	3107054	66230516	301665861	2658	9376636	7039565	4926353
1789737470	114636	91.5	90.9	8624	5349	1444	5267	314	0	58067	4259	9304	3000125	28644	50000	712	200000	3107867	66238441	301807451	2656	9379091	7041467	4927325
1789737503	114669	95.2	94.9	11749	3227	1172	6893	188	0	72546	3957	9112	3000456	28839	50000	581	200000	3108746	66250716	301939038	2659	9381253	7043371	4928484
1789737526	114692	93.7	92.5	5696	3529	1707	5686	182	0	65745	4038	5235	3000282	28869	50000	725	200000	3109283	66260275	302017465	2656	9383489	7044873	4929402
1789737558	114724	93.9	93.4	12153	3290	1860	7680	567	0	107738	4454	9912	3000109	28591	50000	959	200000	3110047	66266612	302136838	2656	9385917	7046722	4930811
1789737587	114753	91.1	90.6	16161	4746	3301	6164	1626	0	863	4078	4926	2999004	28682	50000	946	200000	3110938	66277881	302284489	2656	9387843	7046855	4932314
1789737618	114784	83.7	83.2	7445	4577	2876	8382	1838	0	22705	4636	10045	2998977	28804	49873	694	200000	3111524	66284812	302364723	2656	9390274	7047931	4934602
1789737647	114813	90.2	90.0	7877	4640	3838	7508	1316	0	12849	3995	5103	2998408	28362	49968	1121	200000	3112401	66292596	302519331	2656	9392890	7048985	4936609
1789737681	114847	91.7	90.4	11565	6281	4122	9758	1234	0	1321	4701	9877	2997707	27954	49802	1231	200000	3113191	66300408	302658719	2660	9395334	7050077	4939096
1789737710	114876	97.9	97.3	10256	2781	1280	6724	356	0	40322	4280	5349	3000269	28427	50000	486	200000	3114158	66309720	302813780	2663	9395973	7052171	4940064
1789737741	114907	93.4	92.9	6395	3345	1156	8468	90	0	107438	4010	8923	3000365	28627	50000	424	200000	3115066	66324071	302909227	2665	9398015	7054046	4941127
1789737770	114936	91.3	90.8	10492	2313	1478	6314	137	0	116736	3863	8686	3000048	28967	50000	756	200000	3115584	66331665	302992843	2663	9400343	7055948	4942367
1789737796	114962	94.8	94.3	13298	7835	3343	8022	1971	0	3482	3594	4537	2998557	28722	50000	702	200000	3116672	66344434	303144825	2663	9402606	7056300	4943010
1789737833	114999	93.6	93.6	8503	7028	3673	6403	97	0	13241	3963	8939	2998299	28631	49915	737	200000	3117771	66363025	303312857	2663	9404283	7057643	4944322
1789737868	115033	96.9	96.5	13510	2399	957	7310	283	0	95891	3892	8959	3000140	28931	50000	417	200000	3118838	66371902	303483170	2663	9405536	7059642	4945454
1789737886	115052	91.5	90.8	10706	2640	2569	5507	839	0	63443	3914	4698	3000074	28616	50000	1050	200000	3119236	66379313	303527004	2663	9407619	7060635	4946322
1789737929	115094	95.3	95.1	7727	5330	1499	7419	291	0	134350	3976	9282	3000150	28483	50000	672	200000	3120594	66394964	303746769	2663	9410063	7062967	4948131
1789737948	115114	92.5	92.5	10941	7638	3420	6201	1260	0	7795	3583	4371	2999055	28272	50000	851	200000	3121222	66403008	303851447	2663	9412134	7063216	4948518
1789737977	115143	98.1	97.7	12837	3254	1055	6448	450	0	13570	4029	5228	3000326	28604	50000	299	200000	3122239	66416390	304009039	2664	9412902	7065088	4949572
1789738014	115180	94.9	94.6	10477	6960	1116	5257	141	0	65915	3873	8851	3000435	28694	50000	579	200000	3123305	66441040	304160651	2663	9414968	7066944	4950581
1789738043	115209	93.6	93.1	7285	3805	1513	7066	182	0	80649	3907	8710	3000166	28598	50000	894	200000	3124049	66453365	304263167	2663	9417240	7068836	4951910
1789738068	115233	93.0	92.7	9731	4734	1805	5638	362	0	76463	3916	4959	3000260	28843	50000	733	200000	3124608	66466878	304343311	2663	9419271	7070162	4952834
1789738095	115261	95.0	94.0	8574	8040	3369	7445	1978	0	8691	4042	9017	3000068	28695	49945	1233	200000	3125336	66478312	304458353	2663	9421488	7070718	4953831
1789738133	115299	95.4	95.2	8185	1870	1723	6567	380	0	109158	4083	9604	3000079	28942	50000	752	200000	3126220	66495111	304605609	2663	9423920	7074009	4955163
1789738158	115324	97.9	97.9	12413	10690	3969	7544	313	0	2045	3622	4513	2998440	28848	49899	1140	200000	3127271	66510377	304766824	2663	9425363	7074502	4955538
1789738190	115356	95.3	95.0	6444	4158	1184	5626	393	0	40289	4042	5247	3000337	29439	50000	439	200000	3128287	66525059	304916980	2663	9426840	7076311	4956826
1789738227	115392	95.5	95.3	10285	3437	1136	7521	404	0	63986	3911	8984	3000229	29576	50000	321	200000	3129391	66541676	305078045	2663	9429400	7078421	4957773
1789738254	115420	97.4	97.1	5962	4082	1138	6007	104	0	95185	3939	8666	3000128	29595	50000	763	200000	3130139	66551528	305169632	2664	9431436	7080510	4958627
1789738279	115445	97.5	97.1	9652	3962	2196	7789	277	0	71881	3681	4725	3000102	29270	50000	1019	200000	3130953	66564329	305272671	2663	9433836	7082092	4959304
1789738306	115472	96.7	96.3	8068	5553	3125	6111	1851	0	46895	4148	8942	2998878	29133	49928	1092	200000	3131658	66571465	305390349	2663	9436311	7083303	4959989
1789738338	115504	96.9	96.6	9315	5295	3660	7769	2180	0	2409	3917	8892	2999281	29143	50000	1031	200000	3132752	66583467	305527868	2663	9438675	7085074	4960779
1789738366	115532	96.9	96.9	9116	2929	1061	5153	458	0	14913	4039	5037	3000250	29456	50000	253	200000	3133773	66597004	305669181	2663	9439333	7087054	4961389
1789738399	115565	93.9	93.6	12727	3608	1047	6883	222	0	22414	4144	9341	3000263	29393	50000	412	200000	3134612	66606665	305803261	2664	9441483	7088788	4962515
1789738431	115596	94.5	94.3	7889	3708	1269	5800	273	0	55763	4043	5435	3000159	29403	50000	450	200000	3135613	66619321	305967824	2663	9443820	7090714	4963594
1789738463	115629	93.1	92.9	12122	6710	1264	7655	144	0	55785	4012	9361	3000121	29411	50000	711	200000	3136479	66627351	306099436	2663	9446037	7092704	4964522
1789738497	115663	93.8	93.7	12907	3785	1110	5874	19	0	93733	4176	9297	3000196	29418	50000	576	200000	3137437	66636686	306244806	2663	9448261	7094622	4965373
1789738515	115681	84.6	83.9	8271	6385	3250	7673	1910	0	16687	3997	4712	2999339	28899	49995	1115	200000	3137836	66641411	306312814	2663	9450412	7094883	4966185
1789738545	115711	92.6	92.3	12039	3035	3195	5887	1823	0	7618	4026	5115	2999030	28670	50000	905	200000	3138732	66651027	306446911	2663	9452667	7096726	4967183
1789738580	115746	93.5	93.5	10573	6204	4168	6534	378	0	5535	4065	9158	2998762	28599	49831	1343	200000	3139757	66665933	306596252	2663	9453743	7098272	4967815
1789738611	115776	94.8	94.3	6596	4339	3415	6679	1358	0	6204	4247	9399	2999624	28588	50000	959	200000	3140401	66674934	306706799	2663	9457143	7100111	4969108
1789738637	115803	95.7	95.3	14474	1551	968	6836	239	0	30813	4325	5445	3000505	29141	50000	348	200000	3141328	66689736	306832406	2663	9457669	7101933	4970053
1789738673	115838	91.7	91.3	9021	4214	3539	6307	617	0	3460	4185	9710	2998966	28792	49916	848	200000	3142173	66701618	306962961	2663	9461067	7103665	4971337
1789738700	115866	98.1	97.8	9488	2364	1578	7297	394	0	46615	4311	5592	3000384	29016	50000	661	200000	3143094	66717161	307088094	2663	9462415	7105466	4972340
1789738736	115902	94.3	94.0	6732	2973	1257	6256	139	0	120077	4047	9449	3000250	29045	50000	651	200000	3144082	66730397	307242310	2664	9464719	7107323	4973936
1789738760	115926	94.3	93.9	8618	5837	1784	8184	448	0	103082	3999	8822	3000043	28829	50000	828	200000	3144529	66737462	307297688	2663	9466873	7108851	4975220
1789738786	115952	94.8	94.3	8525	7301	3627	6443	1969	0	7208	3757	4638	2998577	28571	49983	1027	200000	3145423	66747456	307421737	2663	9469105	7109261	4976277
1789738817	115982	97.9	97.9	14383	3253	1150	6517	531	0	10169	3950	5089	3000317	28987	50000	316	200000	3146411	66761437	307594815	2663	9469867	7111076	4976713
1789738851	116017	96.0	95.8	14373	2956	974	5220	287	0	36258	4037	9224	3000324	29029	50000	383	200000	3147422	66775067	307732729	2663	9472059	7113071	4977702
1789738885	116051	94.6	94.3	8212	3094	1263	7073	248	0	80850	4003	9259	3000219	29087	50000	605	200000	3148400	66786935	307877938	2663	9474256	7115056	4978712
1789738920	116085	95.1	94.4	10272	5585	1149	5980	107	0	114810	4117	9613	3000210	29236	50000	500	200000	3149366	66798528	308022162	2663	9476512	7116845	4979798
1789738937	116103	89.2	88.6	18022	3175	2692	7949	977	0	36498	101	801	2999218	29302	50000	858	200000	3149840	66804704	308102799	2663	9478787	7117846	4980670
1789738969	116135	94.4	94.3	13969	8408	3615	6310	1350	0	1232	4035	8687	2998441	29393	50000	868	200000	3150839	66816553	308273007	2663	9481064	7118714	4981330
1789738999	116164	97.8	97.5	7676	7376	1145	6370	285	0	41759	4040	5243	3000193	29793	50000	422	200000	3151895	66828236	308436224	2663	9481519	7120596	4982376
1789739035	116200	94.3	94.0	11601	2823	1209	5926	408	0	69524	3999	9140	3000195	29531	50000	473	200000	3152911	66839978	308577596	2663	9484110	7122718	4983313
1789739064	116230	95.7	95.4	8407	2793	1218	7531	205	0	52767	4288	9260	3000262	29419	50000	700	200000	3153618	66854633	308672014	2663	9486082	7124513	4984485
1789739091	116257	96.6	95.7	6234	4062	1387	5737	73	0	76320	4261	5612	3000267	29141	50000	380	200000	3154387	66871047	308788506	2663	9488336	7125979	4986047
1789739120	116286	96.1	95.6	10389	1972	2018	7926	188	0	88428	4236	9627	3000039	28795	50000	1286	200000	3155028	66883188	308873783	2661	9490791	7128038	4987045
1789739149	116315	97.3	96.8	6298	4405	2467	6136	844	0	53907	3928	5040	3000237	29151	49996	950	200000	3155910	66896920	309029717	2661	9493199	7129368	4987888
1789739175	116341	94.5	93.9	6170	5443	3275	7997	1928	0	11348	4058	9045	2998931	28821	49926	1106	200000	3156609	66911247	309117346	2661	9495503	7130232	4989174
1789739211	116377	96.0	94.2	11575	2692	2938	6384	1815	0	26710	4560	10497	2998895	28971	50000	940	200000	3157532	66924612	309257917	2661	9497857	7132395	4990219
1789739236	116402	94.9	94.3	9151	2310	2640	8576	718	0	55018	4348	5737	2998555	28863	49994	1018	200000	3158204	66934447	309339882	2661	9500309	7134141	4992613
1789739269	116435	93.1	92.8	9234	6071	3330	7712	1785	0	15608	4285	9454	2999516	28912	49959	972	200000	3159138	66945582	309474174	2661	9502568	7135354	4993575
1789739299	116465	94.0	93.9	10405	2787	3627	9591	1252	0	11349	4083	5405	2999325	28804	49974	1079	200000	3160148	66956264	309623522	2664	9504955	7136843	4994489
1789739332	116498	98.1	97.4	11116	5023	939	5317	293	0	34859	4260	9402	3000310	29189	50000	413	200000	3161153	66969765	309776468	2661	9505321	7138561	4995522
1789739360	116526	93.7	93.3	9868	3645	981	7233	210	0	26007	4114	5420	3000186	29368	50000	30	200000	3162043	66980454	309910824	2661	9507562	7139878	4997394
1789739391	116557	94.0	93.5	10034	5806	1520	6278	488	0	84951	4210	9655	3000100	29208	50000	750	200000	3162737	66986112	310043177	2661	9509881	7141775	4998493
1789739417	116583	86.3	86.1	8816	3311	2119	8201	686	0	69839	3774	4730	3000115	29294	50000	895	200000	3163249	66995733	310115233	2661	9512142	7143085	4999885
1789739447	116613	92.5	92.4	11351	6972	3493	5977	1082	0	8001	3864	8536	2998542	28998	50000	894	200000	3164219	67003150	310262493	2661	9514288	7143775	5000425
1789739481	116647	93.8	93.6	9593	2112	3623	7172	405	0	4788	4048	8940	2998434	29078	49948	828	200000	3165235	67012691	310415760	2661	9516035	7145549	5001640
1789739511	116677	94.8	93.8	7947	6376	3901	5821	149	0	28269	4210	5537	2998385	28681	49946	1136	200000	3166163	67027363	310557426	2661	9517835	7146786	5003399
1789739539	116705	97.3	97.0	10695	5726	1393	7043	377	0	24178	4689	9904	3000133	29092	50000	447	200000	3166807	67034672	310657606	2661	9519668	7148481	5004732
1789739573	116739	96.1	95.8	8279	5106	949	5908	400	0	17798	3791	8643	3000335	29341	50000	334	200000	3167726	67055887	310793992	2661	9521793	7150197	5005967
1789739601	116766	94.3	93.9	10780	2235	1090	7790	399	0	65301	4264	5440	3000390	29246	50000	460	200000	3168487	67068961	310915739	2661	9524148	7152147	5007101
1789739633	116799	94.7	94.2	8495	2262	1373	6215	305	0	70100	4298	9388	3000237	28999	50000	758	200000	3169355	67084978	311037312	2661	9526522	7154082	5008320
1789739664	116829	95.1	94.8	9146	3064	1354	7769	81	0	76557	3911	8815	3000339	29057	50000	608	200000	3170112	67100550	311131457	2661	9528717	7155961	5009164
1789739694	116860	94.9	94.4	7037	4982	1657	5873	133	0	89573	3991	9013	3000335	29075	50000	1012	200000	3170916	67112631	311236760	2661	9530929	7157939	5010153
1789739717	116883	92.4	92.0	11044	4794	2261	7527	640	0	84559	3769	4785	3000010	29243	49998	728	200000	3171425	67119776	311321589	2661	9533337	7159098	5010904
1789739751	116917	94.4	93.8	13400	6189	3603	6435	2118	0	19175	3973	8937	2998941	29035	50000	1291	200000	3172538	67137729	311459363	2654	9535731	7160087	5011977
1789739776	116942	94.0	93.9	12779	2701	3836	8139	1478	0	749	3876	4897	2998415	28731	49968	1105	200000	3173293	67143630	311592445	2654	9538122	7161598	5013235
1789739811	116977	95.0	94.7	8221	4570	3286	7489	1433	0	6175	4036	9327	2999979	29201	49973	707	200000	3174239	67156419	311734916	2654	9540236	7163555	5014175
1789739838	117004	96.8	96.6	7079	5505	1233	7831	299	0	29494	3938	5008	3000210	29331	50000	426	200000	3175131	67168696	311865742	2654	9540947	7165314	5015336
1789739869	117035	94.4	94.1	8820	6507	1174	5971	222	0	64502	3979	8825	3000248	29474	50000	488	200000	3175967	67176745	311995326	2654	9543174	7167131	5016369
1789739905	117071	94.8	94.5	7169	4714	1392	7684	24	0	83152	4020	9142	3000423	29564	50000	582	200000	3176959	67190327	312149287	2655	9545279	7168752	5017393
1789739929	117094	95.7	95.2	9751	2800	1515	5880	123	0	100583	3874	4947	3000084	29305	50000	799	200000	3177636	67198795	312246285	2654	9547464	7170513	5018765
1789739958	117124	98.6	97.8	15280	2765	2587	7584	818	0	47568	4048	9004	3000034	29362	50000	923	200000	3178318	67206070	312386577	2654	9549751	7171622	5019659
1789739986	117152	96.7	96.3	13715	2259	2742	6617	1008	0	13390	4186	5556	2998597	29374	49927	814	200000	3179168	67220350	312501648	2654	9552173	7172892	5021608
1789740020	117186	97.1	97.0	11285	9092	3551	8294	1221	0	19878	4148	8849	2999389	29137	49960	942	200000	3180301	67233479	312672116	2654	9554426	7174280	5021981
1789740049	117215	99.0	98.5	6544	4800	1471	5456	455	0	22889	3858	5012	3000215	29204	50000	590	200000	3181220	67251149	312817731	2654	9555210	7175790	5023238
1789740083	117249	97.3	96.8	8300	5144	1342	7269	131	0	45619	4140	9475	3000388	29100	50000	621	200000	3182220	67262603	312973451	2654	9557264	7177490	5024571
1789740114	117280	93.7	93.1	10029	1963	1414	6250	361	0	60377	3942	8742	3000241	29168	50000	746	200000	3182991	67276482	313077717	2654	9559589	7179176	5026254
1789740140	117306	95.4	94.8	7621	2598	1571	8190	578	0	91156	3992	8860	3000150	28946	50000	729	200000	3183525	67287823	313140242	2654	9561840	7180799	5027719
1789740171	117337	93.8	93.5	7379	2518	2331	6565	831	0	59606	4062	8926	3000096	28817	50000	797	200000	3184364	67298884	313257404	2654	9564182	7181904	5028986
1789740198	117364	95.2	95.1	7367	5514	3456	8534	1236	0	10355	3569	4483	2999357	28591	49941	938	200000	3185375	67310676	313405146	2654	9566408	7182660	5029994
1789740233	117399	98.0	97.6	13091	5370	1053	5345	408	0	33255	3938	8920	3000283	29099	50000	398	200000	3186466	67324797	313567096	2654	9567118	7184518	5031052
1789740259	117425	92.0	91.5	7209	1916	1246	7501	177	0	5752	4141	5438	3000286	29143	50000	395	200000	3187180	67333355	313667523	2654	9569493	7185793	5033077
1789740290	117456	94.6	94.1	11391	5324	1426	6530	405	0	79944	4154	9337	3000235	29143	50000	732	200000	3187914	67343165	313783185	2654	9571711	7187680	5034166
1789740327	117493	90.4	90.1	8734	5727	1613	8434	457	0	102194	4034	9023	3000169	29031	50000	803	200000	3188904	67358041	313933316	2654	9573933	7189275	5035498
1789740347	117513	90.9	90.4	8121	6508	2569	5764	1599	0	14434	3979	4734	2998745	28922	50000	595	200000	3189394	67364624	314027619	2654	9575769	7189572	5036748
1789740377	117543	92.1	91.9	10796	2736	3212	7738	1133	0	5585	3960	5122	2999098	28825	50000	695	200000	3190429	67375215	314183229	2654	9578106	7191029	5037683
1789740407	117573	94.9	94.1	11309	5215	3076	6446	1005	0	7018	4118	9194	2999272	28921	50000	797	200000	3191187	67384051	314298176	2654	9579953	7192375	5039118
1789740439	117605	92.9	91.7	7770	5602	3033	8322	1552	0	1136	4645	9617	2999537	28746	49999	698	200000	3191979	67394571	314417363	2654	9582186	7193716	5041607
1789740470	117635	96.2	96.0	11052	2561	1260	5997	160	0	46208	4039	5192	3000314	28777	50000	516	200000	3192993	67405109	314582117	2654	9583033	7195343	5042167
1789740502	117668	94.8	94.6	9624	3634	1245	7962	142	0	72071	3890	8662	3000150	28576	50000	721	200000	3193894	67413507	314718002	2654	9585359	7197381	5043600
1789740534	117700	94.1	93.6	8747	7427	1641	5995	153	0	92597	3834	8732	3000213	28219	50000	796	200000	3194699	67426299	314835667	2654	9587615	7199345	5044459
1789740556	117722	91.0	90.5	9780	8898	3003	7623	1027	0	19463	3985	5009	3000089	28762	49993	1028	200000	3195164	67434163	314925785	2654	9589842	7199942	5045304
1789740591	117757	94.5	93.7	14840	5957	3333	6157	2062	0	12916	4212	9656	2999635	28753	50000	1012	200000	3196165	67451432	315060079	2654	9592262	7201388	5046414
1789740619	117785	94.1	94.1	12653	2848	3992	6973	451	0	2796	3970	5046	2998287	28694	49902	1247	200000	3197158	67465185	315194953	2654	9593598	7203026	5047381
1789740651	117817	98.2	97.7	10276	4695	876	5719	240	0	38365	4064	9258	3000375	29256	50000	413	200000	3198142	67475617	315338594	2654	9595010	7204711	5048857
1789740692	117858	94.1	93.9	8445	4515	878	7633	229	0	58886	4157	9471	3000314	29182	50000	546	200000	3199219	67488925	315499777	2654	9597339	7206305	5050308
1789740715	117881	92.3	91.9	11787	1893	1380	5870	234	0	93426	4110	5296	3000085	29000	50000	754	200000	3199729	67492794	315575824	2654	9599509	7208155	5051393
1789740744	117910	94.9	94.4	7676	2431	2625	7516	783	0	56615	3786	8471	3000087	28741	50000	1116	200000	3200330	67502583	315680819	2654	9601655	7209231	5052143
1789740766	117931	92.4	92.0	8184	6458	3185	5633	1607	0	15200	3803	4826	2999533	28754	49908	1138	200000	3200902	67511926	315764349	2654	9603864	7210055	5053700
1789740798	117964	95.1	94.9	12660	5493	3179	7156	1979	0	14097	4132	9310	2999212	28811	50000	944	200000	3201777	67523586	315895454	2654	9606156	7211846	5054464
1789740827	117993	98.0	97.9	11136	4076	1017	5156	337	0	24133	4192	5196	3000339	29175	50000	373	200000	3202769	67535214	316058649	2655	9606661	7213571	5055142
1789740862	118027	97.5	97.3	9505	3293	910	6885	428	0	19629	4025	9402	3000316	29359	50000	288	200000	3203834	67546686	316209627	2654	9609042	7215434	5056345
1789740889	118055	97.5	97.1	6331	5266	1257	5900	210	0	36380	4063	5290	3000200	29236	50000	503	200000	3204614	67554161	316343967	2654	9611321	7217323	5057392
1789740923	118089	96.4	96.1	13190	4928	1299	7519	193	0	58341	4148	9513	3000165	29161	50000	743	200000	3205450	67562146	316484735	2654	9613430	7219294	5058274
1789740957	118123	97.8	97.6	14301	4611	1182	5804	289	0	118580	4128	9674	3000267	29514	50000	570	200000	3206353	67574415	316614825	2654	9615805	7221326	5059205
1789740976	118142	95.9	95.4	6778	6582	3553	7652	2019	0	4962	4052	4942	2998432	29275	50000	850	200000	3206948	67581408	316707957	2654	9617980	7221542	5060089
1789741008	118174	97.6	97.5	13555	3927	1230	4743	335	0	19984	4034	5374	3000221	29409	50000	447	200000	3208070	67598299	316889682	2654	9618581	7223259	5060734
1789741041	118207	96.3	95.7	7755	4107	1473	6567	337	0	44551	4198	9485	3000181	28801	50000	590	200000	3208943	67609266	317027470	2655	9620976	7224991	5062163
1789741074	118240	94.2	93.8	11897	2984	1511	5817	353	0	79924	4009	9557	3000339	28749	50000	707	200000	3209782	67626487	317141630	2654	9623102	7226832	5063204
1789741107	118272	94.5	94.3	7601	5232	1272	7539	299	0	107748	4109	9284	3000301	28864	50000	642	200000	3210643	67640907	317262987	2654	9625205	7228566	5064487
1789741125	118291	91.4	90.8	8502	5958	2963	5991	1855	0	18176	3897	4815	2999509	28620	49961	916	200000	3211087	67651463	317335355	2654	9627375	7228823	5065504
1789741161	118327	94.6	94.3	11863	4054	3819	7767	2219	0	3465	3970	9130	2999340	28339	49976	1121	200000	3212154	67665371	317487173	2654	9629778	7230654	5066261
1789741191	118356	97.1	97.1	13077	5640	1027	4515	422	0	29065	4218	5397	3000542	28966	50000	288	200000	3213215	67683924	317621854	2654	9630409	7232627	5066798
1789741226	118391	92.2	91.9	7269	4439	1208	6234	158	0	76588	4165	9692	3000287	28977	50000	646	200000	3214119	67695085	317758778	2654	9632385	7234513	5067907
1789741256	118422	94.3	93.3	11687	5211	1469	5843	58	0	105405	4254	9970	3000352	29083	50000	556	200000	3214846	67705966	317848754	2654	9634621	7236046	5068963
1789741279	118445	88.3	87.1	8051	6352	3674	7928	2250	0	9616	4203	4965	2999817	29521	50000	1287	200000	3215237	67711244	317924099	2654	9637026	7236252	5070152
1789741306	118472	93.9	93.4	8881	2633	3293	6341	2065	0	5932	4245	5677	2998331	29281	50000	1031	200000	3215961	67722285	318055525	2654	9639358	7237705	5072073
1789741337	118503	96.5	96.4	12971	2333	963	6353	458	0	10390	4278	5422	3000376	29736	50000	290	200000	3217025	67736182	318213629	2654	9640013	7239621	5072663
1789741373	118539	94.3	94.1	12437	6554	1074	5938	227	0	62168	4467	9855	3000248	29831	50000	530	200000	3218042	67746871	318370479	2654	9642093	7241572	5073673
1789741408	118574	94.4	94.1	13416	2182	1308	7907	383	0	120472	4025	9150	3000228	29887	50000	536	200000	3219025	67757205	318521870	2654	9644528	7243518	5074759
1789741428	118594	91.9	91.5	6845	3471	2861	6263	905	0	22121	3682	4590	3000024	29723	49997	913	200000	3219508	67762359	318588012	2654	9646734	7244565	5075714
1789741460	118626	95.5	95.4	8347	6740	3927	8045	1093	0	10538	4022	8852	2999105	29600	49959	1196	200000	3220444	67780384	318720953	2654	9649099	7245679	5076139
1789741487	118653	94.8	94.2	12386	1833	3678	5562	635	0	6374	4058	5330	2998896	29602	49949	964	200000	3221291	67792131	318837916	2655	9650824	7247663	5077279
1789741520	118686	98.1	97.8	12686	4830	711	6289	278	0	28624	4152	9490	3000458	30317	50000	262	200000	3222271	67809468	318972130	2654	9651966	7249231	5078637
1789741554	118719	94.3	93.8	11428	5107	1062	5956	448	0	26331	4369	9765	3000211	30236	50000	372	200000	3223163	67818537	319105229	2654	9654498	7251106	5079868
1789741582	118748	93.6	93.2	8165	3987	1472	7636	215	0	83637	4197	5561	3000209	30165	50000	626	200000	3223997	67828526	319243799	2655	9656617	7252950	5080507
1789741610	118776	92.8	92.3	6352	3450	1877	6094	461	0	86753	4135	9290	3000087	30131	50000	816	200000	3224496	67839724	319315229	2654	9658869	7254665	5081898
1789741636	118802	93.4	93.1	11181	6332	3089	7936	1928	0	9391	3738	4873	2998411	30006	49975	936	200000	3225442	67849122	319450109	2654	9661192	7255069	5082971
1789741671	118837	95.3	95.3	11377	3264	3886	6845	1057	0	9280	4093	9255	2998602	29857	50000	1213	200000	3226525	67862845	319586455	2654	9663639	7256999	5083578
1789741698	118864	98.0	97.5	10475	3339	1251	6856	421	0	28096	4042	5107	3000369	30252	50000	426	200000	3227436	67872393	319723441	2654	9664278	7258943	5084382
1789741731	118897	95.1	94.7	12234	3802	1190	5670	167	0	46215	4173	9324	3000234	30025	50000	577	200000	3228331	67883186	319844547	2654	9666277	7260794	5085406
1789741757	118923	95.8	94.7	5080	3224	1221	7448	401	0	21944	4021	5352	3000247	29319	50000	506	200000	3229102	67897930	319945631	2654	9668827	7262378	5087195
1789741790	118956	97.4	97.0	10630	6113	1173	6022	220	0	36315	4224	9650	3000209	29243	50000	499	200000	3230004	67910540	320079213	2656	9671067	7264325	5088148
1789741823	118989	96.7	96.1	13651	3917	1691	8063	418	0	82708	4309	9727	3000175	28833	50000	827	200000	3230807	67919153	320209732	2654	9673495	7266255	5089473
1789741855	119021	97.5	96.7	5653	3338	2237	6415	419	0	50159	4376	10074	3000142	28765	50000	861	200000	3231665	67928569	320335463	2654	9675751	7267445	5091079
1789741881	119047	96.3	96.0	11672	1982	1581	8257	418	0	80223	5042	6903	3000085	28799	50000	710	200000	3232284	67932723	320432402	2654	9677902	7268935	5092911
1789741906	119072	95.5	95.1	8770	3281	2118	6473	833	0	64953	4178	5535	3000042	28661	50000	774	200000	3232777	67940044	320529278	2654	9680091	7270039	5094405
1789741939	119105	94.7	94.4	14065	8182	2981	8198	1863	0	16831	4796	10158	2998678	28531	50000	943	200000	3233670	67950374	320668974	2654	9682206	7270808	5095518
1789741967	119133	95.8	95.2	11474	2867	1617	5125	378	0	17149	4652	6047	3000306	28665	50000	596	200000	3234540	67961931	320799143	2654	9683122	7272418	5096058
1789742000	119166	93.3	92.4	13390	3544	1516	6794	352	0	51430	4695	10810	3000236	28591	50000	493	200000	3235322	67972689	320921349	2654	9685034	7273879	5097811
1789742029	119195	95.4	94.5	6927	3352	457	5897	168	0	16857	4426	5845	3000590	28576	50000	154	200000	3236155	67982324	321061159	2654	9687177	7274964	5100407
1789742067	119233	94.1	93.8	7753	4696	1325	8087	286	0	109164	4446	10584	3000216	28528	50000	613	200000	3237099	67994866	321222939	2654	9689878	7277181	5101191
1789742092	119258	93.6	93.1	18967	2638	2458	6168	338	0	57298	4167	9224	3000049	28374	49994	1066	200000	3237466	68005023	321273822	2654	9692115	7278573	5102286
1789742116	119282	86.7	86.7	9875	6970	3672	7791	1098	0	3409	3853	5176	2998661	28138	49947	966	200000	3238267	68013429	321368718	2654	9694329	7279089	5102820
1789742146	119312	96.0	95.7	10451	2998	783	4584	457	0	9445	3828	5058	3000338	28546	50000	152	200000	3239336	68026283	321511761	2654	9694933	7280886	5104020
1789742182	119347	92.8	92.4	9536	5742	1326	6577	405	0	33981	4177	9598	3000252	28380	50000	439	200000	3240160	68036729	321645560	2654	9697578	7282887	5104952
1789742210	119376	93.8	93.5	7325	5247	1368	5593	11	0	75367	4196	9471	3000361	28373	50000	767	200000	3240763	68048478	321728250	2654	9699364	7284610	5105920
1789742237	119403	91.7	91.1	7712	4470	2489	7592	452	0	69299	3992	5267	3000035	27942	49988	1186	200000	3241434	68056402	321841217	2654	9701685	7285905	5107272
1789742266	119432	94.5	94.2	9090	7152	2829	6031	1518	0	26860	4349	9591	2999053	27892	50000	814	200000	3242186	68065190	321951977	2654	9703951	7287115	5108049
1789742301	119466	94.8	94.7	13535	4424	3752	7921	1214	0	7707	4051	9532	2999295	27966	49937	1139	200000	3243276	68083904	322099196	2654	9706320	7288556	5108762
1789742328	119494	97.2	96.8	13847	2810	1032	4514	385	0	21218	4078	5371	3000335	28309	50000	374	200000	3244175	68095453	322230204	2654	9706804	7290276	5109827
1789742365	119531	94.5	94.3	10476	4530	783	6207	316	0	19768	4393	9744	3000250	28448	50000	63	200000	3245270	68106484	322406791	2654	9708934	7291958	5111124
1789742397	119563	92.3	91.9	8336	2999	1096	5991	439	0	77265	4459	6040	3000159	28378	50000	371	200000	3246181	68114904	322546985	2654	9711521	7293970	5112271
1789742418	119584	91.6	91.1	8212	4714	2298	7708	631	0	52306	3631	4856	3000143	28232	50000	839	200000	3246580	68123281	322601848	2654	9713388	7295223	5112969
1789742446	119612	92.8	92.5	9530	8209	2994	6141	1941	0	16321	4270	9429	2998202	28037	49946	758	200000	3247324	68132769	322709249	2654	9715726	7295809	5114438
1789742483	119649	97.7	97.6	14135	3955	1053	6229	251	0	43969	4547	9874	3000313	28429	50000	373	200000	3248528	68146810	322906316	2654	9716179	7297600	5114917
1789742517	119683	94.2	93.8	12835	2926	1359	4933	210	0	86522	4130	5714	3000415	28545	50000	630	200000	3249492	68158518	323058325	2654	9718370	7299216	5116174
1789742541	119707	91.7	91.2	6986	5991	2924	7072	1071	0	15178	3939	8603	3000041	28511	49994	888	200000	3249905	68165922	323131038	2654	9720632	7300010	5117684
1789742568	119734	93.8	93.7	10823	9102	3622	5809	226	0	9605	3877	5143	2998326	28192	49962	817	200000	3250881	68177287	323289951	2654	9722034	7300794	5118774
1789742599	119765	97.5	97.0	11877	3109	998	6717	181	0	30014	4186	5815	3000274	28413	50000	230	200000	3251946	68188119	323438420	2654	9723140	7302266	5120158
1789742631	119797	94.0	93.7	11147	1903	1216	6231	149	0	83545	4184	10089	3000174	28182	50000	624	200000	3252752	68194994	323540202	2654	9725327	7304097	5121406
1789742656	119822	95.5	95.0	7537	6646	1809	8279	636	0	103578	4211	9473	3000022	28098	50000	665	200000	3253205	68202427	323604694	2654	9727713	7305529	5122585
1789742687	119852	97.1	96.7	17734	6274	2903	6287	1922	0	3322	4033	5518	2998620	27778	49948	876	200000	3254278	68216426	323784160	2654	9729750	7305783	5123944
1789742719	119885	98.0	97.9	15562	4543	1335	6801	458	0	30802	4138	9373	3000207	28183	50000	361	200000	3255235	68225612	323936103	2654	9730824	7307694	5124474
1789742747	119913	94.5	93.9	8240	2221	1429	5629	433	0	13923	4090	5923	3000144	27973	50000	404	200000	3256034	68235934	324048823	2654	9733050	7309038	5126496
1789742783	119949	95.1	94.3	10637	2245	1388	7539	263	0	79776	4504	10484	3000331	27805	50000	621	200000	3256949	68247245	324205582	2654	9735323	7310708	5127929
1789742807	119973	91.1	90.1	6599	5630	1644	6625	457	0	104979	4132	9584	3000047	27583	50000	831	200000	3257239	68252769	324237329	2655	9737483	7312250	5129476
1789742837	120003	93.6	93.4	13210	1831	2322	8576	1121	0	67087	4141	5757	2999905	27475	50000	757	200000	3258227	68261743	324400362	2654	9739788	7313169	5130912
1789742870	120036	94.1	94.1	10902	6767	3357	6546	1133	0	2496	4336	9335	2998500	27387	50000	781	200000	3259289	68272350	324551376	2654	9741806	7314073	5131825
1789742905	120071	96.9	96.6	13595	3484	932	6848	342	0	26233	4357	10024	3000157	27648	50000	176	200000	3260308	68281192	324706295	2654	9742449	7315728	5133079
1789742931	120097	93.6	93.2	5932	4910	1830	5098	163	0	55876	4149	5499	3000251	27567	50000	726	200000	3261074	68292368	324821574	2654	9744543	7317031	5134819
1789742956	120122	91.0	90.4	6358	4955	2054	7263	470	0	94985	3928	8888	2999704	27169	49939	1128	200000	3261378	68295543	324875949	2655	9746808	7318853	5135902
1789742991	120157	94.8	94.5	11830	2675	2266	6360	793	0	55052	4022	9641	3000065	27639	49981	855	200000	3262286	68309069	325036527	2654	9749134	7319772	5137837
1789743018	120183	83.8	83.8	9436	6933	3596	8340	1125	0	9416	3734	4725	2998180	27457	49901	993	200000	3263106	68321118	325161006	2656	9751409	7320341	5139051
1789743053	120219	94.9	94.7	13480	3855	1000	5182	610	0	31895	3600	8674	3000144	28047	50000	244	200000	3264169	68331526	325316276	2656	9752092	7322283	5139779
1789743087	120252	91.6	91.3	8143	2995	744	6920	152	0	52547	3651	5015	3000304	28577	50000	404	200000	3265286	68344018	325467386	2656	9754165	7323926	5141196
1789743118	120284	92.7	92.3	13284	1844	1274	5615	294	0	113839	4222	9347	3000099	28309	50000	653	200000	3265871	68347566	325554558	2656	9756533	7325884	5142264
1789743137	120303	87.5	87.4	19265	19265	3696	7255	1159	0	1626	3930	4625	2998415	28035	49996	1010	200000	3266348	68353426	325646738	2656	9758552	7325912	5142519
1789743172	120338	92.7	92.4	7741	3407	4144	5403	389	0	3754	4122	9409	2998447	27983	49791	1283	200000	3267278	68370122	325770298	2656	9759900	7327739	5143780
1789743199	120365	98.8	98.3	8278	5730	1216	6562	181	0	26630	4024	5451	3000184	28257	50000	877	200000	3268077	68383240	325897828	2656	9761278	7328881	5145545
1789743229	120395	90.9	90.6	9987	5582	1379	6115	126	0	55970	4180	9820	3000084	27997	50000	735	200000	3268632	68386884	325999957	2656	9763330	7330593	5146931
1789743264	120430	92.8	92.5	6665	4661	1844	7909	30	0	60328	3961	9206	3000258	27796	50000	1050	200000	3269535	68401741	326118310	2656	9765637	7332274	5147924
1789743289	120455	92.4	92.2	8191	4200	1796	5616	266	0	79699	3658	4934	3000125	27784	49963	976	200000	3270117	68410418	326221833	2657	9767904	7333947	5149495
1789743316	120482	91.4	91.0	12808	3016	3175	7380	1789	0	34853	3783	8823	2998766	27562	49980	1152	200000	3270823	68415220	326333253	2657	9770331	7334707	5150356
1789743350	120516	93.9	93.5	8013	7133	3420	6395	2046	0	1022	3605	8271	2998581	27445	50000	769	200000	3271731	68424490	326485671	2657	9772516	7336265	5151471
1789743381	120547	97.7	97.7	11271	2914	1066	6623	225	0	30411	3758	5108	3000271	27860	50000	388	200000	3272851	68437849	326649616	2658	9773058	7338042	5152166
1789743415	120581	93.9	93.7	11486	2194	1134	5486	422	0	40306	3957	9191	3000258	27934	50000	317	200000	3273707	68447473	326792344	2657	9775524	7339821	5153363
1789743440	120606	92.4	92.0	7011	5035	1588	7106	393	0	93064	3715	8609	3000151	27669	50000	803	200000	3274147	68457326	326842795	2657	9777328	7341527	5154178
1789743467	120633	91.7	91.4	7078	6188	2934	5966	686	0	61398	3288	4496	2998655	27712	49920	1211	200000	3274879	68465854	326979138	2657	9779543	7342590	5155617
1789743497	120662	95.9	95.7	14912	6706	3087	7302	1281	0	3344	4071	8759	2999523	28061	50000	680	200000	3275818	68475980	327128597	2657	9781481	7343357	5156170
1789743527	120693	96.6	96.5	13927	3276	1093	5066	115	0	27010	4070	9204	3000215	28270	50000	379	200000	3276751	68486779	327251910	2657	9782344	7344919	5157635
1789743561	120727	93.6	93.2	9061	3599	1801	7180	624	0	19642	3946	9380	3000149	28116	50000	620	200000	3277645	68493879	327379696	2657	9785084	7346606	5159152
1789743586	120752	94.4	94.0	7560	1506	3592	6406	576	0	9031	3868	5449	2998763	27574	49907	1026	200000	3278301	68503285	327465679	2657	9787830	7348153	5160485
1789743624	120790	96.4	96.1	11874	5834	1083	7216	410	0	28900	3765	12565	3000379	28179	50000	370	200000	3279306	68512805	327608432	2657	9789165	7350177	5161221
1789743654	120820	97.4	97.0	9369	8388	1086	5570	158	0	56416	3757	5377	3000259	28153	50000	518	200000	3280222	68525293	327759816	2657	9791252	7351963	5162256
1789743676	120842	95.6	95.0	8329	3513	1781	7424	410	0	81871	3940	8664	3000020	28115	49764	995	200000	3280517	68532497	327798783	2657	9793359	7353739	5163391
1789743714	120880	96.1	95.9	10843	5336	1709	6267	641	0	126323	3975	9735	3000081	28315	49957	811	200000	3281479	68543909	327970707	2657	9795907	7355463	5164727
1789743736	120902	98.9	98.8	15317	15317	1067	6272	311	0	15589	3607	4248	3000274	28487	50000	147	200000	3282310	68551962	328109332	2657	9796222	7355472	5165424
1789743773	120939	94.4	94.1	12436	3160	864	5363	206	0	26847	4190	10297	3000197	28581	50000	135	200000	3283267	68560709	328273895	2657	9798499	7356994	5167208
1789743812	120978	92.8	92.4	16559	3805	1669	7529	419	0	52569	4138	9975	3000225	28359	50000	847	200000	3284263	68570507	328422679	2657	9800996	7358682	5168614
1789743830	120996	92.9	92.3	5998	1820	1873	5598	675	0	85920	4147	5326	3000113	28144	50000	1041	200000	3284509	68577620	328452986	2657	9803115	7360275	5169796
1789743863	121029	91.2	90.2	8503	8336	2870	7594	1038	0	13926	4518	9932	2999522	28084	49998	901	200000	3285293	68584803	328576299	2657	9805519	7361137	5171540
1789743887	121053	90.4	89.8	9534	2761	3325	6522	1939	0	16341	3979	5367	2998596	27807	50000	1245	200000	3286019	68591482	328684203	2657	9807674	7361912	5173181
1789743917	121082	89.5	89.4	7611	4968	3140	7892	1943	0	812	3751	8344	2998856	28139	50000	607	200000	3286683	68599522	328799021	2657	9809742	7363478	5174401
1789743948	121114	94.9	94.8	12887	3197	1071	5669	315	0	39207	3696	4772	3000281	28378	50000	308	200000	3287864	68612990	328970238	2657	9810500	7365418	5175106
1789743985	121151	91.8	91.5	11454	7009	1223	7671	287	0	66901	3501	8227	3000117	28228	50000	582	200000	3288910	68621401	329139362	2657	9812818	7367310	5176246
1789744007	121173	93.5	93.0	8652	6263	2302	5545	872	0	58344	3598	7968	3000084	27985	50000	1023	200000	3289267	68628425	329179082	2657	9815011	7368701	5177241
1789744040	121206	92.0	91.7	7022	4470	1567	7492	315	0	76957	3581	8337	2999862	27789	50000	988	200000	3290177	68636622	329303786	2657	9817304	7370509	5179243
1789744074	121240	93.5	93.2	7953	6189	2154	6240	677	0	58531	3587	8002	3000125	27850	50000	923	200000	3291049	68650673	329441978	2657	9819541	7371754	5180247
1789744098	121264	92.7	92.4	6959	2825	2276	8393	427	0	78325	3715	4900	3000034	27864	49883	1005	200000	3291692	68657902	329535348	2657	9821954	7373342	5182159
1789744127	121293	93.1	92.8	10723	9145	3392	6601	1817	0	3836	3728	8065	2998891	27783	49986	971	200000	3292603	68667011	329676541	2657	9824156	7374306	5182953
1789744161	121327	92.6	92.3	7307	3075	3663	8537	1986	0	16190	3692	8519	2998548	27689	49874	1043	200000	3293461	68684457	329810925	2657	9826706	7376282	5184168
1789744186	121352	98.4	98.4	7593	6445	853	4781	301	0	12986	3679	4616	3000413	28114	50000	45	200000	3294428	68694743	329963090	2657	9827021	7377479	5185271
1789744220	121386	92.5	92.1	12308	3977	1632	6898	123	0	64485	3715	8632	3000117	27985	50000	806	200000	3295315	68701280	330103390	2657	9829338	7379312	5186361
1789744247	121412	92.4	91.4	8566	6537	2254	6470	442	0	79356	3943	8522	3000090	27788	49966	875	200000	3295822	68706985	330187718	2657	9831830	7380618	5187756
1789744280	121445	93.6	93.4	7080	4555	1452	8473	253	0	90588	3825	8900	2999794	27767	50000	803	200000	3296761	68713632	330325413	2657	9834112	7382612	5190061
1789744313	121479	94.7	94.4	11430	3348	2671	6872	964	0	50711	3721	8216	3000082	27714	49969	952	200000	3297687	68725371	330478445	2657	9836473	7383551	5191061
1789744336	121502	92.5	92.0	8250	6463	3153	8749	1972	0	11643	3460	4509	2998801	27310	49954	1096	200000	3298449	68738508	330597105	2657	9838587	7384217	5192837
1789744370	121536	95.2	95.1	8829	7535	3626	6211	1261	0	4088	3918	8389	2999743	27433	49952	1084	200000	3299289	68750248	330739313	2657	9840827	7385963	5193339
1789744399	121564	98.5	98.2	11402	3171	1064	6267	473	0	23580	3757	4845	3000452	27961	50000	297	200000	3300307	68768208	330886703	2657	9841425	7387881	5194335
1789744430	121596	94.6	94.4	8941	3499	1183	5464	170	0	65723	3553	8052	3000227	28146	50000	626	200000	3301184	68779806	331001821	2657	9843482	7389947	5195148
1789744457	121623	95.8	95.4	7074	5867	2194	7368	525	0	80288	3910	8322	3000070	27981	49867	1102	200000	3301768	68790454	331091953	2657	9845820	7391587	5195957
1789744494	121660	96.1	95.8	6762	4012	1379	6371	179	0	80660	3786	8826	3000203	28015	50000	802	200000	3302985	68803751	331255597	2657	9848297	7393588	5197738
1789744518	121683	94.7	94.3	8937	4665	2002	7918	341	0	78744	3488	4463	3000042	27707	50000	940	200000	3303554	68810282	331364239	2657	9850372	7395031	5198594
1789744547	121713	97.7	97.5	8232	4130	2183	6625	570	0	87213	3661	8426	3000028	28118	49963	824	200000	3304416	68822064	331481361	2657	9852798	7397193	5199396
1789744579	121745	95.9	95.9	11998	10812	3764	8502	1150	0	9500	3697	8008	2998681	28062	49959	984	200000	3305571	68840567	331646918	2657	9855220	7397967	5199804
1789744607	121772	95.9	95.5	8565	4361	882	4872	311	0	1382	3697	4792	3000185	28335	50000	61	200000	3306568	68848884	331798580	2657	9855544	7399382	5201228
1789744640	121806	98.0	97.5	10060	5832	1331	6766	392	0	28031	3582	8461	3000322	28260	50000	547	200000	3307494	68858752	331961069	2660	9857954	7401244	5202374
1789744672	121838	95.8	95.6	7100	2571	1036	6028	298	0	88595	3831	8568	3000251	28512	50000	389	200000	3308406	68870342	332102531	2660	9860139	7403181	5203495
1789744698	121864	90.4	90.0	8035	6488	2457	8075	773	0	42884	3697	8242	2999015	28356	49980	946	200000	3308956	68874525	332181566	2660	9862298	7404459	5204627
1789744731	121897	94.0	93.6	9965	2286	2288	6721	826	0	69020	3849	8773	2999585	28471	50000	766	200000	3309912	68882177	332321166	2660	9864640	7405969	5206375
1789744757	121923	91.6	91.6	10802	8419	3570	8611	990	0	1517	3513	4457	2998443	28261	49900	1014	200000	3310881	68892415	332474663	2660	9866758	7406339	5207609
1789744792	121958	93.4	92.6	11015	5444	3207	7203	1413	0	7273	3830	8818	2999107	28787	50000	748	200000	3311751	68901688	332629617	2660	9868914	7408039	5208709
1789744820	121986	92.4	92.1	11478	3569	1026	7526	107	0	56930	4207	5269	3000297	29217	50000	458	200000	3312636	68916890	332748404	2660	9869409	7409578	5209969
1789744853	122019	93.4	92.9	7863	2522	1285	5777	252	0	73906	3895	8732	3000261	29110	50000	770	200000	3313457	68931467	332866359	2660	9871470	7411280	5211306
1789744882	122048	93.8	93.5	8639	3759	1567	7623	383	0	123405	3825	8854	3000199	29126	50000	744	200000	3313988	68945476	332934719	2661	9873830	7413071	5212243
1789744907	122073	93.5	93.4	11852	8474	3635	6132	1318	0	996	3734	4708	2998772	29027	49849	756	200000	3314950	68957225	333074290	2661	9876005	7413235	5213049
1789744943	122109	98.3	98.0	19548	2538	911	6484	387	0	33651	3971	9320	3000193	29327	50000	159	200000	3316124	68970120	333228862	2660	9876754	7415166	5214240
1789744977	122143	94.2	93.9	13931	3360	1038	5196	176	0	45652	3874	5154	3000232	29189	50000	204	200000	3317064	68979779	333384452	2660	9879132	7416633	5216033
1789744996	122162	91.6	90.6	6255	1864	1979	7326	451	0	91771	3805	8240	2999120	28738	50000	843	200000	3317182	68981124	333399155	2660	9881311	7418123	5217128
1789745026	122192	94.0	93.7	18923	2115	2945	6592	1442	0	19351	3926	5218	2999189	28801	49957	860	200000	3318162	68989692	333559838	2660	9883598	7418748	5218366
1789745059	122225	93.8	93.8	10166	9235	3699	7667	192	0	7761	4001	8564	2998902	28911	49903	823	200000	3319227	69001492	333726840	2660	9884948	7420047	5219179
1789745094	122260	98.1	97.7	12461	4111	1177	5452	175	0	31798	4017	9345	3000261	29036	50000	602	200000	3320224	69011502	333887321	2660	9886252	7421551	5220752
1789745121	122287	93.2	92.9	10016	6319	1197	7291	172	0	67506	3948	5479	3000190	29206	50000	547	200000	3320928	69018916	333991903	2660	9888270	7423266	5222065
1789745148	122314	93.0	92.6	11212	3978	2187	6137	835	0	60382	4205	9172	3000101	29081	49975	879	200000	3321400	69025399	334071887	2660	9890547	7424651	5223284
1789745182	122347	93.9	93.5	12133	3753	3047	8206	1369	0	12888	4178	9559	2999636	28978	49979	947	200000	3322338	69032570	334213055	2660	9892883	7425125	5225100
1789745207	122373	93.0	93.0	13382	3219	3485	6606	944	0	752	4043	5107	2998664	28863	49935	1043	200000	3323140	69040230	334341688	2660	9894947	7426322	5226408
1789745242	122408	94.9	94.6	9923	7455	3866	8357	1107	0	4980	3863	9066	2999558	28720	50000	1268	200000	3324078	69051658	334488866	2660	9897324	7428055	5227346
1789745269	122435	93.7	93.1	10773	1783	3876	6128	584	0	18625	3988	5295	2999104	28313	49928	1372	200000	3324797	69062540	334602861	2660	9898572	7429826	5228338
1789745299	122465	93.8	93.3	9444	2908	3885	7916	447	0	14718	3987	9440	2999040	28369	49911	1212	200000	3325552	69073203	334692343	2662	9900960	7431504	5229785
1789745330	122496	98.2	97.8	13820	2341	1028	5546	406	0	19166	4190	9545	3000303	28833	50000	420	200000	3326454	69085178	334809602	2660	9902430	7433157	5231117
1789745360	122526	94.6	94.3	7476	2353	1123	7397	458	0	19204	4288	5875	3000191	28773	50000	188	200000	3327304	69095613	334936174	2661	9904681	7434730	5232564
1789745395	122560	95.5	95.3	11562	5181	1211	6299	350	0	59711	4233	9769	3000159	28710	50000	407	200000	3328201	69104893	335071534	2660	9907115	7436618	5233894
1789745418	122583	96.0	95.6	5979	3894	1645	8332	475	0	96640	4299	9196	3000109	28664	50000	817	200000	3328566	69109541	335111802	2660	9909307	7438442	5235030
1789745449	122615	97.9	97.6	12957	3842	2770	6454	1150	0	28197	3828	5246	3000057	28625	50000	844	200000	3329597	69120039	335283865	2660	9911618	7439046	5236288
1789745481	122647	96.2	96.1	13578	6938	3670	7582	465	0	14743	4229	9675	2998402	28538	49893	880	200000	3330557	69131856	335427822	2660	9913363	7440657	5236714
1789745512	122678	95.7	95.5	12082	2415	1141	5039	311	0	37437	4334	5793	3000342	28887	50000	222	200000	3331528	69144115	335586721	2660	9914541	7442003	5238495
1789745540	122706	95.0	94.6	8755	4114	1422	6767	167	0	41856	4271	9671	3000133	28647	50000	779	200000	3332117	69148161	335684225	2661	9916509	7443687	5239787
1789745577	122743	93.7	93.2	12834	3950	1195	5946	137	0	35016	4211	10095	3000264	28769	50000	623	200000	3333087	69160486	335825879	2660	9918800	7445413	5241183
1789745602	122768	93.6	93.1	5609	4479	1739	7687	58	0	75056	4150	5429	3000218	28601	50000	1026	200000	3333643	69167453	335899630	2660	9921037	7447142	5241876
1789745633	122799	95.0	94.3	8612	7460	1918	5926	447	0	88802	4321	9768	3000154	28617	49973	1072	200000	3334238	69175548	336008110	2660	9923254	7448849	5243427
1789745657	122822	91.1	91.1	9020	4042	3214	7865	1114	0	23948	4005	5189	2998436	28499	49979	911	200000	3334833	69181448	336111900	2660	9925742	7449306	5244717
1789745695	122861	93.1	92.9	11677	7772	2875	5870	172	0	15176	4161	9365	2998944	28810	49906	872	200000	3336049	69195202	336299807	2660	9926879	7450707	5245557
1789745722	122888	91.9	91.5	11934	6074	1566	6932	388	0	59623	4174	5388	3000341	28833	50000	880	200000	3336765	69201330	336425266	2661	9928043	7452297	5246600
1789745753	122919	91.7	91.3	6429	4080	1724	5267	456	0	72530	4034	9008	3000172	28690	50000	754	200000	3337475	69211520	336521607	2661	9930291	7453888	5248079
1789745778	122944	91.1	90.6	9177	3763	2828	6967	1053	0	27605	4079	5304	3000041	28382	49994	1043	200000	3338089	69220283	336623865	2660	9932464	7454635	5249314
1789745809	122975	94.5	92.9	8957	6099	3118	6341	1864	0	23882	4514	9870	2998825	28442	49917	1052	200000	3338798	69233337	336738084	2660	9934936	7456196	5250405
1789745837	123003	90.8	90.8	12791	3345	3779	8283	1415	0	1700	3766	4850	2998155	28636	49944	953	200000	3339708	69245541	336868214	2661	9937343	7457399	5251693
1789745871	123037	96.0	95.8	13020	6134	897	5818	326	0	26586	3966	8868	3000250	29058	50000	303	200000	3340831	69257556	337012727	2660	9937842	7459297	5252713
1789745906	123071	94.6	94.4	11667	3692	1518	7948	564	0	30954	3773	9016	3000159	28895	50000	484	200000	3341680	69268140	337155732	2660	9940517	7461363	5253866
1789745934	123100	93.8	93.6	6009	2525	1993	5617	406	0	68105	3751	5008	3000209	28935	50000	685	200000	3342539	69280368	337287173	2660	9942573	7462706	5255463
1789745963	123129	95.1	94.9	9972	4169	1387	7443	227	0	80325	3742	8572	3000199	28909	50000	738	200000	3343166	69285430	337397342	2660	9944666	7464478	5256946
1789745993	123159	95.0	94.6	10270	4185	1934	6286	455	0	85810	3677	8261	3000140	28809	50000	866	200000	3343937	69296619	337519292	2661	9946836	7466011	5257877
1789746015	123181	94.0	93.4	10404	7243	3157	7963	1885	0	4120	3399	4259	2999139	28511	50000	850	200000	3344643	69304047	337648059	2660	9949042	7466554	5258880
1789746050	123216	96.0	95.8	10809	7721	3571	6271	2107	0	4760	3936	8674	2999773	28445	50000	992	200000	3345749	69319237	337801607	2660	9951343	7468468	5259677
1789746078	123243	97.7	97.6	11821	1998	1354	6534	498	0	20249	3859	4932	3000425	28851	50000	384	200000	3346751	69329537	337959984	2660	9952175	7470253	5260490
1789746109	123275	94.9	94.6	10592	2813	1096	5842	186	0	51351	3844	8695	3000303	28825	50000	605	200000	3347622	69340888	338077884	2660	9954108	7472130	5261601
1789746143	123309	94.5	94.2	10874	3407	1256	7650	242	0	75138	3775	8756	3000153	28763	50000	625	200000	3348592	69352458	338211893	2660	9956509	7474223	5262578
1789746174	123340	94.8	94.6	11306	2974	1161	5602	121	0	105861	3775	8499	3000182	28707	50000	606	200000	3349430	69362294	338342786	2660	9958687	7476190	5263492
1789746197	123363	91.7	91.0	7795	7493	3579	7589	1345	0	31770	3435	4442	2999686	28026	49954	1436	200000	3350047	69370770	338446290	2660	9961099	7476815	5264178
1789746226	123391	95.5	95.2	5788	5094	2866	6079	1529	0	29952	3864	8634	2999270	28433	49932	956	200000	3350682	69381646	338531358	2660	9963289	7478233	5266111
1789746258	123424	97.4	96.6	9353	5245	2985	7686	1679	0	13111	4010	9045	2999867	28513	50000	962	200000	3351642	69397494	338676199	2660	9965513	7480005	5267144
1789746286	123451	95.6	95.2	11822	2534	3108	7307	1315	0	26639	3961	5233	2999456	28531	50000	1091	200000	3352457	69407003	338797048	2660	9968019	7482035	5268290
1789746316	123482	94.1	94.0	9291	5857	2892	8736	1834	0	3630	3792	8537	2999441	28817	50000	657	200000	3353426	69419550	338920778	2660	9970135	7483568	5269321
1789746347	123513	98.0	97.8	11887	1668	1140	5709	427	0	19778	3822	8422	3000407	29089	50000	362	200000	3354467	69435123	339044095	2660	9970933	7485399	5269793
1789746381	123546	96.6	96.3	12217	1717	1096	7716	320	0	3518	3775	8785	3000313	29201	50000	335	200000	3355432	69445351	339189751	2660	9973286	7487061	5271429
1789746412	123578	95.4	95.1	10463	4730	1339	6096	366	0	35649	3909	5161	3000189	29074	50000	515	200000	3356379	69458148	339361272	2660	9975708	7488883	5272627
1789746444	123610	96.3	95.4	9830	4610	1268	7980	114	0	37116	4129	8802	3000145	29057	50000	752	200000	3357344	69466232	339513921	2660	9977917	7490271	5274706
1789746471	123637	92.6	92.3	6621	3541	1330	6353	213	0	105317	3890	8780	3000091	28946	50000	688	200000	3357837	69469952	339600885	2661	9980063	7492131	5276005
1789746498	123664	93.6	93.3	8169	6493	2194	8181	471	0	53548	3735	4768	3000090	28874	49965	982	200000	3358639	69479626	339719532	2660	9982371	7493665	5277018
1789746526	123691	94.4	94.1	10608	5152	3174	6838	1915	0	36004	3579	8350	2998665	28638	49909	1086	200000	3359454	69488670	339840368	2660	9984814	7494640	5277864
1789746560	123726	94.1	94.0	11325	5846	3484	8431	1421	0	5941	3617	8238	2999062	28732	50000	812	200000	3360558	69503939	340001028	2660	9987046	7496265	5278561
1789746593	123759	95.6	95.4	11640	3729	1137	4965	265	0	42237	4272	5415	3000504	29263	50000	382	200000	3361714	69524989	340160485	2660	9987625	7498179	5279469
1789746626	123792	91.1	91.0	6257	2452	1130	6863	319	0	92094	3736	8357	3000298	29341	50000	534	200000	3362528	69538657	340284256	2660	9989941	7500083	5280773
1789746649	123815	89.4	89.0	12183	3966	1925	5958	389	0	80023	3384	4433	3000109	29047	50000	827	200000	3363060	69547000	340357453	2660	9992066	7501683	5281465
1789746677	123843	91.2	90.7	10367	6842	3767	7953	2068	0	8072	3667	8133	2998478	28533	49934	1206	200000	3363904	69559041	340488902	2660	9994430	7502296	5282621
1789746710	123876	95.0	94.7	8639	4417	3266	6264	1992	0	14259	3881	8908	2999087	28291	49964	1166	200000	3364764	69578652	340620019	2660	9996611	7503789	5284249
1789746741	123906	94.2	93.1	7531	3497	3850	7872	2118	0	1909	3877	8627	2998918	28631	49961	1269	200000	3365549	69588001	340737024	2660	9998959	7505722	5285072
1789746768	123934	92.2	92.2	11166	3959	3785	7016	1207	0	2578	3843	4987	2998994	28427	49954	1201	200000	3366471	69599436	340854154	2670	10001362	7507517	5285886
1789746801	123967	95.0	94.6	8869	6183	3832	8705	1253	0	2558	3803	8629	2999267	28410	49965	1050	200000	3367315	69613660	340974253	2670	10003650	7509328	5286965
1789746828	123994	96.2	95.8	8930	3358	1165	5671	566	0	27351	4033	5013	3000205	28722	50000	319	200000	3368150	69626336	341080241	2670	10004353	7511149	5288216
1789746862	124028	95.3	95.1	10853	3734	1204	7410	279	0	45796	3814	8466	3000392	28868	50000	515	200000	3369088	69640865	341221684	2670	10006566	7513261	5289086
1789746896	124061	95.0	94.8	11453	5112	1238	5834	208	0	104529	3755	8463	3000375	29162	50000	777	200000	3370017	69654557	341359440	2670	10008670	7515364	5289811
1789746918	124084	92.2	91.9	9119	3764	2163	7479	618	0	86553	3857	4774	3000032	29232	49970	922	200000	3370526	69660216	341453972	2670	10010798	7516605	5290725
1789746949	124115	95.0	94.7	10995	6833	3161	5955	2158	0	13514	4004	8957	2998769	29085	50000	833	200000	3371425	69669485	341601972	2670	10013128	7517425	5291432
1789746979	124145	98.2	98.2	10564	3547	913	5966	355	0	36768	3918	4967	3000261	29454	50000	327	200000	3372581	69682452	341777132	2673	10013561	7519300	5291947
1789747014	124180	94.1	93.9	9351	3613	1166	4859	118	0	99528	3809	8929	3000256	29334	50000	519	200000	3373676	69691803	341945448	2670	10015725	7521286	5292920
1789747045	124211	93.3	93.0	10792	3229	1503	6781	253	0	101192	3782	8804	3000160	29160	50000	642	200000	3374445	69700127	342064506	2670	10018033	7523044	5294037
1789747069	124235	92.0	91.6	7034	4792	2925	6125	1128	0	22797	3558	4587	3000088	29131	50000	940	200000	3375136	69709249	342173583	2670	10020274	7523770	5294990
1789747098	124264	95.0	95.0	11477	7809	3513	7884	1226	0	16894	3779	8449	2998613	28893	50000	964	200000	3376015	69721677	342291304	2670	10022586	7525304	5295656
1789747129	124295	97.4	97.0	8442	2718	1022	4858	560	0	40923	3728	4820	3000225	29327	50000	350	200000	3377080	69738535	342450495	2671	10023353	7527130	5296826
1789747160	124326	93.5	93.2	9759	6741	1332	6770	144	0	35467	3751	8473	3000443	29463	50000	649	200000	3377949	69749169	342578956	2670	10025416	7528437	5298512
1789747197	124363	95.6	95.2	15178	2153	1212	6343	394	0	68694	3932	9360	3000224	29589	50000	491	200000	3378968	69761472	342733555	2670	10028056	7530474	5299781
1789747224	124389	95.0	94.3	6723	2990	1619	8070	301	0	77309	4071	8804	3000209	29141	50000	788	200000	3379555	69771366	342806661	2670	10030090	7532149	5300937
1789747258	124424	97.3	97.0	10044	7427	1193	5811	322	0	75726	4247	9602	3000165	29048	50000	478	200000	3380631	69784018	342954189	2670	10032397	7533908	5302377
1789747277	124443	93.9	93.4	7840	2802	2326	7804	790	0	64877	3814	4739	3000026	28900	50000	817	200000	3380991	69790342	343006895	2671	10034609	7535160	5303355
1789747309	124475	96.7	96.4	11323	5495	2836	6411	1924	0	16441	4082	8834	2998629	28767	50000	697	200000	3382054	69801643	343152267	2670	10036793	7536064	5304374
1789747340	124506	99.0	98.9	9898	3127	893	6682	246	0	45245	4064	5229	3000327	29251	50000	346	200000	3383192	69817620	343327270	2670	10037367	7537878	5304914
1789747381	124547	94.3	94.0	13761	5272	1743	5694	388	0	107006	3983	12966	3000175	29015	50000	852	200000	3384273	69829866	343488483	2670	10039953	7539782	5305981
1789747400	124565	87.6	86.9	8574	6618	3112	7587	1449	0	23726	4332	5343	2998632	28614	49936	961	200000	3384586	69832937	343534321	2670	10042094	7540557	5307458
1789747427	124593	93.2	93.1	9978	4646	3333	6361	1133	0	11956	3973	5338	2999200	28952	49969	762	200000	3385539	69847640	343675925	2670	10043861	7541313	5308767
1789747456	124622	96.5	94.1	11256	2985	933	6921	236	0	14340	4889	5874	3000138	28908	50000	210	200000	3386335	69857037	343801609	2670	10044690	7542598	5310432
1789747497	124663	93.0	92.8	17788	2832	1193	6190	393	0	69966	4042	13165	3000288	28967	50000	397	200000	3387357	69865968	343965879	2670	10047242	7544537	5311614
1789747517	124682	85.2	84.6	6315	2542	1781	8172	562	0	88812	3875	4873	3000108	28868	50000	768	200000	3387610	69870662	344001997	2670	10049362	7546131	5312932
1789747545	124711	90.7	90.3	7882	6790	2968	6275	1674	0	14448	3491	4529	2999376	28585	50000	922	200000	3388590	69879667	344147849	2670	10051615	7546499	5314126
1789747577	124743	96.3	96.2	13351	6042	1117	6531	400	0	6991	3817	8638	3000371	28978	50000	199	200000	3389546	69893696	344307421	2670	10052343	7548078	5314911
1789747612	124778	91.3	91.0	8598	4323	4159	5955	283	0	4560	4090	9488	2998303	27962	49941	1301	200000	3390371	69912344	344412973	2670	10055099	7549463	5316777
1789747639	124805	93.0	92.4	10724	4563	3559	8029	580	0	17021	3882	5077	2999275	28410	49955	992	200000	3391046	69919347	344544492	2670	10057920	7551174	5318161
1789747672	124838	96.7	96.0	8673	3237	575	5753	249	0	15509	4059	9165	3000410	28989	50000	220	200000	3391971	69933889	344674096	2671	10058874	7552758	5319600
1789747702	124867	94.7	94.1	8475	2894	1229	7871	567	0	27696	4025	5387	3000284	28417	50000	493	200000	3392872	69945555	344791683	2670	10061685	7554594	5320981
1789747737	124902	94.2	93.9	12205	4839	1087	6322	386	0	57910	3922	8827	3000170	28525	50000	359	200000	3393808	69961572	344913546	2670	10064092	7556518	5322327
1789747758	124924	93.8	93.4	5820	3119	1431	8404	427	0	101605	3986	8440	3000004	28482	50000	765	200000	3394031	69963969	344950430	2670	10066291	7558416	5323395
1789747785	124951	94.1	93.8	13908	3660	3045	6535	1832	0	25743	3444	4625	2999120	28153	50000	1020	200000	3395020	69973238	345091222	2670	10068600	7558858	5324338
1789747817	124983	94.8	94.8	11483	5976	3554	8375	998	0	2346	4144	8822	2998369	27947	49927	1043	200000	3395927	69984058	345230417	2670	10070861	7560205	5325622
1789747849	125015	95.8	95.3	9284	6381	3101	6559	1778	0	4241	3862	9138	2998760	27856	49926	805	200000	3396717	69996521	345349020	2670	10072934	7561566	5327887
1789747876	125042	97.7	97.4	9858	2503	1142	6799	387	0	14161	4148	5128	3000198	28049	50000	387	200000	3397617	70005778	345503948	2670	10073680	7563187	5328723
1789747909	125075	93.8	93.6	10383	4314	1242	6056	193	0	31677	4012	9092	3000248	28331	50000	537	200000	3398430	70017635	345630865	2670	10075864	7564831	5329972
1789747943	125109	94.5	94.3	8777	2278	1509	7785	245	0	37755	4235	9354	3000245	28645	50000	587	200000	3399430	70028027	345773460	2670	10077987	7566421	5331387
1789747977	125143	93.6	93.3	12854	3102	1364	5975	289	0	52629	4337	5701	3000166	28570	50000	426	200000	3400413	70037423	345951296	2670	10080612	7568254	5332806
1789748000	125166	93.8	93.5	6320	2433	1726	7720	274	0	72590	4031	8573	3000112	28432	50000	919	200000	3400751	70043258	345990587	2670	10082461	7569910	5333758
1789748030	125196	96.1	95.8	9729	4716	2342	6016	722	0	84896	3775	5215	3000090	28366	49928	985	200000	3401657	70056703	346127659	2670	10084877	7571449	5334777
1789748060	125226	97.9	97.8	11996	6785	3709	7711	1342	0	2054	4127	8797	2998657	28166	49920	824	200000	3402499	70070370	346272968	2670	10087104	7572046	5335365
1789748092	125258	96.6	96.3	9513	2583	1150	4658	211	0	37771	4170	5525	3000711	28912	50000	444	200000	3403600	70084929	346449966	2670	10087705	7574065	5336291
1789748126	125292	96.4	95.9	12704	4344	1092	6360	146	0	75100	4179	9371	3000432	28901	50000	551	200000	3404540	70105295	346579131	2670	10089921	7575924	5337542
1789748156	125322	96.5	95.2	5964	3074	1484	5721	127	0	74130	4045	9360	3000164	28625	50000	592	200000	3405302	70113693	346685769	2670	10092065	7577569	5338806
1789748179	125345	92.1	91.6	12286	3447	1758	7627	336	0	126289	4174	5207	3000237	28533	50000	965	200000	3405730	70125757	346740300	2670	10094399	7579418	5339807
1789748207	125372	93.8	93.5	16420	6859	2749	6100	1640	0	11298	3727	4790	2999442	28515	50000	768	200000	3406672	70137952	346882172	2670	10096615	7579794	5340981
1789748238	125404	97.7	97.6	16148	3444	1207	6495	481	0	21263	4059	8964	3000283	28775	50000	319	200000	3407766	70149177	347027368	2670	10097527	7581558	5341405
1789748269	125435	92.0	91.6	10199	4581	938	5148	236	0	25185	4138	5994	3000208	28723	50000	207	200000	3408665	70159190	347159062	2670	10099687	7583043	5343333
1789748308	125473	94.5	94.2	14332	6186	1061	7071	292	0	65130	4191	9596	3000376	28698	50000	448	200000	3409697	70173237	347334040	2670	10102109	7584971	5344479
1789748330	125496	93.2	92.7	6635	2468	1622	5739	383	0	88170	3921	8645	3000137	28464	50000	939	200000	3410044	70179574	347372407	2670	10104026	7586694	5345339
1789748356	125522	90.7	90.4	8312	5926	3036	7616	740	0	30056	3775	4859	2998538	28055	49957	1006	200000	3410797	70188986	347486131	2670	10106358	7587702	5346737
1789748391	125557	93.6	93.4	13389	7531	3408	6012	1134	0	3267	4099	8684	2999014	28337	49837	889	200000	3411890	70200109	347674189	2670	10108556	7588689	5347340
1789748418	125583	89.5	89.3	12705	3230	1324	6340	311	0	40905	4186	5232	3000234	28470	50000	617	200000	3412736	70212926	347788723	2670	10109028	7590356	5348495
1789748455	125621	92.6	92.2	11350	2751	1859	6137	599	0	107354	4031	9151	3000126	28239	50000	901	200000	3413746	70222393	347952143	2670	10111679	7592205	5349616
1789748479	125644	89.4	89.1	6320	3548	2713	8111	703	0	43105	3983	5044	3000120	28204	50000	1065	200000	3414245	70231019	348026680	2670	10114021	7593344	5351087
1789748507	125673	94.4	93.9	11047	3140	2996	6642	1402	0	30210	3923	9119	2999216	28150	49997	957	200000	3414969	70237796	348134101	2670	10116327	7594757	5352741
1789748541	125707	93.4	93.0	12962	5065	3023	8382	1331	0	16854	4199	9705	2998766	27971	49998	1042	200000	3415826	70249338	348264040	2670	10118428	7596023	5354396
1789748567	125733	93.0	92.6	10102	6120	3328	6730	1561	0	713	3833	4854	2999190	28253	50000	1121	200000	3416657	70259717	348403135	2670	10120220	7596955	5355664
1789748599	125764	95.0	94.7	7323	3975	3028	8397	1216	0	11677	4339	9666	2999405	27942	50000	841	200000	3417444	70268606	348522875	2670	10122377	7598661	5357201
1789748627	125793	96.1	95.9	8786	3385	929	5701	144	0	21499	3983	5083	3000416	28204	50000	350	200000	3418398	70279473	348680405	2670	10123220	7599948	5358953
1789748661	125827	93.6	93.3	10817	2144	1350	7855	488	0	42916	4103	9416	3000112	27833	50000	607	200000	3419286	70287329	348813482	2670	10125752	7601783	5359966
1789748699	125865	95.5	95.3	14991	5148	1433	5841	302	0	58953	4037	9374	3000388	28243	50000	593	200000	3420448	70307732	348942916	2670	10127968	7603513	5361313
1789748718	125883	86.5	86.1	7080	4729	2443	7813	469	0	47378	4078	4869	2999807	27945	49998	1122	200000	3420688	70310806	348977136	2670	10130053	7604830	5362366
1789748752	125918	94.9	94.5	10634	6194	2480	6737	990	0	48063	3949	8965	3000043	27787	49982	1099	200000	3421562	70321042	349125534	2670	10132591	7606408	5364018
1789748776	125941	91.9	91.6	8932	1743	2315	8736	882	0	59042	4240	5341	2998734	27643	49917	776	200000	3422155	70327316	349225879	2670	10134906	7607424	5366298
1789748810	125976	94.4	94.1	8023	6653	3712	7926	2165	0	12372	4110	8910	2998106	27557	49946	958	200000	3423268	70336087	349412980	2670	10137300	7608468	5367274
1789748842	126007	98.6	98.5	10893	3697	1050	7929	399	0	32661	3879	5048	3000282	27898	50000	346	200000	3424447	70349171	349605745	2670	10137764	7610277	5367907
1789748873	126038	94.4	94.1	8759	6756	1056	4736	265	0	50117	3976	8865	3000176	27769	50000	545	200000	3425288	70357093	349729225	2670	10139873	7612196	5368811
1789748908	126074	96.8	96.5	15437	2754	1167	6463	167	0	98574	3901	9221	3000377	27865	50000	523	200000	3426350	70370773	349882067	2670	10142173	7614171	5369726
1789748929	126095	94.0	93.5	6000	2936	2962	5936	1016	0	40644	3738	4716	3000052	27454	49915	1109	200000	3426793	70378298	349942210	2670	10144426	7615135	5370436
1789748957	126123	98.4	98.3	10936	5076	3061	7452	1970	0	10836	3802	8580	2999247	27575	50000	822	200000	3427657	70386819	350076805	2670	10146629	7616369	5371315
1789748987	126153	96.3	96.1	12255	4041	3621	5156	389	0	18528	3920	5113	2999324	27401	49931	1024	200000	3428736	70399702	350226137	2670	10148184	7618293	5371859
1789749020	126186	96.8	96.5	12043	5673	1038	5986	294	0	31381	4488	9619	3000196	27567	50000	373	200000	3429644	70409233	350382227	2670	10149416	7620033	5373025
1789749049	126215	97.4	96.9	8851	3999	1104	5791	371	0	20054	3967	5237	3000246	27412	50000	469	200000	3430581	70421535	350528770	2670	10151668	7621657	5374440
1789749080	126246	94.2	93.7	10650	2308	1939	7852	777	0	25457	4067	9147	3000155	26988	50000	708	200000	3431293	70428349	350638892	2670	10154417	7623443	5375552
1789749110	126275	96.7	96.5	9025	4770	1271	5956	316	0	59357	4385	9746	3000232	27367	50000	482	200000	3432007	70436687	350750946	2670	10156198	7625101	5377013
1789749147	126313	94.9	94.7	9569	3480	1379	7911	252	0	62344	3960	9343	3000199	27368	50000	684	200000	3433196	70447986	350914839	2670	10158680	7627136	5378204
1789749171	126337	92.4	92.0	8025	3740	1708	5702	14	0	86607	3923	4923	3000122	27215	50000	978	200000	3433826	70455381	351000943	2670	10160691	7628706	5379002
1789749206	126371	92.7	92.5	12683	6114	1580	7572	222	0	83796	4218	9630	3000113	28092	49921	945	200000	3434612	70464857	351137719	2670	10162941	7630453	5380849
1789749226	126392	92.4	92.1	11533	5458	2984	5808	1460	0	23310	3833	4599	2999388	28125	50000	942	200000	3435054	70469812	351227456	2670	10165123	7630917	5381610
1789749257	126423	93.0	93.0	13563	3839	3846	7610	1284	0	5672	4080	5480	2998447	27968	49959	1058	200000	3436087	70480184	351395624	2670	10167560	7632461	5382150
1789749289	126455	94.7	92.6	7925	5762	3558	6581	1430	0	1255	4830	9996	2998184	28020	50000	768	200000	3436857	70488723	351508826	2670	10169890	7634233	5383651
1789749324	126490	93.3	93.0	13404	4894	784	6707	251	0	47269	4082	5225	3000271	28537	50000	320	200000	3438054	70497143	351704054	2670	10170383	7636031	5384909
1789749347	126513	90.3	90.0	6349	3714	1459	6440	353	0	118328	4215	8953	3000043	28330	50000	735	200000	3438236	70500965	351736413	2670	10172629	7638063	5385792
1789749376	126542	94.4	94.0	13949	8617	3226	8331	2016	0	8236	3847	4899	2998403	28013	49967	1000	200000	3439344	70509795	351909129	2672	10174974	7638217	5386805
1789749412	126577	95.3	95.2	9749	2046	3303	6137	1344	0	13919	4098	9360	2998671	27986	49990	821	200000	3440346	70520539	352062432	2672	10177300	7640281	5387379
1789749443	126609	97.6	97.2	13925	2578	1457	6676	502	0	39040	4049	5437	3000266	27963	50000	593	200000	3441471	70536030	352223998	2672	10178152	7642040	5388614
1789749476	126642	93.0	92.9	7425	2164	1439	6360	544	0	109178	4223	9415	3000339	28157	50000	491	200000	3442198	70545433	352349051	2672	10180635	7643751	5390226
1789749500	126666	93.0	92.7	14759	6527	2863	8270	1878	0	14495	4180	8902	3000088	28241	50000	737	200000	3442771	70551984	352445638	2672	10182743	7644172	5391491
1789749527	126693	98.2	98.1	17926	6938	831	5029	338	0	13438	4381	5309	3000217	28415	50000	201	200000	3443775	70565568	352596652	2672	10183230	7645694	5392365
1789749567	126733	95.0	94.6	13984	3043	1232	7073	572	0	33762	4072	9201	3000160	28142	50000	411	200000	3444994	70586229	352768825	2672	10185882	7647722	5393421
1789749594	126759	92.4	92.0	9317	2930	1246	5989	254	0	125326	4004	5222	3000363	28240	50000	617	200000	3445738	70597087	352863989	2672	10187930	7649442	5394578
1789749616	126782	91.0	90.5	6701	3261	2360	7984	584	0	55413	3568	4448	2999593	27983	49899	987	200000	3446320	70606293	352945761	2672	10190073	7650641	5396017
1789749648	126814	94.1	94.1	15347	6112	3613	6411	1304	0	6134	4151	8862	2998801	27780	50000	984	200000	3447231	70615034	353112249	2672	10192383	7651457	5396396
1789749683	126849	92.7	92.3	8065	5380	3675	8433	1371	0	7599	3845	9011	2998892	28264	49954	918	200000	3448264	70627872	353264688	2672	10194694	7653102	5397972
1789749713	126879	97.5	97.1	13139	1668	1334	4683	318	0	38443	3868	4999	3000238	28522	50000	481	200000	3449337	70638355	353428574	2672	10195288	7654965	5398919
1789749748	126914	93.8	93.6	8899	2447	1071	6698	291	0	132382	3791	8987	3000157	28476	50000	456	200000	3450296	70649637	353580114	2673	10197618	7656962	5400467
1789749766	126932	90.2	89.7	13024	4562	2946	6232	1265	0	12853	3732	4496	2999334	28164	50000	959	200000	3450647	70653672	353642443	2672	10199617	7657334	5401293
1789749796	126962	94.0	93.9	9773	5438	3292	7942	1449	0	1758	3972	8602	2998429	28303	49967	553	200000	3451612	70663032	353782331	2672	10201940	7658955	5402094
1789749831	126996	97.0	96.8	8888	5938	3416	6631	1273	0	10339	4124	9137	2999181	28255	49982	853	200000	3452713	70675924	353922674	2672	10204461	7660609	5403748
1789749866	127032	98.0	97.8	14472	6380	735	6865	193	0	47102	4058	8857	3000245	28592	50000	313	200000	3453864	70687275	354111635	2672	10205014	7662345	5404938
1789749895	127061	97.1	96.8	12632	1749	1593	5645	92	0	76142	4047	5228	3000428	28764	50000	681	200000	3454749	70696436	354256149	2672	10207302	7663904	5406299
1789749923	127089	96.6	96.1	5301	3728	1565	7439	114	0	91293	4216	8959	3000046	28567	50000	873	200000	3455272	70701420	354344326	2672	10209330	7665771	5407467
1789749947	127113	97.7	97.3	12662	5767	2683	5785	713	0	38782	3671	4693	2999368	28564	49976	942	200000	3455926	70708107	354469338	2672	10211613	7666793	5408264
1789749980	127146	95.6	95.2	9856	7162	3120	7597	1966	0	20817	4073	9068	2998755	28642	50000	977	200000	3456956	70722726	354620351	2672	10214006	7668191	5409126
1789750007	127173	97.4	97.4	9067	3325	916	4439	456	0	6646	3854	4832	3000321	29114	50000	226	200000	3458030	70731945	354772878	2672	10214603	7669891	5409810
1789750041	127207	96.3	96.1	13862	3569	908	6238	215	0	44597	4025	9115	3000380	29273	50000	373	200000	3459067	70745791	354914149	2672	10216759	7671823	5410766
1789750077	127243	94.8	94.4	16028	4501	1361	5836	105	0	70733	4085	9211	3000185	29163	50000	729	200000	3460076	70756117	355070049	2672	10218984	7673823	5411675
1789750098	127264	92.8	92.1	5224	3401	1743	7485	138	0	104034	3901	4993	3000301	29513	50000	927	200000	3460479	70765801	355114673	2672	10221147	7675476	5412479
1789750127	127292	94.0	93.3	13317	3824	3330	6010	939	0	46136	4251	9280	2998992	28772	49981	1497	200000	3461230	70773619	355217165	2672	10223551	7676494	5413327
1789750157	127323	93.9	93.5	10183	3414	2208	7826	630	0	67266	4127	9504	2999361	28820	50000	804	200000	3461845	70782636	355312030	2672	10226076	7678746	5415280
1789750186	127352	93.7	93.5	12954	2661	2850	6782	1813	0	18232	4052	5221	2998467	29080	50000	781	200000	3462940	70798677	355462496	2672	10228159	7679420	5416674
1789750216	127381	87.9	87.5	8235	6022	2699	8637	1621	0	5627	4036	9122	2998551	28992	49976	760	200000	3463622	70803408	355575466	2672	10230182	7680277	5418696
1789750250	127416	94.2	94.0	11289	5530	3322	7195	1223	0	3304	4055	9057	2998753	29115	49989	909	200000	3464715	70811305	355733839	2672	10232611	7682101	5419597
1789750278	127444	97.4	97.3	10500	2184	973	7509	227	0	43187	4271	5398	3000175	29499	50000	288	200000	3465619	70820317	355874303	2672	10233283	7683859	5420717
1789750315	127480	94.7	94.4	10640	4114	1244	6054	122	0	77931	3813	8687	3000208	29498	50000	679	200000	3466702	70831422	356037223	2672	10235424	7685800	5421729
1789750349	127514	94.3	94.0	14126	2806	1202	7812	93	0	100778	4063	9022	3000237	29515	50000	759	200000	3467543	70841409	356177271	2672	10237733	7687821	5422761
1789750366	127532	91.5	90.8	6202	6189	3275	5823	1891	0	35795	3543	4280	2998633	28988	49933	1177	200000	3467934	70847049	356244254	2672	10240092	7688287	5423348
1789750400	127566	94.8	94.6	9457	6403	3329	7530	1837	0	1167	3937	9019	2998979	29577	49936	923	200000	3468913	70860174	356397296	2672	10242239	7689712	5425209
1789750428	127594	97.6	97.5	11363	4558	1149	4583	453	0	26295	4022	5085	3000314	29973	50000	325	200000	3469866	70878289	356543228	2672	10243026	7691485	5425728
1789750462	127628	94.5	94.2	9920	3507	1041	6307	122	0	46494	3951	8967	3000194	29816	50000	586	200000	3470811	70888120	356689747	2672	10245075	7693351	5426897
1789750499	127665	95.3	95.0	16011	4379	1202	5712	195	0	56379	3924	8981	3000239	29759	50000	627	200000	3471875	70903788	356833908	2672	10247446	7695320	5427795
1789750518	127684	91.9	91.4	7560	1919	1584	7344	190	0	109340	3862	4765	3000049	29544	50000	865	200000	3472127	70909907	356859690	2672	10249445	7697028	5428549
1789750552	127718	93.7	93.3	10025	3101	2617	6201	688	0	66043	3903	8846	2999849	29361	49967	902	200000	3473119	70921422	356993190	2672	10252109	7698668	5429591
1789750577	127743	93.7	93.6	17856	2653	4011	7910	769	0	13979	3777	4709	2999265	28843	49978	1330	200000	3473997	70931965	357138463	2672	10254204	7699127	5430549
1789750608	127774	93.2	92.2	8027	4957	2989	6461	1944	0	4534	4193	9520	2999430	28802	49995	814	200000	3474664	70940301	357235556	2672	10256370	7700711	5432430
1789750636	127802	92.3	92.2	8791	4078	3890	8506	979	0	8180	4410	5779	2999019	29463	49947	1204	200000	3475550	70952574	357350068	2672	10258808	7702359	5433425
1789750666	127832	98.2	97.9	8420	6597	983	5972	377	0	9784	3918	8778	3000254	29931	50000	304	200000	3476343	70965421	357486294	2672	10259416	7704052	5434653
1789750703	127868	94.5	94.4	15196	4823	1381	7695	314	0	39683	3806	8847	3000350	30150	50000	458	200000	3477432	70978982	357643694	2672	10261774	7706110	5435537
1789750734	127900	96.0	95.7	9590	3931	1235	5487	217	0	53676	3877	5261	3000347	30208	50000	607	200000	3478396	70990791	357811739	2672	10263953	7707933	5436631
1789750764	127929	98.2	97.9	8949	5257	1979	7642	559	0	123685	4023	8992	3000197	30144	50000	1016	200000	3479183	70999227	357923469	2672	10266467	7709800	5437670
1789750792	127958	97.6	97.3	14192	5657	2492	6540	1102	0	60022	4150	9187	3000028	29919	49995	902	200000	3479857	71006684	358034359	2672	10268778	7710864	5439463
1789750816	127981	96.7	96.5	7192	5722	3184	8074	1795	0	7893	3960	4901	2999346	29758	50000	922	200000	3480624	71013353	358161622	2673	10270708	7711549	5440753
1789750849	128015	96.5	96.3	11139	6266	3477	6695	992	0	6953	4044	8906	2998699	29532	50000	1084	200000	3481597	71023066	358326334	2672	10273068	7713378	5441511
1789750882	128048	94.4	94.0	8730	5041	3531	8369	1083	0	7363	3983	9017	2999809	29822	49989	1150	200000	3482471	71038445	358455673	2672	10275275	7715063	5442673
1789750909	128075	96.8	96.4	9063	5280	951	5323	287	0	34830	4292	5435	3000404	30364	50000	333	200000	3483300	71056352	358582918	2672	10275851	7716777	5443942
1789750942	128108	95.4	93.1	13299	3110	469	7178	148	0	23104	4505	10103	3000189	30234	50000	170	200000	3484222	71064603	358722033	2672	10278007	7718064	5446213
1789750980	128146	93.0	92.6	8482	3557	1664	6292	239	0	71991	4002	8959	3000115	29821	50000	743	200000	3485281	71073800	358889974	2673	10280777	7720010	5447391
1789750999	128165	92.8	92.3	13027	1811	2106	8290	895	0	73006	4138	5082	3000115	29858	49999	830	200000	3485604	71082516	358916673	2672	10283021	7721477	5448460
1789751031	128197	95.2	94.8	8893	2150	1579	6492	186	0	83907	4114	8982	3000069	29729	50000	949	200000	3486471	71092337	359037086	2672	10285246	7723345	5450258
1789751055	128221	93.6	93.2	10770	6592	3081	8181	1772	0	38102	3602	4688	2999303	29767	50000	1021	200000	3487196	71100334	359157930	2672	10287654	7723972	5450848
1789751089	128254	93.4	92.7	8180	4908	4359	7241	2202	0	283	3951	8973	2998410	29292	49880	1532	200000	3488160	71111669	359295758	2672	10290002	7725296	5452428
1789751116	128281	89.6	89.4	8997	2309	2993	8555	1741	0	9187	4038	5147	2999316	29593	50000	759	200000	3488827	71119767	359396450	2672	10292243	7727154	5453794
1789751147	128313	97.3	97.2	14210	7477	975	5685	236	0	3013	3882	8669	3000639	30197	50000	197	200000	3489788	71135614	359522577	2672	10292679	7728607	5454601
1789751177	128343	93.2	92.9	13638	2668	1101	7668	549	0	17077	4124	5257	3000119	29895	50000	138	200000	3490672	71142290	359679298	2672	10295165	7730196	5456284
1789751210	128376	94.1	93.8	9378	4287	1321	6367	361	0	15573	3945	9027	3000201	29699	50000	321	200000	3491642	71151400	359809893	2672	10297552	7731843	5458082
1789751242	128407	93.4	93.0	11049	1666	1660	8500	458	0	78335	4017	9290	3000244	29609	50000	792	200000	3492364	71157472	359921356	2672	10299911	7733697	5459372
1789751271	128437	93.4	93.2	7191	3311	2100	6575	602	0	71111	3961	8681	3000047	29549	50000	998	200000	3492993	71165687	360021787	2672	10302060	7735214	5460834
1789751295	128461	93.2	93.0	10233	1436	2769	8246	1374	0	31128	3745	4919	2999046	29652	50000	784	200000	3493745	71172078	360146457	2672	10304295	7735910	5461978
1789751331	128497	94.3	94.3	11615	6511	3957	6764	956	0	12000	4024	8741	2998852	29207	49993	1308	200000	3494858	71184683	360326256	2672	10306834	7737506	5462853
1789751362	128528	95.5	94.9	7826	2495	3524	8200	1327	0	4588	3846	8975	2998909	28969	50000	979	200000	3495635	71194754	360442325	2672	10309011	7739262	5464030
1789751390	128556	93.9	93.4	11045	4040	3560	5775	548	0	17370	3818	5150	2999434	29261	49934	1002	200000	3496569	71211834	360572843	2672	10310466	7741146	5464946
1789751420	128585	97.9	97.6	12443	3759	1026	6614	230	0	32151	4032	9147	3000232	29550	50000	412	200000	3497384	71220776	360686091	2672	10311621	7742818	5466207
1789751458	128624	93.5	93.3	11318	4356	865	5744	280	0	49590	4402	9823	3000123	29587	50000	441	200000	3498544	71231855	360846923	2672	10313988	7744565	5467481
1789751476	128642	90.3	89.6	7989	2677	1881	7623	44	0	68983	4122	5074	3000066	29479	50000	1042	200000	3498744	71234252	360901761	2672	10315915	7745947	5468385
1789751516	128681	93.7	93.5	13154	3297	1754	6486	492	0	78461	4018	9618	3000038	29598	50000	866	200000	3499882	71243121	361074193	2672	10318584	7747729	5470440
1789751539	128705	93.7	93.4	6562	3573	1721	7762	498	0	66815	3609	4621	3000093	29894	50000	644	200000	3500453	71251999	361177324	2672	10320286	7748893	5471524
1789751565	128731	92.6	89.5	11114	3842	3914	6546	2204	0	5215	4405	9304	2998482	29212	49570	1554	200000	3501094	71262443	361276591	2672	10322733	7749423	5472478
1789751599	128765	95.4	94.4	7782	2544	1563	8012	467	0	78308	4376	10748	3000117	29238	50000	783	200000	3501728	71268934	361379938	2672	10325118	7752691	5474411
1789751629	128795	96.3	95.8	9157	6669	1758	6655	335	0	65277	4034	9295	3000054	28874	50000	1012	200000	3502504	71280812	361485912	2672	10327268	7754325	5475781
1789751658	128824	97.4	97.1	5960	5032	1619	8327	242	0	71360	4026	5475	3000327	29200	50000	731	200000	3503411	71297977	361607898	2672	10329710	7756127	5476974
1789751686	128852	96.6	96.4	10705	6200	3218	6563	2060	0	9190	3805	8447	2999484	29666	49889	945	200000	3504357	71305375	361740299	2672	10332118	7756712	5477875
1789751722	128888	98.3	98.3	12328	1758	3917	7461	458	0	6372	3947	9116	2998657	29410	49882	1146	200000	3505501	71317284	361922454	2672	10333623	7758657	5478393
1789751753	128918	98.4	98.0	8954	7757	1301	4597	476	0	26613	4333	6038	3000257	29842	50000	423	200000	3506420	71327464	362049438	2673	10335281	7760705	5479492
1789751781	128947	97.4	97.0	12465	3794	1292	6202	239	0	75213	4341	9742	3000162	29932	50000	769	200000	3507122	71335284	362147752	2672	10337141	7762552	5480274
1789751817	128983	95.3	94.8	7311	3583	1189	5926	137	0	88373	4499	10512	3000266	29880	50000	588	200000	3508113	71350159	362292298	2676	10339418	7764409	5481351
1789751836	129001	95.0	91.3	14730	7419	2889	7711	1405	0	16175	4892	5671	2998827	29531	49998	692	200000	3508479	71354711	362360361	2676	10341627	7764749	5482149
1789751867	129033	93.5	93.0	12509	3404	3410	6568	2217	0	10208	4157	6101	2998823	29447	49939	1117	200000	3509533	71370410	362498918	2676	10344063	7766067	5483850
1789751899	129064	94.5	94.5	9193	6139	3566	8233	1404	0	328	4637	9715	2998451	29601	49830	737	200000	3510378	71378302	362621158	2676	10346211	7767571	5485208
1789751932	129098	97.2	96.9	15656	4130	1226	6343	262	0	63577	4554	6084	3000409	29968	50000	462	200000	3511493	71393512	362778833	2676	10346905	7769560	5485940
1789751969	129134	95.6	95.3	6607	4675	1422	8278	336	0	90891	4160	10096	3000115	29621	50000	694	200000	3512537	71403781	362919767	2676	10349200	7771433	5487199
1789751989	129155	89.9	89.3	12957	3720	2327	5910	853	0	69258	4537	5701	3000066	29264	49801	905	200000	3512811	71409344	362954669	2676	10351504	7772805	5488375
1789752017	129183	93.2	93.2	16959	6107	1039	5919	264	0	19808	4178	5165	3000381	29557	50000	349	200000	3513836	71419750	363119844	2675	10351853	7773437	5488973
1789752051	129217	94.7	94.4	11487	2881	1086	4678	339	0	48953	4081	9698	3000205	29490	50000	398	200000	3514638	71430781	363252627	2676	10354185	7775286	5490077
1789752086	129251	94.4	94.2	11811	3471	1098	6552	132	0	76872	4032	9838	3000261	29223	50000	397	200000	3515431	71442810	363375028	2676	10356415	7777200	5491490
1789752106	129272	91.3	90.9	7745	5325	2251	6034	629	0	64207	3864	4865	2999226	28914	49944	882	200000	3515891	71449507	363442124	2676	10358563	7778466	5492553
1789752138	129304	94.5	94.5	13879	6429	3643	7803	1351	0	3617	3972	8526	2998181	28829	49909	866	200000	3516906	71458005	363604251	2676	10360917	7779303	5492947
1789752169	129335	98.4	98.1	14245	4366	817	4654	360	0	15656	4258	5466	3000388	29356	50000	123	200000	3518125	71470814	363780200	2676	10361377	7781074	5494173
1789752205	129371	94.9	94.6	7926	3263	1174	6652	343	0	60126	4419	10516	3000187	28871	50000	355	200000	3519065	71479734	363920483	2676	10363986	7783111	5495165
1789752228	129394	93.4	92.8	7273	5903	1669	5625	348	0	81260	4415	9748	3000034	28496	50000	807	200000	3519535	71484914	363952032	2676	10365747	7784695	5496052
1789752257	129423	93.8	93.4	10053	2351	2906	7622	1292	0	15077	4020	5423	2999777	28417	49945	844	200000	3520383	71495333	364080330	2676	10368068	7785277	5497308
1789752291	129457	95.3	95.3	14734	7724	3857	5326	455	0	6395	4162	9296	2998485	27928	49967	1255	200000	3521400	71505856	364247972	2676	10369445	7786957	5497743
1789752324	129490	93.8	93.4	9296	2729	3763	7309	447	0	12426	4364	10324	2998253	27777	49922	868	200000	3522209	71519843	364360847	2676	10371893	7788385	5499266
1789752354	129520	97.6	97.4	10286	2552	1048	4422	173	0	86523	4166	5622	3000483	28485	50000	587	200000	3523073	71531553	364490997	2676	10372852	7790306	5500333
1789752387	129553	93.8	93.5	11791	3456	1333	6172	74	0	91635	3969	9173	3000224	28727	50000	673	200000	3523819	71546170	364610346	2676	10375180	7792162	5501305
1789752408	129573	91.9	91.3	13682	3455	2928	5790	1544	0	43466	3706	4628	2999329	28541	50000	936	200000	3524342	71555470	364689112	2676	10377458	7792693	5502046
1789752440	129606	94.3	94.0	7731	5424	3780	7662	2238	0	909	3773	8687	2999053	28426	50000	1039	200000	3525350	71570460	364824908	2676	10379850	7794278	5503071
1789752469	129635	98.3	98.2	10058	3218	1053	4524	353	0	29973	3944	5136	3000374	28825	50000	362	200000	3526438	71585568	364969901	2676	10380417	7796210	5503670
1789752505	129671	94.6	94.5	12578	8095	1142	6294	287	0	82818	4055	9238	3000415	29175	50000	461	200000	3527502	71599101	365109356	2676	10382537	7798276	5504525
1789752537	129703	94.3	94.0	12912	3206	1120	5788	142	0	103559	3862	8735	3000185	29162	50000	597	200000	3528332	71609594	365233727	2676	10384682	7800169	5505504
1789752557	129722	95.0	94.3	6921	2100	3177	7738	1690	0	28059	3728	4614	2998848	28855	49874	1025	200000	3528844	71616707	365313161	2676	10387039	7800553	5506207
1789752591	129757	97.8	97.8	8338	6145	3751	6559	1394	0	7860	3836	8837	2998165	28731	49921	932	200000	3529937	71628790	365487322	2676	10389531	7802304	5507166
1789752627	129793	98.4	98.2	15249	3479	842	6594	386	0	20967	4175	9346	3000198	29091	50000	96	200000	3531081	71642011	365677057	2676	10389945	7804061	5508412
1789752656	129822	98.0	97.8	7686	4413	1274	4894	234	0	91405	4666	6491	3000226	29120	50000	504	200000	3531989	71652241	365808423	2676	10392266	7805882	5509558
1789752681	129847	96.5	96.0	14155	2237	2391	7046	448	0	65485	4475	9932	2998981	28807	50000	1064	200000	3532392	71657838	365872034	2676	10394565	7807184	5510921
1789752706	129872	94.4	94.0	9261	9031	3158	5991	1670	0	8197	4717	6426	2999592	28689	50000	920	200000	3533219	71663959	365993068	2676	10396532	7807813	5511777
1789752741	129907	95.3	95.1	8769	5101	3005	7865	1960	0	14838	4491	10445	2999330	28641	50000	894	200000	3534106	71673698	366132764	2676	10398895	7809476	5513157
1789752771	129937	97.2	97.1	18083	2970	1004	4537	214	0	28707	4544	5895	3000363	29123	50000	411	200000	3535088	71685904	366277057	2676	10399322	7811169	5513753
1789752806	129972	94.6	93.9	13704	5630	1232	6284	134	0	52284	4455	10411	3000239	28974	50000	685	200000	3535992	71695599	366416561	2676	10401420	7812962	5514977
1789752830	129996	92.1	91.8	7665	5362	1273	5554	64	0	132499	4522	5962	3000090	28976	50000	725	200000	3536536	71703298	366487403	2676	10403716	7814936	5515537
1789752856	130022	92.4	91.7	17851	2976	3731	7452	1952	0	3318	4126	5220	2998699	28905	49967	1186	200000	3537315	71712952	366634009	2676	10405948	7815141	5516809
1789752889	130055	93.2	92.8	8955	5764	3105	6151	1780	0	986	4585	10532	2998539	28573	49928	922	200000	3538058	71724018	366762628	2676	10407893	7816118	5519208
1789752917	130083	89.9	89.8	12145	4014	1274	6394	480	0	21360	4325	5500	3000080	28854	50000	407	200000	3538893	71730456	366895325	2673	10408696	7817701	5519822
1789752953	130119	92.5	92.2	14281	2673	1121	5945	222	0	43803	4028	9592	3000294	28743	50000	574	200000	3539877	71744512	367019569	2673	10410744	7819537	5521004
1789752990	130156	93.9	93.2	8820	5407	516	7614	143	0	47662	4286	9478	3000363	28686	50000	113	200000	3540850	71758050	367153942	2673	10412868	7820965	5523017
1789753007	130173	87.4	86.7	11133	7644	2456	6209	817	0	64742	3992	4880	2999022	28221	49953	936	200000	3541018	71759878	367179305	2673	10415188	7822459	5523634
1789753036	130202	90.4	90.2	16211	1745	3219	8344	1883	0	9042	3688	4790	2997892	27616	49959	997	200000	3541990	71767915	367344512	2679	10417541	7822630	5525697
1789753069	130235	91.8	91.6	11823	5842	3110	6460	1084	0	2016	4173	9216	2998207	27635	49966	793	200000	3542849	71773990	367490059	2679	10419522	7823872	5527345
1789753098	130264	97.5	97.2	16686	2227	1213	6881	422	0	30245	3966	5088	3000146	27732	50000	507	200000	3543775	71782803	367642987	2679	10420455	7825916	5528134
1789753135	130301	93.5	93.4	13409	5729	1069	6066	110	0	64216	3899	9035	3000330	28044	50000	499	200000	3544917	71799654	367803393	2679	10422576	7827951	5528965
1789753165	130331	91.7	91.4	9327	2205	1429	8012	260	0	108793	4235	9007	3000103	27894	50000	817	200000	3545576	71807790	367897691	2679	10424750	7829774	5530180
1789753186	130352	93.0	93.0	14723	7330	3601	6165	1210	0	8122	3576	4363	2998731	27893	49927	903	200000	3546251	71813337	368021816	2679	10427017	7829969	5530571
1789753217	130383	97.5	97.1	12052	3900	1202	6403	620	0	21432	3966	5176	3000200	28084	50000	314	200000	3547329	71827582	368176687	2679	10427699	7831669	5531787
1789753253	130419	93.7	93.3	10813	4744	1371	5209	233	0	47759	4142	9335	3000165	27733	50000	590	200000	3548265	71837587	368319955	2679	10430057	7833154	5533920
1789753285	130451	93.5	93.3	11307	3014	1287	7220	303	0	71391	3931	9139	3000308	27717	50000	618	200000	3549004	71844386	368449552	2679	10432265	7835096	5535131
1789753308	130474	91.7	91.0	7746	5420	2836	6237	800	0	53385	3810	4837	3000046	27419	50000	1273	200000	3549521	71852649	368543652	2679	10434502	7836124	5535835
1789753336	130502	93.4	93.0	8848	5374	2727	7597	1102	0	26912	4244	9317	2999011	27473	49952	884	200000	3550144	71860768	368642828	2679	10436586	7837383	5537143
1789753366	130532	92.9	92.5	10991	3544	2983	6070	1824	0	14032	3990	5615	2998600	27389	50000	862	200000	3551062	71876411	368782394	2679	10438954	7838693	5538768
1789753400	130566	94.3	94.3	10338	6439	3722	8001	1261	0	2996	4540	9925	2998221	27285	49951	880	200000	3552032	71884823	368940564	2679	10441195	7840085	5540048
1789753430	130596	95.9	95.6	11664	2234	995	5736	470	0	33526	3940	5139	3000128	27538	50000	248	200000	3553080	71894473	369096514	2679	10441910	7842014	5540802
1789753465	130631	95.7	95.4	6875	3852	1095	7468	121	0	84776	3951	9200	3000269	27487	50000	530	200000	3554102	71908850	369236229	2680	10443897	7843964	5541847
1789753495	130661	95.7	95.5	11291	2135	1361	5766	89	0	101516	4118	9069	3000202	28271	50000	856	200000	3554808	71918956	369329236	2679	10446059	7845825	5542807
1789753517	130683	94.0	93.6	9986	7233	2877	7554	1191	0	41308	4007	5083	2999390	28156	50000	876	200000	3555318	71924755	369418654	2679	10448449	7846630	5543443
1789753547	130713	98.2	98.2	13202	6922	3565	5469	407	0	14433	3978	4964	2998699	28119	49956	929	200000	3556565	71940059	369619878	2679	10450013	7847933	5544067
1789753583	130749	96.5	96.2	11730	5985	1121	6314	316	0	65577	4192	9427	3000216	28494	50000	443	200000	3557598	71952975	369783112	2679	10451204	7849884	5544952
1789753617	130783	96.2	95.9	5115	2308	1394	5076	366	0	65360	4068	9303	3000286	28477	50000	707	200000	3558399	71964658	369902569	2679	10453506	7851752	5546095
1789753644	130810	98.1	97.9	13187	5327	1579	6820	247	0	105708	3936	5114	3000312	28679	50000	760	200000	3559400	71976584	370022561	2679	10455779	7853560	5546846
1789753667	130833	90.7	90.2	7192	2769	2401	6156	565	0	47578	3801	4828	2999891	28567	50000	1048	200000	3559872	71983325	370110897	2679	10458019	7854813	5548490
1789753697	130863	92.9	92.8	11933	4741	3455	7649	1793	0	3813	4144	8932	2998677	28646	50000	875	200000	3560735	71991769	370240703	2679	10460109	7855603	5549472
1789753732	130897	94.8	94.7	11047	6033	3104	6680	1903	0	3996	4160	9372	2999468	28968	50000	650	200000	3561725	72003680	370389515	2679	10462435	7857424	5550646
1789753761	130927	95.0	94.9	15414	3189	1165	7012	96	0	83057	4169	5201	3000396	29268	50000	543	200000	3562707	72012779	370543087	2679	10462919	7859230	5551085
1789753796	130962	91.1	90.7	11600	3351	1562	6019	149	0	83217	4391	9469	3000116	28933	50000	849	200000	3563592	72021847	370694319	2679	10465285	7861155	5552370
1789753818	130984	87.1	86.7	7844	6942	2669	7456	947	0	33482	3935	4772	2999972	28822	50000	1021	200000	3564098	72027437	370782727	2679	10467321	7861932	5553288
1789753853	131019	92.5	92.2	10223	2963	2947	6075	1033	0	34966	4182	9709	3000096	28969	49948	990	200000	3565009	72040727	370912626	2679	10469775	7863514	5554527
1789753878	131044	91.2	91.1	11923	4274	3396	7877	1244	0	1814	4072	5093	2998630	28917	49966	797	200000	3565916	72050275	371034430	2679	10472065	7864778	5555650
1789753906	131072	97.7	97.4	11654	2106	839	5992	356	0	2347	4690	5674	3000114	29148	50000	99	200000	3566882	72062459	371169620	2680	10472680	7866370	5556947
1789753941	131106	92.9	92.7	16097	2187	1144	7924	447	0	50641	3822	8846	3000157	29342	50000	386	200000	3567696	72070520	371301240	2680	10475243	7868363	5558001
1789753974	131140	94.6	94.2	9468	2542	684	5940	109	0	61127	3951	9057	3000292	29599	50000	234	200000	3568583	72083583	371435958	2680	10477128	7869872	5559766
1789754006	131172	95.1	94.6	14056	5920	1714	8122	267	0	57746	3964	9034	3000107	28991	50000	929	200000	3569330	72090633	371559200	2680	10479651	7871850	5560802
1789754031	131197	94.7	94.5	6760	3690	1526	6046	205	0	98580	4030	5299	3000179	29079	50000	722	200000	3570071	72100356	371653268	2680	10481894	7873573	5561583
1789754061	131227	95.3	95.0	12797	2926	1688	7948	470	0	99049	4168	9191	2999920	28947	50000	920	200000	3570715	72106311	371770974	2680	10484059	7875231	5563162
1789754085	131251	95.3	94.9	8698	7339	3062	6230	1811	0	9480	3894	4878	2999018	28940	49974	935	200000	3571560	72114600	371909869	2680	10486212	7875422	5564360
1789754121	131286	95.3	95.3	11758	6545	3863	8134	1099	0	8466	4186	9465	2998654	28864	49954	1089	200000	3572535	72124107	372067086	2680	10488744	7877272	5564966
1789754150	131316	98.0	97.5	9095	2918	1092	4754	344	0	29578	4236	5511	3000216	29195	50000	430	200000	3573568	72136335	372203633	2680	10489256	7879094	5566088
1789754185	131351	94.8	94.5	10394	8298	1050	6420	249	0	63564	3978	9103	3000326	29257	50000	469	200000	3574530	72151896	372344882	2680	10491405	7881028	5567152
1789754206	131372	91.1	90.7	7338	2891	1949	5620	503	0	86880	3849	4783	3000118	29167	50000	820	200000	3574821	72158996	372382606	2673	10493547	7882452	5568052
1789754238	131403	94.7	94.1	9863	9109	3437	7409	1950	0	27525	3936	8923	2998710	28595	50000	1265	200000	3575780	72167724	372543004	2673	10495856	7883290	5568861
1789754266	131431	94.7	94.3	10628	1833	2992	5862	1823	0	7188	3923	5156	2999978	28895	49995	781	200000	3576550	72183172	372671782	2673	10498051	7884904	5570178
1789754298	131464	93.0	92.9	9969	6666	3823	6922	212	0	6953	4491	9406	2998457	28685	49937	929	200000	3577506	72195993	372804891	2673	10499447	7886376	5571009
1789754327	131493	96.2	95.7	11003	3586	1179	5892	449	0	13594	4085	5306	3000179	29270	50000	340	200000	3578440	72204971	372946221	2673	10501168	7888182	5572420
1789754360	131526	98.2	97.8	9684	6368	979	7652	265	0	25210	4030	8990	3000284	29395	50000	431	200000	3579398	72218056	373075455	2673	10503339	7889870	5573858
1789754392	131558	96.9	96.7	13795	2515	1166	6137	212	0	75465	4168	9514	3000163	29407	50000	584	200000	3580329	72226650	373196830	2675	10505439	7891861	5574880
1789754421	131587	94.3	93.8	7246	3328	1812	8003	233	0	101809	3908	8847	3000076	29199	50000	891	200000	3580877	72233971	373279493	2673	10507717	7893572	5575764
1789754446	131612	94.6	94.4	12755	9606	3260	5563	1797	0	1347	3973	4786	2998977	28478	50000	1122	200000	3581701	72242534	373426093	2673	10509701	7893870	5576781
1789754477	131643	95.1	94.9	8597	2342	3072	7651	1338	0	13232	4044	9470	2998667	28683	49923	696	200000	3582360	72253885	373519370	2673	10512451	7895961	5578211
1789754508	131674	94.4	94.2	11487	3012	3563	5746	70	0	5749	3996	5051	2998664	28681	49903	1207	200000	3583493	72266202	373689216	2673	10513532	7897370	5579387
1789754535	131701	98.0	97.5	8093	3274	977	6788	496	0	6461	4113	5125	3000107	28953	50000	128	200000	3584347	72272928	373836448	2673	10515086	7898888	5580609
1789754576	131742	95.1	94.8	15656	2996	829	6180	219	0	38044	3939	12969	3000219	28906	50000	190	200000	3585488	72283080	374003120	2673	10517295	7900569	5582254
1789754606	131772	93.0	92.5	11407	2574	1225	8186	344	0	63409	4611	5921	3000141	28708	50000	528	200000	3586393	72290098	374137778	2673	10519849	7902482	5583437
1789754630	131796	94.0	93.5	7921	2449	1582	6271	637	0	97065	4031	8759	3000227	28874	50000	631	200000	3586782	72300899	374182128	2673	10521883	7904008	5584529
1789754656	131822	91.5	91.1	9587	4674	2976	8250	1958	0	15225	3801	4908	2998595	28637	49980	934	200000	3587608	72313197	374316095	2673	10524077	7904239	5585907
1789754690	131856	95.6	95.4	12966	5640	1369	5108	523	0	5215	4021	8938	3000271	28958	50000	335	200000	3588656	72323806	374479948	2673	10524972	7905953	5586566
1789754720	131886	85.5	84.9	9845	2708	1576	7025	394	0	25344	4311	5611	3000791	28895	50000	656	200000	3589383	72335040	374582059	2673	10527315	7907511	5588142
1789754751	131917	93.3	93.0	11135	3759	1468	6014	50	0	49342	4095	8915	3000327	28951	50000	757	200000	3590136	72350324	374688584	2673	10529242	7909070	5589648
1789754784	131950	94.7	93.8	11284	4297	1712	7830	364	0	40045	3911	8985	3000132	29025	50000	687	200000	3591068	72360307	374832552	2673	10531493	7910448	5591391
1789754811	131977	93.9	93.5	5533	4325	1423	6096	248	0	55609	3890	5124	3000130	29027	50000	502	200000	3591935	72366934	374966902	2674	10533672	7912073	5592952
1789754837	132003	91.1	90.7	14044	4026	2225	8332	618	0	95298	3830	8389	2999346	28836	49983	1065	200000	3592203	72372862	375008956	2673	10536048	7913714	5594189
1789754871	132037	94.4	94.0	10570	2934	1951	6385	811	0	73258	3777	8856	3000060	28940	49988	734	200000	3593226	72380873	375153747	2674	10538271	7914916	5595624
1789754896	132061	93.9	93.3	7761	5810	2933	8109	1441	0	10315	3555	4583	2999239	28686	50000	1044	200000	3593961	72389926	375281818	2673	10540309	7915455	5597006
1789754927	132093	93.1	93.0	9816	5427	2526	6239	1518	0	32231	3821	8716	2998858	28878	50000	619	200000	3594764	72398794	375402578	2673	10542576	7917447	5598003
1789754962	132128	94.2	94.1	8077	5146	3322	8323	1242	0	5212	3734	8700	2998496	28567	49938	861	200000	3595873	72411606	375561591	2673	10544976	7918872	5599217
1789754992	132158	97.2	96.8	7697	3255	1319	5236	150	0	74007	3802	4937	3000174	28817	50000	662	200000	3596927	72420984	375736182	2673	10545510	7920640	5600152
1789755017	132183	92.0	91.7	7986	2787	1502	7301	268	0	108162	4033	8380	3000220	28824	50000	807	200000	3597300	72428884	375792490	2673	10547769	7922434	5601541
1789755052	132218	93.9	93.6	12997	3120	2100	6487	464	0	70849	4199	9025	3000087	28654	50000	1019	200000	3598439	72439685	375953278	2674	10550075	7923895	5602868
1789755076	132242	93.4	93.1	6955	5878	3071	8358	1323	0	16814	3431	4463	2998988	28547	49901	951	200000	3599230	72447755	376068949	2674	10552370	7924439	5604373
1789755107	132273	98.3	98.2	12812	5596	871	5099	485	0	7576	3962	8242	3000226	28831	50000	312	200000	3600285	72459057	376236595	2674	10552900	7926018	5604914
1789755145	132311	94.3	94.1	17294	2688	1027	7104	481	0	22312	3860	9092	3000326	28934	50000	226	200000	3601315	72476042	376401581	2674	10555385	7927947	5606194
1789755174	132340	92.6	92.0	8509	3359	1353	4831	287	0	46369	4211	5498	3000409	28601	50000	557	200000	3602079	72485467	376532661	2677	10557811	7929771	5607351
1789755203	132369	94.5	94.0	6022	3883	1810	6732	491	0	87313	3798	8890	3000182	28518	50000	907	200000	3602715	72497039	376626610	2677	10560018	7931601	5608502
1789755231	132397	97.0	96.5	9721	4225	2282	6302	691	0	74674	3883	8537	3000200	28529	50000	1014	200000	3603394	72507798	376723564	2677	10562476	7933103	5610037
1789755257	132423	97.3	97.0	11519	5894	2999	8277	1322	0	14608	3552	4771	2999919	28469	49983	987	200000	3604258	72515525	376868433	2677	10564719	7933634	5611958
1789755288	132454	97.5	97.5	13735	4782	3450	6595	1406	0	964	4273	8621	2998414	28532	49969	815	200000	3605191	72525243	377011016	2677	10566927	7935305	5612448
1789755324	132490	96.5	96.3	14523	2642	817	6778	251	0	41871	3947	9016	3000399	29018	50000	342	200000	3606389	72539843	377163912	2677	10567487	7937139	5613530
1789755361	132527	96.9	96.5	17065	2764	1102	5187	203	0	51741	4027	9296	3000147	28637	50000	746	200000	3607372	72549462	377336610	2677	10569839	7938455	5615459
1789755385	132551	90.3	89.7	11681	2064	1355	7180	322	0	98276	4282	5582	3000076	28532	50000	660	200000	3607858	72553102	377405384	2677	10571964	7940200	5616751
1789755407	132573	90.9	90.7	7267	3433	2895	6223	1074	0	28472	3533	4566	2999327	28337	49880	1052	200000	3608433	72557830	377508005	2677	10574100	7940981	5617686
1789755438	132604	95.4	95.1	10827	8000	3733	7888	2157	0	1618	4104	8681	2998870	28149	50000	1066	200000	3609321	72568625	377653572	2677	10576387	7942236	5618553
1789755470	132635	96.8	96.7	8006	5374	1214	4450	425	0	21668	4010	5134	3000365	28603	50000	444	200000	3610272	72585146	377802994	2677	10576908	7943974	5619343
1789755508	132674	93.8	93.6	13920	6211	1336	6357	372	0	62767	3835	9025	3000284	28854	50000	570	200000	3611431	72596289	377968973	2677	10579153	7945982	5620140
1789755529	132695	93.1	92.5	7306	2366	1987	5192	622	0	81358	3982	8913	2999769	28604	50000	907	200000	3611717	72598830	378014645	2677	10581172	7947293	5621352
1789755556	132722	93.0	92.8	11144	6458	3569	6997	1991	0	8870	3474	4506	2998262	28541	49929	830	200000	3612676	72606579	378167146	2677	10583380	7947887	5622581
1789755587	132753	93.1	92.1	7523	6525	2729	6550	1961	0	8838	4192	9522	2997995	28471	49882	675	200000	3613454	72612747	378267217	2677	10585652	7949116	5624573
1789755621	132787	91.7	91.6	15382	3356	1190	6821	246	0	31065	3937	5023	3000240	28629	50000	500	200000	3614625	72624705	378463407	2677	10586206	7950896	5625032
