ts	elapsed	proc_cpu_pct	main_cpu_pct	lag_max_ms	lag_p50_ms	dl_active	dl_slots	dl_transferring	scraper_queued	scraper_active_kb	gc_max_ms	gc_total_ms	frontier	pqueues	robots_cached	robots_inflight	dns_cached	crawled	discovered	dupe_skipped	rss_mb	requests	responses	exceptions
1789622866	32	93.1	92.1	1916	67	2976	1216	300	0	16508	447	2122	32524	1229	1305	340	1601	630	35984	10849	682	5554	2978	175
1789622896	62	98.5	97.8	2077	788	3021	2056	430	0	15003	701	2466	79371	3264	2237	380	2533	1693	83975	36166	780	8211	5648	376
1789622926	92	98.0	97.3	2129	831	2918	3039	393	0	22803	837	2852	125944	5604	3208	492	3615	2833	131892	62646	898	10860	8393	584
1789622959	125	97.3	96.6	2848	1297	2583	3874	236	0	33109	852	2078	183469	8812	4211	418	4654	3872	190669	84961	1049	13241	10958	796
1789622987	153	96.9	96.1	2494	1093	3060	4409	435	0	17597	1096	4223	216599	9679	5194	650	5720	4910	225440	109217	1052	15996	13493	1120
1789623017	183	97.3	96.6	2591	1507	2960	5548	487	0	18372	1093	3515	257760	11752	6339	594	6943	5961	267768	132005	1163	18817	16182	1406
1789623047	213	97.4	96.4	2746	1375	3092	5813	434	0	24986	1321	3940	296367	13602	7518	745	8110	6906	307915	153625	1235	21661	19013	1899
1789623075	241	97.3	96.2	2679	1680	2929	7145	501	0	13613	1344	2750	340447	15472	8673	638	9257	7760	353094	169229	1306	24285	21313	2291
1789623106	272	97.6	96.9	3380	2155	3036	5797	550	0	14793	1470	4199	386531	17139	9577	824	10319	8674	400611	189750	1362	26544	23508	2756
1789623140	305	97.4	96.6	3711	2157	2620	7402	604	0	36400	1501	4417	440376	19322	10946	530	11530	9493	455995	202841	1442	29405	26203	3271
1789623166	332	97.3	96.7	4044	2153	2844	5682	771	0	16733	1633	4309	476517	20934	11713	614	12355	10246	493173	224021	1421	31363	27549	4184
1789623197	362	97.7	96.7	3328	1808	3007	7541	468	0	32257	1719	5031	514847	21791	12835	822	13490	11281	533151	247249	1485	34245	30261	4737
1789623227	393	96.6	95.8	5154	1828	2807	6241	737	0	28071	1738	5058	552794	23948	13916	787	14495	12251	572551	268335	1534	36881	32583	5457
1789623258	424	97.0	95.9	3790	1636	2473	7898	473	0	36061	1841	5271	585101	25049	15250	718	15942	13226	606429	292720	1582	39859	35566	6085
1789623286	452	97.3	96.6	5772	1920	2952	6339	528	0	24564	1800	4934	622530	25695	16462	801	17043	13936	645224	322026	1619	42593	37645	6878
1789623316	482	96.5	95.5	5128	2187	2907	7880	673	0	13719	2027	5523	659603	26722	17378	937	18292	14834	683631	344975	1612	44898	39559	7914
1789623347	513	97.7	96.6	4766	1827	2728	6501	608	0	29572	2085	5893	691603	27570	18727	823	19354	15650	717247	363827	1660	47860	42117	8832
1789623377	542	97.1	96.0	4072	1669	2602	8345	590	0	42965	2216	6049	722804	28373	20043	791	20741	16387	750235	380356	1688	50587	44373	10020
1789623407	573	96.9	96.2	5068	3000	3097	6696	882	0	19417	2127	5712	764722	29195	20856	1164	21637	17229	793809	399830	1674	52899	46153	10696
1789623436	602	96.2	95.5	6986	1923	3188	8549	803	0	20765	2224	5993	800191	29448	22358	881	22810	17856	830689	413215	1685	55627	47922	12301
1789623467	633	96.3	95.5	4494	1665	2917	6645	704	0	24197	2300	6103	825956	30290	23424	987	23958	18476	857836	429529	1695	58156	50056	13429
1789623497	663	97.6	95.6	4180	2058	2934	8652	1166	0	35462	2409	6695	859628	31135	24809	950	25195	19198	893235	443315	1717	60983	52001	14990
1789623528	694	97.0	95.7	5230	2353	2938	6954	932	0	18699	2433	6174	893908	31855	26141	886	26367	20005	929211	465389	1708	63536	53760	16591
1789623556	722	96.8	96.2	5070	2008	3072	8958	660	0	13730	2367	6373	920205	32280	27091	1027	27323	20772	957301	487132	1711	66027	55415	18064
1789623587	753	97.5	96.4	3560	2222	3029	7277	1163	0	17435	2366	6424	951689	32950	28346	966	28679	21680	990581	509671	1731	68922	57751	19094
1789623617	783	95.1	94.2	5529	2402	3304	9234	810	0	29029	2332	6475	974282	33445	29463	1395	29812	22625	1015056	528844	1739	71606	60199	20377
1789623647	813	97.0	95.2	4057	2262	2151	6978	477	0	29512	2572	6608	1004320	35003	31068	678	31112	23501	1046219	543436	1771	74408	62609	21669
1789623676	842	96.9	95.8	5930	2127	2921	9113	677	0	12700	2585	6703	1031620	35870	32036	950	32280	24184	1075453	557769	1764	77432	64563	22995
1789623710	876	97.1	95.9	4535	2312	3261	7520	1343	0	16997	2598	9320	1064834	36669	33184	1053	33161	25022	1110961	578678	1759	80457	66585	24012
1789623739	905	96.6	96.0	7346	1738	3374	9959	743	0	23311	2727	7076	1090788	36867	34564	1158	34426	25621	1139050	592981	1777	83409	68409	26492
1789623769	935	96.7	95.9	5719	2269	2615	7459	644	0	36889	2532	6952	1115744	37673	35667	867	35626	26357	1164959	610065	1797	85893	70548	27673
1789623801	966	96.7	96.0	4419	3246	2139	8983	503	0	23077	2725	7018	1148433	38609	36517	1003	36698	27278	1201226	633302	1797	88046	72409	28774
1789623829	995	95.4	94.6	7184	2586	2978	7058	1436	0	10570	2686	6767	1175258	38919	37882	843	37520	27938	1227976	646770	1790	91352	73991	30046
1789623857	1023	97.6	97.0	8086	1516	2920	8850	777	0	16637	2740	6936	1200085	39108	39061	778	38729	28646	1254391	665814	1809	93635	75638	31826
1789623890	1056	97.0	96.3	7125	1695	2388	7201	731	0	47724	2765	7043	1233397	40000	39818	1093	39964	29554	1293643	694071	1833	95977	77936	33156
1789623920	1085	97.2	96.2	5211	2701	3308	9462	596	0	21582	2702	6814	1255929	39737	40961	1182	40535	30292	1329951	713884	1822	99174	79585	34279
1789623946	1112	96.7	95.5	4242	1962	3013	7341	1177	0	23747	2953	7199	1275765	39977	42056	1180	41910	30898	1354181	730775	1821	101466	81302	35973
1789623977	1142	95.3	94.5	7125	1813	2958	9221	1310	0	14033	3045	7467	1296330	40000	43346	936	43078	31474	1390714	742629	1824	104107	83038	37715
1789624006	1172	97.2	95.2	5861	2412	2829	7535	1260	0	14532	3090	7547	1318593	39925	44408	1005	44358	32218	1420856	762591	1828	106651	84864	38929
1789624041	1207	97.6	97.0	8186	2643	1926	9265	444	0	55443	2916	7726	1353531	40000	45561	824	45200	33022	1469815	783840	1867	109069	87189	40635
1789624071	1237	95.9	95.3	7537	3317	1916	6821	437	0	28224	2728	6870	1380184	40000	46394	855	46053	33813	1501873	807437	1857	111327	88792	41621
1789624099	1265	96.1	95.3	9259	3914	2309	8595	763	0	31136	2967	7114	1406930	40000	47333	966	47046	34636	1532416	830311	1879	113776	90366	42607
1789624126	1292	95.8	94.9	6996	1382	2795	6761	665	0	3464	2941	7380	1425135	39969	48514	1100	48165	35389	1554468	848746	1862	116463	91609	44580
1789624158	1324	94.6	93.8	4457	1887	3320	9994	1036	0	19439	3094	7939	1443284	39594	49987	1147	49485	36290	1575909	873150	1880	120222	93486	47494
1789624192	1358	95.2	94.1	7921	1600	2944	9100	935	0	26599	3173	10796	1463454	40000	50000	1133	50983	37022	1599697	885800	1829	123606	96171	49300
1789624219	1384	92.3	91.6	4777	2982	3099	10352	1178	0	10831	2741	6890	1476620	40000	49995	1006	52026	37791	1625620	895427	1823	125614	97529	50351
1789624247	1413	95.0	93.4	6351	1770	3339	7736	1063	0	14171	2985	7963	1492604	39878	49999	1345	53285	38348	1644628	910978	1822	128605	99406	52837
1789624279	1445	93.5	92.6	5521	1930	2744	10169	860	0	23869	2736	7332	1513745	40000	50000	1189	54292	38975	1671382	928473	1837	131935	101722	54651
1789624308	1474	94.9	94.2	4693	3564	3100	8066	1581	0	14002	2850	6835	1535990	40000	50000	943	55128	39686	1706382	943871	1828	134671	103296	55837
1789624337	1503	94.5	93.8	6523	3511	3213	9940	1466	0	7734	2743	6876	1558875	39727	50000	975	55812	40417	1738175	960844	1822	136939	104613	57348
1789624367	1533	94.2	92.1	7373	2054	3208	7277	948	0	35384	2728	7196	1579706	39546	49983	1138	57322	41015	1762963	978852	1843	139436	106680	58967
1789624396	1562	95.0	94.4	6217	3614	2907	9194	1262	0	11584	2715	6838	1599105	39833	49959	1155	58155	41704	1803693	995886	1833	141690	107889	60863
1789624430	1596	94.3	93.9	6089	2107	1699	6957	461	0	35689	2568	7005	1623066	40000	50000	603	58848	42600	1836772	1022128	1844	144165	110409	62183
1789624457	1623	93.5	93.0	7507	2045	1818	8594	475	0	13499	2802	6745	1641992	39966	50000	877	59636	43329	1857351	1048242	1832	146496	112061	63305
1789624487	1652	93.1	91.4	5769	2304	3258	7124	1231	0	3772	2716	6982	1664652	39723	50000	940	60724	43913	1886315	1059949	1821	149864	113561	65303
1789624517	1683	94.8	93.8	7036	2351	3125	9094	817	0	13015	2839	7200	1685972	39572	49971	1327	61629	44530	1911407	1081155	1835	152327	115450	66867
1789624548	1713	94.1	93.6	5591	2168	3759	7895	735	0	18863	2758	7399	1705658	39545	49947	1540	62317	45260	1939897	1106828	1832	155592	117321	68487
1789624576	1742	94.3	92.7	6182	2257	2476	9439	634	0	37368	2943	7240	1724887	40000	50000	1232	63585	45751	1963053	1125135	1841	157942	119606	70646
1789624606	1772	94.3	93.9	4851	2753	3471	8066	766	0	30649	2689	6670	1744204	39726	50000	1517	64284	46400	2002987	1141280	1839	160943	121113	71983
1789624636	1801	94.0	93.2	8183	1823	2434	9596	991	0	18825	2706	6737	1765068	39726	50000	1098	65253	47171	2025695	1174257	1833	163219	122557	74419
1789624671	1837	95.1	94.6	8672	2679	2655	8029	992	0	40211	2664	9600	1788448	40000	50000	1002	66074	48003	2054815	1206291	1844	166313	125031	75800
1789624697	1863	94.4	93.8	6076	4732	3362	9901	1339	0	6986	2469	6185	1805245	39648	49898	1387	66811	48659	2080188	1224791	1826	168448	125812	77506
1789624729	1894	95.3	94.8	9035	2166	1852	7124	314	0	20886	2511	6742	1830402	40000	50000	765	67344	49670	2112600	1251993	1853	170947	128404	78702
1789624756	1922	93.7	92.3	4959	2195	2475	9772	834	0	20138	2768	7354	1842487	39987	50000	1045	68160	50321	2127609	1272478	1841	174187	130248	81017
1789624789	1955	95.3	94.0	5358	2031	3116	7932	938	0	20183	2794	9986	1858185	39989	49997	1307	69442	51236	2149032	1297918	1834	177255	132475	82439
1789624817	1983	95.2	94.4	4689	1604	2744	10117	1014	0	21562	2639	7316	1873318	40000	50000	1248	70257	52001	2169583	1313931	1831	180401	134702	84132
1789624847	2013	96.2	95.7	5702	1984	3017	8136	633	0	27813	2674	7291	1893463	39940	50000	1205	71049	52851	2196334	1335634	1838	183440	136780	85912
1789624877	2042	96.8	96.2	6241	2044	3536	10525	995	0	15892	2833	7325	1909439	39951	49968	1335	72010	53626	2217921	1365509	1842	186850	138767	87186
1789624910	2076	97.1	96.2	7241	1947	2430	8192	693	0	36045	2791	10301	1927208	40000	50000	1018	72981	54378	2242626	1389261	1841	189423	140968	89654
1789624939	2105	97.4	96.9	8195	2737	2133	9708	950	0	29615	2687	7084	1945290	40000	50000	873	73668	55241	2269702	1416971	1836	192000	142929	90840
1789624967	2133	96.6	95.3	4671	3093	3013	8051	1500	0	3830	3073	7551	1964753	40000	50000	1127	74541	55943	2295186	1438745	1830	195197	144614	92253
1789624997	2163	96.9	96.4	5172	2371	3145	9781	1097	0	21657	2772	7317	1980292	40000	49996	1048	75393	56702	2321718	1461906	1855	197882	146758	93667
1789625031	2197	97.6	97.2	6929	3469	2404	7090	711	0	39311	2798	9909	1998361	40000	50000	1219	76171	57589	2353135	1489665	1851	200317	149322	94890
1789625058	2224	97.0	96.7	5869	2151	1980	8851	259	0	48948	2918	7376	2010935	40000	50000	1219	76497	58233	2370364	1511349	1858	202765	151255	96255
1789625087	2253	96.0	95.3	7637	2371	3819	7112	416	0	2664	2939	7142	2029090	39290	49838	1253	77690	59242	2393639	1552691	1856	205525	152309	98577
1789625124	2290	93.1	92.7	8683	1377	1497	9294	297	0	74790	3175	11024	2045641	39666	50000	702	78483	59954	2412072	1581576	1910	209046	155434	100437
1789625147	2313	95.4	94.7	6284	4767	3233	6883	913	0	28628	2943	7087	2062513	39883	50000	1516	79361	60507	2429851	1594889	1875	211273	156621	101040
1789625178	2344	95.2	94.8	6784	2266	3880	9506	677	0	15656	3224	7623	2079839	39773	49969	1683	79857	61234	2454383	1635497	1865	215002	158336	103406
1789625205	2371	96.7	95.7	6503	2606	3971	7372	1958	0	8708	3023	7221	2094301	40000	50000	1470	80898	61819	2479733	1659580	1863	217723	160285	104905
1789625240	2406	95.7	95.4	7657	3997	3185	8863	1478	0	64525	3126	10711	2109292	40000	49717	1439	81435	62598	2510478	1692012	1903	220360	163144	105550
1789625267	2433	96.0	95.6	8213	1454	2420	7064	893	0	73103	3084	4536	2126405	39806	50000	1135	81906	63410	2540349	1729343	1921	222596	164858	107452
1789625302	2468	96.3	95.9	8082	4299	1805	8565	335	0	36016	3092	10582	2149311	40000	50000	1124	82369	64453	2575088	1768821	1904	224940	167325	108551
1789625331	2497	95.9	95.7	4644	2647	1639	6202	84	0	47791	2985	7213	2163901	40000	50000	812	82752	65296	2603316	1791632	1915	227193	168981	109337
1789625357	2523	93.7	93.0	8140	2238	1608	8202	556	0	17534	3372	4956	2179674	40000	50000	754	83559	66097	2623987	1818481	1909	230259	170612	111225
1789625386	2552	94.8	94.1	7283	3359	2508	7414	1312	0	3022	3148	10668	2191815	39637	49995	987	84509	66760	2641455	1836043	1889	233269	172041	113741
1789625417	2583	95.7	94.8	5426	2471	2969	9694	1181	0	31939	3100	8104	2207397	40000	50000	1361	85523	67537	2662394	1855925	1915	236639	174815	114789
1789625450	2616	94.0	93.5	5459	2143	2813	7823	893	0	10350	3207	11156	2222232	40000	50000	1314	86448	68502	2683673	1879792	1893	239474	176684	116958
1789625480	2646	94.9	93.8	5448	2524	1691	9545	560	0	28845	3223	7920	2233837	40000	50000	768	87027	69436	2705108	1912827	1899	242181	178892	118881
1789625505	2671	93.5	92.3	5026	2916	3155	7810	1386	0	1360	3179	7913	2243218	39969	49996	1006	87946	69990	2719461	1933478	1893	245189	180117	120631
1789625537	2703	95.0	94.6	6736	1728	2010	9846	751	0	41080	3369	8465	2258623	40000	50000	1043	88580	70667	2741051	1960824	1917	248016	182682	122633
1789625566	2732	92.8	92.3	7798	2802	3100	7828	1682	0	15247	3084	7820	2273325	40000	50000	1163	89306	71443	2764696	1987301	1909	251331	184362	123875
1789625597	2763	93.1	92.6	5129	4535	3030	9656	1457	0	17338	3113	7365	2292004	39803	50000	1039	90105	72271	2791623	2017680	1904	253887	186197	125609
1789625629	2795	94.8	94.4	5236	2901	2413	7435	532	0	14330	3091	7677	2313607	40000	50000	918	90483	73217	2820082	2055273	1914	256221	188159	127422
1789625661	2827	92.7	92.2	6097	3036	2706	9374	450	0	34751	3042	10216	2328064	40000	49983	1162	91204	73980	2842021	2085205	1920	258844	190065	129029
1789625686	2852	92.2	91.5	6177	2967	2760	7083	1338	0	10615	3226	7741	2337504	39560	50000	1189	92101	74535	2852788	2105130	1908	261641	191568	130628
1789625719	2885	93.6	93.2	7233	1647	2993	9742	1470	0	25967	3218	8314	2357404	39729	49998	1183	92422	75298	2878279	2128706	1924	264973	193525	132802
1789625746	2912	94.8	93.3	7433	1944	2991	8089	1037	0	17754	3536	8622	2370247	39920	49996	1418	93758	75776	2894793	2155270	1918	267427	194708	135535
1789625778	2944	96.6	96.3	6399	2932	1101	9146	235	0	35548	3231	7963	2387678	40000	50000	426	94158	76687	2927464	2186727	1937	269768	197185	136875
1789625806	2972	94.8	94.2	6925	2091	1650	7094	973	0	10617	3199	7734	2402047	40000	50000	411	94909	77358	2948911	2215194	1921	273122	199304	137845
1789625836	3002	94.9	94.2	5858	3841	2773	9531	1517	0	3093	3051	7831	2418797	39973	50000	903	95322	78145	2973327	2249964	1927	276154	201079	139445
1789625873	3039	96.4	96.1	7281	1310	1152	6815	185	0	51342	3099	11206	2433455	40000	50000	619	96051	79020	3002100	2290390	1948	278835	204483	140580
1789625900	3066	94.0	93.5	6160	4618	2598	8821	404	0	43153	3023	7354	2445406	40000	49978	1377	96696	79746	3023354	2320772	1955	281336	206425	141115
1789625928	3094	95.5	95.3	9289	1459	1580	6415	346	0	46951	3152	7592	2459083	40000	50000	1051	97019	80796	3045512	2358376	1960	283589	208458	142187
1789625959	3125	90.7	90.1	7188	3617	1318	7892	411	0	31625	3179	7965	2474330	40000	50000	577	97557	81727	3067348	2390353	1954	286395	210431	143181
1789625988	3153	93.9	93.0	7437	3256	3400	7245	2035	0	8848	3346	8291	2485137	39992	50000	1081	98276	82434	3086769	2412463	1946	290505	212533	144065
1789626020	3186	89.1	89.1	9727	5231	1065	7253	433	0	28397	3202	7161	2512911	40000	50000	341	98598	83413	3131083	2435441	1985	291101	214513	144598
1789626049	3215	89.4	88.5	6447	3112	2869	7034	1594	0	1830	3246	8260	2525129	39813	49818	1205	99560	84147	3149734	2456472	1957	294944	215906	147479
1789626078	3243	94.1	93.5	4927	1952	2213	8582	772	0	58108	3328	8161	2534439	40000	50000	1018	100339	84672	3161624	2472642	1991	297850	219178	147927
1789626106	3272	93.6	93.3	6154	3511	2704	7513	551	0	15735	3224	7822	2546651	40000	49956	1255	100796	85639	3185309	2504674	1964	300104	220314	149386
1789626137	3302	92.2	91.6	5748	2200	3017	10036	702	0	13903	3441	8310	2556083	39934	49996	1171	101652	86427	3198551	2539742	1968	303715	222384	151834
1789626173	3339	94.6	94.3	5799	3262	2270	7817	984	0	32581	3160	11181	2574833	40000	50000	857	102150	87311	3230716	2570852	1970	306436	224663	153236
1789626199	3365	92.1	91.2	6773	3144	2903	9959	1155	0	8869	3548	8061	2585189	39980	50000	1251	103053	87866	3242306	2594022	1959	309320	226342	155012
1789626231	3397	93.3	93.0	7642	2578	3163	7674	1058	0	23569	3077	7916	2600199	40000	49981	1306	103444	88615	3276294	2622853	1971	312441	228405	156939
1789626258	3424	94.9	93.6	4985	2779	2904	9361	1217	0	22940	3068	7694	2613541	40000	50000	1239	104127	89083	3294405	2640766	1961	314937	230147	158271
1789626288	3454	93.4	93.0	5864	2815	2336	7664	934	0	44483	3086	7959	2627253	40000	50000	1088	104529	89956	3317514	2680336	1974	317720	232292	160126
1789626318	3484	93.3	92.9	6281	4700	3197	9679	1160	0	45088	3018	7291	2640942	39954	49918	1644	104907	90685	3346873	2707608	1980	320518	234082	161296
1789626347	3513	94.4	94.1	5040	2250	2340	7243	537	0	56298	2773	7133	2653160	40000	50000	1312	105556	91290	3366283	2729784	1980	323362	236932	162303
1789626377	3543	92.5	92.1	8359	2063	3418	8713	30	0	21098	3143	7481	2674987	39804	49954	1524	106193	92279	3395113	2770048	1974	325487	237967	163769
1789626407	3573	93.7	92.9	5145	1502	2244	7358	1000	0	45370	3032	7967	2687032	40000	50000	777	107174	92928	3409559	2806526	1990	329172	240379	166615
1789626440	3606	93.0	92.6	6803	3874	3733	9476	1583	0	12360	2933	9915	2707293	40000	50000	1578	107701	93706	3437925	2835174	1962	331718	241561	167457
1789626470	3636	94.2	93.9	9010	1919	1694	7486	159	0	48704	3158	7628	2721117	40000	50000	1077	108110	94622	3457601	2886484	2002	334006	244674	169201
1789626499	3665	93.8	93.5	7908	2572	1436	8943	204	0	70188	2860	7086	2735498	40000	50000	917	108536	95494	3480177	2932460	2013	336457	246847	169890
1789626527	3693	92.8	92.7	7423	3291	2157	6866	80	0	42460	2849	6983	2748934	40000	50000	1150	108846	96194	3503772	2961871	1990	338943	248469	170382
1789626559	3725	92.2	91.8	6888	2432	3810	9873	803	0	11609	3435	10747	2760522	39864	49981	1436	109374	97178	3520368	3002904	1965	342941	250154	172193
1789626590	3755	94.0	93.4	7216	2707	3687	7436	2099	0	1957	3148	7583	2771624	39848	50000	1086	109704	97958	3541618	3028853	1962	345662	251979	173400
1789626617	3782	92.3	92.3	6807	2905	4260	9372	993	0	1750	2938	6832	2783911	39464	49941	1477	110246	99015	3560861	3064143	1962	348278	254059	174139
1789626645	3811	94.1	92.9	5398	3644	2932	7663	1513	0	12549	3186	7736	2794430	39494	49789	1336	111570	99722	3581655	3094496	1967	350111	255587	176907
1789626686	3851	95.1	94.8	12344	2310	1652	9194	748	0	69331	3136	11079	2818078	40000	50000	624	112090	100996	3623845	3129935	2004	353142	259021	177401
1789626706	3872	92.1	91.5	6057	2715	2076	6726	515	0	32297	2771	3904	2835297	40000	49988	1313	112638	101418	3644549	3143273	1980	355105	260514	178704
1789626740	3906	92.5	92.4	9597	3687	4448	8117	677	0	19990	3142	10535	2848125	40000	49843	1646	112895	102488	3673253	3177783	1969	358219	262577	179555
1789626766	3932	96.4	95.0	5589	3907	3082	6690	1152	0	5541	3184	7597	2858157	39968	49927	763	113451	103183	3689707	3210244	1964	361197	264211	180918
1789626797	3963	96.6	96.3	6552	1953	2720	8878	439	0	21962	3306	7987	2870558	40000	50000	1245	114074	104024	3707822	3249613	1971	363977	266599	182910
1789626827	3993	97.0	96.4	5702	4301	1913	7008	651	0	33835	3187	7939	2890621	40000	50000	652	114502	104939	3738390	3285846	1989	366268	268711	183682
1789626861	4027	95.0	94.5	5143	2964	2154	9282	12	0	31964	2923	10326	2903320	40000	49887	1563	115227	105951	3756208	3331392	1971	369054	271255	185070
1789626891	4057	96.2	95.6	7435	3316	1351	6019	338	0	73022	3077	7469	2919801	40000	50000	612	115472	106879	3790002	3363259	2030	371420	273220	185628
1789626919	4085	88.5	88.1	8301	3179	1901	7944	201	0	46247	2950	7059	2933452	40000	50000	1355	116059	107389	3815291	3387296	1985	373722	275315	186595
1789626950	4116	94.8	94.5	7249	3886	1400	5871	168	0	60595	3073	7380	2949474	40000	50000	953	116473	108386	3846452	3422438	2008	376193	277508	187254
1789626983	4148	94.8	94.6	8999	3528	1373	7539	60	0	92991	3033	7271	2971391	40000	50000	951	116845	109255	3883603	3456956	2034	378722	279757	187747
1789627012	4178	94.1	93.7	11374	2431	3085	6184	944	0	54946	3260	7314	2991095	40000	49599	1176	117296	110181	3909239	3494630	1997	381268	280679	188401
1789627039	4205	93.9	93.5	8394	2190	3190	7983	1029	0	20928	3457	7625	3000212	39835	49812	1460	117884	110936	3931941	3530978	1975	383380	281848	190390
1789627069	4234	95.0	94.6	7413	2252	1717	6331	618	0	28665	3140	8024	3000179	40000	50000	816	118321	111802	3955440	3581952	1990	385979	284258	192363
1789627099	4264	92.6	91.9	5982	1941	4161	9492	973	0	3002	3272	7964	2999191	39760	49844	1349	118670	112589	3984525	3619627	1969	390115	285937	193910
1789627126	4292	94.4	93.7	6550	4502	3238	8314	1989	0	2780	3494	7992	2999402	39731	49939	1142	119090	113324	4009387	3657948	1968	392191	287310	196178
1789627163	4329	95.6	95.4	9021	2754	3023	10022	1241	0	59391	2946	10490	3000315	40000	49920	1284	119872	114428	4033636	3718887	1997	394845	290111	196818
1789627189	4355	94.6	94.1	6173	1384	2718	7245	904	0	27579	3318	7705	3000301	39996	50000	1373	120426	115127	4049261	3749982	1980	397082	291987	198589
1789627220	4385	93.0	92.7	6070	2447	3986	8913	346	0	27729	3087	7824	3000219	40000	49865	1520	120607	116039	4069902	3789360	1978	400228	294301	199674
1789627250	4416	95.9	94.6	6002	5186	3750	7598	2104	0	2642	3135	10828	3000027	40000	50000	1378	120964	116792	4087276	3822867	1970	403770	296338	200727
1789627277	4443	95.2	94.7	5157	3274	3428	9187	1126	0	31759	3148	7759	3000502	40000	50000	1559	122098	117648	4106150	3856696	1982	406232	298695	201828
1789627314	4480	96.6	96.4	7595	3420	981	6770	162	0	80587	3029	7762	3000075	40000	50000	544	122316	118981	4158077	3904386	2021	408708	302124	202602
1789627339	4504	94.7	94.2	7742	3747	2334	8796	259	0	35423	3084	6787	3000535	40000	50000	1694	123059	119529	4182532	3924348	1985	411118	304197	203203
1789627372	4537	97.1	96.9	10324	4549	949	6066	135	0	73426	3174	7788	3000069	40000	50000	453	123241	120746	4230873	3967360	2023	413498	306145	204060
1789627398	4564	94.2	93.7	6031	2113	1445	8202	29	0	37880	3018	7042	3000038	40000	50000	52	123888	121614	4248392	4006001	1981	416310	307472	205875
1789627430	4596	92.1	91.6	6707	2759	4068	8015	701	0	6824	3287	10796	3000005	39974	49829	1337	124611	122288	4269892	4040119	1969	420511	309463	207061
1789627459	4625	96.7	96.2	12456	5158	2956	9118	1616	0	1520	3188	7718	3000233	39954	49999	746	124984	123385	4302218	4089582	1968	422295	311397	208140
1789627489	4655	95.7	95.5	10964	2076	2284	6556	1057	0	36402	3211	7870	3000218	39941	50000	869	125577	124219	4330879	4123386	1978	424740	313500	209946
1789627519	4685	95.3	94.8	5699	3158	3803	8637	1687	0	35309	3025	7374	3000012	40000	49962	1626	126216	125056	4359767	4170092	1987	427442	315275	210451
1789627549	4714	95.3	94.9	8720	1818	1758	7375	554	0	48221	3379	8370	3000001	40000	50000	873	126421	125951	4378620	4213138	1993	430044	317835	212922
1789627576	4742	96.2	95.9	6534	2175	1045	8742	442	0	13559	2973	7274	3000196	40000	50000	400	126892	127025	4399831	4269765	1981	432469	319872	213894
1789627611	4776	95.5	95.3	8545	3291	1211	7248	498	0	20980	3160	10416	3000224	40000	50000	71	127249	127969	4427172	4316116	1979	435117	321678	215072
1789627637	4803	95.1	93.3	6008	2203	3498	9920	2158	0	6215	3440	8111	3000361	40000	50000	1174	128030	128441	4443043	4344214	1969	438904	323481	216351
1789627666	4832	95.4	94.9	8433	2265	3752	7292	2112	0	49091	3208	7464	3000094	39809	49977	1469	128070	129415	4465892	4393246	1984	441612	326089	216910
1789627696	4862	97.2	97.0	9404	4485	3084	8306	1612	0	2635	3095	7580	3000258	39824	50000	912	128637	130055	4513752	4425211	1969	443369	327425	218604
1789627726	4892	97.1	96.8	7169	1436	2453	6928	920	0	41563	3049	7583	3000015	39940	49985	1031	129408	130742	4542926	4471931	1979	445861	329752	219709
1789627759	4925	96.2	95.5	7536	3099	2036	8600	214	0	52014	3323	8192	3000383	40000	50000	1358	129766	131815	4575872	4521151	1996	448321	332734	220520
1789627794	4960	96.0	95.9	10613	5022	1041	6327	197	0	69115	3140	10751	3000141	40000	50000	455	129932	132995	4608084	4586718	2014	450890	334869	221167
1789627817	4982	84.0	83.1	5500	4310	3414	8472	595	0	28001	3136	4255	3000270	39991	49737	1616	130516	133360	4618856	4608704	1979	453219	336148	222002
1789627851	5017	96.5	96.2	8648	2607	1526	6287	385	0	58041	3220	11302	3000190	40000	50000	754	130951	134665	4650386	4663886	2005	455828	338667	223022
1789627878	5044	92.1	91.4	5545	2420	3727	8744	841	0	10480	3113	7741	2998596	39668	49843	1196	131252	135415	4666589	4697132	1976	459378	340458	224491
1789627907	5073	95.0	94.8	6391	3410	3853	8485	1295	0	4877	3151	7836	2999650	39397	49894	1042	131582	136542	4688714	4739548	1976	462887	342649	225462
1789627937	5103	94.4	93.9	8930	3592	4299	10468	831	0	2264	3328	7860	2998970	39285	49934	1391	132034	137549	4710152	4809605	1979	465191	344269	227179
1789627967	5132	94.7	94.0	5852	2577	2986	7969	1407	0	46830	3488	8099	3000000	40000	49995	978	132987	138138	4727240	4846578	1991	467538	346644	228411
1789627996	5162	95.0	94.7	8563	5478	2812	9990	1273	0	19310	3231	7938	2998842	39896	49996	827	133401	139239	4751045	4893127	1983	469942	348118	229998
1789628026	5191	95.4	94.5	7449	4970	2791	7672	1745	0	39488	3379	11182	2999913	40000	49921	821	133879	140044	4770174	4937366	2003	472403	349953	230836
1789628063	5228	95.7	95.2	7678	2224	2230	9610	292	0	83467	3522	8389	3000722	40000	49884	1199	134648	141101	4809060	4980167	2045	474751	352828	232271
1789628087	5253	75.6	75.1	11161	7569	2849	6885	1779	0	42638	5898	7252	3000024	39441	49923	836	135155	141820	4828598	5024004	2024	477198	353515	233131
1789628119	5285	71.5	71.4	11469	6635	739	6887	67	0	6031	5208	6703	3000584	40000	50000	27	135160	142638	4872622	5059297	2017	477273	354185	234532
1789628154	5320	93.5	93.2	8131	4346	1312	5347	356	0	48853	3191	10833	3000380	40000	50000	490	135562	143607	4886579	5124557	2051	479988	356084	235645
1789628181	5347	94.3	93.8	7980	5082	2253	7223	84	0	57069	3265	7824	3000576	40000	49920	1025	136228	144342	4909414	5167925	2038	482153	357468	237327
1789628206	5372	92.9	92.5	5699	3209	1177	6635	304	0	30320	3595	5184	3000112	40000	50000	357	136678	145178	4922982	5213013	2029	484782	358804	239473
1789628241	5407	96.0	95.7	7365	5472	1245	8592	565	0	21524	3405	10872	3000205	40000	50000	334	137104	146291	4948037	5273418	2033	487252	360411	240845
1789628270	5436	95.1	94.9	9657	3653	1042	6581	228	0	34516	3169	7755	3000272	40000	50000	124	137439	147228	4969852	5323910	2030	489399	361942	242438
1789628302	5468	94.7	94.3	7409	3941	1353	8844	642	0	22478	3517	8187	3000380	40000	50000	309	138011	148207	4992550	5394427	2027	492174	363733	243865
1789628330	5496	91.8	91.1	7034	4467	3338	8040	1192	0	1973	3322	8105	3000104	39739	49884	790	139027	148780	5015311	5431650	2021	495535	364695	246837
1789628358	5524	93.0	92.7	7119	2985	3083	10398	1038	0	36151	3277	7940	3000171	39656	50000	927	139352	149564	5032651	5477211	2025	498393	366634	248130
1789628387	5552	93.0	92.2	5446	2356	3225	8390	1300	0	28349	3448	8228	3000123	39886	50000	1047	140185	150075	5050895	5513013	2028	500832	367868	250556
1789628416	5582	94.0	93.5	8002	2157	2903	10873	1969	0	7778	3004	7594	3000135	39823	49998	753	141087	151056	5082290	5554486	2024	503669	369104	252570
1789628450	5615	94.7	93.9	10025	3277	2969	8548	1995	0	21346	3196	10644	3000016	40000	49974	770	141618	152186	5102529	5605258	2026	506276	371244	253540
1789628479	5644	93.9	92.4	9390	2658	3162	10548	1893	0	2786	3415	8119	3000111	39914	49937	1141	142429	153161	5133762	5644624	2026	508481	372474	255445
1789628507	5672	94.8	93.5	5928	3855	3260	8121	1819	0	53943	3126	7574	3000101	39644	49968	1219	143112	153943	5155025	5683139	2039	511125	374863	256113
1789628537	5703	94.5	93.4	7587	4284	3082	9955	1819	0	5211	3430	8195	3000152	39711	49924	1054	143729	154817	5203187	5715146	2026	513198	375827	258369
1789628570	5736	95.1	94.7	9668	1830	2399	7449	1113	0	41431	3109	7742	3000027	40000	50000	943	144017	155848	5232927	5757643	2038	515646	378106	259794
1789628598	5763	93.3	92.9	5609	2605	2135	9278	286	0	44239	2961	7430	3000353	40000	49940	1247	144412	156392	5259286	5785530	2035	517852	380302	261415
1789628628	5794	95.2	94.9	7199	3887	1398	6970	45	0	53053	3065	7495	3000739	40000	50000	936	144931	157440	5282376	5841793	2061	520339	382677	262091
1789628657	5823	94.2	93.7	7002	4410	1712	8554	106	0	46412	3056	7229	3000434	40000	50000	1069	145434	158326	5313071	5877043	2051	522790	384623	263063
1789628688	5854	94.7	94.4	7076	2708	1238	6026	118	0	100279	3296	7549	3000411	40000	50000	781	145829	159181	5348369	5912531	2086	525145	386755	263791
1789628719	5885	89.5	88.3	10821	5055	2932	7763	546	0	19887	3531	7838	3000212	40000	49992	1254	146273	160092	5375891	5963196	2030	527417	387971	264803
1789628748	5913	94.0	93.5	10495	1906	2732	6118	1083	0	27814	3217	7644	3000370	40000	50000	1280	146974	160924	5404699	6009291	2043	529778	389594	266107
1789628777	5943	91.7	91.3	5098	2041	2932	8723	1378	0	13459	3100	7892	3000047	40000	50000	994	147469	161597	5418518	6053165	2029	533624	391529	268784
1789628811	5976	94.7	94.4	7450	4535	2582	7903	1668	0	40985	3085	10699	3000274	39932	50000	750	147947	162520	5445103	6099738	2034	536302	393652	270069
1789628838	6004	92.4	91.9	5191	3584	3354	9906	1070	0	18358	3232	7796	2999912	39419	49994	1385	148448	163190	5455156	6144887	2022	538683	395167	272396
1789628871	6037	93.6	92.7	5997	3003	4101	8515	1986	0	24861	3034	7714	3000041	38881	49936	1641	148796	164068	5486643	6195834	2030	542272	397183	274104
1789628896	6062	94.5	94.3	6328	3271	3125	9758	936	0	4486	3149	7494	2999679	39571	49967	918	150039	164618	5503527	6228818	2020	544384	398841	275756
1789628926	6092	93.7	93.4	6617	2580	3011	7359	1322	0	26764	3095	7749	3000319	39929	49989	1078	150515	165390	5536083	6268530	2029	546745	400574	277021
1789628961	6127	94.6	93.8	7045	2108	1679	9034	154	0	70567	2896	7544	3000750	40000	50000	965	151246	166427	5567702	6327333	2047	549286	403722	278228
1789628989	6155	94.9	94.5	5936	5165	3221	7080	573	0	41148	2830	7033	3000442	40000	49990	1498	151888	167218	5595465	6362227	2029	551951	405298	278898
1789629025	6190	95.5	95.4	8944	2269	1603	8469	540	0	56370	3095	10647	3000300	40000	50000	600	152051	168354	5635013	6415562	2056	554667	407633	280190
1789629050	6216	93.4	93.0	7504	2847	2091	6156	643	0	47222	2887	7214	3000258	40000	50000	1149	152474	168901	5646553	6450398	2044	557173	409681	281183
1789629078	6244	95.8	95.5	9420	3129	2200	7259	789	0	45287	2959	7051	3000543	40000	50000	917	152952	169776	5681961	6486992	2059	559068	411024	281879
1789629106	6272	93.0	92.3	7718	2134	3299	6790	1356	0	4727	3286	8042	3000014	40000	49991	1179	153722	170398	5708468	6521147	2036	562511	412598	283766
1789629138	6304	94.0	93.5	7379	3027	4209	9099	1891	0	14696	2922	7189	3000582	39659	49934	1800	154473	171413	5741312	6560902	2031	565400	414537	285185
1789629175	6341	96.3	96.0	6203	3535	1611	7175	537	0	95816	3412	10955	3000761	40000	50000	907	154988	172578	5775913	6608254	2076	567796	417901	286402
1789629200	6366	94.2	93.6	10324	1973	1996	8972	518	0	40725	3133	7110	3000086	40000	50000	1213	155215	173081	5795338	6633704	2036	570150	419684	287554
1789629228	6394	95.1	94.8	7130	3583	1390	6537	348	0	62381	3106	7571	3000425	40000	50000	705	155516	174026	5811095	6680665	2050	572570	421660	288379
1789629257	6423	93.9	93.3	7249	2272	1460	8387	93	0	33383	2971	7113	3000741	39913	50000	437	156200	175150	5830567	6743789	2041	575584	423594	289823
1789629292	6457	95.5	95.1	10439	3460	1552	6435	138	0	52235	2955	10167	3000827	40000	50000	831	156782	176105	5868016	6781480	2051	577688	425756	290369
1789629316	6482	94.3	93.1	6771	5338	1704	8174	59	0	64025	3219	4693	3000413	40000	50000	962	157138	176751	5895423	6812392	2051	579969	427599	291309
1789629349	6515	94.9	94.6	7761	4199	1985	6675	110	0	36569	3025	10271	3000366	40000	49852	1306	157660	177651	5913315	6870831	2040	582469	429589	292552
1789629380	6546	95.9	95.6	12721	4306	1667	7990	124	0	39724	3108	7252	3000482	40000	50000	1122	158222	178678	5951644	6919912	2050	584835	431684	293538
1789629411	6577	94.4	94.2	8535	2180	1252	5695	156	0	68545	2933	7222	3000427	40000	50000	684	158453	179592	5985861	6970307	2067	587338	433817	294100
1789629443	6609	94.2	93.9	8755	2358	1362	7487	101	0	52791	3040	7472	3000418	40000	50000	753	158885	180720	6008886	7032383	2060	589949	435917	295024
1789629469	6635	94.2	93.9	8584	3863	1785	5986	117	0	33966	3373	7577	3000342	40000	50000	1250	159206	181303	6027308	7060742	2041	592155	438044	295633
1789629500	6665	94.6	94.0	10726	3491	1226	7118	211	0	41660	3319	7931	3000809	40000	50000	621	159604	182390	6052884	7117277	2053	594641	440166	296304
1789629528	6694	95.1	94.6	7965	3315	1733	5541	566	0	30813	2965	7476	3000808	40000	50000	520	160196	183148	6073677	7165752	2046	597813	442406	297017
1789629558	6724	96.6	96.3	7613	3908	1257	6765	207	0	33729	3048	7635	3000741	40000	50000	670	160529	184082	6106232	7216976	2057	599657	444551	297625
1789629589	6755	96.4	95.8	5791	3809	1515	5737	1029	0	4190	2886	10140	3001026	40000	50000	196	161364	184908	6127562	7263442	2029	602898	446739	298522
1789629620	6785	91.6	91.0	10974	4679	2745	8072	1058	0	6845	2977	7341	3000373	40000	50000	672	161764	185650	6163524	7294088	2029	605876	448445	299837
1789629647	6813	94.3	93.8	9257	1847	3815	7037	1559	0	8644	3258	7633	3000062	39677	50000	1480	162185	186390	6180120	7346576	2028	608561	450386	301216
1789629677	6842	95.3	95.1	5399	2590	1859	8349	467	0	65259	3107	7780	3000158	40000	50000	957	163062	187016	6199238	7380597	2041	610733	453134	302315
1789629708	6874	94.5	93.7	11676	4113	2990	7228	870	0	20576	3465	8037	3000541	40000	50000	1193	163512	188007	6241833	7418500	2043	613090	454333	303160
1789629737	6903	94.8	94.3	5299	3321	1866	8896	396	0	50397	3393	8684	3000495	40000	50000	933	164051	188881	6261391	7458819	2049	615731	456746	304558
1789629767	6933	95.1	94.9	5912	3031	1820	6887	142	0	34110	3191	7577	3000673	40000	49939	1043	164454	189836	6287707	7508686	2039	618004	458625	306075
1789629799	6964	94.4	93.9	7025	4243	1600	8566	91	0	55019	3186	7898	3001061	40000	50000	868	165141	190755	6325126	7555597	2068	620404	460461	307070
1789629832	6998	95.3	95.2	7248	6128	1515	6402	116	0	75242	3182	10457	3000116	40000	49978	845	165318	191643	6359784	7590173	2068	622774	462362	308110
1789629861	7027	92.8	91.0	4750	3826	2406	8745	399	0	21108	3228	7997	3000332	39416	50000	1557	166460	192520	6377012	7637611	2029	625864	464013	310122
1789629891	7057	95.8	95.6	4940	4558	1504	6034	391	0	36817	3150	7661	3000813	40000	50000	345	166877	193446	6412702	7673304	2051	628184	465747	311396
1789629917	7083	90.8	90.2	6572	3101	3667	9721	1285	0	200	3265	8217	2999720	39789	50000	1271	167331	193784	6425333	7694389	2027	632394	467003	313386
1789629951	7116	94.8	94.4	8711	2920	3826	8647	1149	0	4883	3524	8076	3000002	40000	50000	1153	168009	194785	6462226	7739367	2030	635025	469119	314151
1789629978	7143	93.8	93.3	7263	2569	3885	10590	1146	0	3224	3087	7530	2999147	39956	49752	944	168583	195581	6492988	7775280	2028	637120	470320	316569
1789630008	7174	93.9	93.7	11388	2619	3655	7984	1430	0	1888	2988	7522	2999050	39661	49905	836	168903	196519	6507350	7842418	2029	639690	472186	317130
1789630035	7201	98.1	97.7	9686	2958	671	8029	104	0	10259	3135	7460	3000488	40000	50000	30	169266	197541	6535091	7898698	2030	639866	473574	318762
1789630067	7233	90.4	89.5	9851	2759	3740	8059	1314	0	968	3447	8422	2998664	39545	49955	826	170043	198405	6550257	7959361	2037	644168	474865	321217
1789630098	7263	97.1	96.8	10342	4081	1160	8403	438	0	25780	3563	7875	3000505	40000	50000	276	170440	199424	6574747	8017150	2048	644967	476673	321929
1789630131	7297	95.0	94.8	11874	2107	1103	6561	268	0	42224	3022	7599	3000235	40000	50000	480	170846	200664	6599316	8093232	2053	647344	478707	323018
1789630163	7328	94.3	93.8	6087	1545	1227	8537	98	0	30358	2940	10012	3000646	40000	50000	714	171638	201596	6618433	8152523	2045	649761	480599	324176
1789630194	7360	95.0	94.7	10068	3449	1275	6523	401	0	49074	3040	7484	3000172	40000	50000	468	172195	202789	6649109	8209304	2060	652469	482707	324979
1789630222	7388	94.0	93.5	7911	4326	1639	8439	219	0	66539	3008	7372	3000342	40000	50000	932	172888	203493	6672978	8242684	2058	654873	484751	325871
1789630248	7413	95.5	94.8	5826	4881	1346	5981	143	0	63345	3083	7233	3000596	40000	50000	813	173585	204082	6694731	8269989	2061	657066	486750	326567
1789630280	7446	95.6	95.2	12098	5201	2543	7809	891	0	66544	3071	7235	3000526	40000	49830	1138	174223	204924	6733787	8311115	2053	659550	488347	327294
1789630309	7475	93.4	93.0	6917	2750	1828	6731	659	0	77076	3353	7889	3000018	40000	49920	814	174709	205704	6755693	8358872	2055	662138	490037	329264
1789630340	7505	94.8	94.5	7965	2968	2330	8471	561	0	31368	3141	7764	3000356	40000	50000	707	175183	206836	6784132	8416558	2056	664362	491283	330585
1789630369	7535	93.1	92.4	8853	3089	2863	8349	1294	0	11152	3374	11123	3000058	40000	50000	962	175769	207779	6802007	8462562	2039	667216	492232	333142
1789630399	7565	95.4	94.8	5629	3002	1431	9863	104	0	50106	2921	7363	3000967	40000	50000	1063	176713	208812	6823998	8514470	2054	669307	495263	334228
1789630434	7600	97.6	97.5	13776	4756	966	7430	222	0	149676	2866	7296	3000141	40000	50000	549	176906	209861	6876858	8549489	2130	671846	497577	334753
1789630456	7622	95.2	94.3	9038	5553	3746	9754	2376	0	23827	2882	6783	3000219	39669	49964	1320	177806	210713	6896909	8592217	2040	674477	497841	335300
1789630486	7652	96.8	96.4	6961	4199	3068	6851	1704	0	46478	3040	7220	3000075	39337	49947	1213	178436	211621	6922978	8643410	2039	676821	500060	336725
1789630516	7682	91.9	91.6	8416	1859	2891	8708	1249	0	15063	2953	7290	3000259	40000	49947	1168	178914	212348	6953868	8678908	2038	678934	501267	338909
1789630552	7717	97.4	96.7	8215	4253	906	7376	272	0	31811	3196	11080	3000477	40000	50000	320	179225	213425	6985455	8735088	2040	681399	503567	341004
1789630580	7746	91.2	90.0	7458	2698	3469	10607	1764	0	3140	3241	7817	2999577	40000	50000	781	179924	214026	7000500	8768542	2038	685901	505629	342042
1789630610	7775	98.5	98.4	8326	5196	925	6317	301	0	39928	2903	6758	3000163	40000	50000	273	180034	215326	7034240	8833755	2060	686394	507850	342519
1789630639	7805	93.6	93.1	6455	3832	1383	8371	816	0	23939	2862	7090	3000578	40000	50000	362	180747	216239	7050152	8894739	2054	689483	510091	343384
1789630667	7833	95.3	95.1	11663	3889	1882	6018	62	0	50115	2950	6825	3000150	40000	50000	1019	180929	216873	7089606	8931445	2065	691056	511720	343990
1789630699	7864	93.2	92.5	6038	2661	3089	8964	2047	0	3683	3003	10269	3000151	39827	50000	671	181721	217688	7102905	8984547	2039	695534	513753	346001
1789630731	7897	98.5	98.4	11435	1744	814	5449	357	0	39715	2907	6743	3000479	40000	50000	242	182037	218949	7148901	9043943	2066	695989	515861	346331
1789630762	7928	93.9	92.5	10097	3466	1035	7587	366	0	20614	3091	7731	3000633	40000	50000	81	182653	219833	7172187	9098326	2054	698605	517511	347754
1789630791	7957	92.1	90.8	6312	3999	3564	6872	611	0	9927	3396	7866	2999965	39942	49971	1264	183308	220658	7191231	9148634	2044	701833	519348	349011
1789630816	7982	98.3	97.9	8539	1753	1165	7776	690	0	8846	2743	6555	3000181	40000	50000	216	183834	221571	7213630	9196089	2041	703508	521357	349711
1789630848	8014	91.1	90.8	9021	3233	4604	7618	667	0	2222	3012	7375	2998281	38954	49958	1676	184249	222499	7239280	9251278	2045	707576	522889	351741
1789630879	8045	96.3	94.5	5686	1314	1728	8557	318	0	94524	3078	10573	3000380	39635	50000	837	185448	222933	7246382	9281227	2074	709800	526461	352815
1789630907	8073	94.5	93.6	10465	8340	3957	7524	2126	0	6474	2868	6716	3000567	39951	49991	1431	186008	223969	7286158	9323966	2042	712364	527144	353220
1789630940	8106	94.9	94.6	6749	2166	2507	8906	361	0	78326	2849	7506	3000304	40000	50000	1161	186418	224990	7312361	9374094	2069	714870	530684	354077
1789630966	8132	95.6	95.3	6382	5715	2820	5937	979	0	55437	2661	6745	3000434	40000	50000	1142	186953	225770	7341338	9411568	2063	717385	532455	354615
1789631005	8170	96.3	96.1	7365	3217	2238	7580	292	0	92379	2873	9985	3000324	40000	49988	1158	187433	227163	7380795	9473521	2083	719949	535464	355268
1789631031	8197	93.9	93.4	11247	4268	3348	6166	1556	0	47941	3005	6932	3000431	40000	49948	1417	188014	228094	7403852	9520091	2050	722502	536431	356119
1789631061	8227	94.8	94.3	10125	1846	1882	7595	423	0	45768	2908	7523	3000497	40000	50000	1062	188835	229083	7433576	9566496	2071	724931	539314	357676
1789631087	8253	95.1	95.0	12210	1675	1497	5760	122	0	41025	2905	6917	3000176	40000	50000	964	189026	229781	7463285	9597968	2065	726966	541067	358492
1789631121	8287	95.0	94.8	8194	2457	4487	7559	462	0	17921	2780	9740	3000253	39825	49751	1856	189358	230915	7484269	9660476	2047	730044	543209	359372
1789631146	8312	95.8	95.1	6011	4554	3605	7035	2402	0	6115	2748	6894	3000608	40000	50000	1051	190049	231541	7504505	9699920	2045	734105	545371	360255
1789631178	8344	98.3	98.1	18554	2009	1204	7039	159	0	51075	2908	6814	3000748	40000	50000	555	190572	232641	7554862	9753453	2087	734456	547627	360570
1789631208	8373	94.9	94.6	7676	4054	2038	5733	163	0	30667	2798	7136	3000371	40000	49968	1270	191137	233339	7590000	9791411	2053	736994	549778	361257
1789631236	8402	95.8	95.1	10032	2768	1024	6709	573	0	12136	3035	7385	3000633	40000	50000	255	191681	234356	7621634	9835647	2056	739532	551767	361958
1789631271	8436	91.8	91.5	6989	5198	3796	6500	785	0	6637	2887	9812	2999616	40000	49839	939	192247	235232	7651242	9877679	2047	743222	553827	362924
1789631303	8468	98.1	98.0	8446	5550	1096	7309	281	0	44557	2971	7151	3000067	40000	50000	415	192382	236489	7680186	9957089	2080	744495	555943	363745
1789631328	8494	95.5	95.0	4961	3784	1794	6351	632	0	25529	3029	7300	3000433	40000	50000	574	192875	237138	7691647	10006796	2053	747664	558183	364556
1789631358	8523	97.3	97.1	14936	2190	1363	7505	125	0	43212	3016	7302	3000275	40000	49990	877	193108	238092	7719164	10058161	2080	749302	560399	364964
1789631394	8560	97.8	97.5	7840	4804	1210	5399	280	0	36066	2890	9909	3000452	40000	50000	495	193542	239330	7750339	10132117	2062	752070	562597	365659
1789631416	8582	89.7	89.1	4252	2258	2128	7334	109	0	27566	3045	4533	3000386	40000	50000	1345	193992	239788	7766850	10157627	2060	754391	564542	366530
1789631449	8615	97.3	97.1	7623	5781	1583	5928	376	0	19099	3066	9899	3000385	40000	50000	638	194360	240954	7795989	10224961	2056	757021	566428	367491
1789631477	8643	92.5	92.4	5199	2803	4114	9046	996	0	3430	2925	7230	2998797	39285	50000	1424	194568	241708	7812504	10277783	2046	760987	568131	368859
1789631506	8672	95.5	94.6	5126	2319	3223	7535	1440	0	49828	2862	7428	2999537	39700	49985	1314	195564	242498	7827531	10329917	2055	763501	571062	369913
1789631539	8705	95.7	95.4	9185	3994	2655	8992	854	0	67711	2875	10023	3000264	39868	50000	1162	195968	243480	7855337	10382275	2072	765936	573486	370612
1789631567	8733	93.9	93.5	7301	4814	3035	7076	1483	0	49536	2997	7183	3000026	40000	49884	1174	196356	244413	7878221	10427009	2063	768471	575354	371297
1789631597	8763	94.5	93.7	7620	3221	3159	8908	548	0	38473	3131	7596	3000205	39969	49964	1450	197120	245391	7898325	10489640	2065	770948	577559	372622
1789631628	8794	96.1	95.7	7492	4012	1712	6921	102	0	58356	3316	7907	3000648	40000	50000	932	197799	246637	7929782	10542174	2072	773508	580441	373330
1789631660	8826	93.3	93.0	6708	3270	3403	9689	1278	0	10399	3211	10684	3000094	39706	50000	1185	198301	247611	7945513	10588373	2049	777524	582424	374665
1789631686	8852	93.9	93.2	6319	1981	3512	7932	2189	0	24940	3199	7793	2999908	39711	49853	1235	199068	248481	7960484	10625791	2050	780369	584438	376014
1789631720	8885	94.5	94.0	7412	2401	3359	9789	1200	0	49412	3348	11220	3000175	39623	49955	1541	200000	249333	7981490	10674096	2062	782791	586508	377670
1789631756	8922	96.5	96.3	14118	2092	1213	7243	84	0	83599	3080	7802	3000475	40000	50000	829	200000	250633	8033547	10724139	2078	784948	589730	378630
1789631783	8948	94.8	94.6	9146	2674	1660	9061	143	0	101334	3114	7486	3000176	40000	50000	1007	200000	251246	8054149	10753954	2100	787519	591880	379089
1789631812	8977	95.3	94.9	8971	3254	2572	6345	756	0	60561	3091	7577	3000012	40000	49942	800	200000	252314	8073194	10812505	2083	790187	593613	379627
1789631836	9002	93.0	91.5	6357	5040	3729	8505	2152	0	12131	3233	7617	2999754	39003	49994	1500	200000	253284	8088246	10866504	2055	792558	594117	381129
1789631875	9040	96.0	95.7	10166	2474	1312	7413	118	0	107450	3253	8288	3000392	40000	50000	810	200000	254485	8133744	10915228	2117	795186	598079	382131
1789631895	9061	92.6	92.0	8745	5815	3246	9448	2058	0	32400	3059	7136	2999512	39560	49928	1104	200000	255122	8147105	10953623	2056	797739	598571	382853
1789631926	9092	94.8	94.1	5732	4415	3222	7645	1637	0	36114	3279	8015	3000054	39870	49930	1269	200000	255962	8175797	10997735	2062	800149	600310	384388
1789631960	9125	94.2	93.9	6181	4813	2660	9729	1433	0	43959	3146	7776	3000004	40000	49922	625	200000	257003	8208182	11051725	2058	802950	602329	385950
1789631986	9152	93.4	92.8	7351	3732	2915	8086	1249	0	15003	3223	7794	3000145	39733	50000	917	200000	257729	8222207	11101239	2052	805231	603561	387611
1789632016	9182	95.4	95.0	10174	2244	3139	10028	1804	0	40958	3361	7880	2999169	39495	50000	1086	200000	258790	8239489	11170594	2069	807868	605766	388267
1789632046	9212	95.3	94.9	6464	4801	2978	8111	1694	0	14394	3192	7567	2999671	39796	49937	896	200000	259724	8269565	11212856	2055	810094	606966	390231
1789632075	9241	94.5	93.9	10949	3243	3045	10037	1832	0	29393	3153	7676	2999958	40000	50000	974	200000	260792	8290997	11279731	2071	812539	608929	391343
1789632110	9276	94.7	94.1	9989	2447	2891	8136	1112	0	33840	3177	11027	3000249	39646	49995	1041	200000	261528	8316353	11320244	2060	815009	610523	393092
1789632142	9308	96.0	95.5	8982	4267	2868	9961	1223	0	27866	3099	7586	3000180	40000	49990	943	200000	262571	8349822	11377786	2060	817444	612377	394204
1789632168	9334	96.3	95.5	7237	3681	2919	7910	1173	0	18000	3241	7957	3000184	40000	50000	994	200000	263252	8367129	11424322	2066	819835	613802	396315
1789632199	9365	96.4	95.7	9305	2331	2586	9745	1003	0	43143	3182	7904	3000552	40000	50000	1048	200000	264319	8391425	11493042	2076	822270	616076	397443
1789632227	9393	93.1	92.2	8916	2018	1866	8228	337	0	61737	3428	8113	3000596	39894	50000	940	200000	265105	8414893	11533441	2087	824778	617889	399636
1789632261	9427	95.7	95.1	6692	4823	2187	10468	590	0	22495	3152	11136	3000193	40000	50000	540	200000	266407	8440337	11585363	2061	828025	619279	401597
1789632288	9454	90.3	89.7	5594	2050	1633	7965	445	0	35990	3462	8026	3000347	40000	50000	652	200000	267104	8452287	11629902	2067	830019	621006	403153
1789632317	9483	87.9	87.1	7865	1958	3443	10297	1075	0	12751	3239	8020	3000006	39641	49974	1256	200000	267947	8466672	11677084	2059	833132	622662	404649
1789632348	9514	94.0	93.4	8067	3168	3008	8572	1700	0	25999	3179	7917	3000091	40000	49988	678	200000	268719	8506653	11705821	2050	836438	624560	406286
1789632376	9542	94.0	93.4	7346	1834	3536	10732	2223	0	19842	3154	7711	2998237	39529	49971	1243	200000	269527	8526858	11752553	2051	838974	625976	407720
1789632409	9575	95.9	95.4	8609	3370	2935	8115	1575	0	57501	3042	10533	3000236	39590	49978	1108	200000	270467	8547337	11806594	2060	841472	628307	408889
1789632437	9603	94.5	93.8	8497	1982	3061	9895	715	0	20213	3189	7529	3000324	39590	49998	1445	200000	271304	8580212	11848488	2050	843500	629500	411291
1789632473	9638	96.7	96.2	7044	2903	1699	7393	744	0	51361	3199	7709	3000307	40000	50000	589	200000	272312	8628350	11890825	2067	846418	632245	412039
1789632498	9663	91.9	90.8	6996	3550	2871	9631	995	0	19542	3148	7658	3000150	39806	50000	1503	200000	272944	8641424	11932985	2057	848845	633756	413624
1789632527	9693	94.2	93.7	6465	2431	3058	7039	1132	0	41080	2935	7468	3000260	40000	50000	918	200000	273648	8667673	11976798	2055	852120	635819	414702
1789632556	9722	94.5	94.0	9541	3046	3184	8809	1464	0	7469	3261	7429	2999774	39574	49980	1169	200000	274296	8705996	12017391	2049	854053	636459	416807
1789632588	9754	95.5	94.6	6998	2568	1903	7131	608	0	26256	2902	7494	3000213	40000	50000	711	200000	275396	8725924	12077393	2065	856602	639402	418082
1789632617	9782	93.9	93.2	4967	3462	913	9054	332	0	33106	2821	7174	3000035	40000	50000	239	200000	276240	8747418	12123202	2055	859077	640712	420248
1789632651	9817	92.0	91.6	6959	4632	4068	8020	575	0	12402	3042	10497	2999428	39533	49939	1185	200000	277171	8769069	12188239	2054	862386	642361	421780
1789632678	9844	94.5	93.9	7199	3078	3881	9651	720	0	14343	3038	7069	2998970	39247	49925	1326	200000	278057	8789192	12245474	2055	864878	644328	422833
1789632708	9874	98.0	97.5	7117	3575	1208	5947	696	0	19258	2797	6867	3000703	40000	50000	311	200000	278977	8816131	12297715	2064	866748	646396	423626
1789632739	9905	95.2	94.0	7101	2247	1179	7630	265	0	32532	3260	7676	3000085	40000	50000	529	200000	279849	8852278	12343000	2066	869050	648254	424769
1789632768	9934	92.5	91.2	5725	5003	3984	7413	1187	0	5978	3213	7661	2999339	39296	50000	1315	200000	280615	8872379	12384981	2057	873191	650271	425875
1789632796	9962	94.9	94.0	6240	3075	3543	8829	2102	0	5985	2706	6900	3000122	39847	50000	1164	200000	281514	8895953	12434818	2053	875586	652541	426646
1789632829	9995	96.4	95.7	7033	4098	2816	6750	1368	0	37336	2784	9812	3000256	39502	50000	1131	200000	282373	8929179	12471149	2058	877834	655090	427613
1789632860	10026	95.0	94.6	6335	2010	2494	8223	624	0	39291	2794	7148	3000689	40000	50000	1352	200000	283497	8960049	12515568	2052	880083	657581	428563
1789632887	10052	93.6	91.8	6927	4174	2399	7095	458	0	21518	3369	7987	3000315	40000	50000	1002	200000	284309	8974178	12558901	2061	882814	659125	430403
1789632920	10086	92.2	91.1	5025	2618	3524	10242	1680	0	6387	3219	11163	3000030	38829	50000	1426	200000	285156	8984597	12619440	2051	886719	661046	432867
1789632946	10112	97.7	96.4	6261	2830	3076	7808	1768	0	2848	3318	7994	3000061	40000	50000	836	200000	285751	9010943	12646130	2051	888912	662644	433902
1789632976	10142	95.5	94.8	7472	2237	3072	9796	1707	0	12973	3235	8329	3000000	40000	50000	1182	200000	286681	9032600	12681633	2052	891455	664655	435449
1789633009	10175	97.0	96.2	8114	1654	1765	7264	154	0	82266	3518	8424	3000511	40000	50000	1173	200000	287634	9048671	12748149	2085	893943	668180	436147
1789633047	10213	96.5	95.9	7181	5378	1878	8868	308	0	83633	3140	11212	3001001	39929	50000	1237	200000	288826	9081590	12815782	2080	896606	670476	436752
1789633074	10240	95.7	95.2	10164	3645	1618	5579	249	0	58129	2945	7304	3000672	40000	50000	955	200000	289564	9113351	12844943	2061	898840	672350	437685
1789633103	10269	95.2	94.6	10473	1860	1678	7183	172	0	86699	3057	7768	3000569	40000	50000	1007	200000	290307	9144216	12877804	2077	901186	674331	438422
1789633134	10300	95.1	94.4	5569	5033	2863	5980	985	0	63334	3408	7985	3000341	40000	49923	1172	200000	291147	9171802	12927990	2061	903804	675609	438980
1789633162	10327	93.9	93.6	6896	2884	3257	7829	687	0	26063	2898	6822	3000014	40000	49695	1643	200000	291848	9194024	12990441	2052	905991	677196	441071
1789633190	10356	96.3	95.9	7428	3943	1084	5652	515	0	34835	2867	7279	3000223	40000	50000	318	200000	292828	9214067	13054548	2068	908409	679345	442080
1789633222	10387	86.1	85.1	5879	4884	3198	7804	37	0	25515	2858	7100	3000118	40000	49891	1563	200000	293579	9235217	13101549	2044	910979	680903	443523
1789633248	10413	93.1	92.6	7026	4738	3908	7119	684	0	8889	2944	6801	2999473	39524	50000	1677	200000	294267	9247247	13146130	2044	914260	682441	444632
1789633277	10443	94.6	93.9	6564	1823	3062	8735	1194	0	68713	2904	7046	3000258	40000	49881	1230	200000	294905	9257326	13189404	2057	916945	685282	445671
1789633307	10472	94.6	94.1	8275	5365	3234	7151	1672	0	24066	2959	7304	3000267	39342	50000	1151	200000	295879	9289126	13245131	2045	919274	686956	446447
1789633336	10502	93.8	93.4	5052	3435	3327	8968	1177	0	12819	3035	7302	3000096	39843	49957	1400	200000	296710	9308520	13307422	2042	921348	688056	448369
1789633372	10538	95.3	94.7	6105	3089	2185	7043	639	0	53538	3061	10536	3000461	40000	50000	955	200000	297595	9335230	13362411	2061	923746	690794	449339
1789633400	10566	93.7	92.8	7221	2786	2595	9076	955	0	30798	3145	7742	3000293	40000	50000	1439	200000	298325	9358211	13398861	2046	926310	692655	450613
1789633430	10595	93.0	92.8	7057	4092	4140	7408	923	0	12478	2841	7271	2999312	39299	49947	1414	200000	299240	9373719	13463607	2045	930082	694673	451303
1789633456	10622	94.9	93.8	7726	3707	2389	8461	1390	0	1460	2912	7498	3000199	39767	49975	904	200000	300045	9395095	13506008	2041	931585	695979	453564
1789633490	10656	94.1	92.8	6057	1427	1904	7130	502	0	52817	3320	8248	3000146	40000	50000	970	200000	300776	9432380	13539676	2051	934281	698575	454958
1789633517	10683	93.8	93.1	6895	3550	1549	8590	196	0	46385	3100	7820	3000557	40000	50000	888	200000	301530	9451758	13578326	2055	936535	700497	456037
1789633547	10713	94.9	94.2	5925	2346	1541	6436	333	0	27730	3187	8034	3000651	40000	50000	498	200000	302490	9476733	13620128	2055	939395	702376	457320
1789633580	10746	92.2	91.8	7335	4417	3798	9324	996	0	6664	2934	10314	2999744	39293	50000	1248	200000	303395	9501415	13660605	2042	943093	704324	458127
1789633606	10772	94.3	93.0	5222	2411	3685	6764	1802	0	3345	2875	7528	3000075	39133	50000	1363	200000	304058	9514492	13700703	2042	945119	706023	459570
1789633648	10814	96.2	95.9	9153	2241	1332	8016	152	0	71790	3208	11235	3000505	40000	50000	869	200000	305106	9560480	13743901	2059	947603	709799	460257
1789633670	10836	93.3	92.4	9197	4127	2612	6157	785	0	56019	2861	4260	3000115	40000	49867	836	200000	305696	9576022	13778774	2065	950075	711183	460702
1789633696	10862	94.2	93.4	7096	2376	2980	8060	1032	0	17543	2882	7310	2999518	39510	50000	1072	200000	306551	9588665	13825553	2041	952423	712400	461773
1789633735	10900	94.1	93.5	9683	3480	3060	6853	1074	0	44718	3868	12222	3000592	39679	49926	1313	200000	307704	9617753	13890297	2049	954972	714435	463072
1789633761	10927	92.6	92.0	8759	3757	2965	9166	565	0	44189	3339	8210	3000340	39983	50000	1449	200000	308243	9635432	13929973	2042	957640	716170	465564
1789633791	10957	94.5	94.1	5046	2916	3134	7593	521	0	42689	3175	7606	3000048	39493	49894	1306	200000	309120	9662322	13983445	2047	960486	717771	467422
1789633817	10983	94.4	93.6	7106	2256	2727	9267	1627	0	44220	3237	7850	3000023	39952	49989	785	200000	309681	9671898	14030453	2045	963123	719301	468758
1789633848	11014	94.6	94.5	7830	6597	3905	7862	1075	0	24812	2977	7371	3000083	39445	49708	1185	200000	310843	9704578	14088083	2046	965741	720869	469443
1789633876	11042	94.7	93.6	5757	2745	2947	9613	1503	0	5504	3353	8370	2999907	39694	49995	904	200000	311367	9721269	14119808	2040	967818	722064	472116
1789633908	11074	96.0	95.6	7753	3041	2704	8016	939	0	46007	3344	7788	3000192	40000	49959	833	200000	312238	9746600	14164646	2052	970346	724430	473125
1789633936	11102	96.3	95.3	8405	5036	3891	10052	2185	0	19625	3109	7501	2998263	38902	49814	1545	200000	313148	9767606	14227142	2040	972842	725386	474295
1789633974	11140	96.5	96.0	5228	2432	2867	7951	1164	0	44461	3180	11383	3000618	40000	49894	1080	200000	314061	9792363	14279870	2042	975410	727761	476214
1789634000	11166	97.6	96.8	6797	2262	1727	9926	372	0	64474	3370	7930	3000521	40000	49974	960	200000	314709	9803659	14327238	2059	977627	729742	478568
1789634031	11197	97.2	96.7	7312	5131	2118	7947	768	0	64291	2964	7642	3000561	40000	50000	830	200000	315702	9834506	14384936	2051	980000	731295	479482
1789634058	11223	93.5	92.5	7993	3649	3090	10041	550	0	35445	3541	7808	3000575	40000	49763	1407	200000	316359	9851861	14436699	2044	982310	732276	481187
1789634087	11253	95.6	95.1	6334	3721	1445	6459	229	0	47816	3043	7769	3000453	40000	50000	734	200000	317480	9875095	14493377	2074	984782	734898	482408
1789634122	11288	88.0	87.4	7729	3678	1606	8343	462	0	48702	2864	10180	3000606	40000	50000	562	200000	318604	9896737	14540940	2051	987607	736728	483513
1789634146	11312	93.9	93.2	5434	2626	1074	6378	105	0	22090	2836	4282	3000710	40000	50000	127	200000	319418	9922210	14586319	2053	989563	737970	485587
1789634177	11343	91.1	90.4	5825	1809	3769	9820	1169	0	7414	3027	10281	2999760	39380	49954	1142	200000	320068	9936153	14621401	2041	993873	739768	487046
1789634206	11372	94.8	93.8	7597	1666	3070	8241	1587	0	7556	3102	7961	2999485	39803	49978	961	200000	320850	9959256	14659336	2040	996133	741294	489324
1789634243	11408	95.6	95.2	6828	4036	2800	10059	1395	0	37363	3101	10734	3000134	40000	50000	833	200000	321697	9989478	14703532	2041	998748	743336	490523
1789634270	11436	93.6	93.2	5587	2585	2110	7874	524	0	67745	3396	8268	3000164	39976	50000	1047	200000	322202	10010841	14730073	2054	1001040	745320	492392
1789634302	11468	95.2	94.6	9593	6929	2494	9177	802	0	48393	3226	7422	3000636	40000	50000	1065	200000	323247	10044107	14794084	2041	1003025	746383	493389
1789634329	11495	93.0	92.1	5427	2378	2975	7234	938	0	30751	3157	7835	3000177	39751	49954	1318	200000	323828	10064926	14824926	2041	1005963	748359	495221
1789634362	11528	93.6	93.5	7445	5074	4136	9805	1045	0	9642	3088	7269	3000530	40000	49908	1388	200000	324772	10104933	14872855	2041	1009373	749868	496721
1789634390	11555	95.1	94.6	5909	1918	3625	6994	905	0	3432	2845	6985	2999545	39577	49963	761	200000	325661	10118955	14933933	2041	1011287	752014	497565
1789634420	11586	97.9	97.6	10145	2889	649	7638	121	0	59716	3166	7336	3000634	40000	50000	337	200000	326900	10147375	15015055	2060	1012171	753746	498843
1789634447	11613	93.4	92.5	7246	2877	1470	6108	827	0	22958	2875	7082	3000645	40000	50000	399	200000	327515	10163725	15062525	2049	1015099	755735	499959
1789634477	11642	96.2	95.8	8711	3709	807	7596	274	0	12907	2899	7084	3000633	40000	50000	35	200000	328634	10189111	15122705	2047	1017104	757528	501174
1789634511	11677	95.2	94.7	10633	2344	1125	5828	654	0	25416	2842	9599	3000539	40000	50000	322	200000	329691	10211484	15199427	2053	1019935	759585	502169
1789634539	11705	95.9	95.4	7477	3587	1064	7494	120	0	16404	3051	7143	3000586	40000	50000	46	200000	330559	10239460	15245697	2044	1021931	761031	503742
1789634567	11733	92.3	91.6	5000	2379	3572	7372	907	0	4048	3261	7627	2999577	39595	49981	1036	200000	331205	10256108	15293373	2041	1026008	762881	505445
1789634597	11763	96.5	95.7	6934	4131	3368	9341	2000	0	8864	2861	7134	3000216	39679	49929	1204	200000	332124	10288160	15347509	2042	1028355	764549	507151
1789634636	11802	95.8	95.6	5531	1433	2932	7322	1346	0	69993	2884	9981	3000547	40000	49948	1209	200000	333397	10324683	15421858	2043	1030925	767271	507958
1789634657	11822	94.7	93.7	11439	2491	2874	8970	828	0	29493	3175	7413	3000554	39773	49986	1362	200000	333890	10334561	15457323	2041	1032968	768741	509894
1789634686	11852	95.9	95.4	7514	3251	1596	6723	642	0	33528	2848	7209	3000276	40000	50000	567	200000	334761	10365430	15498300	2043	1035583	771254	510750
1789634716	11882	91.8	90.5	6661	2673	2906	9280	1530	0	4159	3138	8050	3000007	40000	50000	929	200000	335535	10386242	15538600	2044	1039022	772897	512323
1789634750	11916	95.0	94.5	7070	1741	1582	7359	207	0	57619	2941	10531	3000562	40000	50000	992	200000	336494	10404900	15601176	2049	1041568	776038	514185
1789634778	11944	94.9	94.2	5294	4708	2847	9016	551	0	38738	2907	7180	3000712	40000	50000	1273	200000	337499	10427315	15650069	2047	1044097	777511	514773
1789634807	11973	95.0	94.4	5965	3364	1753	7171	77	0	43596	3049	7273	3000943	40000	50000	1098	200000	338444	10455011	15700051	2054	1046672	780129	516283
1789634837	12003	96.1	95.6	10922	1757	1255	8510	295	0	30454	2818	6990	3000627	40000	50000	408	200000	339518	10487363	15748539	2063	1049332	782161	517140
1789634870	12036	93.7	93.4	7166	3059	3908	7777	1245	0	3091	2824	10009	2999915	40000	50000	1274	200000	340270	10504995	15800044	2044	1053573	784317	517834
1789634897	12063	96.7	96.3	8019	4697	4156	9334	1064	0	1690	2887	7078	2998600	39225	49819	1441	200000	341222	10522263	15854488	2048	1056075	786544	518430
1789634926	12091	98.5	96.6	7024	3335	3110	6727	1685	0	5153	3313	7623	3000294	39743	50000	800	200000	342027	10547980	15902822	2044	1058174	788738	519545
1789634960	12126	95.6	94.7	11154	3100	3854	8737	2169	0	29804	3325	10778	2999641	38964	49959	1506	200000	343045	10583844	15953709	2044	1060828	790908	519979
1789634991	12156	95.9	94.6	6588	4743	3366	7121	1730	0	6124	3578	8174	3000090	39692	50000	1113	200000	343837	10612302	16005402	2043	1063191	792811	521335
1789635016	12181	88.1	87.5	5712	3567	3203	8878	996	0	17286	3140	4429	3000413	39869	49997	1574	200000	344351	10639250	16036040	2043	1065159	793859	523741
1789635055	12221	97.5	97.4	14605	4377	1007	6895	223	0	74029	3055	10636	3000306	40000	50000	279	200000	345643	10677139	16110574	2084	1068010	797399	524256
1789635079	12245	94.1	93.6	8197	2615	2496	8860	271	0	59154	2935	6902	3000339	39927	49877	1429	200000	346194	10692956	16142511	2053	1070153	799405	524767
1789635111	12277	95.9	95.5	6526	3432	1668	6092	144	0	43867	3157	7412	3000322	40000	50000	1192	200000	347274	10719463	16208354	2063	1072686	801669	525921
1789635142	12307	95.6	95.4	9106	5623	1565	7538	269	0	102217	2999	6986	3000315	40000	50000	986	200000	348171	10741700	16264737	2083	1075216	803967	526377
1789635171	12337	94.4	93.6	6557	5413	3255	6447	711	0	24110	3050	7247	3000415	40000	49679	1586	200000	349061	10762938	16334411	2062	1077814	805517	527120
1789635204	12369	95.7	95.3	8244	4249	2233	8149	744	0	46515	3086	10224	3000172	40000	50000	918	200000	350068	10792821	16395584	2065	1080597	807235	528877
1789635227	12393	94.2	93.3	4609	2320	2941	6706	1108	0	14880	3045	7193	3000198	39963	49996	1292	200000	350520	10805126	16430936	2052	1083293	808798	530928
1789635258	12424	94.7	94.7	7233	2522	3964	9469	852	0	24402	3240	7709	3000462	40000	49841	1503	200000	351526	10836880	16478936	2056	1087196	811104	532198
1789635286	12452	96.0	95.2	5759	2502	3088	7456	1295	0	12828	3151	7681	3000695	40000	50000	1055	200000	352148	10851901	16531887	2051	1089496	813302	533521
1789635320	12486	95.6	95.1	9512	5036	2716	9231	374	0	71907	3385	10687	3000687	39874	50000	1220	200000	353161	10879256	16586558	2056	1092045	816077	534123
1789635356	12522	95.2	94.7	10792	6584	3025	7205	1002	0	58241	3034	7702	3000485	40000	49957	1297	200000	354495	10928880	16636720	2053	1094652	817947	534804
1789635377	12543	93.3	92.7	6742	2905	3096	8936	907	0	30665	3387	7681	3000043	39871	49935	1372	200000	354858	10940126	16661737	2055	1096771	819282	536960
1789635408	12573	95.5	95.1	9244	2304	1455	7108	560	0	58348	3146	7730	3000025	40000	50000	527	200000	355848	10965053	16715977	2065	1099262	821858	537948
1789635438	12604	93.0	92.3	7068	2799	3225	9718	86	0	22200	3034	7390	3000578	39407	50000	1777	200000	356758	10985342	16774968	2052	1102359	823739	539667
1789635469	12635	95.8	95.4	8024	4064	1698	6746	268	0	36768	3160	7819	3000842	40000	50000	716	200000	357829	11020953	16824125	2069	1104597	825496	541419
1789635499	12665	93.0	92.4	5220	2569	2797	9683	2085	0	800	3364	10752	3000121	40000	50000	373	200000	358362	11034245	16855768	2052	1108758	827480	542797
1789635533	12699	97.6	97.4	14949	3919	961	6404	186	0	32304	2963	6970	3000306	40000	50000	341	200000	359739	11082953	16917405	2065	1109350	829520	543180
1789635563	12728	95.9	95.5	10272	2750	1201	8514	368	0	52178	3076	7313	3000444	40000	50000	440	200000	360776	11103088	16992469	2075	1112003	831463	544334
1789635591	12757	95.7	93.5	5682	2612	1457	6540	124	0	45936	3592	8008	3000732	39635	50000	546	200000	361591	11122569	17044444	2053	1114882	833424	545446
1789635620	12786	97.3	95.1	7748	4721	1000	8051	195	0	37525	3079	7402	3000968	40000	50000	698	200000	362491	11155213	17100449	2058	1116740	834865	546971
1789635645	12811	91.9	90.3	5965	2079	2971	6984	1920	0	991	3224	7505	3000227	39406	49997	703	200000	362817	11162405	17131982	2051	1120831	836827	548253
1789635680	12846	96.3	94.3	8883	3285	3737	9173	2246	0	13088	3080	10337	2999298	39231	49992	1106	200000	364074	11193655	17196952	2052	1123565	839177	548834
1789635708	12873	95.2	93.9	5778	4840	3137	7145	1937	0	17827	3511	7983	2999347	39351	49929	1060	200000	364848	11208480	17250105	2052	1125813	840634	550787
1789635743	12909	95.9	95.5	7228	4126	2960	9178	1640	0	32014	3207	7828	3000286	40000	49939	907	200000	366017	11237662	17314505	2052	1128413	842675	552086
1789635768	12933	96.6	95.9	6479	5237	3697	8005	1404	0	5452	3170	7564	2999253	39484	49945	1349	200000	366756	11249489	17368048	2052	1130380	843648	554535
1789635798	12964	97.0	96.2	8144	1758	2774	10388	936	0	57197	3148	7762	3000096	39838	49922	1253	200000	367484	11262801	17430623	2057	1133490	846431	556247
1789635827	12992	97.5	96.1	7267	2966	2637	8104	731	0	55602	3106	7774	3000074	39583	50000	1211	200000	368417	11285918	17487602	2065	1136020	848402	557581
1789635863	13028	97.5	97.4	7264	4485	1245	9532	327	0	51920	3378	11288	3000061	40000	50000	550	200000	369584	11315202	17563630	2054	1138230	850128	559152
1789635892	13058	96.0	95.4	8684	3035	1167	6525	77	0	58163	3087	7608	3000063	40000	50000	698	200000	370632	11334058	17635635	2063	1140589	852109	560466
1789635916	13082	91.2	90.4	8283	3333	2767	8479	330	0	48932	2983	7131	3000794	40000	50000	1442	200000	371162	11351297	17656809	2066	1143010	854266	560904
1789635946	13112	95.1	94.7	8671	4375	2396	6289	860	0	23464	2971	7225	3000394	40000	49862	1005	200000	372255	11386996	17696719	2052	1145363	855716	562006
1789635980	13146	94.5	93.7	6333	2094	999	8568	290	0	39973	3420	11477	3000636	39833	50000	488	200000	373205	11401496	17761389	2054	1148509	857895	564663
1789636012	13178	95.4	94.4	7323	4948	1770	7286	16	0	43489	3268	7966	3000368	40000	50000	790	200000	373935	11446384	17794540	2052	1151005	859262	566138
1789636041	13207	93.0	92.4	7508	3273	4077	9167	679	0	17973	3338	7902	3000018	38996	49943	1713	200000	374751	11462596	17848185	2055	1153857	860922	567592
1789636066	13232	97.0	96.0	7128	3380	3205	7015	2259	0	4544	2937	7310	3000306	40000	50000	777	200000	375282	11489520	17870683	2053	1157498	862808	568503
1789636096	13262	95.1	94.4	11039	2312	3117	8835	1082	0	6246	2964	7437	3000044	39744	50000	767	200000	376500	11521782	17919479	2060	1159829	865086	569340
1789636127	13293	94.2	93.6	5746	2708	2941	7792	1663	0	20604	3048	7651	3000108	40000	50000	826	200000	377333	11540321	17971407	2055	1162512	867062	571061
1789636160	13325	94.1	93.1	8627	3635	3245	9869	1780	0	14496	3165	10578	2999653	39458	50000	1250	200000	378280	11562273	18029153	2054	1165015	868634	572517
1789636192	13358	95.2	94.6	6819	1582	1941	7533	627	0	33740	3325	8171	3000889	40000	50000	803	200000	379216	11585302	18090766	2057	1167840	871444	574066
1789636220	13386	91.7	91.4	7895	3993	3635	10416	810	0	17436	2926	7166	3000278	39259	50000	1234	200000	380038	11607002	18140690	2054	1171136	872714	575696
1789636247	13412	94.2	93.3	5268	2479	2840	7768	1699	0	43756	2843	6937	3000020	39715	50000	866	200000	380688	11618290	18186613	2054	1173562	875100	576731
1789636279	13445	94.8	84.0	8913	2666	3690	9917	2168	0	17400	3457	10432	2998291	39224	49926	1469	200000	381728	11649795	18235493	2055	1176088	876556	578099
1789636314	13479	95.4	95.2	5151	3017	2149	7321	647	0	60041	3003	7307	3000694	40000	49823	754	200000	382778	11671443	18308059	2060	1178250	878873	580047
1789636337	13503	95.8	95.3	8971	5422	2915	9354	768	0	23871	3038	6988	3000001	40000	49818	1090	200000	383387	11683840	18354829	2056	1180512	880072	581564
1789636370	13536	94.8	94.2	9278	2052	3067	7749	1211	0	26651	3081	7569	3000497	39799	49983	1414	200000	384648	11705567	18444479	2061	1183131	882427	582457
1789636397	13563	93.7	93.1	5000	2395	2324	10031	597	0	50390	2984	7189	3000218	40000	50000	1089	200000	385198	11720414	18497686	2059	1185766	883943	585245
1789636427	13593	95.1	94.0	5360	3814	2664	7712	334	0	20724	2946	7191	3000218	40000	49987	1201	200000	386239	11748100	18556492	2055	1188195	885576	586588
1789636461	13626	95.7	95.6	9160	2020	3800	10759	516	0	23076	2979	10126	2999563	39462	50000	1422	200000	387274	11771144	18618019	2057	1192350	887615	588597
1789636485	13651	93.1	92.0	5409	2613	2956	7433	891	0	5982	2979	7094	3000257	39410	49995	1116	200000	387958	11781812	18666028	2054	1194317	889583	589864
1789636522	13687	94.9	94.2	7243	5081	1797	9157	254	0	33829	2923	10015	3000525	40000	50000	1142	200000	388970	11821194	18701816	2058	1196907	892533	591332
1789636548	13714	95.2	94.7	8544	2482	1067	6118	331	0	39861	2754	6711	3000365	40000	50000	397	200000	389995	11841520	18759016	2071	1199472	894532	592178
1789636577	13743	94.7	94.0	7908	3347	1244	7995	668	0	13694	2727	6901	3000235	40000	50000	337	200000	390955	11857465	18828055	2061	1202345	896614	593258
1789636609	13775	93.0	92.0	5370	4376	3614	7448	848	0	3269	2926	10239	3000294	39570	49995	1160	200000	391745	11877534	18874798	2055	1205646	897935	595842
1789636640	13805	94.7	93.7	5308	1237	2160	9165	925	0	51559	2877	7490	3000236	40000	50000	767	200000	392370	11899730	18906468	2080	1208756	901229	596749
1789636667	13833	93.8	93.1	6241	5375	3693	7539	1721	0	24970	2783	6714	3000530	40000	50000	1557	200000	393191	11934219	18937454	2055	1211168	902159	597678
1789636699	13865	96.8	96.5	9505	2307	1473	8659	476	0	62883	3225	7741	3000083	40000	50000	579	200000	394165	11961912	19000397	2079	1213715	905202	599144
1789636728	13894	97.3	97.0	7207	3128	3460	7708	1186	0	1454	2880	9644	2999569	39870	49962	837	200000	394955	11979004	19051656	2054	1217494	906638	601442
1789636756	13922	95.3	94.3	6853	3667	3238	9386	1610	0	7871	3010	7502	3000058	39120	50000	1073	200000	395793	11992847	19112647	2054	1219791	908457	602333
1789636790	13956	97.9	97.7	6289	2050	1330	7354	179	0	86451	2860	7372	3000079	40000	50000	685	200000	396778	12023428	19174932	2069	1222409	911722	603774
1789636822	13988	91.6	91.1	6795	5625	3715	9486	1098	0	27792	2844	9601	3000145	39703	49985	1782	200000	397648	12043516	19227337	2058	1225042	913420	604389
1789636847	14013	96.6	96.2	7062	2463	1568	6768	294	0	39884	3104	7402	3000588	39992	50000	993	200000	398465	12056109	19286636	2073	1227226	915150	606814
1789636877	14043	97.0	96.4	7159	2516	4339	8319	743	0	12662	2749	7024	2999441	39401	49869	1661	200000	399481	12077454	19348220	2056	1230348	917162	607919
1789636906	14071	95.8	95.1	7652	2027	3024	7630	1114	0	2789	2910	9820	3000053	40000	49988	710	200000	400176	12093866	19394373	2054	1233613	919037	609604
1789636938	14103	95.5	95.1	6622	3296	3719	9711	1449	0	37587	2669	6892	3000053	39672	49875	1523	200000	401203	12111504	19469055	2055	1236276	921397	609951
1789636974	14140	96.6	96.2	9686	4567	2238	6977	227	0	87579	2901	10178	3000857	40000	50000	1145	200000	402467	12137086	19559554	2068	1238785	924676	611057
1789637000	14166	95.9	95.4	4616	1753	1880	8563	107	0	62404	2817	6835	3000347	40000	50000	1234	200000	403180	12155997	19599628	2057	1241160	926934	611939
1789637029	14195	95.1	94.8	8083	3291	1319	6620	76	0	66057	2922	7326	3000178	40000	50000	953	200000	404103	12174988	19655040	2078	1243735	929301	612523
1789637062	14228	96.7	96.3	7887	4476	1390	8271	59	0	58470	2765	9522	3000376	40000	50000	1003	200000	405260	12202338	19732513	2070	1246289	931635	613187
1789637093	14259	95.8	95.4	10202	4115	1261	5958	191	0	63888	2909	7283	3000049	40000	50000	701	200000	406477	12230971	19795847	2067	1248898	933873	613642
1789637116	14282	94.2	93.4	5403	4903	1870	7709	36	0	31652	2990	6884	3000437	39753	50000	1319	200000	407212	12239949	19841503	2061	1251160	935853	614429
1789637146	14312	95.5	95.1	11752	2385	1539	5883	644	0	11673	3070	7608	3000607	40000	50000	363	200000	408284	12271672	19882102	2062	1254234	937835	615559
1789637177	14342	94.9	94.2	5916	2488	2873	8647	1254	0	7359	2984	10388	3000003	40000	50000	809	200000	408988	12287392	19917468	2053	1257885	940027	616789
1789637206	14372	93.0	92.5	10088	4529	3948	7773	1999	0	18861	3074	7431	3000210	39865	49840	1652	200000	409935	12312669	19970799	2054	1260561	941912	617642
1789637239	14405	97.4	96.9	7427	1831	1259	8547	423	0	58294	3065	7723	3000803	40000	50000	492	200000	411070	12334615	20040219	2075	1263192	945631	618503
1789637270	14436	92.2	91.5	5098	3646	3799	7337	250	0	2314	3205	10617	3000047	39409	49916	1007	200000	411811	12359833	20074914	2053	1266130	946752	620563
1789637298	14463	93.1	92.2	7185	3294	3552	10173	2109	0	5107	3003	7392	3000202	39490	50000	1096	200000	412434	12375418	20118747	2053	1269692	948362	622452
1789637327	14493	96.9	96.6	8650	4654	4022	8019	2171	0	5139	2994	7273	2999531	39850	49558	1389	200000	413467	12397174	20184080	2061	1272204	950716	623273
1789637355	14521	95.3	94.8	5222	3823	2819	9726	1697	0	23624	3039	7365	2999560	39681	49963	955	200000	414255	12418185	20237633	2066	1274463	952490	625098
1789637392	14558	96.5	96.0	6060	3903	3148	7798	1410	0	35901	2962	10531	3000683	40000	50000	1350	200000	415413	12440869	20313860	2061	1276953	954585	626259
1789637419	14585	96.6	96.2	6648	3987	2128	9424	617	0	41187	3001	7517	3000176	40000	50000	1141	200000	416170	12459074	20366148	2066	1279248	956979	627928
1789637448	14614	96.2	96.1	6464	2219	980	6789	135	0	58588	3209	7534	3000052	40000	50000	498	200000	417259	12479416	20432775	2086	1281432	958823	629277
1789637480	14646	94.0	93.3	7266	3190	3601	9527	807	0	13494	2977	9977	2999791	39244	49919	1074	200000	418159	12492032	20502696	2064	1285337	960856	630391
1789637511	14677	98.3	98.0	9814	4768	951	6184	292	0	43697	2967	7082	3000809	40000	50000	320	200000	419378	12528398	20562650	2079	1286587	963107	630908
1789637541	14707	96.0	95.1	10319	2852	1114	8323	248	0	27686	3162	7731	3000622	39987	50000	146	200000	420420	12545630	20631276	2073	1289222	964911	632300
1789637573	14738	94.4	94.0	11525	2823	1145	6572	254	0	76361	3189	7915	3000037	40000	50000	512	200000	421426	12563697	20705593	2085	1291533	966815	633500
1789637597	14763	92.1	91.2	5743	3099	3186	8949	194	0	25687	3077	7385	3000544	40000	50000	1641	200000	421915	12577062	20741544	2066	1294347	968316	635094
1789637629	14794	96.1	95.7	9907	2464	1620	6262	321	0	30702	3221	7809	3000410	40000	50000	578	200000	422944	12605000	20798934	2078	1296741	969984	637063
1789637661	14827	97.3	97.0	10572	3176	1162	8476	468	0	50965	3019	10537	3000100	40000	50000	379	200000	424036	12620958	20878407	2079	1299407	971929	638387
1789637688	14854	94.8	94.0	6118	2695	1159	6489	287	0	20399	2997	7444	3000164	40000	50000	411	200000	424925	12636986	20933584	2068	1301835	973810	639557
1789637718	14884	91.3	90.6	6975	4553	1131	8212	585	0	21705	2909	7331	3000534	40000	50000	312	200000	426032	12659420	20986710	2073	1304442	975977	640513
1789637747	14913	95.6	94.8	6809	2621	3700	7713	1128	0	1175	3080	10553	2999770	39343	49958	855	200000	426797	12678239	21022997	2062	1308425	977591	642836
1789637777	14943	94.1	93.5	6421	3976	3430	9678	1379	0	2269	2951	7235	2999443	39882	49914	716	200000	427720	12703180	21081181	2062	1310995	979449	643510
1789637809	14975	96.6	95.2	5951	3884	3676	8613	2014	0	7989	3426	11221	2998248	38704	49964	1541	200000	428751	12721296	21134459	2061	1313563	981166	645604
1789637844	15010	95.3	94.9	6714	1874	2774	9980	1017	0	75456	3102	7821	3000736	40000	49829	1364	200000	429760	12753070	21192299	2083	1316102	984219	646294
1789637868	15034	94.3	93.7	8357	2330	2366	7727	757	0	58110	3130	7255	3000554	40000	50000	1024	200000	430293	12767072	21227358	2092	1318632	985862	648596
1789637897	15062	94.9	94.2	6243	3310	2755	9500	388	0	53992	2996	7442	3000913	40000	50000	1190	200000	431218	12784981	21281980	2081	1321132	988011	649431
1789637933	15099	94.6	94.4	7669	3954	1682	7115	495	0	82482	2970	10590	3000309	40000	50000	817	200000	432215	12820558	21334392	2092	1323724	990478	650552
1789637960	15126	94.8	94.4	7114	5475	2016	8981	530	0	65533	3055	7283	3000115	40000	50000	1141	200000	433101	12836637	21395815	2083	1326157	992304	651706
1789637987	15152	96.2	95.5	5497	5076	2493	6272	1015	0	19514	3065	7002	3000258	40000	50000	1143	200000	433943	12856954	21453442	2076	1328175	993320	652856
1789638021	15187	92.1	91.8	7615	2142	3168	9738	1339	0	13314	2971	10644	2999203	39880	50000	663	200000	434810	12872251	21513681	2073	1332503	995260	655618
1789638047	15213	98.4	98.3	10236	2895	978	6423	315	0	17767	2946	4356	3000059	40000	50000	264	200000	435993	12897292	21584823	2083	1333290	997228	656535
1789638079	15245	90.2	89.5	5951	3322	3805	10318	1181	0	2275	3088	10498	2998504	39165	49969	937	200000	436761	12905591	21644778	2074	1337633	998525	659100
1789638107	15273	97.1	96.5	9110	4205	1590	6792	795	0	12794	2940	7058	3000924	40000	50000	489	200000	437672	12923543	21715057	2085	1338723	1000471	659584
1789638136	15302	91.4	90.7	5646	3873	3491	10169	2102	0	3014	2858	7380	2998011	39509	49785	1204	200000	438433	12942361	21759870	2073	1342409	1001885	661849
1789638169	15335	95.0	93.4	9748	3240	3223	7415	1577	0	46272	2962	10275	3000291	39786	50000	1436	200000	439351	12957448	21834011	2079	1344918	1004413	662706
1789638198	15364	94.2	93.9	6956	1864	2458	9385	991	0	48575	3059	7663	3000019	40000	49967	972	200000	440110	12984863	21881487	2078	1347184	1005807	665286
1789638228	15394	96.8	96.4	5646	3756	1361	7256	215	0	57858	2835	6818	3000283	40000	50000	900	200000	441055	13008137	21941798	2085	1349222	1008196	666502
1789638262	15427	96.9	96.6	5481	4217	1389	8878	190	0	59084	2803	9874	3000405	40000	50000	621	200000	442364	13028753	22020761	2086	1351824	1010120	667614
1789638289	15455	94.1	93.2	7178	3445	1331	6498	360	0	37020	2962	7475	3000412	39746	50000	411	200000	443380	13041519	22080431	2079	1354802	1012135	668730
1789638317	15482	93.8	92.1	6505	1814	3518	9080	1005	0	10084	3014	7599	2999495	39408	50000	1398	200000	444024	13059779	22106104	2072	1358047	1014017	671086
1789638347	15513	95.0	94.4	5189	3463	2793	7676	709	0	42382	2872	9815	2999974	40000	49967	1081	200000	444863	13079779	22152278	2074	1361202	1017163	671909
1789638377	15543	96.4	96.2	7166	3045	1767	9244	804	0	52492	2811	6958	3000298	40000	50000	572	200000	445899	13104527	22209924	2088	1363528	1019135	672814
1789638411	15576	94.3	92.3	7265	2461	3185	8046	304	0	14696	3219	10555	3000077	38714	50000	1396	200000	446879	13120807	22280862	2073	1367381	1021293	674581
1789638439	15605	97.5	97.2	12446	1143	4357	8654	409	0	5623	2765	6621	3000310	39878	49967	1702	200000	447884	13163621	22309727	2074	1369053	1023315	675297
1789638466	15632	96.6	95.9	6029	1809	2918	7729	497	0	43495	2783	7122	2999855	39572	50000	1161	200000	448320	13175188	22334542	2079	1372974	1026340	676715
1789638500	15665	97.7	97.2	11575	2134	1969	9233	546	0	45948	3145	10216	3000178	40000	49967	989	200000	449505	13201206	22401829	2083	1375137	1028581	677885
1789638527	15693	97.5	97.1	8318	1800	1427	7106	125	0	72256	2675	6665	3000058	40000	50000	959	200000	450482	13220377	22465967	2094	1377563	1030906	678851
1789638556	15722	97.6	96.5	5972	3139	2782	8820	43	0	24032	2749	6706	3000656	40000	49980	1346	200000	451570	13242006	22540417	2083	1380098	1032084	679628
1789638590	15756	91.7	91.3	5655	3792	3844	7461	563	0	5285	2926	10065	2998643	39707	49891	1393	200000	452454	13259813	22609430	2075	1383427	1033960	682602
1789638618	15784	91.3	91.1	5783	3915	4150	10319	964	0	2024	2756	6763	2998562	39826	49862	1198	200000	453321	13276858	22668452	2075	1386840	1035408	684550
1789638646	15812	94.4	94.2	8634	3704	4265	8579	668	0	4714	2742	6459	2998667	39437	49967	1472	200000	454186	13288295	22733592	2076	1389462	1037542	685160
1789638680	15846	96.6	95.3	6092	3289	2310	10078	783	0	62051	2969	10271	3000050	39086	50000	1310	200000	455077	13303548	22802818	2085	1391709	1040574	686913
1789638707	15873	93.4	92.7	5347	3748	3138	7090	1090	0	30476	2957	6965	3000014	39938	49987	1386	200000	455855	13327489	22848961	2076	1394011	1041708	688507
1789638737	15903	91.7	91.1	5535	2985	2713	9324	1175	0	40755	3100	7649	3000100	39621	49933	1248	200000	456572	13339194	22916414	2075	1396950	1043594	690542
1789638769	15935	94.8	94.1	7674	1906	1291	7376	65	0	42764	2631	7057	3000682	40000	50000	873	200000	457647	13361132	22984613	2075	1399549	1046231	692468
1789638800	15966	95.0	94.7	9796	2902	1792	9046	157	0	35820	2720	9218	3000413	40000	50000	1076	200000	458529	13386610	23037556	2084	1402127	1048421	692966
1789638829	15995	95.0	94.2	7578	4901	1436	6287	123	0	38998	2985	6929	3000130	40000	50000	873	200000	459410	13406554	23095270	2082	1404441	1050430	694050
1789638858	16024	96.1	95.8	9004	2658	1363	8065	387	0	32060	2732	6927	3000314	40000	50000	468	200000	460610	13425049	23161324	2090	1407446	1052684	694928
1789638889	16055	91.7	90.9	7968	3012	3590	7277	1987	0	7172	2754	9802	3000062	39373	50000	1360	200000	461328	13441520	23201932	2075	1411422	1054786	695886
1789638916	16081	93.9	93.4	9831	1897	3737	8904	1815	0	5988	2848	6868	3000291	39570	50000	1254	200000	462116	13461558	23239040	2075	1413968	1057162	696577
1789638950	16115	96.1	95.6	8469	1727	2809	6930	1078	0	64262	2760	9636	3000434	40000	50000	1257	200000	463077	13488836	23292296	2077	1416489	1060176	697231
1789638979	16145	95.6	95.5	5848	4256	2869	8548	837	0	47193	2738	6892	3000009	40000	49794	1351	200000	464289	13516161	23348866	2078	1418942	1062455	698207
1789639009	16175	92.8	92.3	6454	2993	2535	7519	756	0	27360	3022	7539	3000701	40000	50000	1112	200000	465209	13529606	23424871	2082	1421684	1064173	700111
1789639040	16206	94.2	92.8	4204	2419	3188	10536	988	0	25377	3065	10634	3000002	40000	49946	991	200000	465758	13545374	23451368	2080	1426195	1067016	702231
1789639069	16235	95.8	95.8	7509	3801	4655	9039	772	0	13467	2878	7048	2998141	38928	49942	1752	200000	466980	13576469	23506654	2081	1429124	1068684	703461
1789639096	16262	96.7	95.2	5384	1704	2296	10100	1378	0	60379	2988	7205	3000039	39858	49964	767	200000	467630	13586626	23556203	2081	1431348	1071502	704776
1789639128	16293	95.9	95.6	10092	3157	2933	8069	1055	0	16613	2961	10099	2999842	40000	49921	1041	200000	468605	13613114	23608621	2080	1433427	1073063	706238
1789639160	16325	95.9	95.4	6054	2529	2058	9657	266	0	58017	2698	7011	3000429	40000	50000	1328	200000	469736	13635828	23685169	2087	1435824	1076035	706986
1789639189	16354	97.6	97.2	8334	2385	1493	6474	280	0	65396	2880	7159	3000113	40000	50000	765	200000	470701	13663718	23741030	2099	1438377	1078066	707975
1789639224	16390	95.0	94.8	10304	4356	1139	8203	73	0	62245	2865	9828	3000062	40000	50000	686	200000	472086	13682964	23837765	2097	1440823	1079724	709586
1789639251	16417	95.2	95.0	5884	2251	1479	6614	374	0	74005	2905	7232	3000043	40000	50000	730	200000	472931	13694000	23901026	2096	1443324	1081702	710556
1789639279	16444	93.2	92.7	7400	4178	1458	8240	72	0	50426	2719	6860	3000063	40000	50000	930	200000	473783	13710253	23959835	2090	1445570	1083755	711458
1789639308	16473	94.1	93.5	8130	3996	1521	5636	314	0	21039	2811	6865	3000175	40000	50000	525	200000	474661	13733802	24016184	2084	1448358	1085877	712240
1789639338	16504	97.2	96.8	5349	4450	4139	7705	670	0	2876	2793	9423	2998268	39260	49836	1373	200000	475692	13758430	24077558	2080	1451457	1088091	713122
1789639366	16532	95.9	95.4	6279	3751	4123	7447	1019	0	2663	2867	7214	2999528	39194	49989	1339	200000	476569	13779240	24130178	2081	1455055	1090158	714169
1789639397	16563	96.2	95.6	6326	2076	2709	9046	717	0	64235	3081	7312	3000252	40000	49965	1076	200000	477379	13799615	24186930	2082	1457591	1093230	715435
1789639427	16593	97.7	97.2	10982	5582	2921	7298	1577	0	5431	2807	9745	3000064	39833	50000	756	200000	478418	13828337	24250775	2080	1459589	1094429	716335
1789639456	16622	97.0	96.6	7249	2790	2898	9294	1569	0	23118	2974	7308	2999591	39891	50000	880	200000	479310	13842620	24308735	2081	1462089	1096371	717538
1789639491	16656	94.6	94.2	8748	3724	2751	7876	918	0	43230	3056	10426	3000368	39843	50000	1070	200000	480558	13858721	24382570	2095	1464789	1099191	718317
1789639519	16684	84.5	83.8	6175	4717	2893	9714	934	0	50500	3031	7154	3000172	39578	49993	1217	200000	481312	13878763	24422253	2085	1467230	1100978	719482
1789639554	16720	96.4	96.0	7885	4791	1854	7363	220	0	83415	2895	7390	3000778	40000	50000	905	200000	482539	13923874	24482692	2092	1469603	1103779	720442
1789639578	16744	93.9	93.2	7281	4574	3333	9183	1488	0	19203	3034	7297	3000152	40000	49458	1448	200000	483372	13940114	24525695	2079	1471955	1104607	721298
1789639612	16778	94.9	94.6	6621	2423	1494	6771	131	0	67535	3124	10719	3000272	40000	50000	900	200000	484399	13953073	24600175	2101	1474438	1107661	722818
1789639636	16802	93.4	91.3	8585	2683	1829	8394	111	0	30822	3072	4540	3000752	39514	50000	1212	200000	485205	13968720	24650406	2090	1476925	1109649	723891
1789639668	16833	96.2	96.0	6695	4573	923	6401	414	0	31248	2923	10153	3000691	40000	50000	222	200000	486345	13995625	24697667	2091	1479385	1111770	724454
1789639699	16865	89.8	89.2	8589	3776	4382	8818	378	0	3026	2889	7254	2998751	39019	49902	1542	200000	487322	14013749	24762149	2083	1482288	1113589	725686
1789639730	16896	95.8	93.5	6152	3160	3471	7564	1751	0	4539	3199	10748	2999907	40000	50000	959	200000	487996	14028945	24806360	2082	1486202	1116351	726904
1789639759	16925	95.2	95.2	7695	5641	4235	9524	1020	0	2542	2889	6820	2999123	39740	49758	1423	200000	489113	14060576	24870076	2083	1488793	1117945	727423
1789639787	16953	95.7	95.1	8146	2787	3736	7147	1170	0	2984	3060	7163	2999148	39532	49974	1103	200000	489936	14074735	24939876	2080	1491284	1120155	728291
1789639816	16982	93.4	92.8	8010	2219	3048	8996	1486	0	8357	2902	7193	2998999	39927	49804	1122	200000	490845	14090735	24994764	2079	1493455	1122043	730640
1789639852	17018	95.2	95.0	8220	2985	1974	7549	809	0	64310	3068	10266	3000046	40000	50000	475	200000	491995	14106934	25081724	2092	1496070	1125253	731235
1789639877	17043	91.6	90.8	5489	3706	4051	9963	1968	0	15476	3146	7247	3000049	39494	49894	1597	200000	492815	14116222	25139127	2081	1498687	1125810	732402
1789639912	17078	95.7	95.4	7271	2101	2189	7326	973	0	72806	3015	7548	3000158	40000	49979	867	200000	494120	14147929	25219705	2089	1501068	1128780	733438
1789639936	17102	91.8	91.2	10673	1345	1691	9394	103	0	54040	3030	7327	3000003	40000	50000	1252	200000	494571	14158818	25256595	2096	1503344	1131162	735164
1789639966	17132	95.3	94.0	7658	2835	1869	7427	49	0	41762	2991	7446	3000039	40000	50000	1044	200000	495714	14183359	25332028	2096	1505803	1132966	735883
1789639999	17165	94.8	93.4	6616	2913	1547	9252	387	0	47735	3201	10483	3000227	40000	50000	420	200000	496669	14205111	25423973	2097	1508812	1135001	737587
1789640028	17193	96.0	95.5	6152	3676	951	6333	262	0	15419	2755	6810	3000414	40000	50000	27	200000	497590	14234122	25483782	2090	1510787	1136586	739072
1789640057	17223	94.0	93.7	7868	3077	1588	8607	926	0	6950	2981	7498	3000090	40000	50000	393	200000	498461	14244661	25558368	2092	1513803	1138569	740305
1789640089	17255	92.0	91.2	5936	3473	3829	7957	2253	0	1721	2811	10214	3000006	39743	50000	1219	200000	499400	14261007	25625312	2087	1517558	1140381	741622
1789640117	17282	92.5	91.9	5944	4564	3927	9607	1941	0	8300	2828	7080	3000015	39188	50000	1484	200000	500229	14276863	25675224	2087	1520057	1142571	742422
1789640153	17319	95.6	95.2	6112	2188	2345	7366	205	0	67791	3220	10863	3000626	40000	50000	1143	200000	501231	14310496	25726253	2094	1522431	1145910	743505
1789640181	17347	94.8	94.4	11289	2980	2215	9224	507	0	93922	2897	7196	3000369	40000	49992	965	200000	502103	14331478	25766399	2100	1525170	1148331	744082
1789640206	17371	94.8	94.4	7339	5093	2998	7106	1648	0	24395	2840	6936	2999245	39488	50000	1043	200000	503133	14346539	25836878	2081	1527244	1149235	745347
1789640237	17402	96.1	95.5	6421	3090	2839	8836	1045	0	48939	2908	7629	3000598	39681	50000	1315	200000	504089	14362730	25902037	2083	1529813	1151795	746018
1789640271	17437	97.9	97.5	5399	3974	1672	6701	159	0	54667	3058	10612	3000709	40000	50000	1121	200000	505188	14397491	25952330	2093	1532080	1154755	747047
1789640299	17465	97.7	97.6	10147	1503	1085	8068	146	0	76511	2952	7291	3000245	40000	50000	699	200000	506136	14416326	26016557	2098	1534502	1156997	747579
1789640327	17493	96.4	95.8	5594	3639	2834	6255	106	0	28747	3043	7516	3000548	39981	50000	1367	200000	507077	14430022	26082093	2089	1537288	1158461	749296
1789640358	17524	96.3	95.8	4722	3865	3382	9389	1383	0	8238	3045	10460	2999623	39868	50000	978	200000	507831	14445190	26136918	2082	1541367	1160440	750878
1789640389	17554	98.5	98.3	9529	4227	1110	6337	341	0	30444	2870	7137	3000332	40000	50000	381	200000	509095	14471555	26215388	2089	1542319	1162568	751534
1789640416	17582	91.2	90.2	4532	2540	2853	9134	1036	0	14708	2922	7430	2999834	39775	49981	888	200000	509566	14478645	26254176	2082	1546328	1165041	752928
1789640447	17613	96.8	95.9	6565	4279	3273	7312	1909	0	30224	3044	10190	3000004	40000	49922	1175	200000	510570	14506403	26311019	2086	1548911	1166925	753627
1789640476	17642	95.9	95.6	6897	3331	3118	9009	1461	0	46984	3107	7401	2998433	39847	50000	1175	200000	511422	14516894	26379424	2090	1551341	1169080	754709
1789640507	17673	94.9	93.6	6179	3902	3073	7540	1347	0	66944	3243	7746	3000038	39243	50000	1283	200000	512469	14533501	26454602	2102	1553924	1171328	755586
1789640538	17704	94.4	93.8	6947	3395	2377	9101	734	0	44497	3244	7991	3000404	40000	50000	1100	200000	513443	14551035	26528071	2085	1556132	1173519	757016
1789640568	17734	95.6	93.1	6568	2852	1575	7014	266	0	54447	3403	7973	3000663	40000	50000	1041	200000	514433	14578104	26581898	2089	1558297	1175673	758220
1789640598	17763	95.6	95.0	6452	4668	1581	8582	247	0	29207	3060	7532	3000511	40000	50000	1051	200000	515287	14604927	26640283	2081	1560844	1177880	759043
1789640631	17796	94.1	93.4	8856	3806	3737	7670	2102	0	7830	2936	10115	3000465	40000	50000	1324	200000	516194	14629190	26690318	2082	1565025	1179923	760140
1789640658	17824	95.2	95.1	7259	5569	4029	9299	1212	0	15901	2855	6918	3000139	39672	49933	1374	200000	516998	14645091	26752951	2085	1567450	1181876	760795
1789640686	17852	93.6	92.8	6327	2956	3533	7121	2032	0	8041	3180	7732	2998953	39759	49965	1143	200000	517860	14662785	26806788	2081	1569823	1183984	761999
1789640720	17886	95.3	94.9	6899	3278	2905	8656	1261	0	56931	2970	10409	3000335	40000	50000	1284	200000	518862	14680292	26870101	2088	1572177	1186765	762691
1789640750	17916	96.0	95.6	8101	2994	1675	6868	188	0	69266	2930	7387	3000634	39952	50000	1001	200000	519954	14704614	26929678	2093	1574384	1189642	763558
1789640778	17944	96.7	96.1	5347	3727	1781	8558	72	0	65047	2984	7312	3000892	40000	50000	1176	200000	520828	14727770	26983056	2100	1576980	1192006	764166
1789640807	17973	95.4	94.8	8862	1906	1254	6256	253	0	35444	3226	7683	3000621	40000	50000	683	200000	521894	14752441	27035763	2097	1579521	1194079	765019
1789640842	18008	96.2	95.9	6656	5456	880	7929	509	0	32865	3003	10234	3000386	40000	50000	230	200000	523115	14776211	27113579	2094	1582185	1196211	765869
1789640869	18034	93.8	92.7	7296	2782	1673	6278	501	0	23823	3278	7847	3000583	40000	50000	356	200000	523844	14789510	27164830	2084	1584981	1197968	767167
1789640896	18062	94.1	93.3	5700	2947	3329	9100	1222	0	903	3506	8003	3000189	39613	50000	1023	200000	524588	14803207	27211678	2083	1588573	1199970	768291
1789640931	18096	96.7	95.4	7201	3085	3474	7519	1759	0	9670	3368	11234	3000135	40000	49953	1171	200000	525549	14830504	27257909	2081	1591337	1202500	769338
1789640960	18126	96.7	83.3	6586	3810	3775	9625	1879	0	13391	3815	9693	2998341	39040	49788	1516	200000	526428	14846607	27309039	2081	1594012	1204109	771072
1789640993	18159	96.2	95.7	8631	2064	1813	7730	453	0	75365	3543	9455	3000390	39178	50000	954	200000	527345	14863813	27369508	2091	1596532	1207059	772643
1789641020	18186	97.0	96.3	7139	2322	1220	9182	139	0	49823	3067	7698	3000705	40000	50000	609	200000	528278	14882751	27430180	2086	1598675	1208901	773945
1789641051	18217	95.8	95.0	5811	3503	1547	7004	119	0	79881	3234	8493	3000419	40000	50000	917	200000	529217	14897682	27498757	2098	1601293	1211186	774483
1789641077	18243	96.7	96.3	6147	5482	2035	8736	772	0	73006	3432	8465	3000127	40000	49971	769	200000	529871	14914166	27534898	2107	1603631	1212783	775429
1789641108	18274	94.8	93.6	8384	3282	2159	6759	177	0	66458	3402	8416	3000008	40000	49887	1040	200000	530892	14926856	27615713	2094	1605989	1214219	776875
1789641140	18306	93.7	93.2	9273	3946	1695	8536	49	0	87231	3371	8285	3000343	40000	50000	883	200000	531879	14943320	27691376	2106	1608484	1216188	778243
1789641166	18332	94.2	92.8	7597	3229	2767	7061	235	0	32268	3479	7685	3000344	40000	49939	1499	200000	532606	14958198	27737727	2083	1610782	1217563	779553
1789641199	18365	95.4	94.4	7174	1696	1865	8560	597	0	22236	3465	11164	3000258	40000	50000	737	200000	533645	14975904	27813035	2088	1613457	1219434	781389
1789641226	18392	93.7	92.8	7073	2558	2426	6989	1100	0	5756	3295	8007	3000133	40000	50000	891	200000	534372	14991047	27861416	2081	1616431	1221185	783309
1789641256	18422	96.7	96.0	7673	1296	2693	9035	1120	0	21264	3174	7655	3000024	39792	50000	936	200000	535205	15015436	27919104	2082	1619284	1223034	785001
1789641287	18453	93.2	92.6	7462	3899	2527	7429	1289	0	31790	3658	8073	3000027	39831	49995	855	200000	535988	15032717	27974092	2084	1621601	1224593	786629
1789641317	18483	84.0	83.4	6667	4455	3074	9495	1138	0	23238	3388	7804	2999434	40000	49931	962	200000	536840	15049180	28034797	2081	1624110	1226101	788172
1789641352	18518	95.4	94.8	7272	2296	1813	7599	567	0	38859	3411	11750	3000435	39872	50000	893	200000	537898	15065464	28096796	2082	1626549	1228358	789981
1789641381	18547	92.2	91.5	7858	2719	3675	9703	501	0	18446	3101	7619	2999780	39301	49980	1384	200000	538730	15084962	28157203	2088	1629502	1230109	791413
1789641407	18573	98.1	97.5	8990	3680	1228	6500	554	0	10194	3176	7522	3000754	40000	50000	379	200000	539598	15105621	28199116	2085	1631368	1232110	792178
1789641436	18601	91.4	90.6	6778	2079	2095	9416	1133	0	7563	3285	8382	2999368	40000	49956	647	200000	540264	15121576	28238032	2080	1634715	1233736	794549
1789641466	18632	93.3	91.7	5629	3258	2854	7664	1222	0	17868	3472	8794	3000417	39780	50000	1154	200000	540982	15133217	28301219	2085	1637748	1235562	796231
1789641502	18668	95.5	94.9	5209	3347	1467	9136	207	0	56180	3336	11962	3000673	40000	50000	825	200000	541797	15163484	28332479	2084	1640233	1238850	797194
1789641530	18696	93.1	92.4	6583	2359	2038	6721	278	0	67566	3354	7986	3000306	40000	49998	990	200000	542525	15183422	28369201	2082	1642671	1240825	797878
1789641561	18726	95.8	95.3	9018	4550	1556	8355	315	0	70402	3354	8158	3000117	40000	50000	984	200000	543522	15203768	28435021	2087	1644950	1242812	799105
1789641589	18755	95.4	94.8	8405	4524	1542	6031	216	0	59388	3097	7988	3000645	39974	50000	936	200000	544445	15222270	28491715	2082	1647256	1244776	800000
1789641617	18783	93.6	92.7	6327	5296	2890	7822	1175	0	43657	3553	8259	3000715	40000	50000	1275	200000	545082	15237834	28547250	2080	1649804	1246065	800678
1789641651	18816	94.5	94.0	6431	2477	1765	6751	387	0	52899	3681	9463	3000512	40000	50000	821	200000	546194	15256402	28623848	2085	1652424	1247448	803800
1789641682	18847	93.5	93.0	6521	5336	1906	8827	1121	0	14573	3267	11293	3000039	40000	50000	543	200000	546861	15269377	28670124	2079	1655491	1249272	805299
1789641708	18874	92.7	92.0	5455	4783	2878	7977	1277	0	39018	3604	9059	3000245	40000	49953	969	200000	547427	15281796	28710168	2079	1657942	1250474	807088
1789641737	18903	93.0	92.1	5908	2512	2425	10152	1037	0	43016	3633	9114	3000220	39964	50000	922	200000	548017	15290253	28762577	2079	1660575	1252003	809277
1789641766	18932	93.8	93.0	7307	3485	1963	7406	129	0	20439	3433	8780	3000132	40000	50000	1348	200000	548750	15303823	28818101	2079	1662547	1254055	810792
1789641798	18964	95.4	95.0	8403	2504	1124	8570	489	0	38890	3248	8566	3000179	40000	50000	275	200000	549753	15335352	28872682	2083	1665182	1255896	811812
1789641832	18997	92.6	90.7	5531	3954	3484	7413	1949	0	1818	3169	11453	3000631	39939	50000	1110	200000	550354	15354317	28911810	2079	1669113	1257927	812925
1789641861	19026	96.5	93.5	7641	3385	3954	9194	2083	0	2204	3664	8478	2999769	39469	49980	1377	200000	551148	15381012	28951086	2079	1671618	1260150	813789
1789641887	19053	93.8	92.9	6725	2453	2405	7309	915	0	46383	3356	5213	3000008	40000	50000	1019	200000	551631	15397482	28979847	2078	1673798	1261967	816266
1789641920	19085	93.6	93.2	7110	5228	2778	9001	1122	0	40437	3320	10908	3000055	40000	50000	986	200000	552629	15410273	29048590	2081	1676224	1263559	817111
1789641947	19113	93.0	92.0	6917	3431	3014	7761	422	0	31546	3326	7973	3000356	40000	50000	1391	200000	553403	15426243	29098671	2078	1678511	1265180	818921
1789641980	19146	94.8	94.2	6639	2118	1561	9099	35	0	52338	3083	8462	3000918	40000	50000	924	200000	554460	15455864	29151983	2078	1680984	1268138	819735
1789642009	19175	96.2	95.6	5739	2751	1968	6772	200	0	35100	3024	7858	3000785	40000	50000	1091	200000	555202	15482838	29200900	2079	1683589	1270078	820627
1789642037	19203	98.4	97.6	5689	3321	1273	8260	428	0	21883	3560	8596	3000128	40000	50000	545	200000	556091	15502306	29258858	2081	1686208	1271888	822017
1789642070	19236	96.7	96.1	8480	5146	4144	6233	500	0	13248	3242	10975	2999536	39007	49985	1761	200000	557002	15516862	29328414	2083	1688797	1273775	823124
1789642096	19262	98.0	96.7	4656	2978	3254	8599	1458	0	2642	2918	7144	3000144	39731	50000	1061	200000	557545	15531990	29371413	2078	1692202	1275791	824423
1789642133	19299	96.3	95.9	9091	1930	1983	7171	172	0	66458	2942	10358	3000385	40000	50000	1248	200000	558671	15560770	29434969	2087	1694775	1279602	824967
1789642159	19325	97.7	97.2	7324	3370	1482	8496	257	0	51683	2823	6914	3000298	40000	50000	906	200000	559626	15575493	29495635	2080	1697065	1281638	825871
1789642188	19354	97.1	96.5	6455	2977	1190	6617	444	0	18731	2946	7085	3000144	40000	50000	269	200000	560734	15593968	29567409	2080	1699988	1283669	827111
1789642218	19384	86.5	86.0	7966	2641	2554	9062	99	0	14138	2831	7005	3000099	39583	50000	624	200000	561452	15610204	29626772	2078	1702988	1285091	828718
1789642252	19417	94.3	93.2	7766	1445	2251	7396	732	0	56119	3245	11041	3000285	40000	50000	1181	200000	562188	15628128	29674454	2078	1706136	1287827	830766
1789642278	19444	96.4	96.1	6788	2561	1539	8490	302	0	49363	2901	7119	3000126	40000	50000	796	200000	562935	15644860	29728923	2082	1708168	1289870	831523
1789642308	19474	92.1	91.6	7644	3080	3762	6385	93	0	23089	2825	7176	3000036	39946	49836	1475	200000	564007	15660968	29795836	2079	1710967	1291585	833067
1789642338	19504	94.4	94.0	6697	2519	2951	8908	1488	0	14953	2968	10019	3000000	40000	50000	998	200000	564706	15670098	29851875	2078	1714438	1293716	834335
1789642367	19533	93.4	92.7	6634	5205	3724	7556	2128	0	28176	3086	7246	2999550	39887	49936	1378	200000	565713	15689860	29923056	2078	1717030	1295500	835179
1789642396	19562	94.3	93.7	5304	3977	3586	9174	1769	0	9593	2926	7102	2999426	39317	49970	1432	200000	566653	15708618	29998645	2078	1719318	1297342	836576
1789642433	19599	96.8	96.5	9334	1935	1570	7281	216	0	65419	2954	10389	3000243	40000	50000	932	200000	567789	15745911	30051380	2091	1721649	1301012	837511
1789642458	19624	92.7	91.8	6981	2213	1862	8948	162	0	50620	2871	6752	3000397	39561	50000	1325	200000	568485	15758087	30108666	2078	1723991	1303115	838237
1789642488	19654	95.2	94.8	10406	2573	1408	6474	226	0	23233	3005	7182	3000748	40000	50000	791	200000	569513	15786840	30161230	2078	1726529	1305125	839101
1789642521	19687	92.4	91.8	7679	4315	3922	9614	908	0	11936	3062	10336	3000368	39999	49937	1381	200000	570372	15803762	30214166	2078	1730890	1307228	840143
1789642548	19714	94.9	94.2	7579	3989	3669	6945	1945	0	1790	2956	7087	3000150	40000	50000	1240	200000	571248	15821444	30263006	2078	1733027	1309394	840952
1789642575	19741	94.8	94.4	6695	1440	2980	8503	1046	0	45256	3052	7378	3000213	39764	50000	1157	200000	571915	15834187	30304388	2078	1735538	1312125	841741
1789642613	19779	94.8	94.2	6494	4507	3414	7198	900	0	57539	2925	10360	3000964	39865	50000	1602	200000	573347	15864854	30386223	2080	1738203	1314462	842269
1789642638	19804	96.0	95.4	5544	4601	2337	8821	819	0	30655	3167	7610	3000461	40000	50000	1194	200000	573943	15887377	30430255	2078	1740491	1316334	844621
1789642666	19832	97.6	96.9	7440	2785	1879	7309	643	0	26053	3089	7634	3000157	40000	50000	737	200000	574790	15909355	30487496	2080	1743216	1317972	846432
1789642695	19861	95.2	94.4	6094	2950	3079	9982	1526	0	2219	3054	7852	3000062	39466	50000	1033	200000	575616	15922727	30552331	2078	1746633	1319605	848289
1789642727	19893	95.8	95.2	7693	3967	3004	8034	1274	0	31879	2876	10042	3000393	40000	49988	877	200000	576496	15940026	30611741	2078	1749285	1321805	849506
1789642756	19922	93.7	93.1	7572	1556	3307	10222	1080	0	14790	3069	8001	2999687	39669	49998	1288	200000	577294	15962652	30654880	2078	1751757	1323176	852173
1789642786	19952	96.8	95.6	5270	2169	2819	8240	1209	0	34212	3080	7486	3000297	39898	50000	1038	200000	578263	15977996	30724266	2078	1754674	1325355	853334
1789642820	19986	94.8	94.2	7332	4112	3238	10034	811	0	38008	2918	10175	3000580	40000	49959	1499	200000	579323	15998419	30809274	2078	1757204	1327586	854142
1789642846	20012	94.0	93.3	7600	2601	1825	6720	451	0	12957	3097	7494	3000583	40000	50000	896	200000	580095	16016475	30855254	2078	1759758	1329965	856104
1789642879	20045	94.1	93.6	7780	2310	3705	9879	1193	0	6962	2841	10183	2998871	40000	49803	969	200000	581065	16035268	30916750	2078	1763954	1332106	857208
1789642909	20075	97.1	96.6	11121	2564	4028	8445	2537	0	414	2826	7144	2998606	39660	49925	1273	200000	582077	16049709	30993121	2081	1766630	1334152	858080
1789642937	20103	98.3	98.2	10039	1805	1412	8449	701	0	17492	3108	7069	3000265	40000	50000	325	200000	583200	16067923	31069733	2085	1767522	1336541	858436
1789642967	20132	96.5	96.2	5968	3603	1115	6073	427	0	20287	3014	7112	3000081	40000	50000	32	200000	584216	16083723	31146791	2083	1769695	1338382	859592
1789642997	20163	92.4	90.6	7378	3407	3619	9314	2043	0	5887	3574	8161	2999677	39289	50000	1194	200000	584997	16094789	31209504	2083	1773857	1340439	860976
1789643030	20196	97.1	96.5	7070	5190	2934	7358	1250	0	39619	3017	10510	3000562	40000	49985	1264	200000	585994	16118307	31267482	2081	1776229	1343251	861771
1789643063	20229	97.3	96.8	7769	3669	2262	8885	282	0	80694	3064	7662	3000735	39964	50000	1195	200000	587097	16148324	31335150	2082	1778719	1346403	862447
1789643089	20255	93.0	92.3	6787	6649	2894	6532	1100	0	44553	3006	7272	3000598	39827	49957	1289	200000	587851	16168195	31381911	2080	1781164	1347721	863197
1789643117	20283	88.9	88.3	5035	3868	2058	8604	655	0	47196	3065	7561	3000017	40000	50000	1012	200000	588524	16180800	31428802	2080	1783526	1349455	865723
1789643147	20313	95.4	95.0	6894	2852	1361	6793	259	0	45614	2957	7664	3000086	40000	50000	555	200000	589734	16198251	31499261	2092	1785938	1351434	866866
1789643182	20348	94.4	94.0	7241	3327	1277	8910	439	0	39553	3005	10463	3000199	40000	50000	495	200000	591028	16214180	31583469	2097	1788748	1353479	868272
1789643208	20374	92.1	88.4	6620	2385	3086	7646	1427	0	12095	3613	8332	3000464	39495	50000	997	200000	591483	16227037	31625585	2086	1792408	1355293	869738
1789643237	20403	94.3	94.0	9164	1894	3676	9297	860	0	3808	3127	7166	3000040	39517	49979	1247	200000	592385	16256869	31674737	2089	1794708	1357150	870681
1789643268	20433	94.4	93.8	5052	2032	2586	6967	1317	0	48153	3025	7786	3000124	39958	50000	857	200000	593231	16270115	31739118	2094	1797380	1359761	872083
1789643301	20466	95.6	94.8	7313	1561	2170	8764	447	0	51654	3285	10756	3000384	39528	50000	1215	200000	594047	16293058	31801093	2094	1799698	1361877	873847
1789643330	20496	93.8	93.0	8430	3766	2748	7948	694	0	23865	3064	7674	3000398	40000	50000	734	200000	595026	16319615	31853141	2091	1802869	1363202	875750
1789643357	20523	93.6	92.9	5555	3527	3516	10217	847	0	10544	3036	7710	2999608	39564	49990	1204	200000	595779	16328488	31907448	2091	1805762	1365136	877047
1789643389	20555	94.1	93.3	7749	2784	3388	8048	1754	0	25900	3011	10568	2999851	39560	49778	1272	200000	596602	16345194	31964208	2089	1808424	1367065	878599
1789643418	20584	95.1	94.4	6034	2701	2908	9766	1022	0	38565	3093	7653	3000498	39547	49897	1323	200000	597418	16361018	32029015	2089	1810727	1369114	880214
1789643449	20615	95.4	95.0	8050	2487	1260	7437	154	0	85454	2960	7421	3000641	40000	50000	713	200000	598458	16385618	32092311	2112	1813237	1372369	881142
1789643476	20642	94.5	94.1	6086	3875	2049	9728	540	0	84303	2860	6850	3000001	40000	50000	770	200000	599369	16402610	32146157	2100	1816390	1374567	881809
1789643508	20674	96.9	96.3	8112	3938	2066	7811	864	0	78029	3055	10439	3000184	39869	50000	887	200000	600323	16416836	32213842	2094	1819125	1376351	883252
1789643536	20702	95.9	95.7	6437	5151	2697	9640	433	0	41075	2951	7386	3000129	40000	50000	1047	200000	601294	16433148	32287387	2089	1821560	1377879	884397
1789643567	20733	92.6	92.1	5423	2045	4019	8432	536	0	15405	3262	8298	2999771	39185	49977	1603	200000	602216	16445850	32360842	2089	1824575	1379747	886785
1789643599	20764	95.8	94.8	7606	3728	3422	10988	2064	0	5351	3000	10368	3000392	39749	50000	1028	200000	603029	16465948	32416574	2088	1828245	1381841	887819
1789643628	20793	94.9	94.8	7890	2523	4141	8452	914	0	4871	2947	6821	2999602	39623	49907	1474	200000	604019	16493215	32482798	2088	1830882	1384105	888348
1789643655	20821	94.0	93.0	6664	1764	3044	10091	1397	0	29403	2949	7513	2999276	39623	49959	1266	200000	604692	16511253	32532775	2088	1832989	1385918	890799
1789643690	20856	95.6	95.2	7501	2130	1493	7446	311	0	53268	3042	10643	3000467	40000	50000	898	200000	605836	16535411	32593685	2088	1835356	1389095	891821
1789643718	20884	95.8	95.3	6717	2888	1573	9284	413	0	69623	2943	7181	3000060	40000	50000	719	200000	606590	16551720	32642124	2089	1837956	1391118	892690
1789643749	20914	92.8	92.3	5716	4067	2234	7424	303	0	30882	2858	7238	3000103	39829	49971	1184	200000	607785	16570214	32718878	2088	1840848	1392424	894873
1789643778	20944	93.5	92.5	7032	2504	2797	9865	737	0	17612	3099	10603	3000294	40000	50000	1088	200000	608320	16581399	32761130	2088	1843994	1394316	896733
1789643809	20975	98.2	97.6	6608	2291	1528	7200	533	0	55362	3018	7869	3000093	40000	50000	698	200000	609253	16609771	32820534	2087	1846579	1397269	897793
1789643838	21004	97.5	96.6	6160	4408	1785	9134	652	0	37465	3181	7697	3000235	40000	50000	655	200000	610238	16632780	32880865	2089	1849429	1399268	898972
1789643867	21032	94.7	94.0	7971	2288	3698	6991	628	0	6043	2979	7430	3000170	39370	49945	1240	200000	610977	16652901	32937707	2093	1851936	1400570	900978
1789643901	21067	96.3	95.7	5196	2894	1318	8959	357	0	61989	3118	10790	3000415	40000	50000	587	200000	611712	16667686	32994021	2089	1855306	1403865	902533
1789643926	21092	94.6	94.2	6266	5453	2775	6998	753	0	39262	2873	6820	3000413	39822	50000	1291	200000	612426	16687791	33037636	2086	1857538	1405472	903181
1789643958	21123	94.6	94.3	6691	3050	1542	8634	180	0	38623	3312	7849	3000286	40000	50000	940	200000	613566	16707670	33115492	2087	1859953	1407440	904976
1789643992	21158	95.5	95.2	7640	5059	1246	6281	240	0	50325	2968	9875	3000440	40000	50000	672	200000	614700	16728972	33205896	2097	1862498	1409553	906051
1789644021	21186	88.5	85.5	5697	2844	2825	8751	642	0	19291	3447	7874	3000355	39483	50000	1731	200000	615394	16744237	33249447	2086	1865724	1411398	907442
1789644046	21212	94.2	93.7	5294	2427	3031	6988	1443	0	18409	3063	7479	3000071	39916	49995	1063	200000	616044	16757769	33286299	2086	1868901	1413466	908868
1789644082	21248	95.3	95.2	7828	2544	2926	8931	1285	0	49009	3023	10285	3000012	40000	50000	1136	200000	617094	16777846	33356441	2088	1871594	1415791	909900
1789644112	21278	95.2	94.9	5655	2124	2002	7090	337	0	79588	2996	7538	3000354	40000	49817	1120	200000	618085	16792866	33430160	2100	1873915	1418563	911415
1789644139	21305	94.2	93.9	6796	3154	1738	8798	389	0	92923	3135	7077	3000416	40000	50000	917	200000	618948	16808306	33500533	2091	1876336	1420597	912346
1789644167	21333	94.3	92.5	9824	2520	3139	7131	193	0	33817	3211	7442	3000688	39429	50000	1626	200000	619850	16823376	33566411	2087	1878934	1422715	913316
1789644199	21365	96.8	96.5	8091	3907	999	8065	605	0	64559	3111	10426	3000734	40000	50000	165	200000	620965	16849064	33627803	2125	1881825	1425076	913924
1789644228	21394	93.2	91.8	5899	3236	3684	7460	2057	0	8850	3052	7677	3000201	39491	50000	1270	200000	621649	16860558	33681263	2099	1885909	1427346	914757
1789644259	21425	94.8	94.1	7053	1866	3191	9084	1501	0	43599	2979	10042	3000145	39521	50000	1346	200000	622429	16880370	33732532	2094	1888485	1430155	915485
1789644290	21456	95.9	95.5	6659	4610	2363	6825	381	0	56803	3013	7363	3000411	39834	50000	1149	200000	623443	16915670	33780159	2094	1890798	1432928	916332
1789644321	21487	94.4	94.0	6946	4259	1791	8441	217	0	76922	2861	7077	3000268	40000	50000	1187	200000	624545	16941942	33838964	2110	1893277	1435863	917000
1789644351	21517	94.7	94.5	6532	3201	1603	6194	204	0	67507	3046	7306	3000047	40000	50000	1099	200000	625570	16960094	33897583	2100	1895662	1438004	917668
1789644379	21545	95.2	94.7	6433	4928	1321	7655	120	0	54773	3189	7492	3000851	40000	50000	815	200000	626595	16976237	33975364	2110	1898262	1440103	918510
1789644406	21572	94.3	93.4	5085	4145	1930	6218	342	0	8825	3073	7547	3001053	40000	50000	294	200000	627393	16999823	34024281	2098	1901119	1441436	920356
1789644438	21603	96.0	95.5	4709	2831	2845	9034	910	0	27813	3187	11240	2999722	40000	49996	842	200000	627965	17013904	34061919	2096	1904714	1443598	922621
1789644467	21633	95.8	94.6	8669	2788	3158	7573	1340	0	20523	3128	7784	3000300	39777	50000	1415	200000	628933	17031578	34134609	2096	1907022	1445181	923753
1789644503	21668	96.1	95.8	14023	1937	974	8767	396	0	72599	3354	8102	3000476	40000	50000	373	200000	630135	17059317	34215234	2124	1909600	1448547	924580
1789644528	21694	92.8	91.5	6975	2208	2011	6428	17	0	39653	3053	7300	3001080	40000	50000	1240	200000	630755	17074789	34253717	2099	1912141	1450632	925440
1789644563	21729	96.3	96.1	8356	4952	1376	7798	384	0	54824	2988	10559	3000225	40000	50000	617	200000	631952	17103819	34327901	2118	1914676	1452751	926085
1789644592	21758	94.0	93.3	10271	3532	1376	5799	311	0	59097	3053	7498	3000181	40000	50000	721	200000	632877	17120343	34403107	2110	1916904	1454702	927056
1789644619	21785	95.6	95.0	6770	3780	1272	7408	384	0	26450	3054	7426	3000544	40000	50000	331	200000	633731	17134346	34468619	2108	1919597	1456664	928099
1789644650	21816	95.5	94.9	8525	4758	1545	5943	249	0	48863	3062	7509	3000240	40000	50000	860	200000	634683	17160932	34529419	2116	1921777	1458856	928668
1789644677	21843	94.8	92.9	5857	4257	1463	7464	415	0	22328	3507	7740	3000669	40000	50000	521	200000	635540	17181436	34575378	2104	1924559	1460938	929554
1789644708	21874	93.1	92.3	9236	2968	3995	6249	602	0	12417	3027	7428	2999148	39810	49779	1302	200000	636517	17199759	34643804	2107	1927603	1463157	930173
1789644736	21902	98.3	98.0	8524	1959	1137	7300	803	0	5172	3120	7460	3000095	40000	50000	157	200000	637469	17218088	34708588	2111	1929653	1465538	930739
1789644767	21933	94.8	94.6	8685	3036	1171	5968	513	0	10901	3259	7902	3000171	40000	50000	35	200000	638465	17231406	34788228	2111	1932000	1467411	931821
1789644799	21965	97.0	96.6	6420	4286	3692	9185	1214	0	1671	3297	10962	2998936	39287	50000	1058	200000	639370	17243553	34862036	2101	1936044	1469339	932931
1789644827	21993	97.2	96.7	7184	4381	4073	7604	977	0	3192	3213	7698	2999638	39465	50000	1430	200000	640326	17263450	34921361	2101	1938450	1471380	933685
1789644856	22022	96.6	95.7	6270	1651	2729	8886	1251	0	51688	3111	7676	3000304	40000	50000	1067	200000	641032	17278903	34969805	2102	1940845	1474532	934419
1789644889	22055	96.6	96.0	7747	3625	3026	7127	1123	0	32799	3027	10560	3000234	40000	49943	1239	200000	642096	17302278	35032956	2101	1943452	1476702	935161
1789644919	22085	90.9	90.5	7856	4044	2783	8683	1155	0	46760	3076	7362	3000472	40000	49961	1166	200000	643097	17318323	35094605	2101	1945916	1479088	935814
1789644948	22114	94.9	94.2	5703	3627	1637	6847	114	0	64875	3232	7943	3000507	39942	50000	1065	200000	643987	17333206	35151075	2117	1948493	1482184	936961
1789644982	22148	95.1	94.8	8932	5548	1578	8514	383	0	82566	3178	11026	3000202	40000	50000	700	200000	644886	17357040	35198645	2126	1951138	1484122	937691
1789645013	22179	94.5	94.2	9175	2205	1927	7156	554	0	72949	3194	8006	3000071	40000	50000	878	200000	646045	17372295	35283982	2120	1953772	1485918	939021
1789645041	22207	92.3	90.7	10311	2816	3713	9709	1185	0	16987	3573	8599	3000050	38596	50000	1952	200000	646802	17382197	35343806	2103	1957088	1487580	940686
1789645066	22232	94.5	93.8	7855	1989	3188	7134	1485	0	10900	3201	7778	3000133	39658	50000	960	200000	647342	17398318	35372789	2103	1959868	1489741	941739
1789645101	22266	95.3	95.0	6860	2099	2115	8956	374	0	70390	3254	8276	3000030	40000	50000	868	200000	648195	17425997	35421302	2127	1962325	1492690	942908
1789645127	22293	94.2	92.6	11114	4978	3480	7292	2139	0	34815	3363	7476	2998379	39294	49989	1208	200000	649147	17441455	35496167	2105	1965021	1493682	943563
1789645158	22324	94.4	93.6	9453	2643	3008	8975	1768	0	28935	3261	8002	2999895	39738	49982	1082	200000	650102	17459090	35564385	2106	1967340	1495648	944878
1789645193	22358	94.3	93.7	8326	2383	3003	7531	1220	0	31769	3223	8180	3000128	40000	49993	1023	200000	651215	17489523	35632089	2105	1970084	1497913	946266
1789645217	22383	93.7	92.8	6990	3237	2738	9520	1165	0	17495	3512	8019	3000010	39693	50000	1092	200000	651762	17499009	35671312	2103	1972444	1499196	948472
1789645247	22413	94.3	93.9	6504	3363	1549	7841	494	0	68044	3289	8168	3000065	40000	50000	846	200000	652520	17514646	35739627	2103	1975053	1501729	950185
1789645280	22445	94.8	94.3	5968	2884	1406	9565	111	0	42032	2956	7443	3000591	39982	50000	709	200000	653726	17539053	35816664	2110	1977691	1503509	951775
1789645309	22474	95.5	94.9	9778	2143	1436	7064	317	0	61005	3376	7839	3000499	40000	50000	783	200000	654514	17564527	35862818	2123	1980172	1505686	952473
1789645343	22509	95.7	95.4	10308	4755	750	8741	120	0	28953	2962	10167	3000217	40000	50000	27	200000	655742	17585904	35947160	2111	1982545	1507485	953854
1789645377	22543	93.1	92.9	10129	2381	1534	6642	509	0	99689	3269	8394	3000104	40000	49981	654	200000	656816	17600886	36027618	2135	1985239	1509199	955384
1789645400	22565	91.6	91.0	5653	2458	2054	8782	539	0	57005	3007	7245	3000005	40000	50000	1041	200000	657201	17607173	36059946	2123	1987657	1511063	956494
1789645428	22594	95.2	94.8	6829	4960	2320	6200	524	0	36694	3148	7600	3000926	40000	50000	1010	200000	658153	17624386	36135273	2119	1989808	1512705	957328
1789645457	22623	95.2	94.2	10413	3172	1793	7981	826	0	33066	3257	7945	3000346	40000	50000	643	200000	659104	17647304	36197732	2119	1992602	1514517	958759
1789645489	22655	93.3	92.8	6797	2388	3954	8047	589	0	27012	3008	10441	2999671	39172	49991	1555	200000	659773	17661373	36246208	2117	1996966	1516969	959983
1789645516	22682	95.6	94.0	7246	3828	3659	9305	2108	0	2953	3196	7621	3000306	39528	50000	1269	200000	660592	17681626	36292324	2116	1999391	1519077	960815
1789645547	22713	94.5	93.4	6316	3695	2693	7412	481	0	31365	3233	8352	3000745	40000	50000	1203	200000	661544	17702273	36330133	2115	2002019	1522613	961382
1789645583	22748	97.6	97.2	8912	4394	1370	9130	492	0	52436	3084	11140	3000061	40000	50000	444	200000	662693	17725766	36399428	2132	2004887	1525255	962559
1789645611	22777	98.1	97.7	6019	2630	1435	6577	537	0	36640	2996	7272	3000089	40000	50000	438	200000	663618	17739922	36467551	2124	2007559	1527221	963744
1789645638	22804	96.0	94.1	8003	3424	2869	9091	591	0	13261	3226	7911	3000103	39203	50000	959	200000	664408	17756277	36532240	2116	2010821	1528900	965243
1789645667	22833	97.6	96.0	5699	2019	2304	7640	637	0	60485	3438	8394	3000122	40000	50000	918	200000	664938	17775766	36565302	2118	2013843	1531742	967204
1789645698	22864	96.3	96.0	8860	2756	2288	9366	618	0	59481	3094	7657	3000153	40000	50000	920	200000	665848	17800030	36625996	2130	2016196	1533356	968271
1789645731	22897	95.4	94.9	7779	4906	2070	7141	153	0	51807	3000	10667	3000628	39938	50000	1429	200000	666797	17814753	36706901	2120	2018613	1535971	969146
1789645762	22928	96.4	95.9	10088	3575	1324	8358	203	0	61657	3202	7818	3000562	40000	50000	832	200000	667743	17839947	36772102	2126	2021120	1538253	969824
1789645789	22955	90.1	89.5	5809	3205	1756	5989	210	0	51514	2970	7483	3000503	40000	50000	1125	200000	668493	17855771	36815984	2118	2023598	1540419	970498
1789645820	22985	90.6	90.3	7178	4885	1437	7297	114	0	66672	3320	7785	3000437	40000	50000	956	200000	669384	17876089	36875256	2122	2025873	1542496	971230
1789645851	23017	95.0	94.7	8944	4983	1432	5670	150	0	93824	3124	7589	3000232	40000	50000	939	200000	670280	17894912	36950142	2126	2028348	1544735	971947
1789645880	23046	94.5	92.7	7117	5574	3208	7618	1025	0	54984	3430	8197	3000307	39683	49969	1416	200000	671176	17909977	37022698	2115	2031019	1545824	972570
1789645910	23075	94.7	93.6	7287	2192	2044	6295	418	0	37230	3609	8873	3000403	39698	50000	988	200000	672043	17924878	37085972	2116	2033289	1547666	974800
1789645937	23103	95.5	94.9	6138	3208	1573	7820	367	0	26637	3216	8126	3000517	40000	50000	939	200000	672912	17941747	37139435	2115	2035530	1548976	976678
1789645971	23137	92.1	91.7	7015	2089	3607	8537	1181	0	8920	3345	11768	2999070	39952	49838	1064	200000	673588	17951953	37194034	2114	2039507	1550837	978329
1789646001	23167	97.7	97.6	10231	4081	1235	8715	429	0	33352	3198	8160	3000237	40000	50000	363	200000	674685	17969523	37281678	2125	2040446	1552856	979068
1789646033	23199	94.1	93.8	10213	2980	943	5830	326	0	26919	3124	7972	3000160	40000	50000	81	200000	675812	17985108	37378106	2121	2042762	1554586	980486
1789646061	23227	91.2	89.8	8049	4346	3512	8753	1613	0	15949	3413	8670	3000820	39543	50000	1064	200000	676239	17994013	37411443	2114	2046951	1556635	981509
1789646088	23254	93.8	93.8	7448	6042	4322	7566	951	0	4820	3119	7408	3000051	39284	49948	1542	200000	677176	18012153	37461911	2114	2049744	1558867	981975
1789646116	23282	93.7	92.9	7058	2609	3488	8813	1148	0	11414	2974	7608	2999878	39634	49949	1382	200000	677849	18026813	37512224	2113	2051496	1560730	984233
1789646147	23313	96.7	95.3	4948	2834	1697	7286	312	0	29067	3173	7652	3000371	40000	50000	869	200000	678854	18047319	37575689	2113	2054179	1563493	985671
1789646178	23343	94.3	93.4	6297	3172	3667	9925	2136	0	8332	3063	10602	3000182	39681	50000	1232	200000	679606	18068096	37611064	2113	2058332	1565696	986532
1789646210	23375	95.3	95.0	6717	2239	2082	7601	175	0	70138	3084	10397	3000218	40000	50000	1265	200000	680376	18079602	37656741	2114	2060813	1569678	987227
1789646241	23407	94.6	94.3	6952	3021	2018	9122	221	0	94762	2944	7103	3000221	40000	50000	1040	200000	681538	18097491	37728723	2126	2063409	1572063	987701
1789646269	23435	95.0	94.6	6381	4022	2142	6981	359	0	74378	2963	7028	3000502	39837	50000	1099	200000	682555	18114418	37808454	2122	2065797	1574030	988419
1789646297	23463	95.8	95.3	6346	3479	1740	8498	135	0	32350	3100	7314	3000761	39932	50000	1056	200000	683440	18135969	37869788	2119	2068252	1576002	989585
1789646327	23493	96.1	95.7	9556	2236	1502	6130	633	0	17050	3163	7621	3000590	40000	50000	447	200000	684457	18160964	37935908	2122	2071055	1578028	990592
1789646357	23523	92.7	92.4	5233	4267	2966	8938	1492	0	1123	2897	9945	3000006	39742	49988	699	200000	685173	18179025	37986956	2114	2074168	1579338	992848
1789646386	23552	93.3	92.7	6283	2419	3043	7453	1559	0	22325	2963	7138	3000187	39528	50000	1036	200000	685950	18191204	38060553	2114	2076773	1581221	993719
1789646420	23586	95.7	95.3	6323	1926	1980	9169	217	0	89537	3153	7836	3000542	40000	50000	1006	200000	686982	18222042	38114709	2116	2079224	1584366	995025
1789646452	23617	94.3	93.8	10056	5251	2903	7158	899	0	56366	3169	10334	3000312	39784	49995	1179	200000	687962	18240328	38181658	2115	2081829	1585850	995612
1789646479	23645	93.1	92.9	6715	3994	2629	9028	318	0	36898	2890	6922	3000456	40000	49808	1232	200000	688765	18257559	38250232	2114	2083993	1587368	997792
1789646510	23675	95.4	95.0	5430	4531	1723	6546	33	0	73744	2931	7278	3000295	40000	50000	995	200000	689892	18278889	38326750	2119	2086448	1589849	998523
1789646539	23705	96.8	96.2	5769	2851	1616	8332	300	0	32436	2995	7432	3000204	40000	50000	482	200000	690886	18297577	38402334	2122	2089601	1591861	1000152
1789646569	23735	96.8	96.3	8593	4322	3746	7549	1306	0	1863	2792	9833	2999751	39935	50000	1149	200000	691667	18316947	38452012	2113	2093423	1593916	1001039
1789646597	23763	97.6	97.4	5637	4573	3826	9159	1319	0	6510	2798	6920	2999373	40000	49986	1122	200000	692572	18343211	38510768	2117	2095915	1596143	1001537
1789646627	23792	95.0	94.8	7336	5066	3733	6335	682	0	7361	2820	7002	2998390	39860	49813	1152	200000	693570	18358837	38591337	2122	2097411	1598222	1002253
1789646658	23823	94.2	93.9	9215	4797	3988	7924	555	0	6475	2915	7154	2998228	39186	49938	1345	200000	694656	18373373	38679535	2121	2099704	1600332	1002972
1789646686	23852	97.4	96.9	7992	2077	1204	5903	713	0	8864	2988	7325	3000539	40000	50000	242	200000	695680	18388930	38754972	2118	2101716	1602596	1003700
1789646718	23883	87.4	86.5	7419	2614	2625	9071	1583	0	4085	3423	11356	2999426	39919	49757	1029	200000	696335	18403735	38795077	2113	2105171	1603857	1006687
1789646746	23912	95.8	93.2	7562	2721	3364	7432	1568	0	23121	3430	7996	3000203	39696	50000	1136	200000	696885	18417645	38849131	2113	2107835	1606005	1007371
1789646777	23943	95.5	93.9	7631	3192	3109	9152	1039	0	55134	3649	9125	3000332	39351	49944	1434	200000	697814	18435378	38907777	2114	2110454	1608716	1007942
1789646807	23973	95.5	94.9	10342	1895	2611	6607	327	0	60332	3449	9271	3000356	39498	50000	1258	200000	698667	18460982	38940205	2115	2112935	1611054	1009078
1789646843	24009	95.0	94.5	8331	3673	2976	8271	878	0	51076	3681	12974	3000363	40000	50000	1259	200000	699727	18484727	38991313	2113	2115622	1613096	1009654
1789646873	24039	93.8	93.4	6518	2448	2145	6511	998	0	68777	3961	9719	3000009	40000	49983	826	200000	700358	18499185	39025887	2115	2118229	1615081	1011673
1789646898	24064	93.2	92.8	5698	4652	2992	8333	1169	0	19099	3199	7909	3000037	39395	50000	1205	200000	701187	18507765	39094866	2117	2120358	1615824	1013195
1789646928	24094	96.6	96.0	6746	2039	1559	7166	183	0	68969	3441	9037	3000266	39461	50000	928	200000	702053	18521645	39157214	2122	2122539	1618735	1014217
1789646957	24123	94.4	93.6	7223	3267	3204	9041	1032	0	28902	3595	8804	3000586	39554	49941	1526	200000	702859	18541513	39203655	2117	2125102	1620096	1015010
1789646986	24152	95.5	95.1	9773	1866	1693	6802	235	0	29467	3436	8889	3000413	40000	49906	916	200000	703574	18558471	39260126	2119	2127453	1621686	1017573
1789647020	24186	95.7	95.5	7480	3812	766	8215	166	0	48960	3414	8534	3000281	40000	50000	343	200000	704757	18579570	39356267	2142	2129598	1623489	1018824
1789647047	24213	93.1	92.2	6274	2117	1703	7062	412	0	23995	3122	7185	3000552	39290	50000	658	200000	705536	18593503	39416745	2118	2132729	1625279	1020285
1789647076	24241	95.6	95.1	8795	2353	1236	8607	507	0	7563	3397	8217	3000973	39775	50000	249	200000	706413	18616185	39470119	2117	2134920	1627137	1021332
1789647108	24274	91.8	91.3	5949	4533	3714	7772	1046	0	507	3125	10617	2999926	39780	49922	858	200000	707072	18636704	39522993	2116	2138564	1628319	1024094
1789647137	24303	93.9	93.1	7689	2256	3233	9817	1642	0	30143	2983	7283	2999730	39688	50000	1147	200000	707893	18647264	39595932	2116	2141368	1630482	1025147
1789647169	24335	95.9	95.5	6142	2767	2817	8197	881	0	19916	3005	10542	3000096	39728	49997	1178	200000	708713	18666430	39650118	2116	2143600	1632298	1027308
1789647200	24366	95.1	94.7	8668	3103	2516	9930	812	0	49175	2812	7094	3000545	40000	50000	908	200000	709744	18690142	39722830	2116	2146167	1634567	1028060
1789647226	24391	94.8	94.3	9712	3251	2958	7452	1612	0	7399	3010	6895	3000110	40000	49922	900	200000	710453	18711125	39775452	2116	2148411	1635203	1029873
1789647256	24422	93.9	93.8	9711	5406	2890	9512	1501	0	32043	2976	7559	2998554	39896	49970	926	200000	711463	18728172	39854319	2121	2151117	1637264	1031027
1789647288	24454	95.5	95.0	6822	3217	2891	7774	1078	0	49441	2948	7557	3000116	39508	49950	1227	200000	712448	18745920	39930072	2121	2153682	1639728	1031919
1789647322	24487	94.9	94.3	7505	5393	3161	9439	1080	0	45041	2855	10079	3000494	39714	50000	1425	200000	713555	18762750	40023291	2124	2156283	1641851	1032628
1789647349	24515	95.0	94.4	8620	2261	1563	6441	601	0	69807	3063	7619	3000682	40000	50000	517	200000	714422	18780467	40072801	2127	2159154	1644839	1033739
1789647379	24545	94.5	93.1	6735	3174	3555	9180	1893	0	16257	3137	10677	3000197	39632	50000	1266	200000	715126	18792961	40122288	2126	2162866	1646969	1034745
1789647409	24574	96.5	96.0	6462	1783	1736	7496	241	0	70791	2931	7543	3000709	40000	50000	1055	200000	715969	18810524	40161520	2133	2165602	1650953	1035691
1789647438	24604	96.6	96.2	6871	3715	1305	8787	321	0	28376	2765	7125	3000657	40000	50000	411	200000	717062	18836316	40228579	2132	2168449	1653150	1036342
1789647467	24633	95.4	95.0	7790	2211	1229	6635	674	0	21591	2894	9841	3000425	40000	50000	296	200000	718078	18849985	40288885	2129	2171016	1655532	1036941
1789647495	24661	96.9	96.6	5367	3495	884	8371	328	0	2420	3061	7355	3000064	40000	50000	66	200000	718884	18865531	40352144	2124	2173331	1657439	1038376
1789647525	24691	93.0	90.8	5367	2609	3225	7969	1678	0	5508	3491	8241	2999341	39282	49962	1316	200000	719578	18874569	40423938	2124	2177345	1658967	1040755
1789647564	24730	97.5	97.2	8547	3208	1557	9465	478	0	95344	3034	10967	3000609	40000	50000	649	200000	720670	18906213	40492616	2144	2179994	1662423	1041652
1789647588	24753	92.3	91.7	6085	3289	3447	7204	1083	0	36003	3042	7091	3000354	39934	50000	1619	200000	721275	18918049	40532417	2125	2182378	1663306	1042645
1789647623	24789	91.0	90.6	8721	3579	1949	8805	600	0	80126	3188	8069	3000162	40000	50000	1010	200000	722379	18936387	40627067	2136	2185013	1666000	1044161
1789647646	24811	93.7	92.0	6343	2092	2510	6386	357	0	29825	3338	7300	3000144	39611	50000	1391	200000	722892	18946318	40666129	2126	2187149	1667165	1045783
1789647678	24844	93.4	92.6	6812	3024	3445	8842	1553	0	35176	3148	7916	3000335	39638	50000	1505	200000	723785	18961268	40741373	2124	2191003	1669425	1047611
1789647707	24873	94.1	93.8	7013	2383	2793	7611	376	0	38506	3026	7481	3000050	39522	49940	1237	200000	724429	18974849	40802398	2125	2193347	1671255	1050297
1789647740	24906	95.8	95.4	7122	4619	2594	9061	821	0	49569	2979	10020	3000264	39713	50000	1090	200000	725552	18996702	40889282	2123	2195584	1672913	1051301
1789647770	24935	94.8	94.2	7320	2638	2051	7634	498	0	47880	3315	7815	3000235	39623	50000	955	200000	726467	19013578	40953915	2123	2198077	1674554	1053392
1789647797	24962	94.7	94.2	4999	2690	1908	9381	822	0	25148	3094	7391	3000560	40000	50000	698	200000	727196	19029390	41006560	2127	2200679	1676219	1054987
1789647831	24997	93.1	93.0	7736	3229	4115	8748	1317	0	4945	2786	9705	2998709	39783	49950	1262	200000	728232	19051067	41089971	2123	2204656	1677908	1056267
1789647861	25027	97.5	97.1	10397	5284	1429	8760	534	0	41040	2843	7071	3000154	40000	50000	474	200000	729384	19064258	41187885	2139	2205405	1680291	1056708
1789647891	25057	95.0	94.7	7262	4536	1427	6226	197	0	45300	3003	7293	3000077	40000	50000	576	200000	730314	19088337	41255936	2130	2207767	1682363	1057753
1789647917	25083	92.4	91.7	6757	3464	2147	8023	203	0	35968	2968	7161	3000694	39993	50000	1244	200000	730974	19101626	41309528	2134	2210070	1684306	1058405
1789647947	25113	92.9	92.4	6646	3166	3385	7159	799	0	8450	2924	7515	3000005	39559	50000	1280	200000	731833	19122967	41365477	2125	2213917	1686089	1059889
1789647979	25145	93.4	92.4	6539	2171	3229	9238	629	0	30579	3047	11032	3000212	39739	49990	1199	200000	732594	19138537	41413280	2115	2216789	1688620	1062023
1789648007	25173	94.5	93.7	4600	2680	3452	8046	747	0	25795	2755	7134	3000102	39739	49967	1586	200000	733419	19158988	41451539	2115	2219804	1691247	1063114
1789648040	25206	94.7	94.1	7166	2886	3485	10354	1740	0	33542	2928	10485	3000225	39767	50000	1441	200000	734361	19180090	41499343	2115	2223610	1693768	1064153
1789648068	25234	96.2	96.1	5766	2515	1354	6885	195	0	101525	2819	7211	3000031	40000	50000	858	200000	735098	19190753	41556236	2126	2225923	1697459	1064960
1789648099	25265	95.2	94.6	10270	2703	2844	8782	445	0	53844	2850	7109	3000017	40000	49935	1272	200000	736237	19204802	41651565	2129	2228545	1699141	1065413
1789648132	25298	95.4	95.0	7273	5138	1640	6514	231	0	83925	3098	10335	3000329	40000	50000	915	200000	737382	19220266	41731761	2135	2231039	1701914	1066294
1789648160	25325	93.7	93.1	6299	4240	2380	8369	610	0	66455	2907	7004	3000496	39904	50000	1183	200000	738139	19236658	41789907	2135	2233645	1703909	1067029
1789648186	25352	93.2	92.8	6380	2493	2687	7000	385	0	52044	3050	7225	3000089	39824	49835	1286	200000	738983	19251818	41847217	2122	2236054	1705775	1068539
1789648220	25386	94.3	93.5	9798	1970	3080	9266	800	0	22857	3110	10717	3000088	39599	50000	1594	200000	739941	19270486	41925298	2117	2239175	1707245	1070224
1789648248	25414	93.3	92.8	6338	3084	2894	8068	1590	0	29191	3055	7545	3000082	39621	50000	1025	200000	740706	19284877	41983421	2116	2242642	1709455	1072020
1789648275	25441	96.9	95.2	6260	2688	2966	9548	1125	0	6525	3093	7560	2999936	39594	50000	1362	200000	741490	19301391	42041962	2114	2244815	1711257	1073408
1789648307	25473	97.9	97.4	5237	2050	1744	7625	726	0	26088	3121	8170	3000089	40000	50000	422	200000	742439	19325520	42103333	2127	2248154	1714359	1074605
1789648338	25504	97.6	96.1	5932	3788	3463	10232	1858	0	10576	3166	10675	3000120	39641	50000	1295	200000	743368	19345187	42168089	2116	2251451	1716048	1076076
1789648366	25532	96.5	96.0	5743	1623	2650	7468	836	0	81398	2996	7323	3000219	39958	50000	1196	200000	743938	19359530	42212866	2125	2253944	1718919	1076981
1789648398	25564	94.9	94.6	8384	2759	2423	8969	454	0	70296	3037	7422	3000117	39810	50000	1160	200000	744941	19388597	42276545	2123	2256314	1721284	1077768
1789648430	25595	95.1	94.7	6596	5538	2255	6484	205	0	77793	2969	7308	3000192	40000	50000	1246	200000	745971	19413964	42344241	2127	2258791	1723785	1078488
1789648462	25628	94.6	94.3	6636	2839	1416	8099	254	0	101824	2942	7559	3000039	40000	50000	789	200000	747152	19432301	42436232	2135	2261310	1726068	1079268
1789648489	25655	91.9	90.7	11358	3913	2342	6208	516	0	64672	3217	7182	3000196	39914	50000	1020	200000	747795	19441734	42498465	2127	2263687	1727532	1080163
1789648518	25683	89.3	88.7	8810	5786	3377	8061	1580	0	36989	2939	7297	3000342	39763	49973	1396	200000	748746	19454867	42578836	2117	2266207	1728699	1080932
1789648549	25715	94.3	93.7	5531	4602	3262	6790	1443	0	37467	3101	10509	3000494	39849	50000	1516	200000	749610	19472976	42647045	2116	2268678	1730775	1082197
1789648578	25744	93.2	92.5	5459	2132	3430	8795	830	0	27939	3096	7817	3000007	39461	50000	1701	200000	750352	19494327	42684316	2115	2271334	1732810	1084802
1789648608	25773	93.7	92.8	6481	2613	3190	8210	1655	0	45868	3064	7771	3000595	39879	50000	1370	200000	751284	19511155	42739341	2118	2275168	1735540	1085706
1789648640	25806	95.8	95.2	6418	3267	1601	9660	352	0	74088	3118	11047	3000234	39837	50000	839	200000	752069	19527254	42790673	2125	2277668	1738494	1087042
1789648666	25832	93.9	93.2	6070	5345	2342	7287	610	0	54567	3049	7541	3000367	40000	50000	1060	200000	752844	19542577	42824202	2115	2280163	1740358	1087733
1789648700	25866	95.1	94.8	6982	3971	1488	9038	395	0	66385	3121	8101	3000080	40000	50000	811	200000	754125	19558741	42931770	2131	2282751	1742587	1089125
1789648727	25893	94.3	93.9	8024	3559	1902	6517	171	0	43896	2991	7196	3000033	40000	50000	938	200000	754753	19573153	42979840	2115	2285020	1744196	1090172
1789648759	25925	94.8	94.4	5610	5085	1448	8160	334	0	41167	3189	7695	3000640	40000	50000	479	200000	755837	19595790	43062581	2131	2287862	1746244	1091695
1789648789	25955	91.4	90.7	6936	3440	3633	7587	1006	0	497	3091	10458	2999676	39838	49957	818	200000	756514	19608132	43106352	2117	2291508	1747697	1094296
1789648816	25982	94.6	92.9	6262	1575	2901	9115	1504	0	2843	3137	7419	3000143	39792	50000	973	200000	757197	19617555	43167978	2117	2293670	1749370	1095576
1789648847	26013	94.0	93.5	9615	2261	2994	7838	1272	0	25481	3131	7555	3000028	39875	49997	956	200000	758030	19638142	43231004	2116	2296486	1751590	1096647
1789648877	26042	94.0	93.3	6748	3270	3305	9698	1753	0	29417	2882	7231	3000113	39584	49897	1274	200000	759033	19654099	43302533	2116	2298949	1753381	1097688
1789648912	26078	94.9	94.5	5949	2999	2529	7631	208	0	55318	3074	10669	3000469	39787	49972	1289	200000	759914	19674759	43379426	2120	2301191	1755919	1099764
1789648941	26107	96.1	95.6	5842	4315	2335	9159	860	0	51862	2904	7093	3000650	40000	49987	1081	200000	760866	19698992	43439659	2118	2303630	1757654	1100628
1789648969	26135	93.9	93.3	6175	2086	1498	7216	72	0	68303	2916	7176	3000242	40000	50000	797	200000	761693	19712842	43505585	2125	2306030	1759522	1102674
1789648997	26163	94.8	94.3	6472	4707	1871	8896	94	0	47578	2899	6978	3000355	40000	50000	735	200000	762560	19733434	43564184	2117	2308410	1761065	1103285
1789649035	26201	94.4	94.0	5942	3935	1549	7504	383	0	64882	2998	10343	3000202	40000	50000	726	200000	763803	19755716	43661517	2117	2311196	1762818	1105530
1789649065	26231	93.1	92.8	10992	3757	1691	9775	509	0	41562	3240	7856	3000106	40000	50000	489	200000	764652	19769135	43735785	2119	2313833	1764299	1107342
1789649092	26258	91.3	90.8	7937	2148	1663	7087	669	0	42028	3466	8000	3000303	40000	50000	601	200000	765291	19776902	43800259	2116	2316649	1765924	1109253
1789649119	26284	94.9	92.6	6529	3093	2552	9146	705	0	7298	3417	8047	3000433	39694	50000	985	200000	765888	19789062	43856515	2115	2319350	1767357	1110957
1789649148	26314	96.4	95.4	8692	1454	2688	7073	871	0	47864	3101	7790	3000609	40000	49997	1017	200000	766548	19816482	43887597	2115	2322493	1769877	1112282
1789649178	26344	96.5	93.5	6840	3064	2231	8871	392	0	36688	3622	8479	3000372	39823	50000	1326	200000	767441	19836501	43939660	2115	2324930	1772457	1113453
1789649210	26376	96.6	96.3	5691	2977	4186	6843	398	0	7538	3234	10518	2999389	39476	49963	1595	200000	768449	19862613	43988387	2116	2327936	1774300	1114899
1789649236	26402	95.4	94.4	5736	3947	3151	9678	2033	0	7587	2875	7330	2999341	39448	49954	996	200000	769120	19878149	44031596	2115	2331571	1776067	1116674
1789649269	26435	95.9	95.6	7109	1867	2901	8111	1417	0	42137	3048	10037	2999678	40000	49848	1063	200000	770093	19891201	44099467	2116	2334136	1778866	1117213
1789649299	26464	94.2	93.9	8462	3186	2765	9979	898	0	39784	3185	7427	2999984	39687	49809	1114	200000	770984	19903165	44172068	2116	2336463	1780736	1118886
1789649330	26495	96.3	95.9	4688	3921	1834	7637	196	0	74678	3040	7324	3000341	39821	50000	1149	200000	772091	19921212	44256784	2124	2338962	1783499	1120097
1789649360	26526	95.5	95.1	6799	5020	1448	8955	85	0	51791	3078	7357	3000405	40000	50000	934	200000	772958	19940364	44318037	2123	2341294	1785467	1121013
1789649387	26553	92.5	92.1	5427	2574	1603	6255	185	0	41955	2973	7055	3000242	40000	50000	980	200000	773778	19955459	44379875	2124	2343784	1787576	1121699
1789649418	26584	88.7	88.3	6125	4025	1194	7653	210	0	37679	2985	7020	3000256	40000	50000	485	200000	774766	19972584	44453300	2121	2346311	1789452	1122748
1789649448	26614	92.0	91.3	5578	2827	3187	6733	1059	0	2231	3035	10290	3000007	40000	49983	798	200000	775548	19984910	44509245	2115	2349631	1790948	1124490
1789649477	26643	94.5	93.2	5884	2043	2605	9006	1237	0	33064	3403	8178	3000150	39705	50000	900	200000	776179	19995262	44569611	2117	2352598	1792964	1126654
1789649509	26675	95.6	95.0	5252	4317	2070	7442	176	0	49774	2873	7337	3000434	40000	50000	1294	200000	777137	20024682	44632097	2117	2354895	1795764	1127688
1789649541	26707	96.0	94.9	6758	4135	1427	8708	194	0	53446	3019	10282	3000625	40000	50000	774	200000	778019	20049166	44687746	2125	2357430	1797930	1128707
1789649572	26738	95.6	94.6	6976	2864	1179	6093	213	0	60408	2942	7429	3000611	40000	50000	555	200000	779067	20072376	44753890	2124	2359926	1799978	1129531
1789649598	26764	93.8	92.9	5140	2668	1947	8025	92	0	56606	2824	7053	3000449	40000	50000	902	200000	779618	20091642	44793943	2118	2362372	1801832	1130167
1789649628	26794	94.8	94.3	7658	4369	1363	6243	174	0	73708	3047	7288	3000313	40000	50000	776	200000	780514	20107820	44869452	2125	2364746	1803980	1131492
1789649657	26823	94.1	93.7	7453	3164	2362	8044	534	0	64107	2852	6861	3000116	40000	49895	1182	200000	781399	20127536	44940647	2120	2367142	1805725	1132230
1789649689	26855	95.7	95.4	7332	3053	1864	6561	603	0	27656	3073	7502	3000143	40000	50000	813	200000	782522	20142377	45049372	2118	2369736	1807365	1133776
1789649721	26887	92.5	92.1	6296	2928	3961	9406	744	0	6920	3006	9899	2999595	38927	50000	1422	200000	783306	20157882	45120385	2118	2373536	1808972	1135301
1789649746	26912	94.5	93.0	6076	2158	3424	7198	1685	0	4179	2931	7257	3000213	39375	50000	1133	200000	783862	20169782	45166672	2118	2375790	1810986	1136580
1789649776	26942	94.1	93.3	6681	1692	2819	8777	1104	0	40517	2900	7291	3000493	39622	50000	1160	200000	784702	20194341	45208924	2118	2378182	1813645	1137242
1789649812	26978	95.7	95.2	7677	3360	2119	6842	182	0	53713	3006	10250	3000916	40000	50000	1321	200000	785755	20228121	45258954	2118	2380668	1816673	1138204
1789649840	27006	96.7	95.8	7547	4278	1436	8140	267	0	56452	2880	7212	3000642	40000	50000	810	200000	786611	20255998	45308979	2131	2383328	1818963	1139010
1789649867	27032	94.4	93.6	8094	2448	1713	6063	475	0	19830	2876	7071	3000583	40000	50000	518	200000	787368	20270926	45351919	2119	2386504	1821251	1139574
1789649898	27064	93.2	92.8	7922	3616	3597	8768	2209	0	1563	3086	10543	3000000	40000	49940	1047	200000	788246	20290794	45397766	2118	2390356	1823692	1140368
1789649927	27093	95.2	95.2	6266	3544	4252	7289	1001	0	7377	3086	7092	2998391	39602	49852	1437	200000	789223	20305201	45472665	2117	2393150	1825977	1140739
1789649956	27122	94.7	93.4	5230	2702	2811	9074	1316	0	41708	3140	8008	2999037	39359	49934	1178	200000	789880	20312274	45541227	2117	2395517	1828209	1143111
1789649990	27156	95.4	94.4	8050	2819	2947	8004	932	0	18670	3315	11050	3000514	39514	50000	1282	200000	790682	20330362	45598668	2118	2397964	1829614	1145044
1789650022	27188	95.2	94.9	7547	3106	1407	9524	399	0	53299	3163	7822	3000699	40000	50000	583	200000	791706	20349263	45676544	2132	2400484	1832052	1146663
1789650048	27214	95.5	94.9	5649	2217	2022	7175	384	0	42960	2894	7148	3000020	40000	50000	1216	200000	792387	20362226	45734847	2118	2403000	1834026	1147645
1789650076	27242	96.2	95.6	8022	3360	1246	8226	294	0	25708	3078	7589	3000603	40000	50000	376	200000	793357	20381178	45804531	2121	2405473	1835964	1148552
1789650109	27275	95.1	93.9	7542	4012	3748	7189	2114	0	8278	2910	10550	3000054	39455	50000	1356	200000	794131	20398175	45862202	2117	2409552	1838202	1149539
1789650136	27301	98.1	97.0	7342	2410	3195	8583	1551	0	14745	3043	7336	2999882	39683	50000	979	200000	794834	20412895	45920138	2117	2411937	1840768	1150377
1789650166	27332	95.9	95.1	6443	3587	3889	7517	2013	0	34468	2956	7517	2999968	39083	49956	1665	200000	795889	20436722	45987133	2117	2414650	1842738	1151124
1789650205	27371	96.8	96.3	4906	2798	1847	8701	329	0	104088	3043	10810	3000561	40000	50000	936	200000	797076	20466625	46054480	2117	2417054	1846245	1152182
1789650226	27391	97.0	96.7	11724	1398	2431	5883	503	0	56523	2702	3899	3000177	40000	50000	1131	200000	797591	20487355	46092059	2117	2419213	1847905	1152984
1789650266	27432	94.7	94.5	9489	2619	1687	7509	232	0	78511	3411	11217	3000355	40000	50000	1110	200000	798921	20510725	46197090	2135	2421746	1850586	1153677
1789650293	27459	94.1	93.7	6791	4826	1910	5719	242	0	101595	3086	7405	3000032	40000	50000	999	200000	799731	20524894	46256931	2136	2424108	1852355	1154410
1789650319	27485	90.0	89.5	9236	5100	2647	7405	842	0	59748	3032	7110	2999909	40000	49998	1145	200000	800430	20537063	46319468	2118	2426425	1853608	1155154
1789650348	27514	93.9	93.5	7078	4959	2973	6247	1523	0	44696	3106	7513	2999502	40000	49682	1138	200000	801351	20554534	46393713	2118	2428890	1855140	1156165
1789650377	27543	93.0	90.2	10046	5578	3450	8133	1935	0	36131	3929	8210	2998385	38704	49938	1456	200000	802195	20568332	46474484	2119	2431368	1856716	1157483
1789650408	27574	92.7	92.0	5437	2310	3464	7893	774	0	18808	3390	8625	2999903	38835	49947	1596	200000	802998	20585857	46532383	2118	2434197	1858884	1160392
1789650436	27602	98.0	97.4	8488	4180	1737	8814	402	0	14374	3100	7656	3001186	39815	50000	590	200000	803964	20612241	46588008	2123	2436363	1860763	1161337
1789650470	27636	92.2	91.2	6098	2893	2683	8323	1289	0	24054	3374	11774	3000066	39050	50000	1057	200000	804673	20626130	46635742	2117	2440150	1862720	1163682
1789650499	27665	94.9	94.3	6320	3160	2662	10255	1394	0	42074	3178	7888	3000398	39762	50000	1103	200000	805483	20648445	46683019	2118	2442813	1864822	1164750
1789650530	27695	94.4	93.9	8907	1535	1825	7845	448	0	89367	3113	7854	3000444	40000	50000	972	200000	806330	20667656	46738351	2133	2445216	1867449	1166184
1789650558	27724	94.4	94.2	5756	5598	1898	9515	393	0	53766	2976	7252	3000110	40000	50000	812	200000	807269	20680214	46820024	2118	2447634	1868976	1167357
1789650589	27755	94.5	93.9	6257	3776	1793	6922	140	0	42661	3122	7594	3000334	39636	50000	1061	200000	808177	20696040	46900428	2123	2450190	1871061	1168874
1789650619	27784	95.3	94.9	7747	2249	877	8330	163	0	31659	3056	7517	3000727	39967	50000	533	200000	809206	20717978	46966930	2127	2452480	1872640	1170516
1789650647	27813	93.9	93.2	5792	4051	1434	6700	692	0	19606	3074	7516	3000737	40000	50000	429	200000	809949	20728668	47036493	2128	2455341	1874541	1171767
1789650678	27844	94.7	94.3	8147	2789	967	8306	323	0	21181	2982	10365	3000191	40000	50000	47	200000	810826	20749837	47101199	2119	2457342	1876115	1173123
1789650706	27872	91.5	90.7	5661	2795	3206	7745	2075	0	739	3525	7987	2999284	40000	50000	720	200000	811415	20760362	47150330	2121	2461486	1878126	1174475
1789650737	27903	94.1	94.1	9173	2932	4363	9991	895	0	4323	3025	7117	2998029	38982	49902	1548	200000	812516	20781951	47236104	2122	2464198	1880273	1174942
1789650765	27931	94.8	93.7	5359	2831	2881	7196	1515	0	17027	3104	7702	3000032	39115	49943	915	200000	813195	20793268	47296549	2121	2466385	1882268	1177066
1789650799	27964	94.9	94.1	6940	4839	3735	9155	1951	0	26765	3279	10902	2999653	39195	49955	1623	200000	814147	20815110	47366555	2121	2468963	1884155	1177828
1789650834	28000	95.5	94.6	5661	2669	1592	7327	410	0	38923	3184	8044	3000545	40000	50000	806	200000	815169	20842414	47434837	2121	2471177	1886935	1179693
1789650865	28031	94.6	94.2	10373	4140	1210	9159	337	0	64889	3200	8116	3000059	40000	50000	417	200000	816089	20863817	47501477	2121	2473751	1888688	1180986
1789650891	28057	93.3	92.7	7544	1971	1501	7178	130	0	85639	3266	7798	3000435	40000	50000	836	200000	816698	20874868	47549676	2131	2476085	1890658	1181847
1789650920	28086	94.6	94.1	8131	5461	2269	8862	619	0	54789	3084	7588	3000258	40000	49971	951	200000	817555	20894634	47609472	2123	2478458	1892228	1182679
1789650952	28118	94.5	94.1	8394	4058	1630	6231	193	0	93523	3199	8082	3000232	40000	49963	957	200000	818502	20910935	47690910	2138	2480778	1894392	1184151
1789650981	28147	96.9	96.2	7824	4460	2926	8093	1063	0	63637	3197	7895	3000174	39610	50000	1263	200000	819311	20927626	47771922	2122	2483362	1895433	1184822
1789651008	28174	95.6	94.9	7272	4385	3036	6792	1012	0	30254	3560	7967	3000418	39512	49943	1403	200000	820016	20957301	47816806	2119	2485416	1896324	1187030
1789651037	28203	97.2	96.1	5725	2914	4036	8305	748	0	14353	3096	7912	2999263	38480	49919	1470	200000	820870	20979737	47865425	2119	2488731	1899322	1188187
1789651066	28232	96.5	95.5	6349	2519	3104	7478	1551	0	1350	3168	8481	3000034	39301	50000	938	200000	821455	21009250	47891251	2119	2491839	1901020	1189849
1789651097	28263	94.1	93.4	6243	3134	2568	9225	1033	0	31609	3314	8131	3000630	40000	50000	905	200000	822275	21030118	47944856	2120	2494313	1903294	1191026
1789651131	28297	96.1	95.5	5221	2784	1504	7147	237	0	67675	3151	11586	3000195	40000	50000	677	200000	823130	21049520	47991611	2121	2497071	1906397	1192033
1789651159	28325	94.2	93.6	8410	4343	2157	8886	352	0	64450	3097	7776	3000317	40000	49988	1109	200000	823965	21065756	48056865	2121	2499289	1908401	1193018
1789651190	28356	95.3	95.0	7206	5807	1899	6367	268	0	72357	3081	7600	3000319	40000	49912	1035	200000	824857	21078100	48140016	2128	2501661	1910274	1193962
1789651221	28386	89.8	89.3	6743	3259	3109	8147	1079	0	52011	3252	7557	3000213	39625	49934	1425	200000	825710	21094422	48206806	2120	2504177	1911531	1194798
1789651247	28413	93.5	92.9	5262	2726	2889	6806	667	0	23819	3055	7403	3000063	39242	50000	1457	200000	826361	21104911	48267085	2119	2506622	1913213	1197248
1789651278	28443	95.5	94.9	6207	2789	2061	8030	658	0	24620	3176	8315	3000694	39665	50000	651	200000	827216	21124130	48337505	2122	2509163	1915097	1198503
1789651306	28472	91.3	90.8	5081	2451	4002	8249	556	0	28795	2990	8021	2999911	39022	49988	1612	200000	827866	21140435	48379749	2119	2513152	1917101	1200133
1789651341	28507	94.3	93.4	5349	2446	3074	10619	1599	0	37896	3243	11268	3000148	39700	49939	1084	200000	828641	21157785	48444415	2119	2515842	1918659	1203283
1789651369	28535	95.7	95.3	5200	3261	2770	8219	1517	0	20463	3553	8213	3000139	39610	50000	1039	200000	829512	21171314	48526724	2119	2517869	1919907	1204866
1789651397	28563	94.7	93.9	6413	2733	2634	10059	563	0	38010	2886	7292	3000114	39375	50000	1108	200000	830240	21184691	48585609	2119	2520258	1922054	1206666
1789651427	28593	93.5	92.8	5697	4248	3225	7492	1157	0	29553	3049	7279	3000612	39646	50000	1510	200000	831133	21205115	48643524	2119	2522813	1923973	1207479
1789651460	28625	94.2	93.5	5254	2829	1683	9673	298	0	60578	3078	8169	3000067	40000	50000	715	200000	832046	21222156	48717847	2119	2525599	1925674	1210695
1789651488	28654	95.2	92.8	5407	3684	1944	7177	112	0	43216	3158	7520	3000639	40000	50000	840	200000	832876	21235148	48796337	2120	2527769	1927121	1212430
1789651520	28686	94.1	93.6	6655	3862	1224	9030	382	0	28632	2980	9913	3000178	40000	50000	420	200000	833815	21246821	48885441	2119	2530431	1928772	1213851
1789651551	28717	94.8	94.5	7784	5499	996	6016	400	0	31018	3015	7196	3000043	40000	50000	213	200000	834784	21268608	48962036	2121	2532628	1930635	1214982
1789651579	28744	94.3	93.2	7465	3416	1680	7922	346	0	27187	3033	7602	3000825	39943	50000	690	200000	835533	21280645	49025614	2121	2535267	1932667	1215925
1789651612	28778	94.7	94.4	10911	4733	1341	5600	223	0	49604	2875	7539	3000619	40000	50000	630	200000	836552	21323634	49073153	2131	2537198	1934547	1216822
1789651639	28805	92.4	91.7	6987	2057	4035	7732	988	0	8835	3059	7452	2999929	38744	49994	1469	200000	837137	21339205	49116195	2119	2540613	1936681	1217763
1789651670	28836	95.7	94.8	9920	3586	3924	7125	955	0	4802	3020	10542	3000223	39509	49972	1517	200000	838020	21366967	49153017	2119	2544121	1938913	1218566
1789651699	28865	94.1	92.7	7032	4222	3801	8506	1772	0	8695	3354	8413	3000141	39194	50000	1413	200000	838563	21389989	49177313	2119	2546581	1941216	1219317
1789651733	28899	96.3	96.0	8781	1959	1563	6584	238	0	77622	3466	9297	3000581	40000	50000	943	200000	839551	21411659	49228290	2120	2548715	1944675	1220366
1789651761	28926	94.7	94.2	7408	5397	1906	8126	274	0	82765	3725	8725	3000370	40000	50000	1084	200000	840262	21429178	49276755	2122	2550977	1946545	1221157
1789651793	28959	95.7	95.3	8042	5841	2000	6571	323	0	81531	3482	8842	3000119	40000	49984	1071	200000	841123	21441377	49356746	2126	2553294	1948545	1222070
1789651818	28984	94.8	94.1	7050	3593	2469	8313	835	0	48326	3919	9218	2999132	39950	49808	947	200000	841689	21449216	49399238	2120	2555676	1949652	1223111
1789651846	29012	95.3	93.0	9451	4837	3457	6545	2002	0	26204	3809	8439	2998250	39440	49652	1361	200000	842593	21465290	49474210	2120	2558219	1950811	1224151
1789651877	29043	96.9	96.4	7137	2355	2489	7963	893	0	67267	3174	7786	3000140	39504	50000	1113	200000	843415	21479125	49550775	2126	2560508	1953405	1225383
1789651910	29076	97.2	96.7	7346	4059	1907	6692	344	0	67177	3040	7685	3000455	39693	50000	1179	200000	844538	21503193	49626450	2120	2562935	1956202	1226207
1789651937	29103	97.0	96.6	6296	2618	1347	7944	304	0	28169	3268	7735	3000861	40000	50000	381	200000	845401	21521959	49686679	2120	2565776	1958161	1227242
1789651970	29135	97.4	96.6	10871	2640	3489	6985	1856	0	6056	3095	10804	3000060	40000	50000	1117	200000	846148	21543927	49743070	2121	2569569	1960477	1228119
1789651999	29165	97.2	96.7	9056	3375	3895	8829	2391	0	4609	3150	7761	3000000	40000	49980	1297	200000	846978	21568693	49801005	2120	2572286	1962591	1228529
1789652027	29193	96.5	96.4	9254	4861	3961	7079	823	0	5104	3036	7253	2998711	39385	49928	1297	200000	847940	21579327	49883427	2120	2574886	1964990	1228988
1789652056	29222	95.0	94.0	8652	2032	3234	8811	1448	0	13469	2926	7555	2999243	39288	49917	1418	200000	848785	21595591	49945141	2120	2576926	1966801	1231242
1789652095	29261	93.6	93.2	11545	2498	1694	7274	172	0	61516	3194	10734	3000905	39498	50000	1132	200000	849868	21622650	50019546	2123	2579578	1970436	1232010
1789652124	29289	89.9	89.5	5529	4218	1779	8660	204	0	97009	3017	7320	3000648	40000	50000	1052	200000	850618	21647376	50056457	2131	2581922	1972578	1232413
1789652152	29318	94.0	93.8	8937	4959	1797	5736	321	0	113671	3157	7375	3000230	40000	50000	1010	200000	851347	21661292	50117911	2146	2584360	1974672	1233035
1789652177	29343	94.3	92.0	8729	5353	2991	7384	1226	0	63768	3421	7598	3000029	39835	50000	1314	200000	852073	21671709	50190924	2126	2586717	1975632	1233737
1789652207	29373	95.4	94.9	6568	2575	2375	5945	463	0	72436	3179	7732	3000354	39853	50000	1144	200000	852989	21688137	50264311	2124	2589060	1978160	1234753
1789652237	29402	94.6	94.3	7517	3425	2117	7452	375	0	68350	3113	7586	3000022	40000	50000	1015	200000	853930	21707442	50336731	2122	2591331	1980254	1235620
1789652270	29436	94.7	94.3	10016	4260	1580	6910	162	0	84726	3132	7883	3000133	39722	50000	1003	200000	855013	21727361	50437188	2137	2593678	1982511	1236608
1789652302	29468	94.8	94.2	6378	5147	3078	8751	1139	0	32671	3152	7757	3000562	39697	50000	1430	200000	855946	21754786	50510650	2122	2596321	1983909	1237263
1789652329	29494	95.2	94.6	6557	1823	2039	6459	399	0	49204	3571	8233	3000415	39920	50000	1010	200000	856633	21769885	50565300	2125	2598745	1985484	1239767
1789652357	29522	92.6	91.6	7327	4106	3421	8886	1201	0	15741	3281	7942	3000107	39375	50000	1589	200000	857351	21787729	50609287	2123	2602239	1987383	1241033
1789652390	29555	95.7	93.2	10581	2733	3775	8433	2149	0	12327	3548	11559	2999438	39260	50000	1386	200000	858237	21811256	50651865	2134	2605396	1989547	1241932
1789652422	29588	94.4	94.0	5025	2049	1732	10282	438	0	66682	3294	8308	3000232	39823	49975	1023	200000	858979	21827804	50712366	2149	2607599	1992111	1244576
1789652449	29615	95.7	95.4	7795	5139	1413	7197	279	0	60489	3129	7480	3000018	40000	50000	625	200000	859816	21842626	50778424	2137	2609753	1993925	1245558
1789652480	29645	94.7	94.4	6320	2273	1554	9236	149	0	91036	3136	7624	3000072	40000	50000	1043	200000	860812	21854776	50862165	2152	2612351	1996342	1246302
1789652509	29675	95.4	95.1	7836	5776	1880	6290	691	0	67425	3126	7438	3000181	39951	49987	737	200000	861755	21871463	50938410	2159	2614783	1997960	1247098
1789652538	29704	93.3	92.5	10036	2118	2092	8481	253	0	61559	3344	7755	3000111	39198	49978	1400	200000	862568	21883751	51016105	2143	2617185	1999886	1248643
1789652574	29740	95.1	94.7	7659	5206	1883	6532	403	0	78235	3110	10758	3000993	39859	50000	883	200000	863618	21910289	51087330	2150	2619918	2001736	1249427
1789652598	29763	94.1	93.3	6955	2710	1934	8406	457	0	35486	3268	4686	3000579	39872	50000	1042	200000	864394	21929355	51138108	2137	2622381	2003456	1251040
1789652631	29797	94.0	93.4	7878	3991	3336	7756	2217	0	11414	3119	10880	3000049	39775	50000	921	200000	865178	21944846	51208921	2138	2626432	2005630	1251906
1789652659	29825	94.2	94.2	9835	2528	3939	9734	1283	0	8169	2999	7191	2999102	39442	49869	1151	200000	866206	21961164	51279657	2141	2629143	2007970	1252238
1789652687	29853	98.7	98.3	9502	3355	1045	5887	279	0	2794	3329	7642	3000430	40000	50000	24	200000	867173	21978473	51359882	2137	2629439	2009442	1253608
1789652716	29882	91.5	90.9	4893	2448	3596	9144	869	0	12100	3662	8365	2999226	38902	49983	1294	200000	867722	21986887	51415708	2137	2633578	2011265	1255302
1789652746	29912	93.1	92.4	6441	2258	2867	7949	814	0	39067	3278	8311	2999943	39368	49979	1143	200000	868299	22005523	51465057	2137	2636082	2013521	1257108
1789652780	29946	96.2	95.6	7798	5294	3020	9895	1504	0	21266	3202	8034	3000002	40000	49990	903	200000	869415	22037469	51537262	2137	2638603	2014957	1258496
1789652807	29973	97.8	97.0	5548	3603	2506	7748	891	0	21264	3375	8325	3000099	39845	50000	1056	200000	870165	22045908	51609550	2137	2640687	2016332	1260508
1789652838	30004	96.9	96.4	7311	2999	1437	9121	343	0	39126	3344	8415	3000374	40000	50000	583	200000	871068	22063411	51686154	2137	2643002	2018410	1261858
1789652875	30041	94.5	94.4	6371	3171	1381	7287	458	0	49907	3307	11187	3000076	40000	50000	326	200000	872114	22082932	51786321	2143	2645740	2020345	1263238
1789652898	30064	90.9	90.1	7787	4115	3343	9461	81	0	24591	3385	4784	3000111	39258	50000	1614	200000	872731	22092524	51838951	2140	2648143	2021427	1265434
1789652930	30096	94.2	93.5	6694	1834	3771	7136	479	0	24101	3258	11319	2999710	39121	49989	1519	200000	873401	22109393	51890246	2147	2650998	2023375	1267284
1789652959	30124	94.1	93.2	5213	3862	3725	9517	891	0	6904	3375	8222	2999562	39281	49974	1516	200000	873994	22136927	51919647	2146	2653866	2024816	1269722
1789652988	30153	94.3	93.8	7583	2805	3671	8630	703	0	37996	3040	7662	3000116	39272	50000	1437	200000	874800	22162041	51954526	2148	2657540	2027190	1270703
1789653016	30181	87.3	86.2	5879	3349	2969	10653	1018	0	31436	3336	8152	2999078	39523	49916	1260	200000	875355	22176223	51990349	2147	2659767	2028415	1273805
1789653048	30213	96.3	96.1	7761	3236	1982	7310	398	0	60388	3021	7464	3000220	40000	50000	854	200000	876255	22187757	52084787	2149	2661924	2030730	1274761
1789653083	30249	94.8	94.6	8187	4375	1579	9232	166	0	108659	3078	10672	3000195	40000	50000	975	200000	877350	22205983	52159717	2162	2664483	2033404	1275599
1789653113	30279	95.3	94.9	6927	5384	2768	6334	839	0	60813	3049	7090	3000177	40000	49994	1184	200000	878374	22221686	52248946	2155	2666947	2034581	1276247
1789653139	30304	93.1	92.7	6230	3745	2356	8242	938	0	62224	3296	7649	3000135	39848	49969	991	200000	878980	22233138	52311041	2149	2669229	2036208	1278227
1789653167	30332	94.5	93.7	5451	3376	3162	6567	392	0	22649	3154	7757	3000314	39182	50000	1437	200000	879930	22248120	52381787	2148	2671477	2037399	1279540
1789653198	30364	95.7	95.4	6338	2367	1169	7663	286	0	32658	3198	7874	3001104	40000	50000	414	200000	880925	22274892	52443145	2147	2673982	2040096	1280574
1789653226	30392	93.2	92.5	6493	4930	1544	6224	626	0	6474	2972	7436	3001041	39793	50000	492	200000	881637	22288043	52506553	2147	2676752	2042154	1281456
1789653259	30425	96.0	95.8	6264	3863	814	7655	268	0	63803	2960	7416	3000377	40000	50000	221	200000	882821	22326260	52580605	2163	2678683	2044324	1282218
1789653288	30454	94.0	93.6	6297	3476	1043	6163	449	0	33743	3126	7359	3000456	39845	50000	38	200000	883645	22339315	52656689	2146	2681342	2045768	1283919
1789653321	30487	94.3	93.7	9995	1879	1314	8177	292	0	21833	3130	10721	3000622	39675	50000	196	200000	884498	22357889	52723425	2150	2683983	2047536	1285411
1789653353	30519	92.5	91.9	7848	2459	2213	6892	878	0	56241	3104	7641	3000480	39803	50000	1014	200000	885439	22379966	52794511	2147	2686736	2049222	1286733
1789653376	30542	91.1	90.1	6707	3828	2921	9101	858	0	23385	3250	7806	3000003	39858	49986	1195	200000	885811	22387446	52830492	2148	2689093	2050306	1288961
1789653407	30573	96.8	96.6	6927	3100	757	6219	133	0	39324	3098	7563	3000369	40000	50000	308	200000	886870	22406116	52922385	2146	2691006	2052646	1290248
1789653440	30605	94.0	93.4	9009	1995	1592	8466	538	0	28171	3187	7794	3000852	40000	50000	566	200000	887809	22423294	52999885	2150	2694264	2054806	1291188
1789653469	30635	95.7	95.5	6142	5261	1094	6074	258	0	56955	2974	7098	3000209	40000	50000	493	200000	888811	22447189	53079411	2166	2696154	2056924	1291808
1789653498	30664	93.6	93.3	5334	2812	2125	7923	134	0	36810	2981	7015	3000283	40000	50000	983	200000	889676	22461079	53160288	2148	2698495	2058478	1293444
1789653529	30695	92.9	91.7	4836	4129	3259	7179	1800	0	2738	3083	10440	3000478	39251	50000	1096	200000	890297	22474384	53214580	2146	2702344	2060012	1295351
1789653556	30722	94.3	93.2	7497	2389	2760	8843	1022	0	39937	3044	7638	3000203	38874	50000	1296	200000	890956	22491154	53258697	2147	2704771	2062366	1296862
1789653593	30759	95.8	95.4	10096	2532	1749	7350	129	0	64525	3292	8187	3001552	40000	50000	1158	200000	892062	22539091	53300029	2158	2707501	2065749	1297487
1789653618	30784	96.2	95.7	6231	4591	1425	8642	226	0	36707	2810	7004	3000694	40000	50000	885	200000	892868	22560629	53348553	2153	2709885	2067920	1298100
1789653652	30818	95.6	95.2	6905	3882	1366	5862	276	0	48614	2900	9647	3000279	40000	50000	758	200000	893798	22576571	53433797	2159	2712540	2070209	1298700
1789653680	30846	95.8	94.7	6616	4913	1759	7560	168	0	36964	3313	7638	3000484	40000	50000	932	200000	894666	22592726	53503398	2148	2714991	2072244	1299417
1789653713	30879	98.9	97.0	8470	3465	1105	6087	329	0	56259	3378	8068	3000160	40000	50000	452	200000	895898	22612739	53600856	2159	2717497	2074056	1301031
1789653740	30906	97.3	96.9	6868	2534	1635	8050	645	0	33385	3249	7629	3000189	40000	50000	579	200000	896581	22621379	53673343	2150	2720431	2076125	1301949
1789653767	30933	96.4	96.0	6081	4010	1878	5802	153	0	27096	2960	7262	3000437	40000	50000	736	200000	897456	22635844	53751888	2150	2722252	2077647	1303352
1789653796	30962	94.1	93.3	5022	2909	3292	8561	732	0	28945	3041	8062	2999729	39204	49982	1219	200000	898017	22645486	53803854	2147	2725907	2079739	1304996
1789653831	30997	93.8	93.0	6842	3510	3896	8112	516	0	16760	3130	11140	3000389	39149	50000	1882	200000	898894	22668019	53860403	2146	2729726	2082306	1306521
1789653859	31025	94.9	94.3	6102	4089	4122	9819	888	0	6522	2970	7473	3000420	39978	49965	1389	200000	899556	22696192	53896947	2149	2732766	2084152	1307612
1789653887	31052	96.7	96.1	5502	3069	3124	7351	957	0	9337	3059	7599	2999520	40000	49828	944	200000	900205	22713796	53946399	2145	2734832	2086317	1309487
1789653916	31082	90.1	89.8	5226	3025	2589	8941	1123	0	42040	2982	7356	3000135	39749	50000	1120	200000	901070	22725184	54013996	2148	2736993	2088108	1310658
1789653954	31120	95.3	94.9	9230	2404	2645	7183	208	0	88048	3075	10607	3000743	40000	50000	1407	200000	902064	22747615	54097475	2156	2739579	2091124	1311255
1789653984	31150	94.8	94.3	5816	3912	2511	8545	202	0	81325	3199	7720	3000761	39856	50000	1356	200000	902949	22771453	54162611	2153	2742046	2093312	1311955
1789654014	31180	94.0	93.6	9129	5332	1733	5532	236	0	82917	3106	7467	3000556	40000	50000	1052	200000	903807	22801688	54212227	2150	2744409	2095513	1312738
1789654041	31207	94.5	94.1	7608	5488	1688	7074	142	0	78207	2969	7105	3000189	40000	50000	1142	200000	904613	22815304	54277106	2159	2746773	2097691	1313457
1789654074	31239	95.1	94.8	8951	5284	1432	5831	179	0	80907	3055	7344	3000295	40000	50000	924	200000	905679	22836020	54366022	2162	2749358	2099963	1314135
1789654099	31265	93.3	91.9	9620	4161	3067	7658	351	0	30898	3250	7474	3000286	39642	50000	1339	200000	906388	22848760	54419795	2146	2751911	2101266	1314812
1789654132	31298	94.8	94.5	8031	2671	2329	6204	455	0	37556	3065	7559	3000076	40000	49939	995	200000	907388	22876704	54500139	2145	2754400	2103736	1315830
1789654157	31323	93.3	92.8	6276	4669	3461	8221	1702	0	37463	2926	7000	2998716	39505	49628	1397	200000	908059	22884781	54575906	2147	2756933	2104529	1316947
1789654195	31361	95.5	95.1	5778	3726	2827	7029	1200	0	56158	3347	10825	3000721	40000	49936	1167	200000	909325	22907267	54670284	2146	2759520	2107265	1317829
1789654221	31387	92.9	91.9	9628	2365	2841	9035	840	0	15658	3184	7828	3000278	39075	50000	1420	200000	909936	22925280	54716816	2145	2761872	2108770	1320175
1789654247	31413	96.7	96.4	6841	2978	1249	6353	160	0	47053	3087	4548	3001004	39677	50000	491	200000	910747	22954739	54754952	2148	2763859	2110677	1321190
1789654281	31447	93.7	92.5	6606	3953	2012	8620	408	0	28244	3302	11220	3000944	39475	50000	678	200000	911603	22976183	54811365	2147	2767200	2112733	1322756
1789654313	31479	95.8	95.6	8489	1548	904	5870	214	0	50294	3211	7506	3000723	40000	50000	354	200000	912643	23012327	54880034	2166	2768659	2114635	1323283
1789654342	31508	93.4	92.8	8967	2058	1703	8080	318	0	48239	3026	7489	3000629	39663	50000	1038	200000	913467	23026578	54946003	2156	2771419	2116913	1324291
1789654366	31532	95.3	95.0	5565	5197	1537	5869	160	0	51158	3141	7436	3000389	40000	50000	759	200000	914159	23042598	54985453	2154	2773654	2118853	1324699
1789654402	31567	94.5	94.4	8238	2756	1005	7804	103	0	103329	3116	7757	3000234	40000	50000	613	200000	915412	23058474	55092834	2182	2776169	2121217	1325801
1789654427	31593	92.6	91.9	12486	3456	3377	6544	1230	0	28055	3161	7361	3000414	39870	49797	1559	200000	916034	23070414	55147643	2157	2778674	2122385	1326400
1789654458	31623	93.1	92.6	6133	3735	1763	8458	228	0	45134	3565	8181	3000510	40000	50000	927	200000	916910	23083740	55228546	2164	2781217	2124097	1329196
1789654486	31652	93.3	92.5	5903	3236	1929	6605	482	0	8999	3259	7851	3000296	40000	50000	380	200000	917719	23104059	55292987	2156	2783800	2125245	1331373
1789654522	31687	93.8	93.1	6337	1763	1568	9014	413	0	78271	3452	11711	3000261	39754	50000	809	200000	918358	23117103	55355424	2159	2787556	2128672	1333152
1789654547	31713	93.9	93.5	8520	2290	1512	7056	333	0	82281	3047	7439	3000100	40000	50000	908	200000	919197	23128206	55402801	2165	2789860	2130831	1333921
1789654577	31742	94.6	94.5	7959	4934	1947	8672	602	0	55293	3015	7235	3000007	40000	50000	870	200000	920221	23144497	55482852	2155	2792173	2132358	1334815
1789654609	31775	94.6	93.9	6549	2055	1820	6771	105	0	52932	3344	8028	3000650	39678	50000	1043	200000	921270	23156394	55590849	2162	2794917	2134247	1336668
1789654637	31803	97.5	96.8	9655	2019	3130	8863	572	0	23589	3201	7637	3000524	39923	50000	1099	200000	921927	23189740	55629974	2161	2797739	2135464	1338713
1789654667	31833	97.5	97.2	5187	2555	1116	7281	418	0	30454	3112	7855	3000393	40000	50000	228	200000	922890	23205682	55710496	2164	2799953	2137386	1340332
1789654702	31868	95.5	95.2	9562	5623	4328	9877	216	0	2181	3188	11047	2998582	39051	49925	1364	200000	923924	23223606	55791525	2159	2802807	2138813	1342053
1789654728	31894	95.0	94.2	7380	2347	3142	7611	2023	0	839	3485	7925	2999234	40000	50000	653	200000	924499	23232726	55856736	2159	2806302	2140621	1343650
1789654759	31925	97.4	96.6	11595	3576	1392	8096	243	0	23469	3547	7798	3000112	40000	50000	513	200000	925553	23259598	55938650	2176	2807155	2142340	1344581
1789654789	31955	87.8	87.5	7056	4630	4178	6243	307	0	12005	3394	7909	2998738	38847	49926	1674	200000	926303	23270310	56011400	2180	2809831	2143932	1346254
1789654817	31983	90.5	89.6	7358	3983	3321	8668	1241	0	5751	3484	7911	3000034	39076	50000	957	200000	926988	23286723	56066343	2180	2813337	2145648	1347581
1789654847	32013	93.2	92.1	6290	2762	3662	7311	1800	0	5100	3156	7782	3000093	39193	50000	1374	200000	927760	23309940	56112058	2178	2815878	2147836	1348711
1789654877	32043	95.4	94.8	5788	3243	2591	8784	963	0	60244	3060	7601	3000687	39617	50000	1152	200000	928371	23331914	56154137	2178	2818195	2150218	1349986
1789654908	32074	95.5	95.0	10421	2519	2482	6888	142	0	49446	2992	7519	3000631	39928	50000	1345	200000	929290	23368799	56191225	2181	2820610	2152945	1350863
1789654944	32110	96.5	96.4	9552	3926	1225	8244	179	0	77827	3088	10764	3000045	40000	50000	529	200000	930344	23389995	56285247	2184	2823150	2155327	1351546
1789654968	32134	92.8	92.2	6786	5977	2859	6051	366	0	61312	3181	7260	3000027	39504	50000	1526	200000	930966	23397956	56332606	2187	2825633	2157279	1352258
1789655003	32169	94.7	94.7	5659	5107	1410	7573	394	0	113311	3381	8276	3000178	40000	50000	605	200000	932253	23417222	56431565	2196	2828294	2159317	1353396
1789655028	32194	91.9	91.1	7900	4420	3110	6241	1059	0	23223	3191	7511	3000180	39634	49835	1344	200000	932924	23428793	56492144	2177	2830565	2160137	1354629
1789655059	32224	94.5	94.1	7643	2070	1859	7965	297	0	98483	3262	8026	3000380	39820	50000	837	200000	933778	23443962	56564917	2196	2833162	2162665	1356041
1789655091	32257	91.9	88.8	10253	2604	2389	7525	994	0	19310	3751	11883	3000192	38450	50000	1037	200000	934557	23457334	56640369	2177	2836296	2163631	1359627
1789655120	32286	94.1	93.3	9349	1332	3499	9712	1859	0	25539	3216	7986	3000375	38220	50000	1343	200000	935271	23472529	56697070	2178	2839521	2165600	1360675
1789655146	32312	95.7	95.4	5791	3643	3092	7436	1463	0	20934	3008	7287	3000112	38601	50000	990	200000	935882	23488448	56738628	2177	2841810	2167769	1361682
1789655176	32342	93.7	93.5	8352	4402	3032	9275	1907	0	41882	2955	7579	2999657	39653	49618	1029	200000	936807	23509008	56803758	2179	2844419	2169900	1362368
1789655207	32373	93.9	93.8	9507	4428	3856	7637	844	0	7522	2848	6961	2999143	39341	49942	1277	200000	937855	23530385	56891624	2179	2847012	2171484	1363329
1789655236	32402	94.7	93.7	7537	2014	2738	9014	1261	0	41588	3160	7928	3000147	39359	49998	1195	200000	938560	23543807	56957947	2179	2848981	2173325	1365215
1789655278	32443	96.2	95.9	12937	2979	1131	6974	20	0	92894	3387	11325	3000423	40000	50000	634	200000	939651	23593856	57020580	2184	2851382	2176423	1366012
1789655299	32465	91.0	90.6	5459	4293	3199	8935	1336	0	37586	2959	4124	3000272	40000	49815	1155	200000	940255	23613567	57065715	2179	2853786	2177267	1366493
1789655329	32494	94.0	93.6	6040	3823	2779	6896	926	0	64930	2879	7225	3000140	40000	49914	1148	200000	941064	23630101	57141811	2179	2856326	2179512	1367714
1789655360	32526	95.0	94.5	9433	4918	3425	8651	1799	0	54464	3098	10330	3000043	39652	49917	1516	200000	942027	23645652	57231386	2183	2858900	2181340	1368460
1789655391	32557	94.1	93.8	7071	5751	2600	7592	1062	0	57015	3299	7902	3000001	40000	49767	1028	200000	942858	23664986	57296024	2179	2861304	2183048	1370905
1789655421	32586	94.3	93.9	7323	3714	2462	9418	594	0	40370	3134	7601	3000222	39863	50000	1301	200000	943727	23683716	57372633	2179	2863659	2184954	1372419
1789655449	32614	93.8	93.2	5091	2988	4185	6842	685	0	18077	3036	7632	2999973	38960	49955	1770	200000	944484	23699296	57422804	2187	2866166	2186789	1373616
1789655476	32642	96.5	95.4	5327	3608	2875	9184	1276	0	4065	3171	7938	3000177	39265	50000	1073	200000	945025	23716933	57452927	2180	2869430	2188698	1375423
1789655509	32675	97.4	96.6	8570	2209	1328	6783	265	0	59220	3120	8018	3000621	40000	50000	774	200000	946093	23756473	57500446	2182	2871835	2191604	1376686
1789655538	32704	97.7	96.3	5759	1892	1689	8645	208	0	41006	3081	7734	3000761	39957	50000	986	200000	946937	23774478	57568824	2179	2874725	2193880	1377512
1789655571	32736	98.9	98.6	7966	5920	1179	6483	227	0	35306	2993	10091	3000340	40000	50000	571	200000	948023	23799608	57641932	2179	2877018	2196020	1378189
1789655602	32768	96.7	96.3	9973	3282	1046	8273	238	0	55320	3112	7524	3000088	40000	50000	514	200000	949152	23814531	57741721	2187	2879451	2197982	1379207
1789655628	32794	95.3	94.9	8159	4489	2003	6232	190	0	32631	3173	7681	3000240	39994	50000	1241	200000	949746	23823339	57799267	2179	2881954	2200133	1379859
1789655658	32824	96.8	96.3	9740	4637	905	7276	226	0	39562	3274	7872	3000081	40000	50000	284	200000	950821	23840470	57889922	2201	2884267	2202098	1380707
1789655691	32857	90.9	90.5	6200	3128	1564	5691	474	0	34719	3024	7719	3000590	40000	50000	499	200000	951748	23853172	57975390	2179	2887315	2204365	1381438
1789655717	32883	89.4	88.9	10376	6052	1708	7214	17	0	42772	3106	7295	3000460	40000	50000	1038	200000	952392	23867569	58017876	2183	2889045	2206142	1382251
1789655748	32914	95.3	94.7	7138	3326	1645	6179	145	0	55849	3148	7420	3000510	40000	50000	1006	200000	953226	23887464	58099427	2179	2891683	2208260	1383601
1789655776	32942	94.0	93.4	5632	3797	3210	8005	57	0	30201	3109	7805	3000018	39558	49984	1396	200000	954082	23906737	58160739	2171	2894395	2209672	1384278
1789655809	32974	93.8	81.6	5644	2653	2850	7539	1422	0	5129	3668	11540	2999883	39068	49990	884	200000	954784	23919558	58211942	2171	2897937	2211606	1387123
1789655840	33005	93.8	93.5	8323	4964	3962	9634	2118	0	4401	3076	7496	3000406	40000	50000	1418	200000	955751	23938688	58286626	2172	2900692	2213458	1387939
1789655866	33032	93.6	93.0	4808	3558	3984	7575	2412	0	326	3093	7458	3000327	39523	50000	1355	200000	956359	23948780	58338797	2171	2903223	2215386	1388622
1789655897	33063	95.1	94.4	12953	2672	4065	9031	2300	0	8733	3190	7670	3000384	39234	50000	1564	200000	957303	23969824	58411701	2171	2905781	2217770	1389096
1789655927	33093	95.4	95.0	9593	1727	3077	6722	1303	0	39212	3154	7630	3000301	39846	50000	1283	200000	958008	23994739	58452634	2171	2908195	2220365	1390555
1789655956	33122	95.0	94.8	6335	4479	3198	8404	1754	0	60043	3101	7321	2999749	39872	49924	1294	200000	958833	24015552	58521489	2171	2910879	2222595	1391186
1789655989	33155	95.1	94.7	10373	2276	2976	7566	912	0	31607	3520	11084	2999056	39555	49922	1205	200000	959793	24032281	58595169	2172	2913109	2224261	1393118
1789656023	33189	94.4	94.0	7022	3402	3018	9276	929	0	54015	3241	7763	3000391	39783	49801	1393	200000	960966	24053482	58698454	2172	2915690	2226525	1393889
1789656048	33214	92.6	92.1	5540	4125	2521	7242	666	0	45996	3146	7623	3000132	40000	49985	1260	200000	961501	24065623	58748576	2171	2917970	2227962	1396340
1789656080	33246	93.4	93.1	7522	5655	1433	8593	380	0	62648	3404	8132	3000387	39878	50000	680	200000	962658	24079007	58847719	2175	2920165	2229974	1397808
1789656107	33273	92.5	91.9	6611	2975	1911	6832	173	0	48424	3163	7402	3000579	39857	50000	1109	200000	963258	24090971	58886642	2172	2922536	2231793	1398939
1789656138	33304	93.7	92.7	7341	2372	2534	9076	881	0	19650	3183	7882	3000134	39492	50000	1510	200000	964270	24113704	58954639	2171	2925627	2233040	1401072
1789656172	33338	93.9	92.8	9203	2221	1330	6951	409	0	37845	3430	11920	3000611	39436	50000	411	200000	964950	24138163	58996379	2171	2928818	2235947	1402824
1789656197	33363	91.7	90.9	8007	2735	4073	9372	2279	0	11303	3314	7442	3000362	39441	49970	1543	200000	965695	24157982	59028114	2171	2931480	2236650	1403376
1789656230	33396	95.4	95.1	9159	2621	1385	7502	240	0	67400	3457	8387	3000477	40000	50000	774	200000	966632	24177667	59104741	2173	2933714	2239939	1405310
1789656259	33425	93.1	92.8	6230	4089	1671	9466	336	0	94481	3006	7279	3000158	40000	49973	843	200000	967393	24191810	59173149	2189	2936211	2242073	1406097
1789656292	33457	92.4	92.1	8234	6994	2869	7851	994	0	43835	3190	7504	3000213	39799	49947	1147	200000	968538	24210687	59266636	2173	2938699	2243065	1407124
1789656320	33486	91.4	91.0	5828	3133	2326	9732	264	0	58070	3332	7955	3000060	39604	49961	1166	200000	969244	24219554	59341316	2173	2940864	2244894	1409364
1789656351	33517	94.4	93.9	6591	4433	2617	6783	897	0	38839	3079	7566	3000566	39867	50000	1224	200000	970264	24239073	59425392	2172	2943331	2246562	1410159
1789656378	33543	93.9	93.4	5542	2452	2011	8711	268	0	47216	3084	7501	3000187	39705	50000	1292	200000	970870	24251686	59490114	2173	2945570	2248357	1412203
1789656409	33574	97.9	97.5	9378	2241	1274	6377	194	0	75715	3112	7655	3000473	40000	50000	775	200000	971864	24279232	59562496	2177	2947910	2250428	1413031
1789656443	33609	96.9	96.5	8692	4202	1768	8198	157	0	60336	3132	10894	3000432	40000	50000	737	200000	972932	24302601	59641687	2174	2950542	2252112	1414560
1789656470	33636	94.8	94.2	6024	2388	1673	6413	408	0	40979	3353	4736	3000412	39746	50000	542	200000	973847	24317509	59722680	2173	2953519	2253927	1415893
1789656503	33669	92.6	92.3	8087	2544	4732	8189	130	0	3713	3113	10714	2999431	38886	49970	1803	200000	974646	24337872	59781937	2171	2955664	2255406	1417414
1789656526	33692	96.8	95.3	7056	2929	2938	6771	1639	0	1604	3140	7503	3000144	39582	50000	732	200000	975064	24347839	59820102	2171	2959416	2257300	1418804
1789656558	33724	93.2	93.2	12184	1680	4152	9299	909	0	4097	3161	7631	2998853	39525	49653	1366	200000	975986	24387101	59865081	2171	2962509	2259352	1419837
1789656586	33752	94.9	94.1	5920	2934	3193	7393	1717	0	12420	3310	7838	2998932	39711	49968	1040	200000	976728	24397575	59934088	2171	2964615	2261066	1422018
1789656617	33783	89.1	89.0	6727	6338	3963	9240	692	0	3611	3295	7476	2998461	39353	49829	1252	200000	977705	24410891	60031901	2171	2966977	2262711	1422926
1789656646	33812	92.4	91.6	6923	2950	2989	7542	1066	0	27001	3321	7778	2999378	39612	49789	1022	200000	978327	24420138	60096257	2171	2969282	2264805	1424960
1789656678	33843	94.4	93.9	9177	2919	2780	9248	1177	0	29585	3346	7616	3000072	39750	50000	984	200000	979274	24440696	60174370	2171	2971593	2266674	1425919
1789656710	33875	94.5	93.9	6730	4130	3252	7356	1708	0	34296	3161	10797	2999406	39139	50000	1303	200000	980269	24455619	60250950	2171	2974187	2268586	1426762
1789656741	33907	92.3	91.7	6541	1892	3471	9431	222	0	18217	3311	8470	2999677	38827	49907	1407	200000	981033	24475845	60298232	2171	2977159	2270834	1429064
1789656769	33935	91.7	91.5	6174	4102	4536	6706	468	0	7808	3011	7257	2999070	38495	49903	1706	200000	982030	24491451	60348472	2172	2979421	2272920	1429852
1789656796	33962	95.4	93.5	7052	2050	3031	9695	1714	0	1353	3324	8091	2999013	38321	49977	1078	200000	982662	24501128	60413663	2171	2982864	2274359	1432607
1789656826	33992	92.3	92.0	6639	1529	2428	7778	573	0	54228	3060	7573	3000001	38484	50000	1152	200000	983412	24511634	60479025	2171	2985243	2277220	1433893
1789656866	34032	94.6	94.4	8871	2616	1325	9376	461	0	90160	3128	11062	3000699	39650	50000	587	200000	984584	24538244	60580741	2186	2987687	2279216	1434984
1789656888	34054	92.4	91.8	9165	2361	2629	6286	465	0	35230	2888	3886	3000205	39511	49979	1234	200000	985287	24549144	60639172	2171	2989802	2280394	1436086
1789656924	34090	94.5	93.3	9495	4541	1874	8003	674	0	115537	3393	11037	3000315	40000	50000	869	200000	986257	24566745	60726215	2193	2992436	2282977	1436853
1789656948	34113	92.6	89.7	9473	5079	3626	6427	2027	0	18243	3555	7724	2999171	39232	49822	1550	200000	986984	24581159	60793345	2173	2994783	2283246	1438279
1789656984	34150	95.7	95.3	8118	2673	1789	7940	343	0	93177	3110	7915	3000560	39838	50000	894	200000	987990	24605519	60879875	2179	2997150	2286535	1439779
1789657006	34172	94.8	91.2	7894	4918	3270	6417	1536	0	23182	3619	7425	2999870	39472	50000	1312	200000	988535	24615985	60930014	2173	2999548	2287181	1440555
1789657041	34206	96.6	96.3	6725	4286	2582	8021	906	0	69077	2957	7793	3000387	40000	49968	1162	200000	989641	24646867	60999104	2173	3002092	2289882	1441513
1789657066	34232	94.8	94.3	5854	2461	2643	6701	321	0	50906	3321	7538	3000011	39931	49935	1236	200000	990304	24661433	61054929	2173	3004416	2291761	1443558
1789657096	34262	95.0	94.5	8000	3320	3141	9021	425	0	32667	3142	7776	3000009	39505	50000	1238	200000	991262	24683473	61116652	2171	3007585	2293002	1444935
1789657132	34298	95.6	94.6	5563	1358	3270	8452	1106	0	33308	3255	11748	3000539	39615	49997	1238	200000	991961	24701449	61171830	2172	3011077	2295352	1447723
1789657159	34325	95.0	94.3	8475	3051	3035	10379	1576	0	13213	3188	7641	3000289	40000	50000	951	200000	992676	24731180	61218181	2171	3013446	2296478	1449521
1789657189	34355	95.6	95.3	8427	2772	2813	8228	875	0	44631	3049	7399	3000024	39771	50000	968	200000	993459	24741022	61307847	2174	3016297	2298832	1450984
1789657217	34382	94.0	93.4	5496	2749	2618	10004	948	0	27586	3124	7483	3000045	39660	50000	1069	200000	994155	24758106	61368386	2172	3018333	2300097	1453127
1789657247	34413	95.1	94.7	5668	4008	1347	7049	183	0	63251	3003	7417	3000135	39704	50000	758	200000	995139	24771555	61459869	2175	3020555	2302654	1454397
1789657277	34443	95.5	94.3	5661	3927	2450	8967	77	0	27753	3129	7749	3000378	40000	50000	1266	200000	996093	24792521	61527525	2173	3023046	2304159	1455198
1789657309	34475	93.8	93.3	7307	2250	3194	7890	596	0	3769	3252	10640	2999875	39167	50000	1125	200000	996827	24809152	61593948	2173	3026778	2305628	1457702
1789657336	34501	95.2	93.1	5727	3400	2888	9576	1334	0	10409	3015	7753	3000079	39023	50000	1110	200000	997527	24823246	61639230	2173	3029081	2307521	1459355
1789657369	34535	94.8	94.4	7209	2472	1962	7805	651	0	42382	3289	8175	3000264	39895	50000	998	200000	998281	24844447	61706436	2173	3031606	2310005	1461030
1789657397	34563	96.4	95.7	5439	3738	1698	9447	602	0	35622	3156	7622	3000348	40000	50000	490	200000	999115	24861151	61770758	2173	3034494	2311977	1462219
1789657427	34592	95.9	95.4	5656	4046	3739	7085	922	0	11081	3044	7513	3000077	39701	49980	1432	200000	999869	24880248	61834129	2173	3037413	2313872	1463526
1789657459	34625	96.1	95.1	7131	2733	3257	9393	1475	0	11140	3087	10579	3000145	39632	50000	1086	200000	1000612	24896918	61893718	2173	3040522	2315961	1464871
1789657493	34659	94.8	94.4	8392	4686	2251	7198	269	0	64187	3218	7653	3000275	39868	50000	1212	200000	1001621	24913882	61986503	2173	3042833	2318991	1465989
1789657523	34689	91.7	91.2	9119	3490	1540	8578	131	0	78103	3024	7512	3000539	39821	50000	972	200000	1002516	24936826	62055754	2174	3045092	2321131	1466890
1789657553	34719	94.1	93.7	7325	4168	1589	6343	136	0	91795	3018	7240	3000514	40000	50000	1031	200000	1003331	24960622	62120521	2173	3047416	2323175	1467656
1789657583	34749	93.0	92.5	7464	5381	2549	7987	242	0	66028	2993	7218	3000661	39736	50000	1345	200000	1004102	24978327	62199154	2173	3049904	2325025	1468405
1789657612	34778	95.6	95.2	7990	2835	1464	5597	192	0	98928	3119	7387	3000311	40000	50000	828	200000	1004988	25002817	62251465	2173	3052264	2327206	1469254
1789657637	34803	93.8	92.7	7645	5065	3372	7480	1214	0	46281	3028	7029	3000069	39646	49740	1609	200000	1005696	25013614	62310467	2173	3054728	2328234	1469911
1789657671	34837	95.6	95.3	9134	3556	1570	6240	475	0	50707	3091	7966	3000401	40000	50000	826	200000	1006824	25034440	62398480	2175	3057240	2330996	1471428
1789657697	34863	92.7	92.1	6047	4134	3896	8888	513	0	12084	3061	7151	3000074	39314	50000	1671	200000	1007430	25050922	62445651	2173	3061037	2332745	1472648
1789657730	34896	94.6	93.3	10706	2091	3665	7673	2308	0	7596	3147	10937	3000399	39783	50000	1133	200000	1008139	25071792	62501342	2173	3063846	2334872	1473581
1789657760	34926	95.4	95.3	8598	5904	4622	9425	670	0	819	3195	7524	2999450	39052	49932	1928	200000	1009084	25091521	62574720	2175	3066347	2336936	1474237
1789657785	34951	94.8	93.8	4937	2803	2862	6428	1034	0	12930	3151	7675	3000084	39830	49985	738	200000	1009571	25100988	62612629	2175	3068488	2339865	1475344
1789657815	34981	95.7	94.1	13435	4248	3809	8428	2203	0	5780	3236	7816	3000091	39688	49838	1351	200000	1010517	25131092	62667300	2176	3071054	2341218	1475762
1789657847	35013	94.3	93.4	8309	3186	3165	6784	1414	0	36147	3259	8086	2999918	39885	50000	1190	200000	1011325	25142756	62753861	2176	3073436	2343821	1476619
1789657876	35041	95.4	94.4	8642	4934	2890	8302	1244	0	41653	3241	7649	2999501	39571	50000	1147	200000	1012182	25155529	62840005	2176	3075695	2345724	1477760
1789657907	35072	95.2	94.9	7813	4005	2677	6901	936	0	63704	3110	7656	3000318	39932	50000	1219	200000	1013021	25175872	62906673	2176	3078083	2348033	1478581
1789657941	35107	95.8	95.6	6580	2455	1528	8379	387	0	82020	3081	7933	3000149	40000	50000	948	200000	1014259	25203439	62994692	2180	3080385	2350691	1479659
1789657969	35135	93.4	92.8	7311	5119	2266	5953	235	0	64373	3193	7455	3000396	39736	50000	1204	200000	1014974	25215651	63059086	2176	3082529	2352159	1480682
1789658000	35166	94.6	94.1	8266	3460	1609	7455	309	0	63193	3139	7887	3000663	40000	50000	922	200000	1015912	25239613	63125731	2176	3084991	2354391	1481554
1789658030	35196	94.2	93.8	7201	3947	1332	5546	206	0	70484	3158	7797	3000730	39981	50000	811	200000	1016774	25258499	63194058	2178	3087140	2356259	1482513
1789658058	35224	95.4	94.8	6791	3938	1651	7241	151	0	49958	3090	7535	3000815	40000	50000	972	200000	1017631	25275482	63266890	2181	3089634	2358217	1483385
1789658088	35254	96.3	95.9	8883	4655	1242	5705	279	0	48775	3183	7696	3000646	40000	50000	665	200000	1018639	25297513	63341415	2176	3092085	2360273	1484206
1789658118	35284	95.4	94.9	5817	3420	1170	7541	175	0	28262	3218	7800	3000292	40000	50000	754	200000	1019565	25320635	63410920	2176	3094655	2361741	1485886
1789658147	35313	95.1	94.6	7242	2609	1423	6237	660	0	20443	3536	8308	3000453	39783	50000	413	200000	1020303	25334347	63480248	2182	3097250	2363606	1487153
1789658179	35345	95.2	94.8	7526	2394	998	7900	279	0	41102	3271	8072	3000711	40000	50000	498	200000	1021346	25359187	63558031	2180	3099458	2365429	1488325
1789658212	35378	94.8	94.5	6696	4038	1402	5990	698	0	18186	3373	11116	3000489	39961	50000	169	200000	1022156	25374638	63640210	2176	3102177	2367147	1489755
1789658242	35408	90.3	89.9	9699	2450	4589	7969	142	0	2899	3292	7853	2998794	38724	49953	1631	200000	1022951	25392963	63716009	2176	3104409	2368431	1491507
1789658268	35434	95.7	94.4	6460	3253	3179	7173	2007	0	4376	3283	7935	3000247	39163	50000	834	200000	1023446	25401173	63768811	2176	3108215	2370388	1492860
1789658299	35465	95.4	95.3	10097	3041	4278	9417	984	0	7665	3274	7678	2999403	39218	49691	1485	200000	1024491	25433497	63826672	2180	3111040	2372495	1493548
1789658326	35492	94.8	93.8	5661	2874	3671	7110	1978	0	1430	3341	8214	2999669	39523	49698	1181	200000	1025136	25451795	63872968	2180	3113184	2374052	1495812
1789658356	35522	96.4	95.9	8471	3084	3538	8696	2157	0	9793	3231	7712	2999902	39373	49994	1096	200000	1025944	25468164	63949096	2180	3115609	2375928	1496325
1789658387	35552	96.0	95.5	8561	4747	3322	7620	1964	0	35958	3329	8039	2999266	39262	49931	1183	200000	1026904	25488890	64022845	2181	3118201	2378347	1497199
1789658417	35583	89.9	88.9	5486	2755	2634	9530	775	0	47141	3415	8420	3000549	39725	50000	1177	200000	1027553	25509802	64064485	2180	3120474	2380134	1499563
1789658448	35613	95.8	94.6	7573	2774	2650	7793	882	0	33080	3683	8469	3000523	39864	50000	1219	200000	1028464	25535503	64126917	2180	3122829	2381718	1500939
1789658484	35649	95.7	95.3	6398	2431	1862	9541	595	0	77521	3353	11306	3000301	40000	50000	767	200000	1029460	25553591	64225409	2190	3125454	2383909	1502239
1789658513	35679	96.1	95.4	10990	3130	2006	6777	620	0	26674	3430	8365	3000458	40000	50000	688	200000	1030260	25569756	64307597	2184	3128198	2385515	1504179
1789658541	35707	93.2	92.7	6424	2354	4057	8633	403	0	13254	3533	8373	2998621	39387	49936	1235	200000	1031048	25589300	64357265	2184	3130713	2387074	1505591
1789658568	35734	98.1	97.6	6048	3944	1287	5997	505	0	27902	3316	4610	3000420	40000	50000	305	200000	1031912	25607040	64432198	2185	3132608	2388955	1506709
1789658601	35767	95.0	94.8	7851	3154	689	7732	257	0	25032	3212	10754	3000166	40000	50000	41	200000	1032876	25626886	64508351	2184	3134662	2390414	1508288
1789658630	35796	91.2	90.2	6707	3281	3275	7206	1523	0	5150	3569	8129	3000018	39197	50000	810	200000	1033427	25637225	64567055	2187	3139005	2392374	1509597
1789658661	35827	95.8	95.4	12031	1580	3174	8870	972	0	12013	3299	7723	3000225	39737	49998	1159	200000	1034407	25669632	64625515	2197	3141280	2394446	1510507
1789658685	35850	96.7	95.5	6155	4257	1247	5605	206	0	4841	3561	4687	3000629	40000	50000	391	200000	1035177	25685265	64707221	2197	3142041	2395844	1511938
1789658716	35882	91.9	91.1	6910	4916	3551	8763	2013	0	9148	3535	11502	2999459	39608	49980	1069	200000	1035734	25695991	64761763	2197	3145993	2397527	1513989
1789658746	35912	95.2	94.8	8103	2635	2912	7713	1448	0	27145	3208	7776	3000036	39826	50000	1011	200000	1036589	25712181	64824134	2197	3148418	2399738	1515095
1789658776	35942	94.3	93.7	8934	5436	3689	9544	2064	0	22085	3262	7616	2999181	39441	49949	1483	200000	1037551	25731789	64908735	2198	3150934	2401506	1515861
1789658811	35977	94.2	93.7	6338	2096	2650	7680	682	0	41446	3325	11566	3000045	39615	49954	1074	200000	1038306	25745195	64982384	2198	3153311	2403522	1518499
1789658841	36007	95.0	94.4	7257	3449	2720	9476	1071	0	48230	3143	7552	3000642	40000	49938	1153	200000	1039169	25765843	65062769	2197	3155702	2405065	1519678
1789658875	36041	94.1	93.6	5790	3375	1735	7580	188	0	81220	3256	8061	3000541	40000	50000	1052	200000	1040191	25785918	65149185	2201	3158048	2407751	1521223
1789658898	36063	92.5	91.7	7243	6004	3234	9267	1437	0	55618	3068	7263	3000016	39517	49943	1366	200000	1040781	25795904	65202330	2197	3160536	2408550	1521889
1789658928	36094	87.1	86.5	6207	3681	2799	7281	802	0	33534	3278	8128	3000340	39968	49990	1143	200000	1041566	25815952	65255256	2195	3162851	2410033	1524508
1789658957	36123	51.7	51.3	13145	2865	2834	8532	929	0	9760	5197	6960	3000088	40000	49993	955	200000	1042005	25824024	65291364	2195	3164674	2410755	1525997
1789658988	36154	56.2	55.8	8783	4298	2679	6829	1070	0	4813	4979	7140	3000028	39855	49987	943	200000	1042442	25838367	65319809	2195	3166676	2411714	1527699
1789659020	36186	45.7	45.5	11302	5623	3280	8181	636	0	14069	3205	4796	3000314	39730	50000	1225	200000	1042758	25850627	65337819	2195	3168234	2412344	1529195
1789659048	36213	60.6	59.4	10277	3365	3605	6417	1562	0	21986	3654	9055	3000007	39316	50000	1514	200000	1042897	25853489	65354769	2195	3170575	2413215	1531008
1789659081	36247	62.7	61.5	11381	4430	3382	7936	1627	0	24695	5002	10084	3000549	39620	50000	1202	200000	1043372	25869893	65390423	2195	3172818	2414262	1532838
1789659111	36277	58.6	58.4	11637	2524	3176	6060	989	0	13498	5966	7572	2999979	39973	49880	964	200000	1043888	25884599	65424847	2195	3174602	2415637	1534043
1789659139	36305	72.3	71.1	10294	5029	1772	7078	184	0	33081	3311	5261	3000303	40000	50000	666	200000	1044478	25899526	65469605	2195	3175866	2417023	1535491
1789659169	36335	73.8	73.3	6512	6201	1472	6192	314	0	23692	5116	9232	3000113	39624	50000	976	200000	1045102	25906391	65536234	2195	3178052	2417812	1538258
1789659198	36364	90.9	90.2	8242	3808	3788	8544	851	0	17623	3219	7816	2999288	39059	49926	1308	200000	1045718	25913199	65594110	2195	3181183	2419667	1539886
1789659229	36395	94.2	93.4	5402	3210	3772	7915	2164	0	5578	2765	9725	3000009	39679	50000	1179	200000	1046564	25934007	65654212	2194	3184430	2421322	1541188
1789659259	36425	95.4	94.9	9279	3461	3800	9523	2269	0	3015	2971	7065	2999709	39438	50000	1285	200000	1047411	25953111	65729449	2194	3186882	2423331	1541926
1789659292	36458	89.0	88.9	7874	4125	4292	7463	771	0	7719	2918	7161	2998841	38924	49950	1593	200000	1048418	25970650	65818969	2194	3189495	2425446	1542636
1789659317	36483	88.7	87.6	7299	1636	2984	8905	1753	0	1124	3122	7286	2999468	39276	49953	1102	200000	1048948	25986258	65859213	2194	3191356	2426543	1545527
1789659346	36512	93.7	93.0	7515	2129	3110	7304	1694	0	19326	2820	6907	3000180	39901	50000	952	200000	1049602	26009835	65922694	2192	3193642	2428315	1546439
1789659378	36544	93.9	93.3	7958	2791	3390	9149	1379	0	47919	2968	7327	3000127	39639	50000	1447	200000	1050493	26028529	65995688	2192	3196201	2430725	1547239
1789659407	36573	95.6	95.1	7257	3458	2129	6600	405	0	73834	2864	7016	3000156	39977	50000	982	200000	1051358	26045714	66065809	2193	3198563	2433445	1548223
1789659443	36609	94.3	93.8	9524	2252	2374	8334	281	0	75931	3239	10429	3000055	40000	49912	1265	200000	1052350	26068032	66144239	2193	3200990	2435723	1549023
1789659474	36640	94.3	93.8	7647	3861	2199	6076	329	0	82082	3269	7528	3000398	40000	50000	1130	200000	1053282	26089086	66227581	2193	3203325	2437623	1549877
1789659502	36668	93.5	92.9	11070	5366	2953	7877	944	0	62877	3186	7496	3000224	39893	49784	1404	200000	1054022	26110994	66288780	2193	3205830	2439075	1550729
1789659530	36696	93.8	93.1	5454	4598	2517	6058	564	0	35494	3022	7368	3000114	39477	50000	1236	200000	1054740	26128448	66368717	2193	3207869	2440583	1553031
1789659562	36728	95.1	94.7	12514	2134	1266	7289	398	0	52931	3256	7665	3000752	40000	50000	536	200000	1055807	26151374	66452113	2194	3210230	2442601	1554065
1789659588	36754	92.2	90.0	7700	2665	3153	7063	1000	0	14025	3304	7816	3000046	39349	50000	1668	200000	1056372	26163574	66496946	2194	3213401	2444577	1555274
1789659618	36784	95.6	95.4	11082	5558	1152	7347	514	0	24071	3060	7361	3000756	40000	50000	219	200000	1057282	26195355	66556792	2192	3215102	2446468	1555732
1789659646	36812	89.9	88.0	5222	2795	2697	6651	1512	0	1300	3153	8023	3000347	39870	49927	976	200000	1057829	26208967	66600482	2192	3218563	2447766	1558447
1789659678	36844	94.4	93.7	6821	2243	1387	8132	95	0	49652	3043	8035	3000415	40000	50000	897	200000	1058719	26223487	66663832	2192	3221108	2451202	1559305
1789659709	36874	93.8	93.3	7890	3609	2023	7102	143	0	29765	3128	7604	3000622	39817	50000	1284	200000	1059611	26241954	66733216	2193	3223878	2453418	1560108
1789659742	36907	92.5	91.9	7409	1986	4235	8466	670	0	14074	2995	10297	3000001	39240	49873	1628	200000	1060484	26266577	66789429	2192	3226880	2455326	1560971
1789659768	36934	94.5	93.4	6731	2702	3794	6671	2164	0	772	3027	7573	2999919	39672	50000	1299	200000	1061085	26282453	66828507	2192	3230562	2457590	1561929
1789659796	36962	94.2	93.7	5920	3474	3562	8144	2091	0	9589	3080	7486	2999261	39755	50000	1212	200000	1061867	26303360	66885933	2193	3232969	2459691	1562661
1789659826	36992	95.3	94.9	7534	3420	3841	6856	2195	0	1175	3033	7367	2999420	39788	49842	1215	200000	1062739	26318095	66969984	2193	3235302	2461628	1563616
1789659856	37022	96.2	95.7	8463	2720	3432	8360	1983	0	9852	3062	7408	3000003	39621	50000	1065	200000	1063625	26334864	67051832	2193	3237631	2463662	1564436
1789659886	37052	94.6	93.8	6130	4496	3672	7060	1868	0	6801	3608	8238	2999350	39106	50000	1439	200000	1064623	26347152	67142767	2194	3239997	2465754	1565326
1789659923	37089	97.9	97.6	5635	3504	2170	8558	610	0	77834	3305	11821	3000553	40000	50000	970	200000	1065491	26369852	67207709	2193	3242456	2468980	1566426
1789659949	37115	96.4	95.4	7420	4889	3668	6833	1958	0	36728	3229	7439	3000002	39147	49964	1548	200000	1066348	26392584	67272232	2194	3245070	2469998	1567263
1789659981	37146	95.9	95.4	5230	2287	2536	8227	431	0	59407	3296	8218	3000218	39264	49910	1249	200000	1067195	26408564	67351195	2194	3247282	2472473	1568907
1789660012	37177	95.6	95.1	10097	3997	1599	6147	237	0	72985	3016	7529	3000648	40000	50000	926	200000	1068171	26437027	67410062	2194	3249660	2475138	1569692
1789660040	37206	94.6	94.1	6718	1711	1386	7756	165	0	74795	3031	7380	3000397	40000	50000	688	200000	1069046	26453905	67495585	2197	3252059	2477127	1570621
1789660066	37232	93.0	92.3	6559	4549	3040	6278	620	0	24923	3141	7411	3000349	39728	49949	1272	200000	1069711	26466795	67554336	2193	3254494	2478339	1571718
1789660097	37263	93.9	93.4	5423	2806	1768	8126	23	0	69320	3126	7968	3000470	39778	50000	905	200000	1070719	26483554	67637932	2196	3256949	2480402	1573441
1789660129	37294	95.9	95.5	7794	3614	1248	6436	162	0	75290	3234	7651	3000032	40000	50000	716	200000	1071730	26504557	67727699	2197	3259279	2482331	1574985
1789660159	37324	97.6	97.0	5545	3958	2366	8323	100	0	35726	3195	7556	3000304	39879	50000	1013	200000	1072739	26522045	67821568	2193	3261822	2483687	1576876
1789660193	37359	90.5	90.2	8895	3950	3542	7218	807	0	19086	3363	11018	2999501	39518	49959	1186	200000	1073520	26535407	67909509	2193	3265153	2485381	1578412
1789660222	37387	89.0	88.6	9407	2719	4128	8758	450	0	8545	3082	7090	2999175	39197	49984	1417	200000	1074381	26552462	67974596	2193	3267286	2487178	1579570
1789660251	37417	93.6	93.0	6860	3136	4310	5865	179	0	4091	3366	7969	2999420	39212	49776	1356	200000	1075215	26573682	68040437	2193	3269135	2488382	1581297
1789660276	37442	94.5	93.4	5690	3050	2930	8300	811	0	23743	3121	7509	3000185	39891	49991	963	200000	1075676	26585757	68083482	2193	3272580	2490765	1582858
1789660306	37472	95.5	93.6	8071	5515	3645	7516	1621	0	23119	3298	7972	3000255	39178	50000	1520	200000	1076551	26619067	68144269	2193	3275070	2492022	1584121
1789660341	37507	95.7	95.5	7251	2238	1294	8835	349	0	79203	3267	8204	3000838	40000	50000	609	200000	1077668	26653197	68213088	2198	3277494	2495317	1585484
1789660368	37534	96.3	95.3	7663	3810	1974	6267	48	0	49356	3279	7570	3000855	39704	50000	1008	200000	1078421	26674111	68271004	2197	3279853	2496991	1586325
1789660398	37564	96.9	96.4	7228	2507	1302	7825	570	0	22261	3335	7992	3000670	40000	50000	320	200000	1079483	26700786	68346609	2199	3282728	2498962	1587911
1789660426	37592	96.2	95.5	7223	3026	1214	6158	258	0	17745	3283	7640	3000834	40000	50000	38	200000	1080206	26721209	68408562	2197	3284829	2500258	1589725
1789660461	37627	93.6	93.3	6551	4768	3632	9716	1058	0	13821	3236	10880	2998858	39734	49894	961	200000	1081019	26735785	68494215	2196	3289219	2502316	1591169
1789660489	37655	94.4	94.2	7232	4721	4318	8244	942	0	898	3295	7622	2998303	39083	49865	1368	200000	1082033	26751415	68579176	2196	3291608	2503695	1593118
1789660517	37683	94.0	93.4	5530	3381	3506	9735	1243	0	8359	3303	7833	2999143	39291	49882	868	200000	1082794	26762363	68648743	2197	3294013	2505744	1594040
1789660548	37714	93.7	93.4	8743	3037	4487	8332	699	0	1393	3306	7933	2999029	38948	49897	1598	200000	1083775	26786293	68721994	2196	3296512	2507326	1595609
1789660576	37742	95.3	91.6	6081	2987	3555	9914	1815	0	12271	3733	8497	2999866	38761	49960	1394	200000	1084314	26794761	68785562	2194	3298766	2508842	1597700
1789660610	37776	96.4	95.9	7868	2730	2320	7607	682	0	66619	3127	10798	3000408	39279	50000	1076	200000	1085136	26818438	68849617	2195	3301182	2511942	1598659
1789660641	37807	94.5	94.0	8853	1917	2494	9413	536	0	55482	3234	7627	3000251	39824	49981	1163	200000	1086094	26843436	68920165	2195	3303557	2514118	1599853
1789660670	37836	94.9	93.6	8432	5017	2610	6974	1000	0	52159	3465	7957	3000246	39793	50000	1012	200000	1086962	26861676	68994942	2195	3305911	2515252	1600953
1789660700	37865	93.9	93.3	7099	2021	2017	9070	536	0	65729	3119	7742	3000183	39603	50000	1151	200000	1087753	26873127	69078055	2195	3308423	2517409	1603098
1789660728	37893	96.1	96.0	6441	4722	855	6200	187	0	59730	3095	7388	3000038	40000	50000	371	200000	1088637	26895727	69145558	2195	3310273	2519079	1604112
1789660757	37923	93.5	93.0	6724	2944	2379	8405	216	0	71837	3359	7553	3000026	40000	49860	1491	200000	1089415	26908454	69223306	2195	3312737	2521323	1604979
1789660792	37958	95.9	95.7	9455	5484	1891	5964	388	0	86605	3209	7552	3000202	40000	49943	797	200000	1090687	26939925	69337109	2199	3315261	2522954	1605769
1789660817	37983	93.3	92.7	5258	3994	1957	7904	357	0	48436	3458	7489	3000244	39856	50000	1175	200000	1091263	26950928	69390759	2199	3317682	2524672	1607344
1789660847	38013	96.0	95.6	5687	3880	1748	6290	142	0	39891	3479	7844	3000433	40000	50000	739	200000	1092222	26977606	69461069	2202	3319931	2526201	1608966
1789660877	38043	93.3	92.8	6682	3306	1305	8226	703	0	20787	3145	7557	3000728	40000	50000	338	200000	1093145	26994540	69537626	2201	3322791	2528167	1610150
1789660913	38078	91.0	90.4	6658	2565	3625	7232	259	0	13434	3221	11012	3000180	39847	49923	767	200000	1093944	27026274	69592673	2201	3326273	2530136	1611281
1789660944	38110	98.7	98.4	14506	1728	1081	7890	116	0	114756	3259	7680	3000433	40000	50000	567	200000	1094874	27073192	69655279	2213	3327079	2532268	1611869
1789660967	38133	93.0	92.1	11402	3918	3303	6160	409	0	34605	2807	4048	3000547	39416	49990	1446	200000	1095422	27097210	69700960	2202	3329543	2533393	1612642
1789661002	38167	95.5	94.9	5957	4601	3053	7736	1244	0	51815	3185	10556	3001114	39748	49996	1335	200000	1096524	27123292	69781987	2202	3332080	2535358	1613411
1789661028	38194	96.1	95.5	8438	4216	2370	6410	710	0	49867	3385	8008	3000353	39669	50000	1023	200000	1097079	27139870	69825106	2202	3334395	2536860	1616004
1789661059	38225	97.6	97.0	5996	4161	1440	7907	259	0	37868	2926	7343	3000842	39982	50000	791	200000	1098218	27159580	69924590	2202	3336891	2539216	1617209
1789661095	38260	94.5	94.2	7013	5523	1055	6828	268	0	80628	3061	10437	3000305	40000	50000	467	200000	1099274	27187143	70009460	2215	3339211	2541277	1617944
1789661116	38282	86.5	84.7	11551	2756	2034	9074	175	0	75493	3632	4974	3000059	40000	49919	1082	200000	1099582	27196139	70036528	2203	3341675	2542988	1618903
1789661147	38312	95.6	94.7	10511	3996	2452	6477	832	0	34012	3445	8118	3000267	40000	50000	1081	200000	1100687	27212519	70136608	2202	3343842	2544206	1620467
1789661181	38347	94.9	94.5	5451	3335	3730	8981	861	0	13477	3125	10582	2999639	39279	49925	1056	200000	1101670	27225173	70235260	2202	3347644	2546174	1622586
1789661212	38378	97.7	97.3	9010	5286	1087	5700	366	0	44150	2881	7073	3000798	40000	50000	386	200000	1102838	27250407	70331663	2216	3348974	2548402	1623051
1789661241	38407	94.3	91.6	6654	2659	2442	8209	626	0	14931	3624	8277	3000576	39798	50000	782	200000	1103427	27266230	70385780	2201	3352257	2549979	1624719
1789661266	38431	94.9	93.9	8151	1864	2813	6769	1367	0	4450	3240	7660	3000055	39693	50000	894	200000	1103931	27283136	70419744	2201	3354879	2551708	1626122
1789661298	38464	95.4	94.4	6468	3035	3149	8869	1319	0	38211	3077	7833	3000500	40000	50000	1419	200000	1104887	27310874	70485312	2201	3357534	2553852	1627495
1789661334	38500	96.2	95.8	6693	3023	1658	6640	420	0	79009	3314	10751	3000322	40000	50000	804	200000	1105939	27328993	70572031	2207	3360164	2556850	1628476
1789661356	38522	94.2	92.5	8292	2094	2226	8500	337	0	35115	3059	4447	3000138	39819	50000	1206	200000	1106522	27343869	70616607	2201	3362538	2558536	1629596
1789661389	38554	95.0	94.8	7471	2376	1324	6743	238	0	38611	3150	8013	3000039	40000	50000	433	200000	1107622	27362324	70710987	2201	3364946	2560234	1631145
1789661419	38585	93.8	93.4	6694	3223	1679	8724	391	0	28296	3023	6972	3000040	40000	50000	895	200000	1108387	27375833	70801138	2201	3367526	2561566	1632907
1789661447	38613	95.6	95.4	6183	3035	894	6363	453	0	13787	3354	7697	3000323	40000	50000	256	200000	1109216	27387049	70884895	2207	3369513	2563154	1634575
1789661479	38645	92.1	91.5	5498	3981	3696	9678	767	0	1069	3093	10305	2999469	39507	49982	889	200000	1109861	27403581	70940417	2201	3373171	2564344	1637570
1789661507	38673	92.8	92.3	7497	4007	3564	7319	902	0	11611	2932	7158	3000311	39222	50000	1241	200000	1110516	27414558	71011067	2201	3375596	2565893	1638543
1789661536	38702	92.7	91.6	5835	2025	3587	9100	1526	0	27521	3061	7612	3000039	39226	50000	1540	200000	1111188	27433329	71064501	2201	3378062	2567916	1639838
1789661577	38742	96.3	95.9	6800	3460	1760	6505	217	0	75844	2961	10989	3000557	40000	50000	1078	200000	1112391	27474121	71130598	2202	3380637	2571656	1640669
1789661606	38772	94.0	93.4	9418	1876	1959	8017	280	0	81670	2991	7304	3000696	39889	50000	1262	200000	1113159	27498172	71191054	2202	3383049	2573730	1641349
1789661635	38801	93.9	93.4	11397	4364	1700	5384	114	0	34953	3174	7389	3000669	39742	50000	1083	200000	1113864	27520066	71246915	2201	3385388	2575663	1642259
1789661663	38829	95.3	94.6	9614	2236	1332	6640	219	0	46114	2909	7102	3000750	40000	50000	780	200000	1114628	27544735	71301537	2203	3387845	2577759	1642951
1789661690	38856	94.9	93.6	7566	3614	1816	5471	186	0	40939	3232	7822	3000495	40000	50000	1063	200000	1115319	27564969	71357571	2201	3390316	2579906	1643544
1789661719	38885	93.2	92.4	6810	3896	3167	7910	1730	0	7621	3047	7545	3000060	39598	50000	946	200000	1116187	27579360	71430756	2202	3394454	2581986	1644756
1789661749	38914	94.7	94.6	10882	2357	3856	7065	1018	0	7398	2991	7224	2999077	39827	49880	1210	200000	1117128	27602126	71503151	2201	3397060	2584077	1645280
1789661776	38942	94.2	93.5	7733	2612	3712	8943	1973	0	986	3107	7615	2998147	39396	49722	1463	200000	1117932	27610359	71592368	2201	3399316	2585452	1647406
1789661812	38978	96.6	96.3	6477	2679	2042	7366	423	0	99111	3196	11181	3000406	39990	50000	905	200000	1118791	27623730	71665064	2207	3401798	2588910	1648266
1789661840	39006	96.1	94.4	11690	5496	3592	9338	2067	0	27684	3439	7635	3000139	39375	49985	1363	200000	1119758	27644806	71753002	2201	3404412	2590056	1648832
1789661871	39037	96.4	95.9	7670	2230	2717	7197	939	0	52863	3542	8233	3000467	39678	49990	1188	200000	1120552	27659352	71828452	2202	3406666	2592173	1650582
1789661903	39069	94.9	94.1	7562	3791	2751	8771	134	0	52751	3256	7754	3000953	39470	50000	1488	200000	1121603	27686520	71911070	2202	3409098	2594969	1651577
1789661930	39096	97.3	96.7	6475	4651	1759	6891	616	0	86903	3250	7833	3000491	40000	50000	804	200000	1122456	27713201	71941463	2216	3411943	2597255	1652276
1789661959	39125	97.6	97.0	7661	4186	1426	8709	343	0	35172	3116	7536	3000433	40000	50000	768	200000	1123433	27732954	72015323	2202	3414420	2598735	1654059
1789661990	39155	96.4	95.9	5361	3758	3770	7152	884	0	7208	3349	11000	2999059	39537	49836	1125	200000	1124110	27743131	72082718	2202	3417739	2600683	1655419
1789662019	39185	93.0	92.4	6567	4600	3139	9373	1623	0	5064	3224	7989	2999585	39800	50000	863	200000	1124936	27765862	72153009	2202	3420284	2601981	1657146
1789662049	39215	95.7	95.3	7848	3162	2972	7078	1544	0	30359	3226	7651	2999631	39716	50000	995	200000	1125673	27781725	72229889	2202	3422813	2603962	1658547
1789662077	39242	96.3	95.7	5565	3970	3432	8661	1676	0	4269	3025	7219	3000257	39944	50000	1072	200000	1126424	27796660	72303941	2202	3425144	2605474	1659451
1789662106	39272	94.7	94.3	7958	1973	3235	6695	1760	0	45098	3173	7570	2999755	39581	49622	1255	200000	1127372	27818874	72375897	2202	3427607	2607984	1660100
1789662136	39302	95.7	95.3	8216	3641	3370	8394	1686	0	24943	3027	7100	2999745	39365	49928	1296	200000	1128302	27832883	72468125	2204	3429980	2609854	1661370
1789662172	39338	95.3	94.7	6587	3399	2994	7318	1086	0	60443	3274	11080	3000256	39412	49864	1353	200000	1129296	27851442	72551453	2202	3432351	2611977	1662662
1789662203	39369	95.2	94.6	6840	2582	2340	8986	162	0	72053	3127	7557	3000685	39622	50000	1202	200000	1130242	27875982	72619823	2202	3434717	2614583	1664157
1789662231	39397	94.8	94.2	7636	4473	2884	6609	1041	0	52148	3027	7350	3000961	39864	50000	1183	200000	1131042	27898026	72675496	2202	3437292	2615989	1664767
1789662257	39423	92.8	92.1	8642	4553	3067	8422	1578	0	33449	3174	7536	3000454	39564	49944	1168	200000	1131687	27912169	72728310	2202	3439688	2617294	1666133
1789662288	39454	93.5	91.9	9010	2027	2927	7276	370	0	31671	3911	8660	3000141	39178	49995	1453	200000	1132424	27934978	72787794	2202	3441897	2619073	1668930
1789662321	39487	94.3	93.8	8883	2830	1524	8916	485	0	89250	3216	8054	3000746	39540	50000	760	200000	1133414	27962936	72869267	2211	3444369	2621075	1670233
1789662349	39515	92.5	92.0	8146	2212	1945	7592	571	0	46387	3145	7464	3000523	39690	50000	1054	200000	1134159	27978067	72948694	2203	3446890	2622800	1671671
1789662379	39544	94.9	94.5	8500	5529	1145	8714	255	0	53546	3244	7897	3000631	40000	50000	583	200000	1135150	28000726	73021418	2205	3448889	2624671	1672606
1789662410	39576	93.2	93.0	9575	4868	1291	6001	189	0	76692	3220	7982	3000118	40000	50000	748	200000	1136114	28017015	73105543	2219	3451355	2626857	1673307
1789662437	39603	92.2	91.8	6547	5191	1985	7879	16	0	56572	3255	7570	3000260	39795	49984	939	200000	1136936	28028563	73176695	2205	3453786	2628396	1674022
1789662469	39635	93.7	93.2	5798	4247	1899	6517	213	0	54640	3403	7950	3000420	40000	50000	977	200000	1137986	28044052	73281370	2206	3456453	2630220	1675898
1789662497	39663	93.2	92.6	8943	3161	1439	8081	25	0	67392	3263	7526	3000630	40000	50000	851	200000	1138735	28057018	73369984	2221	3458602	2632120	1677093
1789662527	39693	91.2	90.2	6578	3683	3893	7251	102	0	18385	3213	7908	3000223	38600	49999	2049	200000	1139481	28076090	73429748	2206	3461288	2633962	1678174
1789662559	39725	95.2	91.9	7395	4505	3331	9825	1815	0	18859	3894	12200	3000143	39634	50000	1099	200000	1140233	28107421	73452261	2210	3465431	2635930	1680094
1789662591	39757	93.3	92.8	7062	2960	2523	7345	839	0	52121	3304	8142	2999844	39680	50000	977	200000	1141010	28126586	73509481	2211	3467946	2638382	1681559
1789662620	39786	93.5	93.0	9469	2367	2876	9255	611	0	34286	3298	7633	3000044	39567	49850	1264	200000	1141885	28142820	73589412	2212	3470324	2640126	1683069
1789662653	39818	95.3	95.0	10074	3728	2893	7508	1220	0	46802	3360	7677	3000300	39909	49910	1137	200000	1142957	28165100	73684702	2210	3472849	2641998	1683809
1789662679	39845	94.8	94.1	7752	2409	3178	9401	1538	0	44812	3304	7730	3000013	39528	49843	1238	200000	1143686	28178284	73752859	2210	3475364	2643584	1685113
1789662709	39875	95.1	94.7	7489	3304	2710	7311	1039	0	57573	3408	7836	3000251	39972	49991	1184	200000	1144439	28196582	73824921	2210	3477708	2645318	1687239
1789662737	39903	94.3	93.2	7010	3988	2348	8929	1020	0	43603	3728	8096	3000228	39689	50000	1096	200000	1145191	28212482	73903966	2209	3479792	2646574	1689170
1789662771	39936	95.4	94.9	6862	2652	1653	7254	406	0	53962	3093	7738	3000746	40000	50000	855	200000	1146313	28228156	74011660	2210	3482117	2648469	1690962
1789662798	39964	96.8	96.1	6273	3954	1474	8804	357	0	31475	3194	7680	3000663	39894	50000	586	200000	1147035	28244751	74069957	2213	3484747	2650323	1692133
1789662828	39994	97.9	97.4	8923	3076	1258	6255	332	0	39703	3266	7687	3000896	39993	50000	448	200000	1147951	28271255	74141170	2218	3487027	2652343	1692960
1789662857	40022	97.2	96.5	5323	4529	1349	8125	671	0	2832	3156	7589	3001037	40000	50000	141	200000	1148690	28296329	74192692	2210	3489820	2654325	1694286
1789662888	40054	97.7	97.3	5978	3181	979	5940	485	0	16140	3250	7642	3000672	40000	50000	82	200000	1149592	28325191	74259066	2210	3491905	2656124	1695474
1789662919	40085	92.6	92.1	10484	3394	1267	7894	228	0	30864	3202	7447	3000841	40000	50000	560	200000	1150477	28348332	74341325	2210	3494504	2657910	1696764
1789662950	40116	95.2	94.6	7942	3683	1400	5935	398	0	26923	3294	10345	3000671	40000	50000	499	200000	1151344	28365655	74411664	2213	3496831	2659861	1697834
1789662982	40148	94.2	93.9	8561	2751	1087	7466	350	0	39910	2907	7205	3000406	40000	50000	333	200000	1152340	28395085	74496123	2215	3499089	2661900	1698574
1789663010	40176	93.8	92.4	7570	3046	1505	5795	345	0	30688	3109	7622	3000938	39970	50000	570	200000	1153125	28410116	74564487	2210	3501930	2663886	1699711
1789663038	40204	95.1	95.0	9554	3667	1279	7316	345	0	47372	3179	7547	3000049	40000	50000	463	200000	1153979	28430077	74622206	2210	3503831	2665783	1700668
1789663068	40234	93.7	92.7	7562	2956	1304	6179	411	0	21079	3153	7518	3000314	40000	50000	447	200000	1154896	28438718	74714245	2210	3506663	2667755	1701822
1789663100	40266	95.5	95.1	9476	4054	1028	7733	384	0	41938	3153	7529	3000111	40000	50000	432	200000	1156046	28455435	74830599	2232	3508884	2669853	1702598
1789663126	40291	91.9	91.0	6576	2336	2191	6592	500	0	1667	3204	7479	3000057	39221	50000	425	200000	1156647	28461656	74901031	2210	3512120	2671335	1704331
1789663161	40327	94.6	93.6	6599	1476	1951	8724	292	0	36583	3245	11060	3000438	39050	50000	1089	200000	1157319	28489304	74941390	2210	3515150	2674334	1706074
1789663189	40354	95.7	94.9	6676	2894	1394	6589	243	0	27560	3077	7614	3001146	39834	50000	878	200000	1158140	28515843	74982804	2210	3517614	2676559	1707099
1789663220	40385	94.6	94.3	11674	3667	1611	8213	178	0	36226	3081	7521	3000615	40000	50000	944	200000	1158925	28542740	75043334	2212	3520066	2678615	1707914
1789663251	40417	94.7	94.3	8680	3501	1308	5812	213	0	78031	3043	7587	3000445	40000	50000	753	200000	1159927	28560720	75127676	2230	3522584	2680900	1708558
1789663278	40443	93.6	93.2	5877	5027	2828	7623	1015	0	42011	3111	6998	3000352	39882	50000	1239	200000	1160589	28578087	75186287	2210	3524973	2682221	1709224
1789663315	40481	94.1	93.8	7109	1866	1799	6733	574	0	58007	3113	10754	3000359	40000	50000	653	200000	1161664	28594565	75308816	2210	3527928	2683989	1711773
1789663339	40504	91.4	90.8	8354	2419	3505	8974	578	0	23966	3150	4493	3000088	39815	49831	1330	200000	1162337	28609317	75369395	2210	3530537	2685086	1713715
1789663370	40536	93.2	92.6	6410	2559	3035	8185	1453	0	11779	3256	10946	3000326	39953	50000	956	200000	1163025	28617921	75436588	2210	3533434	2687069	1715314
1789663399	40565	93.3	92.6	8450	5816	3335	10065	1885	0	13095	3104	7561	3000331	39633	50000	1304	200000	1163907	28636999	75507039	2210	3535888	2688562	1716544
1789663428	40594	93.8	93.2	8064	2170	3037	6822	1591	0	37476	3028	7272	2999867	39323	50000	1243	200000	1164662	28651726	75576360	2210	3538383	2690806	1717641
1789663456	40622	93.9	93.2	6464	3683	3950	8677	2033	0	3617	3161	7588	2998986	39110	50000	1535	200000	1165421	28673362	75626850	2210	3540875	2692198	1718765
1789663487	40653	95.4	94.9	9753	1651	2599	7096	876	0	67973	3126	7761	3000375	39736	50000	1270	200000	1166141	28697103	75680596	2203	3543196	2695269	1719645
1789663523	40689	96.7	96.3	8115	3451	2345	8671	207	0	74812	2970	10375	3000615	40000	50000	1435	200000	1167155	28728523	75741754	2204	3545720	2698068	1720460
1789663558	40724	96.3	96.0	12392	3758	1219	5743	126	0	72855	3152	7719	3000483	40000	50000	775	200000	1168264	28756661	75848045	2215	3548187	2700488	1721179
1789663584	40749	92.3	91.5	6975	2261	2885	7595	260	0	65734	3063	6972	3000792	40000	50000	1625	200000	1168780	28774564	75889433	2204	3550668	2702453	1721662
1789663614	40780	96.7	96.3	10592	4314	1561	5395	180	0	73171	3130	7431	3000788	40000	50000	943	200000	1169791	28801971	75966212	2205	3552929	2704596	1722592
1789663640	40806	96.7	96.4	10351	1559	1531	6974	323	0	72804	3091	7384	3000431	40000	50000	896	200000	1170438	28820473	76027470	2204	3555505	2706743	1723284
1789663667	40833	97.3	96.9	7937	3493	2237	5750	83	0	40437	3279	7350	3000525	40000	50000	1064	200000	1171311	28837823	76100143	2203	3557800	2708154	1723926
1789663701	40867	97.7	96.6	5629	3927	3211	8271	345	0	10475	3368	11196	2999589	40000	49924	1153	200000	1172298	28852442	76200257	2203	3561190	2709895	1726759
1789663729	40895	98.0	96.8	6078	3890	3063	7691	1589	0	1013	3484	8172	2999766	40000	49974	806	200000	1173076	28869322	76269703	2203	3564193	2711599	1728462
1789663761	40927	95.0	94.9	7088	1913	4153	8669	351	0	12059	3340	7470	2998080	39130	49759	1580	200000	1174204	28883137	76395374	2204	3565733	2713309	1729326
1789663788	40953	96.5	95.5	6547	4470	3215	7014	1099	0	2301	3251	7977	3000111	39158	49997	1028	200000	1174856	28895023	76459941	2203	3568531	2714616	1731521
1789663820	40986	87.0	85.8	7574	1925	3546	9675	1582	0	39835	3291	8394	3000590	38611	50000	1636	200000	1175463	28917553	76496039	2204	3572046	2716988	1733388
1789663846	41012	95.3	94.8	5765	1892	2646	7720	745	0	32085	3299	8118	3000093	39318	50000	908	200000	1175986	28935872	76523815	2203	3574791	2719242	1734947
1789663877	41043	93.8	92.6	10737	2257	3119	9709	1025	0	8448	3400	8124	2999889	39877	49926	1117	200000	1176850	28961268	76586552	2203	3577175	2720376	1736940
1789663909	41075	94.9	94.4	6094	3305	2125	7546	220	0	56871	3342	8008	3000263	40000	50000	1115	200000	1177754	28974515	76680287	2203	3579552	2722955	1738268
1789663946	41112	95.3	95.1	12845	3642	1711	9276	463	0	96783	3126	10773	3000138	40000	50000	851	200000	1178771	28998426	76774689	2214	3582246	2725179	1739108
1789663967	41133	93.6	91.9	5551	3205	2843	5851	632	0	14744	3237	4157	3000374	39661	50000	1451	200000	1179399	29011048	76842042	2204	3584151	2726061	1740357
1789663998	41164	95.6	95.3	8371	1778	1410	7172	346	0	27570	3106	7515	3000544	40000	50000	447	200000	1180421	29030278	76920884	2209	3586912	2728720	1741266
1789664031	41196	91.5	91.0	6386	3644	3656	7094	1000	0	1554	3597	11216	2999236	39657	49984	1207	200000	1181173	29040825	76999525	2204	3590673	2730402	1742843
1789664059	41225	94.3	94.0	7588	3974	4355	9049	754	0	13441	3154	7176	2998886	38873	49945	1625	200000	1182019	29056750	77067773	2204	3593506	2732460	1743732
1789664085	41251	95.1	93.8	5667	2679	2494	7195	1365	0	5237	3298	7952	3000009	39475	49986	832	200000	1182613	29070935	77120519	2204	3595242	2733814	1746184
1789664117	41283	93.4	92.8	8354	1734	3235	9380	1110	0	22195	3169	7677	3000710	40000	50000	1334	200000	1183418	29098075	77172082	2204	3598078	2735861	1747415
1789664150	41316	95.3	94.8	6096	4119	1705	7339	512	0	87427	3478	8163	3000255	40000	50000	702	200000	1184305	29118923	77235909	2210	3600455	2738832	1748565
1789664178	41344	93.3	92.8	8399	6184	3267	9406	1486	0	13276	3022	7290	3000510	39640	50000	1156	200000	1185049	29143292	77292755	2204	3602833	2739489	1749640
1789664216	41382	95.0	94.5	11203	2477	3041	7267	1294	0	54766	3307	11104	3000809	39736	50000	1325	200000	1186166	29170468	77389455	2204	3605475	2741979	1750446
1789664237	41402	91.9	91.1	4320	1859	3026	9421	601	0	29671	3436	4916	3000042	39469	50000	1251	200000	1186561	29183467	77427672	2204	3608142	2743431	1752869
1789664268	41433	96.0	95.3	8202	2821	2232	7384	433	0	26263	3326	7863	3000562	40000	50000	1110	200000	1187539	29211281	77508337	2205	3610121	2745172	1754501
1789664300	41466	95.7	95.5	8470	4055	1463	8788	456	0	34438	3295	10938	3000064	40000	50000	537	200000	1188539	29225574	77587185	2204	3612702	2747503	1755466
1789664330	41495	94.6	94.3	7701	2952	1375	6564	452	0	23414	3150	7919	3000314	39984	50000	261	200000	1189495	29239151	77678674	2204	3615028	2748927	1757345
1789664357	41523	94.4	93.9	6655	2553	1887	8769	899	0	6378	3457	7847	3000318	39903	50000	559	200000	1190159	29244846	77761510	2204	3617801	2750552	1759176
1789664386	41552	92.0	91.1	7511	2343	2740	7734	1060	0	13215	3481	8761	3000061	38980	50000	1186	200000	1190834	29255922	77834232	2204	3620906	2752163	1761574
1789664423	41588	95.6	95.1	6027	2494	3336	10482	1071	0	23056	3359	11691	3000587	39435	50000	1171	200000	1191761	29284543	77894674	2204	3624798	2754417	1763566
1789664447	41613	95.9	95.5	7145	2344	4413	8778	771	0	4367	3163	4621	2999852	38885	49999	1695	200000	1192567	29305070	77953604	2204	3627751	2755935	1765070
1789664479	41645	98.1	96.2	8206	1657	2517	9899	1095	0	53763	3155	11076	3000243	39398	50000	913	200000	1193205	29320283	78010394	2204	3630083	2758891	1766370
1789664509	41675	97.3	96.6	9666	5042	3300	7222	1877	0	9330	3184	7668	3000392	39668	50000	1217	200000	1194220	29353769	78077575	2204	3632379	2760293	1767120
1789664539	41704	97.3	97.1	7427	3053	2347	8660	701	0	58474	3319	7968	3000137	40000	50000	991	200000	1194992	29368270	78148671	2204	3634716	2763215	1768015
1789664570	41736	94.0	93.5	7307	3893	2856	7091	1632	0	48329	3169	7662	3000358	40000	49974	901	200000	1195976	29389206	78241356	2206	3637309	2764619	1768813
1789664601	41767	94.8	94.5	8543	1577	1760	8808	384	0	48692	3448	8062	3000442	39915	50000	1014	200000	1196863	29409111	78325759	2206	3639439	2766793	1770846
1789664629	41795	96.1	95.7	7613	2611	1255	6493	122	0	76935	3207	7668	3000673	40000	50000	764	200000	1197709	29429485	78391379	2206	3641693	2768846	1771757
1789664657	41823	94.8	94.5	7928	5360	2181	8350	366	0	72354	3191	7446	3000485	40000	50000	1218	200000	1198414	29453959	78436809	2208	3644156	2770824	1772506
1789664690	41856	91.6	91.0	8341	4932	1753	6386	73	0	58227	3389	7969	3000238	40000	50000	1066	200000	1199337	29475697	78516903	2205	3646693	2772729	1773948
1789664720	41886	89.2	88.5	9292	5206	2774	8016	397	0	39500	3291	7549	3000762	40000	50000	1252	200000	1200119	29500575	78568635	2205	3649181	2773881	1774999
1789664749	41915	95.1	94.5	6383	4304	2895	6493	1120	0	37636	3104	7473	3000999	40000	50000	1343	200000	1200853	29524643	78624816	2205	3651611	2775666	1776312
1789664780	41946	94.4	93.5	6917	1474	2283	8794	375	0	66124	3464	8271	3000379	39733	50000	1126	200000	1201619	29538235	78717605	2205	3654277	2777250	1779067
1789664810	41975	94.4	93.9	11560	2556	1465	7019	185	0	38627	3181	7751	3000670	39735	50000	747	200000	1202638	29557003	78802991	2205	3656669	2779162	1780506
1789664840	42005	95.6	95.0	7197	4968	1293	8543	324	0	42399	2945	7165	3000946	40000	50000	413	200000	1203498	29579782	78880297	2209	3659197	2781204	1781273
1789664869	42035	94.7	94.2	8536	2226	1148	5769	104	0	28526	3060	7128	3000465	40000	50000	47	200000	1204306	29608440	78943198	2206	3661387	2782607	1783107
1789664896	42062	94.2	93.7	8041	1791	1232	7608	751	0	11034	3116	7413	3000389	40000	50000	286	200000	1205070	29625521	79002924	2205	3664070	2784495	1784449
1789664930	42096	92.1	92.0	7622	3258	4195	7883	849	0	1513	2910	10217	2997938	39528	49913	1333	200000	1206017	29641213	79092349	2205	3667764	2786120	1786202
1789664960	42126	94.3	94.0	6268	4199	3753	9311	752	0	12792	2955	7152	2998679	39715	49721	1164	200000	1206757	29648285	79196790	2205	3670088	2788124	1787232
1789664986	42152	94.5	93.7	10773	1988	3388	6983	873	0	2346	2975	7242	2999918	39709	49983	1094	200000	1207471	29660495	79269151	2205	3671737	2789384	1789293
1789665018	42184	94.4	93.1	6124	2262	2817	9119	732	0	39881	3380	8613	3000130	39473	50000	1409	200000	1208178	29677253	79336273	2205	3674684	2791749	1791007
1789665047	42213	94.0	93.3	6562	2122	3141	7828	712	0	13840	3229	8072	3000184	38946	50000	1341	200000	1208831	29694571	79395912	2205	3677699	2793421	1793322
1789665076	42242	96.7	96.2	7348	3137	1181	8873	201	0	27385	3054	7709	3001177	39665	50000	477	200000	1209709	29718242	79452342	2205	3679768	2795818	1794632
1789665106	42272	95.0	94.4	6832	2120	1436	6837	870	0	10219	3043	7381	3001258	40000	50000	330	200000	1210495	29737217	79532251	2205	3682687	2797858	1795603
1789665142	42307	92.8	92.5	6811	3209	4261	8995	423	0	3471	3127	10292	2998992	39381	49851	1389	200000	1211501	29762791	79607010	2205	3685389	2799703	1796715
1789665170	42336	98.6	98.2	6245	4848	1481	5706	732	0	16345	3110	7104	3000568	39965	50000	389	200000	1212350	29778318	79696087	2205	3687598	2801831	1797685
1789665202	42368	95.8	95.5	9630	3924	943	7204	206	0	38979	3016	7552	3000124	40000	50000	555	200000	1213396	29799887	79793869	2210	3689478	2803499	1798968
1789665230	42396	91.8	90.6	8541	2219	3773	6452	940	0	16081	3464	7992	2999175	38892	49977	1197	200000	1213997	29808623	79853368	2205	3693028	2805483	1800111
1789665260	42426	96.4	95.9	10041	4600	1301	7333	229	0	39740	3097	7413	3000962	40000	50000	731	200000	1215021	29837772	79922996	2208	3694267	2807480	1800905
1789665293	42459	94.8	93.7	10073	4900	1184	5429	337	0	35143	3415	7967	3000398	40000	50000	435	200000	1216022	29861018	80011179	2205	3696891	2809513	1801887
1789665320	42486	93.3	92.5	4546	2784	1873	7384	142	0	33071	3237	7944	3000425	39589	50000	1040	200000	1216665	29873935	80062881	2205	3699539	2811645	1802897
1789665351	42517	95.3	94.8	12670	4170	1552	5636	163	0	42887	3204	7858	3000789	40000	50000	1019	200000	1217407	29899654	80111954	2205	3701580	2813729	1803458
1789665381	42546	96.1	95.5	8443	3633	1515	7011	241	0	30541	3188	7709	3000573	40000	50000	835	200000	1218163	29924167	80178265	2205	3704237	2815858	1804188
1789665411	42576	97.3	96.4	8299	4653	1657	5393	351	0	17935	3301	7817	3000801	40000	50000	942	200000	1219000	29947685	80250935	2207	3706833	2818130	1804892
1789665440	42606	96.8	96.4	7103	5262	4154	7046	728	0	7806	3183	7926	2999061	39129	49966	1555	200000	1219864	29967147	80312482	2205	3709921	2820302	1805676
1789665468	42633	97.7	96.6	5461	3777	3722	6970	1211	0	3823	3354	8098	3000073	39538	50000	1148	200000	1220516	29988394	80369094	2205	3713475	2822246	1806716
1789665496	42662	97.3	96.4	9485	1767	3985	8561	2291	0	1294	3244	7856	2999768	39502	49909	1335	200000	1221343	30006901	80438028	2205	3715921	2824424	1807547
1789665527	42692	97.9	97.4	8205	4693	3632	6951	2249	0	385	3288	7908	2999683	39585	50000	1001	200000	1222153	30029542	80517514	2205	3718317	2826561	1808222
1789665558	42724	96.0	95.9	8184	5395	4114	8707	970	0	8682	3144	7580	2999123	39321	49827	1430	200000	1223214	30057243	80598296	2205	3720745	2828584	1808843
1789665586	42752	95.9	95.3	6508	4267	3638	6890	1306	0	4696	3242	7869	2999832	40000	49806	1055	200000	1223939	30077255	80652047	2205	3723054	2830651	1809666
1789665619	42785	90.3	90.2	8775	3534	3870	7863	453	0	11648	3779	8996	2998086	39568	49884	939	200000	1224876	30095383	80729876	2205	3724525	2832414	1810620
1789665650	42816	98.1	97.8	8952	6367	892	5578	272	0	23159	3495	8146	3000383	40000	50000	112	200000	1225895	30105251	80851223	2209	3725725	2833911	1812136
1789665678	42844	92.3	89.3	6099	3551	3611	8735	1420	0	4297	3690	8408	2999750	39181	49819	1143	200000	1226411	30113420	80905819	2205	3729953	2835701	1813556
1789665710	42876	95.6	95.3	11928	5436	3829	7194	1062	0	6251	3351	7987	3000114	39344	50000	1194	200000	1227425	30137245	80989325	2206	3732303	2837753	1814222
1789665739	42905	94.1	93.6	5354	3239	3965	8929	1018	0	10176	3401	7963	2999593	39410	49866	1279	200000	1228231	30153806	81054417	2205	3734881	2839881	1815146
1789665766	42932	95.8	94.2	11238	2064	3514	7011	972	0	852	3492	8501	2999684	39149	49998	1253	200000	1228855	30173616	81101050	2205	3736576	2841153	1817331
1789665800	42966	95.4	94.6	7994	2364	1792	8571	539	0	69919	3784	9210	3000860	39684	50000	916	200000	1229707	30197788	81155642	2207	3739236	2844249	1818367
1789665828	42994	94.0	93.4	6179	3459	2307	7205	572	0	53860	3317	8016	3000193	39799	50000	1229	200000	1230303	30217103	81197717	2207	3741717	2846212	1819405
1789665861	43026	95.0	94.8	7294	3426	1491	8592	353	0	80555	3487	8385	3000154	40000	50000	602	200000	1231258	30239284	81278045	2206	3744019	2848088	1820386
1789665886	43052	92.6	91.8	5980	5736	3943	6570	1242	0	7943	3691	7968	2998784	39144	49756	1909	200000	1231867	30253638	81336466	2206	3746463	2848681	1821667
1789665924	43089	96.1	95.9	11144	2559	1385	7782	431	0	78367	3400	8536	3000645	40000	50000	587	200000	1233127	30276026	81450116	2229	3749143	2851782	1823108
1789665951	43117	93.9	93.1	9718	2188	1696	5817	139	0	31539	3296	7880	3000836	39821	50000	1108	200000	1233689	30284411	81504890	2227	3751553	2853756	1824341
1789665981	43147	95.5	94.7	11398	3808	1407	7111	223	0	50628	3535	8461	3000498	40000	50000	604	200000	1234560	30304728	81570253	2242	3753829	2855659	1825184
1789666015	43181	94.3	93.9	12151	4522	1455	5999	162	0	68887	3404	8240	3000765	40000	50000	776	200000	1235616	30325208	81664935	2230	3756369	2857799	1826160
1789666041	43207	92.8	92.0	8733	1777	1859	7749	187	0	74075	3737	8285	3000671	39653	50000	1117	200000	1236042	30339832	81691457	2246	3758689	2859688	1826968
1789666071	43236	95.3	94.7	6644	5643	2650	6062	880	0	54707	3594	8457	3000688	40000	50000	1123	200000	1236877	30367948	81751271	2248	3761214	2860859	1827791
1789666100	43266	93.4	92.8	7349	3322	1921	8013	109	0	57511	3524	8537	3000324	39512	50000	1151	200000	1237583	30383559	81822273	2250	3763417	2862951	1830006
1789666132	43298	94.3	93.9	6703	3183	2268	6504	318	0	60243	3757	8718	3000672	40000	49981	998	200000	1238488	30408872	81896105	2248	3765969	2864578	1830647
1789666162	43328	93.9	93.2	7234	5721	3779	8609	1619	0	29669	3540	8438	3000453	39354	49998	1670	200000	1239370	30427895	81981217	2253	3768598	2865731	1831674
1789666196	43362	95.7	95.4	7290	3620	1522	6130	244	0	103011	3727	9248	3000546	40000	49934	878	200000	1240277	30454535	82050187	2269	3770910	2868834	1833160
1789666217	43383	94.8	94.1	11243	4715	3452	8040	1443	0	34984	3234	4457	3000188	39269	50000	1467	200000	1240906	30464804	82116402	2267	3773397	2869832	1833714
1789666248	43414	95.8	95.5	7023	4219	1924	6713	368	0	79672	3706	9102	3000367	39756	50000	851	200000	1241794	30479762	82190792	2267	3775776	2872819	1834617
1789666276	43442	93.0	92.5	10336	6055	3879	8623	2124	0	10318	3601	8102	3000003	39851	49738	1228	200000	1242719	30504624	82257135	2267	3778276	2873715	1835243
1789666308	43474	95.2	95.0	7263	6171	3778	7098	2122	0	1058	3529	8523	2999478	40000	49997	1144	200000	1243691	30519469	82355374	2267	3780602	2875616	1836148
1789666340	43506	97.2	96.8	9215	2428	3514	8678	2172	0	128	3917	9230	2998767	39544	50000	884	200000	1244642	30538270	82442867	2267	3782952	2877576	1837033
1789666367	43532	99.2	99.1	10331	5017	1156	5591	312	0	23550	3564	4950	3000429	40000	50000	397	200000	1245660	30555590	82556270	2269	3783484	2879334	1837804
1789666397	43563	96.9	96.3	7769	3361	3644	7956	797	0	8367	3559	8692	2999274	39064	49958	1183	200000	1246387	30573372	82626137	2267	3786874	2881325	1838872
1789666427	43593	97.2	94.2	7934	4746	3772	7403	2000	0	2791	4112	9207	3000252	39513	50000	1405	200000	1247178	30595944	82682318	2267	3789922	2882860	1840468
1789666456	43622	94.8	94.2	7862	2080	3497	8795	1810	0	6429	3785	8579	3000236	39678	50000	1043	200000	1247862	30611964	82736156	2268	3792400	2885139	1841015
1789666488	43654	96.6	96.5	9676	2108	4552	7787	740	0	7654	3697	8568	2999496	39015	49967	1772	200000	1248953	30636328	82823810	2272	3795072	2886970	1841864
1789666516	43682	89.2	87.6	6757	2223	2753	9137	1104	0	40193	3940	9387	2999598	39115	49906	1205	200000	1249440	30646785	82873005	2277	3797099	2888814	1844468
1789666551	43717	94.3	94.2	7202	1709	1918	7715	919	0	69050	3621	8971	3000140	40000	50000	783	200000	1250348	30673614	82939188	2284	3799886	2891578	1845623
1789666582	43747	95.0	94.6	10055	6874	2443	9315	1052	0	44742	3667	8329	3000240	39860	50000	902	200000	1251040	30692169	83017329	2284	3801984	2892666	1846703
1789666608	43773	93.3	92.6	4167	2622	2292	6785	821	0	30484	3626	5205	3000112	39552	50000	972	200000	1251826	30704350	83098392	2284	3804413	2894174	1848809
1789666638	43804	94.3	93.6	8388	3425	3599	8485	1138	0	16436	3591	8707	3000016	39402	49983	1226	200000	1252604	30722785	83161003	2284	3807244	2895786	1850091
1789666667	43833	93.9	92.9	7489	2154	3688	7773	2192	0	14590	3499	8530	3000068	39163	50000	1314	200000	1253250	30744334	83211724	2284	3810296	2897367	1851575
1789666699	43865	94.1	94.0	7950	3405	4057	9444	992	0	5564	3485	8185	2999691	38953	49965	1418	200000	1254127	30763595	83299489	2284	3812824	2899406	1852201
1789666726	43892	93.4	92.7	8376	2271	3734	7550	975	0	1872	3932	8824	2999523	39192	49994	1038	200000	1254771	30786360	83343916	2284	3814687	2900411	1855130
1789666756	43921	93.7	92.5	7158	1740	3295	9375	1506	0	21904	3448	8513	3000008	39252	50000	1170	200000	1255349	30797297	83418843	2284	3817262	2902467	1856103
1789666785	43951	95.8	94.1	8057	3008	3189	7503	1370	0	4862	3945	8529	3000431	39791	50000	1022	200000	1256081	30820396	83492707	2284	3819446	2904165	1857242
1789666820	43986	95.9	95.5	8423	2559	1728	9108	161	0	72077	3492	8707	3000612	40000	50000	871	200000	1257081	30846402	83574793	2286	3821795	2907115	1858558
1789666849	44015	94.5	93.6	8659	4586	3238	6777	976	0	39530	3490	7922	3000309	39456	49987	1403	200000	1257873	30869484	83642301	2285	3824396	2908335	1859128
1789666881	44047	94.6	94.1	7263	2423	1766	8686	370	0	59083	3495	8462	3000704	40000	50000	952	200000	1258695	30890687	83725946	2285	3826787	2910621	1861543
1789666910	44076	95.9	95.5	8034	2544	1261	6315	148	0	70475	3560	8216	3000594	40000	50000	723	200000	1259643	30907202	83803197	2285	3828933	2912514	1862529
1789666937	44102	93.5	93.0	7295	2955	2722	8196	570	0	41157	3367	7746	3000072	40000	49846	1176	200000	1260318	30923184	83850938	2285	3831404	2914008	1863331
1789666966	44132	93.7	93.3	9803	2017	2347	6435	816	0	45728	3627	8619	3000212	39883	49943	1064	200000	1261237	30936022	83938753	2285	3833816	2915725	1864859
1789667002	44167	93.2	92.9	6680	1545	1856	8751	642	0	78412	3483	8414	3000496	40000	50000	884	200000	1262310	30947997	84064628	2291	3836776	2917614	1866959
1789667026	44192	94.4	93.8	7086	4579	2240	6552	903	0	25524	3533	8068	3000498	40000	50000	1120	200000	1262950	30964856	84109922	2287	3838494	2918590	1868099
1789667059	44225	93.3	91.8	5949	2328	1985	9172	627	0	46616	3611	9161	3000411	39984	50000	780	200000	1263705	30981208	84173016	2287	3842264	2920914	1870850
1789667086	44252	94.1	93.4	5338	3428	2498	7065	154	0	47413	3449	8274	3000514	39752	50000	1296	200000	1264243	30999366	84210765	2287	3844629	2922956	1871699
1789667119	44285	94.6	94.1	8552	3355	1944	8637	56	0	49522	3948	8958	3000728	40000	50000	990	200000	1265176	31024214	84297542	2287	3847144	2924905	1873144
1789667148	44313	93.6	92.9	8383	2466	1557	6301	167	0	39912	3713	8456	3000643	39927	50000	903	200000	1265926	31043147	84350064	2287	3849735	2926849	1874724
1789667181	44346	95.6	95.3	9564	4484	1289	7797	202	0	50482	3428	8228	3000119	40000	50000	552	200000	1266937	31069841	84439055	2290	3852104	2928866	1875553
1789667207	44373	93.9	93.3	5484	4706	2320	5721	552	0	57932	3339	7800	3000455	39993	49977	1233	200000	1267361	31079750	84489112	2287	3854254	2930609	1876427
1789667241	44407	94.9	94.5	8346	4176	1480	7453	163	0	74154	3537	8549	3000745	40000	50000	970	200000	1268380	31097244	84596423	2290	3856730	2932734	1877837
1789667271	44437	94.6	94.1	8118	5199	2538	6229	891	0	60016	3642	8711	3000453	39900	49925	1106	200000	1269278	31115947	84658415	2293	3859193	2934165	1878642
1789667301	44467	94.1	93.5	5834	2787	1842	8179	248	0	48653	3635	8636	3000186	39623	50000	1169	200000	1270008	31128663	84738694	2293	3861612	2936045	1880884
1789667331	44496	95.9	94.8	7669	5112	2281	6100	100	0	27116	3559	8585	3000749	40000	50000	1117	200000	1270932	31153558	84810074	2298	3863881	2937410	1881537
1789667359	44525	93.3	92.6	4878	2614	2814	8537	719	0	13015	3779	8977	3000045	39770	50000	1159	200000	1271331	31164457	84861199	2298	3867356	2939540	1883916
1789667393	44558	89.6	89.4	7724	3726	4681	7469	694	0	15193	3900	8582	3000086	39443	50000	1929	200000	1272282	31192299	84929533	2297	3870781	2941293	1884655
1789667418	44584	89.9	88.6	6187	1271	2025	8412	599	0	116812	3679	5254	3000053	39489	50000	961	200000	1272623	31198135	84972383	2300	3873172	2944424	1886203
1789667447	44612	98.4	98.3	14312	12296	1316	5331	320	0	41031	3193	3831	3000592	40000	50000	503	200000	1273469	31221267	85087853	2311	3873654	2945078	1886278
1789667479	44645	93.4	92.6	6667	4258	2780	7968	1528	0	2231	3519	11366	3000083	39832	50000	761	200000	1274099	31237619	85152132	2297	3877203	2946802	1887915
1789667508	44674	94.9	92.9	11129	4049	3127	6211	1730	0	14620	3549	8340	3000131	39548	50000	945	200000	1274858	31255921	85221269	2297	3879730	2948693	1888999
1789667539	44705	93.8	93.2	7597	3296	3469	8187	1130	0	29698	3469	8515	2999767	39391	50000	1638	200000	1275593	31269760	85297547	2297	3882149	2950533	1890601
1789667570	44736	96.2	95.8	10499	2886	1596	6672	183	0	66902	3415	8187	3000497	39801	50000	958	200000	1276585	31288137	85373121	2297	3884419	2953592	1891814
1789667605	44770	95.1	94.8	8968	1931	1147	8204	215	0	75670	3579	8365	3000340	40000	50000	678	200000	1277641	31314009	85469351	2297	3886913	2955767	1892701
1789667627	44793	92.9	92.4	6859	3544	2449	5996	426	0	74354	3253	4392	3000012	40000	49920	1112	200000	1278244	31328644	85525868	2297	3889297	2957327	1893249
1789667659	44825	93.4	92.9	8808	5655	2211	7668	631	0	70889	3537	8475	3000139	39992	50000	1075	200000	1279044	31340857	85632232	2297	3891634	2959168	1894442
1789667687	44853	94.5	93.6	10336	4834	2905	5930	490	0	36306	3465	8118	3000183	39359	50000	1445	200000	1279994	31353551	85723354	2298	3893819	2960383	1895917
1789667719	44885	93.4	92.8	7566	1488	1583	7573	764	0	33731	3473	8682	3000533	39244	50000	426	200000	1280939	31374210	85797792	2299	3896809	2962701	1897381
1789667748	44914	93.4	92.9	5952	3710	2015	6854	698	0	17620	3503	8458	3000545	39924	50000	319	200000	1281619	31395044	85845015	2296	3899234	2963751	1899479
1789667776	44942	92.7	91.7	7608	2600	3010	9064	1256	0	11892	3849	9052	3000070	39350	50000	1129	200000	1282099	31403358	85904499	2296	3902215	2965401	1901277
1789667809	44975	95.6	94.8	6790	3007	2495	7139	1085	0	34072	3466	8499	3000553	40000	50000	938	200000	1282976	31431655	85957650	2296	3904655	2967690	1902328
1789667840	45006	94.2	93.4	6461	3843	2298	8884	647	0	59244	3439	8522	3000135	40000	50000	1019	200000	1283520	31450606	86016635	2296	3907003	2969463	1903997
1789667868	45034	91.9	91.6	7405	4130	2268	6784	650	0	50275	3431	8324	3000107	40000	50000	1137	200000	1284134	31469654	86075806	2296	3909059	2971157	1905466
1789667901	45067	94.0	93.6	8332	3066	1601	8293	224	0	75109	3593	8369	3000335	40000	50000	978	200000	1285140	31481530	86184767	2305	3911240	2973060	1906730
1789667931	45097	94.1	93.6	8835	3393	1899	6009	145	0	70468	3404	8056	3000532	40000	50000	1281	200000	1286020	31500749	86259999	2296	3913612	2975086	1907582
1789667963	45128	94.9	94.5	12206	2801	1595	7429	118	0	107383	3431	8158	3000638	40000	50000	922	200000	1286891	31523807	86337147	2297	3916135	2977320	1908257
1789667991	45157	92.1	91.5	6142	5513	3364	5925	1114	0	45812	3413	7855	3000356	39802	49712	1570	200000	1287650	31541789	86398622	2292	3918713	2978358	1908830
1789668020	45186	92.2	91.4	5493	2879	3135	8448	718	0	23086	3651	8693	3000101	39192	50000	1421	200000	1288240	31555740	86461420	2292	3921843	2980128	1911902
1789668052	45218	92.8	92.4	7876	3043	4042	7462	912	0	15592	3600	8600	3000097	39147	49995	1355	200000	1289129	31579930	86534419	2292	3924996	2981774	1913033
1789668081	45247	95.3	94.5	5688	3738	3602	8925	1087	0	12291	3414	8320	2999672	39424	49978	1247	200000	1289839	31596436	86599533	2292	3927304	2983819	1913957
1789668110	45275	97.3	96.6	6293	4726	2935	6904	1232	0	9116	3371	8328	3000018	39466	49990	1054	200000	1290572	31613610	86672408	2292	3929210	2985538	1915661
1789668141	45307	95.8	95.1	8110	2283	2508	8839	1004	0	21055	3522	8716	3000708	39892	50000	1025	200000	1291322	31639497	86750087	2292	3931658	2987151	1917922
1789668170	45336	96.0	95.3	6143	3779	2778	7681	795	0	25131	3480	8511	3000056	40000	49986	1150	200000	1291953	31651561	86835620	2292	3934220	2988861	1920183
1789668202	45368	95.1	94.6	5623	2787	1895	9158	546	0	28950	3789	9012	3000135	40000	50000	775	200000	1292858	31670060	86921835	2292	3936589	2990444	1921873
1789668230	45395	92.8	92.0	7644	2469	3296	7839	1275	0	8572	3541	8469	3000018	39545	50000	931	200000	1293452	31681464	86974443	2292	3940289	2992288	1923379
1789668262	45427	94.0	93.5	6906	4105	3278	9682	1782	0	17957	3375	8334	3000103	39787	50000	1193	200000	1294387	31697149	87072582	2292	3942778	2994240	1924740
1789668290	45455	89.9	89.5	6399	4939	3597	7245	2097	0	15984	3177	7688	2999484	39739	49992	1191	200000	1295057	31704836	87155911	2292	3945374	2996129	1925496
1789668319	45484	91.5	89.9	7229	3476	3109	8654	1773	0	2818	3775	8390	3000063	39559	50000	823	200000	1295864	31720608	87218281	2292	3947423	2997763	1927083
1789668347	45513	93.7	93.6	9833	2988	4227	7201	534	0	8185	3519	4880	2999613	39025	49910	1781	200000	1296815	31738009	87316253	2295	3949966	2999414	1927932
1789668380	45546	96.7	95.4	7365	1501	1669	8131	258	0	81201	3312	11485	3000337	39756	50000	912	200000	1297357	31755714	87363416	2293	3952054	3002826	1929155
1789668410	45576	94.3	93.5	11633	5726	3354	6779	1065	0	44256	3295	7841	3000976	40000	50000	1478	200000	1298193	31780736	87420697	2294	3954651	3004039	1929577
1789668442	45607	93.9	93.1	6053	4014	2880	8391	360	0	42296	3574	8367	3000384	39167	50000	1408	200000	1298954	31800698	87486361	2294	3956905	3005710	1931633
1789668474	45640	96.0	95.7	9210	3023	1728	5739	181	0	77897	3329	8131	3000547	40000	50000	1066	200000	1299856	31831764	87538930	2299	3959330	3008634	1932486
1789668504	45670	95.3	94.8	8859	4156	1992	7313	187	0	64890	3328	7828	3000390	40000	49993	1266	200000	1300660	31854087	87625259	2296	3961763	3010777	1933176
1789668535	45700	95.2	95.0	5562	3354	1543	5575	170	0	76929	3332	8100	3000042	40000	50000	1012	200000	1301457	31871334	87714338	2298	3964100	3012839	1933999
1789668561	45727	94.0	93.3	10006	4026	2843	7300	537	0	51045	3677	8065	3000447	40000	50000	1367	200000	1302116	31880240	87784240	2301	3966553	3014212	1934725
1789668596	45762	96.6	96.3	8699	4310	1458	5714	125	0	95761	3264	8135	3000303	40000	50000	903	200000	1303231	31904833	87879232	2306	3969068	3017154	1935518
1789668621	45787	93.2	92.4	7945	5135	3867	7670	1579	0	47673	3403	7717	3000099	39320	49974	1738	200000	1303809	31916075	87944915	2298	3971717	3017895	1936012
1789668652	45818	94.4	93.8	7018	1419	2645	6693	846	0	25910	3674	8549	3000433	39602	50000	1191	200000	1304555	31934029	88003441	2298	3974739	3020228	1938670
1789668683	45848	92.8	92.6	6727	3790	4479	7638	225	0	23624	3405	8534	3000076	38950	49927	1945	200000	1305418	31957030	88081620	2299	3976614	3021938	1939982
1789668710	45876	95.2	94.2	7278	2217	2927	7819	645	0	40916	3464	8330	2999848	39239	49991	1009	200000	1305841	31966082	88129369	2299	3980583	3024544	1941502
1789668740	45906	94.4	93.7	10178	2035	2660	9286	1139	0	15189	3492	8329	3000333	39388	50000	1166	200000	1306860	31987833	88208409	2298	3982482	3025835	1942832
1789668774	45940	96.0	95.2	7900	2098	1896	6613	665	0	68328	3519	8794	3000788	39692	50000	960	200000	1307709	32018321	88286641	2302	3985103	3028401	1944129
1789668801	45967	94.4	93.2	7250	2192	2457	8448	633	0	45056	3584	8320	3000425	39686	50000	1313	200000	1308378	32035624	88342153	2300	3987359	3029929	1945413
1789668832	45997	95.8	95.2	8462	4233	1692	6312	597	0	36671	3317	8113	3000613	40000	50000	638	200000	1309142	32063898	88409871	2300	3989963	3031844	1946774
1789668857	46023	92.4	91.7	7356	3432	2281	8436	584	0	14458	3482	5156	3000135	39869	50000	547	200000	1309881	32087074	88468632	2300	3992591	3033055	1948684
1789668889	46055	93.1	92.1	7044	2113	2482	7585	1207	0	17445	3492	11848	3000448	39873	50000	961	200000	1310471	32096563	88529905	2300	3995690	3034644	1951275
1789668917	46083	93.7	93.3	6542	3056	2736	9367	1069	0	24012	3488	5049	3000183	40000	50000	964	200000	1311103	32114169	88611066	2300	3998199	3036525	1952526
1789668950	46116	95.3	94.9	5837	4843	2098	6975	378	0	50458	3238	11113	3000024	40000	50000	940	200000	1311902	32126142	88709107	2300	4000566	3038909	1953700
1789668980	46145	94.5	94.1	8683	3509	2483	8879	448	0	61202	3149	7775	3000232	39949	50000	1136	200000	1312762	32139559	88786691	2302	4003095	3041092	1954370
1789669013	46179	95.9	95.3	9280	2656	3193	6630	1444	0	41618	3539	8533	3000163	39667	49865	1237	200000	1313866	32164078	88878765	2300	4005736	3042419	1955291
1789669041	46207	96.1	95.3	4895	4268	3015	8416	589	0	23712	3707	8446	3000084	39073	49994	1429	200000	1314563	32178384	88941573	2300	4007799	3043684	1957597
1789669075	46241	97.9	97.6	6694	3442	1164	6011	195	0	72290	3248	8101	3001175	40000	50000	735	200000	1315586	32209468	89031694	2300	4009857	3046195	1958678
1789669098	46264	95.3	93.7	10176	3824	2279	7842	80	0	35038	3314	4733	3000554	39101	50000	1227	200000	1316115	32223868	89077366	2300	4012254	3047691	1959730
1789669131	46297	96.6	95.7	8451	2630	2929	7031	1630	0	8493	3617	12324	3000304	39144	50000	971	200000	1316858	32245796	89133078	2300	4016008	3049326	1961815
1789669157	46323	97.6	97.1	6665	1515	3151	8906	1723	0	15286	3593	5198	3000105	39721	50000	829	200000	1317563	32263179	89203307	2300	4018527	3051105	1962954
1789669191	46357	94.9	94.3	6355	2631	2947	7977	1432	0	24342	3712	12150	3000140	39671	49989	980	200000	1318319	32276823	89275244	2300	4021122	3052880	1964824
1789669216	46382	86.6	86.2	8320	5751	3076	9921	1850	0	3248	3540	4798	2999905	39694	49745	831	200000	1319132	32290446	89352836	2300	4023192	3053537	1966893
1789669247	46412	98.1	98.1	15209	2599	995	6668	495	0	21670	3344	7727	3000390	40000	50000	222	200000	1320162	32306125	89464454	2306	4023966	3055430	1967271
1789669276	46442	92.2	89.3	9251	3761	2914	9622	1142	0	1909	3692	8950	3000116	39294	49964	1056	200000	1320861	32319473	89529054	2300	4027209	3056586	1969504
1789669314	46480	94.7	94.1	5628	1637	2051	7222	815	0	70781	3479	12322	3000500	39649	50000	943	200000	1321630	32339108	89600334	2304	4030202	3059349	1971266
1789669338	46504	90.4	89.6	8711	3568	3350	9597	736	0	16957	3328	4856	3000112	39618	50000	1610	200000	1322306	32351924	89665949	2299	4032957	3060622	1973178
1789669371	46537	94.1	91.9	7316	5042	4266	8073	2257	0	23297	3656	12417	2999958	38739	50000	1813	200000	1323021	32366763	89729247	2299	4036322	3062365	1974672
1789669397	46563	92.8	92.1	7058	1230	2399	9772	721	0	51544	3581	5326	3000054	39001	50000	1160	200000	1323533	32381563	89782381	2299	4038540	3064375	1977805
1789669431	46597	95.1	94.6	8879	3707	2550	7594	590	0	45075	3530	11354	3000301	39196	49938	1204	200000	1324317	32400860	89861130	2299	4040868	3066218	1978718
1789669465	46631	96.0	95.5	10830	3962	1525	8978	149	0	57200	3372	8235	3000672	40000	50000	1061	200000	1325442	32433588	89938261	2299	4043263	3069091	1979534
1789669493	46659	94.6	94.1	9588	4695	1452	5386	212	0	70110	3262	7781	3000382	40000	50000	833	200000	1326199	32450268	90004553	2299	4045580	3071037	1980337
1789669525	46691	94.3	93.8	8432	5461	1428	6978	193	0	63855	3625	8214	3000432	40000	50000	942	200000	1327149	32464198	90105550	2299	4047940	3073123	1981213
1789669555	46721	94.0	93.5	5765	4731	1422	5549	184	0	78438	3383	8017	3000384	40000	50000	802	200000	1328009	32481452	90182504	2299	4050338	3075172	1981881
1789669583	46749	94.2	93.8	11058	4317	1507	7092	127	0	86198	3272	7753	3000209	40000	50000	826	200000	1328823	32497191	90256777	2299	4052523	3077091	1982754
1789669608	46774	93.2	92.8	9924	4793	2096	5852	234	0	91879	3153	4379	3000179	39895	50000	1098	200000	1329517	32510153	90332810	2304	4054906	3078949	1983554
1789669640	46806	94.3	93.9	10973	3373	3040	7604	1333	0	54821	3321	8128	3000222	39723	49881	1257	200000	1330588	32525678	90439447	2300	4057457	3080182	1984183
1789669667	46833	92.5	91.9	9857	4244	3245	6467	1701	0	23421	3490	8324	2999328	39780	49915	1124	200000	1331120	32534664	90487931	2299	4059848	3081150	1986376
1789669696	46862	94.1	93.5	8071	5670	3112	8023	1651	0	25619	3324	7949	2999689	39327	50000	1322	200000	1332039	32549933	90574560	2299	4061955	3082792	1987646
1789669739	46905	96.4	96.1	8552	2672	1101	6903	105	0	84903	3422	11826	3000869	40000	50000	443	200000	1333287	32589934	90657266	2301	4064375	3086117	1988596
1789669757	46922	91.3	88.2	10800	5469	3684	8911	1933	0	21540	3457	4512	3000346	39275	50000	1511	200000	1333684	32604307	90688217	2301	4066646	3086509	1989070
1789669790	46956	95.2	94.7	8513	1913	1765	6459	351	0	37965	3424	8733	3000691	39847	50000	953	200000	1334540	32625203	90774296	2301	4068797	3089236	1991122
1789669820	46986	95.3	94.9	10383	3590	1286	7905	304	0	73619	3378	8101	3000248	40000	50000	731	200000	1335336	32645225	90851342	2302	4070971	3091055	1992173
1789669848	47014	93.9	93.3	6676	2174	1628	6764	147	0	54948	3276	7848	3000528	40000	50000	947	200000	1336071	32656992	90926523	2303	4073451	3093064	1993312
1789669877	47043	94.6	94.4	6466	5058	1867	8355	40	0	64977	3291	7933	3000083	40000	50000	983	200000	1336866	32677654	90989875	2301	4075798	3094700	1993958
1789669911	47077	96.0	95.6	9134	4914	1646	6084	278	0	52835	3511	8637	3000580	40000	50000	913	200000	1337927	32691093	91114193	2302	4078300	3096496	1995514
1789669939	47105	97.3	96.5	7001	3228	2366	8084	596	0	49492	3226	7817	3000253	39447	50000	1305	200000	1338676	32706708	91192157	2305	4081066	3098303	1996789
1789669973	47139	96.7	94.3	8395	3733	4001	7894	2239	0	25632	3617	11673	3000447	39285	50000	1617	200000	1339529	32727389	91261061	2305	4084694	3099863	1998375
1789670002	47168	97.5	96.6	6842	1510	2016	9321	488	0	59987	3420	8573	3000461	39300	50000	1085	200000	1340128	32744223	91322191	2308	4087020	3102632	2000469
1789670026	47192	96.5	95.9	5872	4058	2569	6990	429	0	31866	3030	4618	3000681	39631	50000	1202	200000	1340863	32768506	91370022	2306	4089222	3103887	2001524
1789670061	47227	96.0	95.5	8502	3496	1932	8758	611	0	71299	3148	11067	3000571	40000	50000	875	200000	1341737	32793241	91445233	2305	4091968	3106402	2002562
1789670088	47254	94.8	94.2	5661	2515	2074	6452	553	0	39025	3151	7794	3000208	39347	50000	1153	200000	1342444	32806000	91519651	2304	4094448	3108150	2004100
1789670120	47286	88.9	87.3	7653	3924	4167	8107	487	0	14683	3274	8032	2999620	38885	49845	1471	200000	1343360	32828806	91579762	2304	4097337	3109876	2005298
1789670150	47315	94.4	93.9	5253	3910	3629	7495	1285	0	989	3076	7779	2999862	39478	50000	895	200000	1344129	32847291	91650806	2304	4100792	3111654	2006535
1789670180	47345	94.5	94.2	6438	5838	3894	9333	993	0	5723	3337	7698	2999435	39721	50000	1273	200000	1344990	32865655	91733434	2304	4103208	3113493	2007612
1789670209	47374	94.4	93.5	6595	2420	3963	7679	2059	0	484	3354	7854	2999184	39911	49917	1172	200000	1345709	32878334	91812478	2304	4105469	3115104	2009655
1789670240	47405	94.5	94.4	6980	3990	3659	9376	1240	0	9086	3306	7617	2998682	39889	49948	1019	200000	1346581	32892552	91915527	2304	4108005	3117092	2010123
1789670268	47434	94.1	93.7	8255	2540	4392	7649	618	0	1035	3174	7692	2998324	39306	49783	1490	200000	1347486	32906732	91998029	2304	4110220	3118485	2012089
1789670296	47462	95.8	95.0	6196	3024	2711	8624	1026	0	15106	3402	8082	3000148	39571	49987	840	200000	1347835	32912451	92048613	2304	4112272	3120757	2013303
1789670327	47493	94.2	93.0	9168	5882	3564	7341	2072	0	28711	3347	8082	3000338	39550	50000	1292	200000	1348756	32936496	92120839	2305	4114819	3122332	2013786
1789670362	47528	95.6	95.1	7742	2071	1769	8639	179	0	73953	3385	8175	3000916	39797	50000	1122	200000	1349670	32956563	92203343	2307	4116956	3125496	2015218
1789670391	47557	94.9	94.4	8710	4554	1870	5694	147	0	67473	3025	7367	3000839	39947	50000	1213	200000	1350483	32987041	92252798	2304	4119359	3127504	2015976
1789670419	47585	95.1	94.6	5568	4548	1760	7153	53	0	36888	3069	7492	3000718	39919	50000	1232	200000	1351236	33006116	92321664	2304	4121849	3129668	2016723
1789670447	47613	95.5	94.9	10844	1864	1494	5411	396	0	20043	3099	7628	3000802	40000	50000	580	200000	1352040	33026244	92385142	2304	4124722	3131665	2017637
1789670476	47642	93.9	93.7	7430	2006	960	6825	449	0	8752	3128	7637	3000296	40000	50000	185	200000	1352868	33045192	92460774	2310	4127133	3133682	2018686
1789670509	47674	91.8	91.2	6452	4485	3094	7087	1109	0	1489	3466	11514	2999824	39888	49917	791	200000	1353418	33055139	92515861	2305	4130702	3135013	2021358
1789670537	47702	93.4	93.1	6692	5208	3322	8796	1203	0	10898	3450	8402	2999607	39749	49917	1050	200000	1354044	33068833	92586357	2304	4132960	3136618	2022763
1789670569	47734	95.2	94.7	9204	2311	2192	7538	212	0	69606	3726	8645	3000271	39459	50000	1077	200000	1354772	33077552	92679331	2305	4135529	3139584	2023817
1789670598	47764	93.8	92.9	9524	5328	3758	9393	1646	0	44731	3321	8082	3000274	39489	50000	1699	200000	1355689	33095565	92776804	2304	4138168	3140603	2024373
1789670627	47793	91.3	90.4	5403	1746	3019	7729	1104	0	27472	3857	8982	3000103	39090	50000	1361	200000	1356245	33111199	92812792	2307	4141567	3143119	2027501
1789670656	47822	93.4	93.0	8475	3360	3492	9381	917	0	11542	3258	8098	3000040	38656	49972	1308	200000	1357031	33125675	92889402	2306	4144202	3144630	2028680
1789670688	47853	92.3	91.4	6505	3140	2802	8485	988	0	44324	3494	8805	3000011	38641	50000	1253	200000	1357609	33145506	92944557	2304	4147019	3146845	2031075
1789670717	47883	94.4	94.0	6479	3076	3070	9986	1489	0	20005	3355	8067	3000097	39202	50000	1020	200000	1358359	33168486	93011912	2308	4149332	3148215	2031950
1789670746	47912	92.4	91.7	7731	1822	3090	7989	992	0	24890	3578	8935	3000016	39775	50000	1305	200000	1358972	33185598	93061966	2304	4152577	3150202	2034270
1789670777	47942	94.2	93.0	6644	3079	3092	9905	1541	0	18278	3571	8999	3000003	39683	49993	1166	200000	1359689	33209643	93113100	2308	4155271	3151713	2036266
1789670807	47973	94.4	93.9	7147	6064	3492	8160	1524	0	15309	3277	8038	3000109	39730	49912	1101	200000	1360532	33226941	93200880	2304	4157762	3153780	2037112
1789670838	48004	93.6	93.3	8017	2388	3953	10050	2236	0	3535	3353	7713	3000034	39370	50000	1273	200000	1361446	33247292	93303653	2304	4160145	3155086	2038290
1789670868	48034	94.5	94.4	6865	3877	3826	7190	997	0	14149	3229	7681	2999807	40000	49773	1209	200000	1362293	33265183	93386673	2304	4162710	3157253	2039019
1789670897	48062	95.1	94.7	9027	3757	3121	8329	1339	0	1428	3225	8028	2999920	39847	49951	786	200000	1363086	33284183	93460140	2304	4164384	3158735	2040410
1789670926	48092	94.4	93.9	7690	3332	2664	6950	1213	0	21388	3587	8312	3000018	39618	50000	1032	200000	1363735	33295595	93532379	2304	4166746	3160497	2042276
1789670956	48122	94.4	93.9	7168	3969	2905	8680	1029	0	39477	3536	8264	2999884	39326	50000	1027	200000	1364345	33308092	93595201	2305	4169279	3162708	2043377
1789670986	48152	95.2	93.8	8119	5210	3335	6956	1601	0	24606	3472	8422	3000100	38943	50000	1213	200000	1365246	33332419	93663541	2304	4171497	3163942	2044208
1789671023	48189	90.2	89.6	6707	2522	1911	8521	524	0	48666	3847	9265	3000641	39665	50000	980	200000	1366084	33355824	93745136	2295	4173615	3165794	2046738
1789671051	48217	94.9	92.7	5450	2134	1551	6040	371	0	27755	3753	8419	3000318	39672	50000	535	200000	1366750	33371549	93801961	2295	4176291	3167451	2048433
1789671080	48246	91.4	90.9	7345	4462	3020	8844	1297	0	4581	3439	8335	3000023	39836	50000	658	200000	1367369	33389057	93856656	2295	4179756	3168768	2050159
1789671111	48277	97.6	97.3	6770	4797	1132	6095	334	0	21917	3367	7777	3000271	40000	50000	341	200000	1368412	33405903	93968973	2295	4180668	3170457	2051492
1789671138	48304	92.9	92.3	7477	3061	1228	7903	536	0	17414	3365	4701	3000337	39952	50000	440	200000	1369198	33417165	94054382	2295	4183100	3172086	2052857
1789671175	48341	95.1	94.8	13311	3733	1188	6086	400	0	56149	3312	11192	3000173	40000	50000	510	200000	1370270	33437709	94160725	2298	4185384	3173867	2054063
1789671201	48367	93.1	91.2	4740	2409	2877	8643	357	0	13553	3561	8231	3000252	39395	50000	1140	200000	1370755	33447805	94217811	2295	4188578	3175260	2055769
1789671229	48395	93.8	93.1	9497	2205	2926	7092	1053	0	10424	3392	8163	3000141	39535	49980	542	200000	1371266	33461749	94263120	2295	4191389	3177094	2057323
1789671260	48426	93.4	92.4	7725	3545	3947	9137	2103	0	5199	3317	7913	2999807	39392	50000	1411	200000	1372148	33483263	94362670	2295	4193788	3178662	2058476
1789671287	48453	94.2	93.6	9070	2980	3244	6988	1354	0	57005	3514	4921	3000227	39338	50000	1348	200000	1372788	33491733	94443124	2296	4196304	3181180	2059535
1789671316	48482	94.6	94.0	6987	5594	3292	8455	1638	0	40427	3315	8010	3000151	39379	49847	1405	200000	1373647	33519668	94508027	2299	4198722	3183089	2060384
1789671351	48517	94.7	93.7	9009	2221	2867	7293	666	0	24765	3556	11958	3000288	39620	49983	1419	200000	1374413	33539642	94581727	2295	4201054	3184661	2062885
1789671380	48545	92.6	91.1	6227	2517	3318	9383	1479	0	6331	3606	8400	3000129	39174	50000	1182	200000	1375142	33556075	94638287	2295	4204368	3186659	2064689
1789671408	48574	94.3	93.4	6048	3748	3197	7762	1846	0	12262	3271	8062	3000371	39634	50000	1103	200000	1375885	33574915	94691563	2295	4206955	3188345	2065820
1789671438	48604	93.6	92.7	8771	2826	3537	9533	1889	0	8542	3521	8115	3000033	39541	50000	1268	200000	1376747	33588883	94779970	2295	4209395	3190126	2066969
1789671466	48632	93.9	93.5	10183	1637	2713	7058	1225	0	32294	3330	4754	2999433	39653	50000	880	200000	1377612	33602705	94873680	2296	4211633	3192510	2068177
1789671500	48666	95.4	93.3	9932	4259	4094	8894	1989	0	3234	3477	11118	2999132	39667	49865	1398	200000	1378701	33624298	94972261	2295	4214102	3194228	2068911
1789671527	48692	93.2	92.8	9010	3122	3685	7411	2189	0	688	3333	4724	2998677	39448	50000	1057	200000	1379387	33637148	95038993	2295	4216695	3195662	2070527
1789671555	48721	97.8	97.8	10114	4792	1101	7422	727	0	4925	3403	7610	3000566	40000	50000	171	200000	1380527	33655237	95138643	2299	4217443	3197785	2071048
1789671587	48753	93.8	92.7	9159	2634	1530	6381	810	0	22412	3513	8392	3000381	40000	50000	345	200000	1381362	33676914	95215050	2295	4220246	3199725	2072150
1789671616	48781	89.8	87.1	7322	2319	2997	8941	1482	0	2174	4194	9202	3000087	39294	50000	1048	200000	1381917	33693420	95259257	2295	4223452	3201287	2074030
1789671646	48812	91.9	89.8	6512	1649	2735	7861	1067	0	11511	3623	9015	3000034	38441	49983	1202	200000	1382496	33707492	95298365	2295	4227038	3204310	2075765
1789671676	48842	93.2	92.1	5552	1391	2847	10141	443	0	12383	3689	8902	3000047	38412	50000	1145	200000	1383001	33721183	95331747	2295	4230421	3206789	2077536
1789671708	48874	95.0	94.5	6175	3325	1581	8141	713	0	31416	3393	8455	3000781	39191	50000	536	200000	1383981	33736221	95424015	2296	4233007	3209149	2078785
1789671740	48906	92.5	92.1	6091	4070	3325	10945	704	0	14514	3441	11450	2999885	39209	49935	1102	200000	1384623	33750085	95496016	2295	4236114	3210467	2081426
1789671771	48937	96.6	96.2	6993	2965	3367	8104	792	0	32908	3415	8561	3000092	39367	49794	1196	200000	1385434	33762288	95586481	2295	4239260	3212518	2083247
1789671798	48964	95.3	94.3	6024	3751	2505	9551	1076	0	8380	3541	8337	3000106	39058	50000	1161	200000	1386110	33775250	95656092	2295	4241005	3213580	2085548
1789671828	48994	94.2	93.9	6967	1581	3249	8041	601	0	35837	3093	7881	3000335	38894	49933	1328	200000	1386826	33789619	95734641	2295	4244119	3215491	2087247
1789671857	49023	95.8	95.0	5568	2838	2406	9448	835	0	34009	3172	7899	3000441	39327	50000	1067	200000	1387526	33806222	95822871	2297	4246168	3217038	2088782
1789671889	49054	93.8	93.0	7135	3204	2514	7385	949	0	32847	3080	7987	3000719	39185	50000	1130	200000	1388271	33828049	95898904	2297	4249158	3219196	2090388
1789671917	49083	84.9	84.4	5508	4008	2342	9169	1024	0	23360	3272	7977	3000119	39232	50000	1070	200000	1388843	33843554	95949322	2297	4251547	3220751	2092405
1789671949	49115	92.7	91.6	6990	3188	3320	7736	1557	0	16772	3197	7979	3000460	39410	50000	1241	200000	1389613	33869220	96008430	2297	4254846	3222897	2093793
1789671978	49144	93.6	93.1	5824	3676	3691	9726	2094	0	19399	3182	7399	3000206	39456	50000	1349	200000	1390419	33887132	96082407	2297	4257554	3224478	2095016
1789672007	49172	94.7	94.2	5615	2870	3925	7561	2060	0	12136	3061	7220	2999845	39633	49920	1231	200000	1391275	33903203	96163336	2297	4260134	3226748	2096085
1789672037	49202	94.9	94.8	5763	5250	4129	9310	728	0	895	3030	7236	2998743	39430	49935	1209	200000	1392198	33921240	96250045	2297	4262195	3227838	2098069
1789672067	49232	94.9	94.2	7373	3131	2826	7343	1227	0	35646	2969	7409	3000054	39787	50000	1101	200000	1392900	33931286	96340172	2297	4264447	3230143	2099210
1789672098	49263	94.9	94.5	6466	3583	2646	8995	1129	0	63501	3009	7125	3000201	39780	50000	975	200000	1393836	33951835	96426997	2297	4266900	3232366	2099883
1789672130	49295	94.3	93.8	8885	6448	4127	7014	2141	0	3254	3059	10258	2999087	39519	49954	1485	200000	1394828	33971704	96518050	2299	4269434	3233979	2100583
1789672159	49325	93.8	93.4	7189	2552	2916	8715	927	0	38919	3271	7915	2999370	39376	49922	1139	200000	1395376	33985207	96561475	2299	4271709	3235838	2102722
1789672188	49354	95.4	94.8	10379	2607	2839	6773	1215	0	23968	3162	7758	3000028	39412	50000	1263	200000	1396314	34002269	96652934	2299	4273714	3237153	2104226
1789672220	49386	94.7	94.3	7123	2610	1749	8121	560	0	47186	3350	8171	3000516	39696	50000	861	200000	1397234	34024826	96730784	2299	4276158	3239896	2105218
1789672252	49418	92.5	92.2	7119	3109	3884	6565	118	0	20713	3216	7737	3000012	39473	49945	1895	200000	1398036	34046302	96823250	2299	4278730	3241618	2106621
1789672281	49447	98.2	97.8	7838	3649	1420	7682	660	0	20390	2997	7199	3000614	40000	50000	359	200000	1398833	34064448	96915664	2306	4281192	3243602	2107348
1789672309	49475	92.7	92.2	6223	5099	3308	6417	212	0	10415	3127	7692	3000068	39498	50000	1533	200000	1399499	34077027	96983365	2297	4283733	3244990	2108946
1789672336	49502	93.2	92.0	4839	2114	2602	8373	829	0	13941	3659	8863	3000028	39522	50000	1006	200000	1399947	34082014	97039065	2297	4286512	3246918	2111217
1789672366	49532	93.7	93.3	8506	2515	3077	7112	789	0	31879	3416	8237	3000028	40000	50000	1461	200000	1400690	34100085	97102981	2297	4288992	3248998	2112151
1789672399	49564	94.5	94.1	6019	3396	3767	9062	260	0	28029	3476	8369	3000024	39201	49974	1683	200000	1401641	34117768	97210367	2298	4291826	3250720	2114686
1789672427	49593	94.9	94.4	7247	3280	4104	7909	1149	0	8485	3213	7668	3000025	39533	49785	1409	200000	1402448	34133569	97290138	2297	4295427	3252439	2115865
1789672456	49622	95.1	94.3	10785	2522	3938	9404	1031	0	1872	3431	7984	2999855	39436	49953	1313	200000	1403177	34156525	97359402	2308	4297823	3254449	2116765
1789672487	49652	93.9	92.3	6511	4711	3816	7215	2190	0	1030	3464	7953	2999686	39559	50000	1137	200000	1403956	34171251	97448321	2308	4300140	3256358	2118143
1789672517	49683	93.5	93.4	9794	2874	4419	9020	630	0	8067	3155	7432	2999782	39503	49826	1755	200000	1404826	34195439	97529999	2309	4302730	3258455	2118708
1789672547	49713	91.5	90.2	5487	1859	2926	7691	1256	0	23439	3533	8609	3000137	39772	49864	1160	200000	1405383	34210942	97577847	2308	4304921	3259983	2121985
1789672576	49742	94.0	93.4	6134	3544	2516	9293	768	0	28358	3138	7729	3000279	39963	50000	1067	200000	1406218	34226946	97658206	2308	4307256	3261959	2123449
1789672607	49773	94.3	93.4	7218	2496	1899	7831	753	0	36312	3354	8363	3000416	39922	50000	758	200000	1407084	34250893	97727861	2309	4309920	3264067	2125088
1789672637	49803	95.8	95.0	6939	2242	3222	10460	1716	0	3922	3489	11743	2999809	39365	50000	1143	200000	1407872	34263262	97797541	2306	4313333	3265467	2127539
1789672671	49837	98.4	98.1	8058	1596	1365	7441	102	0	97891	3203	8007	3000205	40000	50000	787	200000	1408877	34284165	97893591	2313	4315864	3269133	2128235
1789672699	49864	96.5	95.1	6944	5066	3204	9494	1070	0	32993	3278	7557	3000062	39337	49999	1398	200000	1409701	34298820	97980584	2307	4318427	3270119	2128992
1789672730	49896	98.2	96.8	6737	3254	1688	6809	124	0	75039	3691	8379	3000295	39404	50000	926	200000	1410654	34317953	98068309	2306	4320820	3272768	2130404
1789672760	49925	95.0	94.7	7494	4705	1787	8522	105	0	67753	3396	7595	3000431	40000	49859	1137	200000	1411432	34333626	98140049	2306	4323152	3274690	2131516
1789672792	49957	94.4	94.0	7928	5398	1488	6765	43	0	58576	3187	7546	3000186	40000	50000	970	200000	1412354	34352241	98241676	2309	4325563	3276673	2132596
1789672820	49986	90.2	89.7	8468	5813	1258	8216	184	0	77118	3335	7492	3000396	39970	50000	744	200000	1413059	34365665	98315425	2315	4327824	3278643	2133441
1789672847	50013	94.0	93.2	5580	3629	3071	6118	1165	0	51294	3236	7633	3000627	39862	50000	1387	200000	1413763	34386341	98372008	2307	4330278	3279770	2134197
1789672878	50044	94.4	93.9	5666	3985	1758	8254	336	0	79524	3489	8214	3000137	39669	50000	811	200000	1414459	34401685	98485084	2310	4332609	3281358	2136986
1789672906	50072	94.2	93.7	5973	4610	2051	6683	72	0	67419	3167	7735	3000345	39623	49951	1081	200000	1415364	34421904	98579633	2306	4334671	3282520	2138388
1789672938	50104	92.9	92.3	5243	3067	1897	8690	530	0	23717	3200	7661	3000092	39020	50000	684	200000	1416244	34432976	98706048	2306	4337508	3284224	2140948
1789672967	50133	95.9	95.6	8398	4001	1070	5746	244	0	23255	3094	7461	3000666	39195	50000	394	200000	1417078	34457698	98778426	2307	4339350	3286141	2141787
1789672999	50165	95.3	95.0	7679	6213	1211	7388	113	0	33960	3199	7673	3001353	40000	50000	771	200000	1418027	34480682	98866432	2308	4341553	3288343	2142511
1789673031	50197	94.4	94.1	10083	3408	1552	5767	118	0	64670	3388	7535	3000578	40000	50000	940	200000	1418997	34503875	98959165	2317	4344071	3290610	2143006
1789673059	50225	94.8	94.1	7487	4366	1670	7217	92	0	41859	3466	7605	3000726	39737	50000	1003	200000	1419770	34522171	99041665	2312	4346342	3292444	2144015
1789673088	50254	94.7	94.3	7468	1983	1191	5578	249	0	43213	3259	7642	3000584	40000	50000	633	200000	1420638	34543190	99130363	2307	4348750	3294433	2144927
1789673119	50284	94.7	94.2	7544	5720	1490	7318	219	0	44968	3284	7545	3000508	40000	50000	849	200000	1421448	34562686	99210278	2311	4351305	3296634	2145621
1789673152	50318	95.9	95.5	7514	5172	1150	5763	113	0	30332	3238	10806	3000658	40000	50000	795	200000	1422419	34589127	99299671	2306	4353705	3298125	2147306
1789673180	50345	90.0	88.6	5254	2653	3262	8568	2065	0	3229	3575	8363	3000166	39142	50000	911	200000	1422820	34598445	99350259	2306	4357578	3299823	2148819
1789673210	50376	93.9	92.4	10051	2792	4142	7449	2220	0	20098	3295	8131	3000017	39031	50000	1770	200000	1423721	34625245	99403539	2306	4360203	3302045	2149544
1789673246	50412	96.8	96.5	6907	2658	1583	8528	376	0	83640	3195	8401	3000555	40000	50000	917	200000	1424755	34655586	99481996	2316	4362393	3305353	2150973
1789673272	50438	94.9	94.3	9199	2296	1466	6557	78	0	37505	3249	7579	3000804	40000	50000	991	200000	1425477	34671319	99551308	2307	4364750	3307358	2152088
1789673303	50469	95.0	94.1	13443	3464	1417	8083	136	0	75670	3409	8264	3000766	40000	50000	784	200000	1426394	34693266	99634595	2326	4367230	3309560	2152624
1789673333	50499	95.7	95.3	9621	4721	1261	5689	202	0	66177	3401	7953	3000260	40000	50000	780	200000	1427336	34710774	99720859	2311	4369504	3311633	2153506
1789673364	50530	95.2	94.8	7637	2264	1495	7420	152	0	88955	3432	8024	3000337	40000	50000	873	200000	1428219	34724959	99807057	2327	4371963	3313778	2154098
1789673392	50557	94.1	93.5	7884	5448	2999	5984	555	0	36597	3375	7794	3000245	39705	50000	1431	200000	1428946	34741072	99872858	2309	4374386	3315005	2154834
1789673423	50589	94.4	94.1	10305	3424	1738	7712	313	0	104221	3401	8316	3000292	40000	49869	950	200000	1429931	34759935	99957305	2322	4376808	3317401	2156431
1789673452	50617	94.4	94.0	6265	5899	3127	6422	1009	0	35405	3499	8075	3000390	39724	49865	1344	200000	1430683	34772764	100047966	2308	4379247	3318426	2157388
1789673483	50649	94.3	93.6	11590	3068	1732	8100	286	0	53193	3838	8901	3000470	40000	50000	868	200000	1431607	34791952	100137917	2308	4381467	3320422	2159663
1789673509	50675	92.8	91.2	4735	3208	1846	6243	132	0	48316	3527	5138	3000501	39815	50000	1106	200000	1432302	34807074	100209629	2308	4383739	3322262	2160766
1789673539	50705	97.5	97.1	7299	5295	1247	7671	125	0	85607	3579	8543	3000031	40000	50000	744	200000	1433086	34826737	100282104	2316	4386192	3324409	2161570
1789673567	50733	97.6	96.3	10455	3244	2141	6051	37	0	60747	3732	8589	3000366	40000	49673	1276	200000	1433863	34841720	100361682	2308	4388576	3325964	2162429
1789673601	50766	97.5	97.3	5852	5111	1392	7703	114	0	54582	3667	9105	3000333	40000	49887	844	200000	1434954	34853296	100484347	2318	4390902	3327834	2164236
1789673631	50797	95.9	95.4	8632	4800	1534	6144	29	0	77307	3566	8161	3000560	40000	50000	1081	200000	1435812	34869602	100564896	2329	4393311	3330012	2165028
1789673662	50828	97.8	97.5	10067	3207	1101	7634	48	0	99539	3558	8192	3000425	40000	50000	656	200000	1436912	34893596	100646642	2326	4395783	3332164	2165760
1789673688	50854	97.7	96.5	9191	3900	3250	6138	1097	0	27430	3264	7602	3000239	39827	49909	1293	200000	1437619	34908198	100720316	2312	4398236	3333040	2166431
1789673719	50885	91.8	90.6	6795	4761	3093	7781	1210	0	46762	3443	8245	3000335	39446	49941	1356	200000	1438476	34925030	100805524	2314	4400781	3335086	2167519
1789673750	50916	95.5	95.1	6701	4413	1529	5920	449	0	79422	3410	8462	3000536	39801	50000	704	200000	1439361	34949066	100875860	2312	4403319	3337895	2168718
1789673778	50944	94.1	93.6	7328	1688	2371	7900	455	0	56836	3412	7935	3000322	39743	50000	1067	200000	1440049	34964492	100954150	2314	4405635	3339103	2169944
1789673808	50974	92.1	91.6	6584	4360	3437	7549	542	0	22624	3399	8172	3000000	39296	49878	1478	200000	1440879	34978299	101046185	2312	4408399	3340654	2172168
1789673837	51002	98.4	97.8	9373	5018	981	8156	377	0	27299	3308	7658	3000774	40000	50000	246	200000	1441833	35004160	101123391	2319	4409988	3342552	2173078
1789673866	51032	92.0	91.0	5877	3610	3019	7574	1896	0	1751	3108	7873	3000395	39457	50000	692	200000	1442402	35022611	101168696	2312	4414123	3344625	2174484
1789673898	51064	95.5	95.3	15204	3190	4603	8107	242	0	9282	3244	7664	2999607	38868	49801	1865	200000	1443466	35058582	101248935	2320	4415178	3346584	2175008
1789673926	51092	94.5	93.4	6951	1821	2492	7155	555	0	87955	3324	8384	3000098	39029	50000	1025	200000	1443927	35066473	101296454	2316	4419447	3350055	2176152
1789673960	51126	96.2	94.5	13204	6017	3048	8660	1629	0	13858	3508	11586	3000223	39408	50000	999	200000	1445100	35096291	101382467	2312	4421479	3350960	2177043
1789673994	51159	94.5	94.1	10472	2039	1811	7102	582	0	53889	3407	8297	3000715	39846	50000	827	200000	1445904	35111086	101471004	2312	4424039	3353389	2179171
1789674021	51186	94.9	94.4	7364	2190	1808	8943	547	0	51367	3273	7847	3000329	39951	50000	849	200000	1446720	35122428	101544277	2314	4426505	3355254	2180507
1789674050	51216	95.7	95.3	7248	4700	1417	6863	232	0	43820	3303	7780	3000605	39845	50000	836	200000	1447555	35138500	101632394	2317	4428499	3357119	2181514
1789674083	51248	94.1	93.4	9765	5000	1160	8483	191	0	54333	3510	8501	3000424	40000	50000	593	200000	1448661	35160986	101723378	2323	4430998	3359197	2182430
1789674109	51274	92.6	92.0	6038	3607	2005	6086	242	0	47255	3406	7758	3000134	39510	49989	1351	200000	1449307	35170705	101782316	2314	4433390	3361372	2183046
1789674139	51305	95.5	95.3	9040	3630	1379	7339	187	0	57021	3277	8128	3000263	40000	50000	768	200000	1450259	35192324	101860148	2312	4435806	3363318	2183999
1789674169	51334	93.8	93.2	6682	2877	1952	5889	136	0	35672	3311	7901	3000492	39861	50000	1213	200000	1450991	35208513	101947873	2312	4438460	3365574	2184916
1789674200	51366	95.6	94.5	10590	3740	1558	7125	184	0	39996	3636	8271	3000339	40000	50000	747	200000	1451909	35231631	102038326	2313	4440821	3367431	2185900
1789674230	51396	94.2	93.9	9222	4026	1295	5760	368	0	31845	3415	8198	3000079	40000	50000	553	200000	1452736	35243651	102122861	2313	4443535	3369404	2186985
1789674258	51424	94.0	93.6	8933	5006	1342	7390	111	0	70062	3961	8697	3000407	40000	50000	738	200000	1453478	35254395	102200318	2319	4445621	3371571	2187554
1789674288	51454	93.3	92.8	6720	5237	2288	6027	470	0	65118	3445	8323	3000532	40000	49967	1270	200000	1454298	35272111	102275500	2312	4448177	3373551	2188412
1789674320	51486	93.4	93.0	6415	2794	2762	7892	304	0	43108	3736	8543	3000134	39627	49998	1458	200000	1455287	35289084	102368578	2312	4450637	3375227	2189830
1789674347	51513	95.6	95.3	5591	3618	1639	6125	514	0	36620	3346	4745	3000016	40000	50000	671	200000	1456266	35311286	102460654	2312	4453066	3377201	2190859
1789674376	51542	95.7	92.8	6898	4448	1066	7810	72	0	20909	4339	9214	3000796	39807	50000	416	200000	1457042	35326629	102558484	2312	4455177	3378363	2193506
1789674407	51573	92.5	91.8	8755	2247	3735	7946	1380	0	5517	4332	9388	3000067	39011	50000	1149	200000	1457705	35340418	102626972	2314	4459725	3380449	2194223
1789674438	51604	97.1	95.8	10616	3517	4341	8486	432	0	2962	3692	8677	2999752	39101	49955	1519	200000	1458688	35363370	102717784	2320	4460850	3382384	2195153
1789674467	51632	96.7	93.8	6753	2918	4230	7425	2329	0	37	3993	9274	2998783	38626	50000	1569	200000	1459324	35373267	102789313	2316	4464754	3384117	2197055
1789674497	51663	95.7	95.3	6789	2329	2662	8913	1049	0	45419	3969	9248	3000037	38617	49995	1004	200000	1460015	35387235	102851113	2316	4467134	3386675	2198646
1789674527	51692	96.7	95.9	8271	4464	3692	7719	1554	0	27634	3566	8564	3000138	38597	50000	1660	200000	1460903	35413890	102914970	2316	4469665	3388311	2199470
1789674561	51727	96.0	95.8	7718	3342	1749	9119	354	0	76236	3635	8924	3000965	39744	50000	821	200000	1461921	35445722	102979600	2317	4472197	3391364	2200658
1789674587	51753	92.8	91.8	8168	3746	2800	6333	376	0	19095	3763	8424	3000396	39088	50000	1471	200000	1462342	35455107	103026833	2316	4474352	3392872	2202119
1789674619	51785	92.0	91.8	7224	4193	1659	7697	838	0	26779	3655	8793	3000767	39850	50000	442	200000	1463275	35478462	103096242	2323	4477371	3394993	2203214
1789674646	51812	93.2	92.0	5540	3270	3096	6921	1232	0	2563	3799	8780	2999945	39701	49992	964	200000	1463822	35487173	103166512	2320	4480269	3396165	2205062
1789674677	51842	93.1	92.6	7529	3751	3116	9248	1296	0	25463	3895	8900	3000160	39221	50000	1032	200000	1464517	35497585	103254710	2320	4483103	3397845	2207168
1789674709	51875	93.5	92.8	6211	2098	2269	8280	933	0	53094	3862	9502	3000090	39334	50000	984	200000	1465240	35510139	103333229	2320	4485914	3399869	2209849
1789674741	51907	94.4	94.0	6826	3105	2637	10280	733	0	39649	3654	8809	3000104	39495	50000	1195	200000	1466105	35525568	103417547	2320	4488444	3401870	2211177
1789674771	51937	95.7	95.4	7367	4382	1243	7065	297	0	56064	3530	8302	3000386	39814	50000	677	200000	1467022	35543744	103508510	2320	4490238	3403329	2212845
1789674796	51962	91.8	91.0	5521	3357	1703	9006	170	0	78986	3435	4828	3000219	39527	50000	930	200000	1467666	35557586	103582056	2322	4492550	3405162	2213866
1789674832	51998	95.3	94.8	10075	5309	1430	6705	67	0	96967	3589	11966	3000373	40000	50000	704	200000	1468665	35575423	103677062	2322	4494952	3407087	2214822
1789674856	52022	93.0	92.7	9542	5444	1882	8642	583	0	108790	3639	4988	3000009	40000	49969	731	200000	1469323	35585270	103746620	2330	4497430	3408708	2215843
1789674887	52053	95.1	95.1	12675	8933	4217	7277	934	0	2324	3426	7715	2998450	39229	49920	1479	200000	1470533	35605345	103875780	2332	4499945	3409266	2216380
1789674915	52081	94.3	93.4	8153	2729	2790	8788	1653	0	4981	3745	8701	2998730	39471	49958	993	200000	1471257	35615083	103956753	2331	4501804	3410553	2219117
1789674946	52112	94.5	93.4	6957	2236	2549	7222	1020	0	49514	3467	8299	3000048	39401	50000	1072	200000	1471980	35626299	104035474	2331	4504113	3412981	2220109
1789674981	52147	95.5	95.0	9027	3487	2355	8847	174	0	76528	3395	8298	3000325	39845	50000	1236	200000	1472982	35649595	104138331	2333	4506480	3415716	2220930
1789675012	52178	95.3	94.9	8211	3967	1521	6258	218	0	87006	3401	8286	3000434	40000	50000	857	200000	1474004	35670413	104228707	2336	4508849	3417968	2221761
1789675040	52206	93.0	92.3	7261	5300	3402	8201	1083	0	46380	3489	8092	3000453	39525	50000	1572	200000	1474658	35687781	104303086	2329	4511413	3418869	2222423
1789675069	52235	92.7	91.3	5414	2618	2791	6953	1109	0	55238	4072	9182	3000168	39031	50000	1296	200000	1475312	35701234	104373143	2329	4513939	3420540	2225047
1789675098	52264	94.4	93.9	6468	3375	2895	9019	837	0	30136	3723	8603	3000157	39188	49994	1333	200000	1476017	35713053	104455350	2327	4516397	3421914	2227524
1789675127	52293	93.8	93.0	6501	3425	2956	8256	631	0	15520	3446	8367	3000024	38481	50000	1441	200000	1476782	35726336	104529559	2327	4519205	3423583	2229403
1789675157	52323	94.6	93.5	6378	1954	3005	10227	1423	0	41810	3667	9216	3000288	38510	50000	1294	200000	1477505	35747938	104583036	2327	4522436	3425710	2230730
1789675189	52354	95.7	95.2	5858	2746	1525	6973	448	0	56534	3623	8478	3000348	38941	50000	694	200000	1478342	35766714	104652789	2327	4524819	3428571	2231819
1789675218	52383	93.6	93.1	7062	2721	1742	8737	359	0	66880	3433	8139	3000694	39696	50000	1070	200000	1478919	35791018	104683996	2335	4526991	3430468	2232851
1789675249	52415	94.9	94.5	7329	1550	1789	6479	263	0	44421	3300	7961	3000503	40000	50000	997	200000	1479803	35808740	104786454	2328	4529289	3432227	2234027
1789675283	52449	96.3	95.7	9403	4464	1457	8028	168	0	37346	3409	8291	3000375	40000	50000	825	200000	1480920	35829425	104909033	2338	4531809	3434166	2235153
1789675307	52473	94.9	93.7	5243	2769	1449	5565	373	0	18045	3555	4892	3000292	40000	50000	516	200000	1481668	35846204	104966790	2336	4534351	3435988	2236271
1789675336	52502	97.4	96.8	8600	2288	1058	7018	580	0	7556	3596	8384	3000409	40000	50000	155	200000	1482549	35860492	105049260	2333	4536653	3437932	2237196
1789675370	52536	96.0	95.6	6029	4717	4133	7623	831	0	1379	3578	11903	2999324	39447	49852	1226	200000	1483382	35879279	105138517	2327	4540620	3439402	2239356
1789675401	52567	94.6	94.2	6234	4375	4016	9285	992	0	4088	3529	8302	2998859	39141	49974	1311	200000	1484133	35891444	105237228	2327	4543108	3441299	2240016
1789675430	52596	94.6	94.0	8072	1975	4233	7837	932	0	1308	3698	8760	2999033	39118	49948	1344	200000	1484976	35907481	105324729	2327	4545394	3442830	2241587
1789675460	52626	95.8	94.7	7988	1880	3639	9259	1927	0	5140	3442	8448	2999983	39645	50000	1136	200000	1485720	35922899	105395334	2329	4547793	3445223	2242869
1789675491	52656	95.3	94.9	9235	4429	3812	7451	2250	0	1778	3542	8378	2999011	40000	50000	1141	200000	1486609	35941751	105481129	2330	4550292	3447012	2243765
1789675516	52682	88.0	88.0	10761	2468	4044	9114	775	0	1587	3622	4833	2998592	39581	49922	1486	200000	1487405	35953655	105559313	2330	4552705	3448697	2244686
1789675546	52712	94.3	93.9	6270	4879	3834	7442	945	0	3548	3658	8600	2998572	39470	49942	939	200000	1488249	35965738	105651508	2329	4554664	3450115	2246921
1789675577	52743	93.3	92.4	8191	3024	3491	9381	1796	0	12617	3536	8644	2999589	39319	49984	1228	200000	1489006	35978910	105743958	2327	4557116	3451936	2248478
1789675606	52772	95.7	95.2	6980	3289	3895	7627	1990	0	6807	3121	7438	2999366	39358	49945	1284	200000	1489844	35993517	105826950	2326	4559637	3453982	2249222
1789675635	52801	93.5	93.0	8923	2558	2955	9427	1743	0	12050	3374	8053	2999545	39606	49849	1077	200000	1490642	36011420	105897024	2326	4561733	3455194	2251444
1789675668	52834	93.7	93.3	6554	2706	2868	7339	1318	0	50944	3329	7989	3000093	39692	50000	1224	200000	1491542	36023340	106016415	2327	4564260	3457502	2252532
1789675696	52862	93.2	92.7	7178	1995	2909	9445	760	0	15490	3439	8231	3000027	39678	50000	1279	200000	1492226	36037800	106076388	2326	4566867	3459063	2254819
1789675731	52897	94.6	92.8	5962	3188	3879	8060	1708	0	17754	3446	11937	3000127	39273	50000	1587	200000	1493018	36057691	106143524	2329	4570264	3461130	2255968
1789675760	52926	93.0	92.4	7597	2592	3698	9853	1590	0	32592	3402	7944	3000270	39266	50000	1571	200000	1493658	36068613	106217866	2326	4572882	3463250	2257552
1789675793	52959	95.2	94.7	7513	3569	1488	6910	123	0	66125	3197	8225	3001120	40000	50000	922	200000	1494798	36095020	106290446	2326	4575134	3466548	2258797
1789675819	52985	94.4	93.5	6121	1978	2170	8630	234	0	54192	3198	7534	3000763	39513	50000	1338	200000	1495427	36110697	106328776	2325	4577627	3468460	2259640
1789675851	53016	94.9	94.4	7612	4739	1385	6467	215	0	69899	3435	8440	3000716	40000	50000	624	200000	1496349	36132873	106419166	2334	4580160	3470312	2260646
1789675879	53045	93.3	92.6	8645	3067	2283	8583	734	0	33654	3166	7686	3000241	39414	50000	1297	200000	1497105	36141491	106514222	2326	4582745	3472160	2261994
1789675907	53073	92.8	92.4	6452	2017	3620	7075	961	0	14940	3441	8081	3000198	39334	50000	1227	200000	1497905	36159482	106569991	2326	4586329	3474071	2262915
1789675938	53103	93.6	92.9	6333	3748	3684	8816	2082	0	7027	3303	7828	2999685	39675	50000	1078	200000	1498732	36178276	106649077	2326	4588829	3476089	2263906
1789675966	53132	92.8	92.7	6102	3433	4365	7462	1006	0	1884	3286	7835	2998474	39532	49792	1425	200000	1499682	36196092	106727751	2326	4591266	3477599	2264885
1789675996	53161	94.6	94.0	5760	4292	2898	8602	1508	0	10625	3468	8191	3000172	39952	50000	924	200000	1500393	36210922	106788329	2326	4593351	3479759	2266476
1789676026	53191	93.7	93.2	5828	2894	3611	7401	1819	0	36691	3415	8300	2999182	39422	50000	1537	200000	1501304	36226723	106874989	2326	4595970	3481812	2267456
1789676059	53225	95.0	93.2	6080	3900	2535	8982	870	0	50296	3884	8860	3000279	39598	50000	1258	200000	1502114	36249464	106955205	2326	4598202	3484036	2269376
1789676088	53254	94.2	93.7	8659	2594	2411	7199	745	0	29297	3442	8424	3000366	40000	50000	1136	200000	1502849	36267502	107023137	2326	4600778	3485700	2270931
1789676121	53287	93.6	92.9	7602	3899	3216	9543	1768	0	17845	3333	11463	3000167	39888	50000	1139	200000	1503639	36285237	107105365	2326	4604102	3487479	2272483
1789676146	53312	93.3	92.8	7303	2654	3391	7455	1661	0	29636	3390	4895	3000064	39829	49501	1360	200000	1504328	36301844	107170050	2326	4606623	3489262	2273994
1789676182	53348	94.7	93.5	5292	4716	3086	9499	1213	0	46319	3459	11808	3000161	39463	49982	1420	200000	1505227	36314160	107275548	2326	4609021	3491078	2276229
1789676210	53376	94.6	94.0	5708	4056	2390	7742	734	0	55747	3256	8080	3000342	39569	50000	1161	200000	1505843	36324909	107352583	2326	4611551	3493004	2277852
1789676240	53406	96.2	95.5	7787	3188	2926	9809	827	0	15775	3493	8305	3000119	39243	50000	1369	200000	1506669	36339860	107450567	2326	4614238	3494459	2279942
1789676269	53435	97.0	96.8	7235	4282	3690	7985	520	0	25458	3318	7965	3000132	39315	49887	1466	200000	1507457	36354860	107534693	2326	4617502	3496202	2281695
1789676296	53461	97.1	95.6	5505	2687	2567	9037	1028	0	13759	3275	8014	3000152	39188	50000	958	200000	1508032	36365039	107613424	2326	4619384	3497892	2283277
1789676327	53493	95.2	94.5	6157	1936	2832	7577	856	0	38656	3441	8892	3000433	39461	49902	1245	200000	1508843	36383640	107683424	2326	4622545	3500324	2285214
1789676357	53523	94.5	94.0	6015	3683	1951	9139	722	0	38239	3481	8425	3000574	39805	50000	860	200000	1509631	36400969	107762782	2326	4624773	3501656	2287085
1789676387	53553	93.1	92.4	6570	2600	4021	7583	633	0	12009	3598	8410	3000011	38769	49990	1673	200000	1510387	36414047	107838692	2326	4627513	3503467	2288661
1789676415	53581	89.4	87.3	7699	2278	3353	10080	1756	0	2584	3308	8194	3000379	38758	50000	1121	200000	1510977	36435333	107877042	2327	4630790	3504931	2290548
1789676447	53613	94.2	93.7	7693	2629	3473	7343	1695	0	40704	3298	7955	3001012	39951	50000	1446	200000	1511762	36459541	107927699	2326	4633393	3507445	2291008
1789676482	53647	94.3	93.8	6752	2564	2313	9378	798	0	55529	3522	11914	3000120	39739	49930	998	200000	1512516	36474563	108008867	2326	4635674	3509278	2293758
1789676511	53677	94.4	93.7	8020	4038	2758	7439	448	0	33872	3259	8023	3000217	39384	50000	1274	200000	1513355	36486246	108105081	2326	4637923	3510503	2295337
1789676541	53707	94.4	93.9	8561	2650	1431	8939	225	0	56371	3170	8076	3000465	39786	50000	847	200000	1514270	36501931	108184940	2327	4640200	3512924	2296771
1789676568	53734	94.1	93.7	5733	4479	2417	6530	910	0	52355	3072	7541	3000553	39901	49969	1030	200000	1514963	36516087	108251978	2326	4642562	3514385	2297592
1789676599	53765	94.0	93.4	7826	3684	1603	8474	161	0	55853	3354	7973	3000201	39682	50000	1034	200000	1515808	36529382	108365971	2326	4644957	3516230	2299928
1789676628	53794	94.6	94.2	8087	3199	1717	6175	95	0	53121	3184	7544	3000395	40000	50000	786	200000	1516765	36547274	108440527	2333	4647257	3517808	2300581
1789676657	53823	93.9	93.2	7962	3733	2108	7998	525	0	29158	3300	7782	3000292	39473	50000	1160	200000	1517468	36561476	108536886	2326	4649546	3519170	2302219
1789676688	53853	94.3	93.9	5807	3489	975	5762	253	0	26143	3400	7848	3000656	40000	50000	339	200000	1518353	36585224	108615149	2326	4651625	3520734	2304019
1789676718	53883	93.5	92.8	7633	4660	1412	7622	281	0	24272	3475	8032	3000314	40000	50000	538	200000	1519122	36598659	108691607	2326	4654180	3522530	2305061
1789676750	53916	94.9	94.3	12723	1917	937	5834	225	0	40727	3596	8279	3000034	40000	50000	330	200000	1520113	36622870	108785410	2326	4656079	3524386	2306073
1789676779	53945	93.2	92.8	7649	5307	2024	7743	319	0	30241	3368	7759	3000116	40000	50000	934	200000	1520901	36634423	108873608	2326	4658477	3525972	2307709
1789676808	53974	93.9	93.3	6347	2587	1845	6002	600	0	33953	3850	8334	3000386	40000	50000	638	200000	1521630	36646912	108955974	2324	4660962	3527607	2309082
1789676838	54004	92.7	92.3	5529	2643	3893	7987	495	0	18933	3184	7675	3000176	39723	49807	1299	200000	1522445	36663005	109039322	2324	4663825	3529582	2310187
1789676867	54033	97.8	97.1	9250	3426	1154	5367	604	0	9278	3634	8208	3000479	40000	50000	280	200000	1523305	36681694	109122759	2326	4665535	3531570	2311007
1789676899	54065	92.9	92.4	7234	5556	3777	7527	564	0	10645	3524	8204	2999530	39423	49922	1364	200000	1524129	36696055	109222627	2325	4668482	3533548	2311997
1789676931	54097	96.0	95.4	7891	4127	3725	6885	1094	0	6265	3534	11544	2999412	39585	49960	1348	200000	1524990	36713686	109298297	2324	4671708	3535490	2312887
1789676956	54122	92.7	92.2	6657	3472	4041	8449	891	0	4632	3730	5078	2999822	39498	49894	1533	200000	1525663	36729181	109361432	2324	4674054	3537453	2313765
1789676986	54152	94.3	92.4	9173	2593	3500	7067	1786	0	9553	3647	8725	2999917	39536	50000	1095	200000	1526392	36741819	109418389	2325	4676660	3539843	2314757
1789677016	54182	94.1	94.0	9888	4697	4439	8932	650	0	2621	3399	8187	2999139	38815	49961	1727	200000	1527486	36768676	109497484	2327	4679202	3541578	2315606
1789677047	54213	94.7	92.5	7302	1726	2041	7068	586	0	77422	3794	9137	3000161	38999	50000	1038	200000	1527932	36782112	109537150	2324	4681316	3544284	2317713
1789677076	54242	94.1	93.6	9816	5595	2710	8609	602	0	55242	3549	8315	3000502	39598	50000	1343	200000	1528868	36809718	109595177	2324	4683590	3545867	2318501
1789677114	54280	96.7	95.7	10081	4510	1694	6785	174	0	49161	3536	12010	3000903	40000	50000	1121	200000	1529952	36836149	109687218	2325	4686051	3548718	2319378
1789677144	54310	97.8	97.5	6237	2149	1380	8187	188	0	70409	3364	8068	3000308	40000	50000	732	200000	1530890	36860288	109775141	2335	4688559	3550860	2320053
1789677168	54334	96.9	96.4	9375	3739	1482	5588	154	0	24740	3406	4726	3000419	39709	50000	811	200000	1531716	36872826	109846643	2328	4690954	3552694	2321050
1789677202	54367	97.2	96.7	6105	4767	1269	7086	406	0	38510	3397	11434	3000508	39941	50000	465	200000	1532706	36889547	109935645	2328	4693429	3554715	2321858
1789677232	54398	95.8	95.4	6083	3230	3942	6608	287	0	1735	3468	8515	2999225	39473	49949	1017	200000	1533526	36903599	110035299	2325	4696458	3556098	2323762
1789677261	54427	93.9	93.4	6737	3313	3952	8310	520	0	4876	3612	8203	2998869	39480	49769	1312	200000	1534316	36916245	110117932	2326	4698782	3557814	2325353
1789677289	54455	95.8	95.4	7326	5696	1179	6084	528	0	18702	3480	4750	3000504	40000	50000	398	200000	1535205	36935927	110227451	2325	4700627	3559646	2326391
1789677317	54483	88.5	88.0	6861	2413	1331	7868	112	0	23110	3428	8101	3000424	39626	50000	544	200000	1535844	36950886	110288071	2323	4703126	3561257	2327945
1789677347	54513	94.7	94.3	10611	5123	1400	5785	224	0	26467	3506	8331	3000581	40000	50000	834	200000	1536638	36970106	110358575	2328	4705045	3563232	2328861
1789677379	54545	94.1	93.7	12308	3727	1478	7353	261	0	44847	4034	8984	3000505	40000	50000	771	200000	1537531	36986220	110444558	2339	4707518	3565303	2329523
1789677407	54572	95.4	94.8	7055	3745	1464	5429	216	0	29691	3537	8081	3000692	40000	50000	866	200000	1538263	37004574	110510550	2328	4709800	3567270	2330462
1789677439	54605	95.1	94.5	11863	3057	1486	6905	199	0	26654	3750	8775	3000273	40000	50000	757	200000	1539260	37025566	110595016	2335	4712221	3569299	2331270
1789677469	54635	95.5	94.5	6693	3041	1249	5604	421	0	20352	3626	8553	3000232	40000	50000	436	200000	1540123	37042855	110680358	2338	4714912	3571207	2332434
1789677501	54666	94.3	93.9	9339	5169	1023	7249	300	0	21393	3528	8203	3000255	40000	50000	375	200000	1541078	37061886	110781546	2335	4717157	3572974	2333606
1789677532	54697	94.1	93.6	8504	3695	1126	6045	523	0	25500	3736	8333	3000610	40000	50000	384	200000	1541962	37078032	110862006	2334	4719713	3574910	2334765
1789677557	54723	93.2	92.7	7198	2919	986	7805	374	0	18692	3580	4993	3000398	40000	50000	74	200000	1542721	37094017	110950495	2329	4721868	3576350	2336348
1789677587	54753	93.8	93.3	6611	3294	1210	6068	567	0	22622	3488	8324	3000593	40000	50000	460	200000	1543490	37107288	111038327	2331	4724443	3578122	2337725
1789677620	54786	91.9	91.0	6207	2895	3213	8894	1114	0	900	3869	12566	2999890	39076	49986	926	200000	1544112	37116728	111105488	2329	4727752	3579544	2340124
1789677652	54818	93.8	93.0	6327	2470	3137	7420	1321	0	26429	3772	9135	3000510	39391	49997	1360	200000	1544674	37133982	111157452	2331	4730742	3581624	2342025
1789677677	54842	95.0	94.1	6976	2479	2213	8833	618	0	45273	3536	5177	3000231	39314	50000	821	200000	1545268	37146801	111219019	2331	4733001	3583510	2343600
1789677712	54878	94.0	93.4	5943	2969	2102	7100	66	0	23637	3665	12230	3000641	39319	50000	1268	200000	1546159	37165992	111295174	2331	4735533	3585922	2345090
1789677746	54912	96.1	94.7	11151	5982	1629	8420	422	0	40477	3754	8973	3001005	40000	50000	627	200000	1547229	37196778	111377130	2347	4738163	3587758	2345905
1789677766	54932	89.4	88.0	5243	2382	3162	6597	1795	0	8515	3642	5143	3000119	38980	50000	1000	200000	1547551	37203573	111412349	2339	4741870	3589513	2347425
1789677796	54962	94.3	93.8	10770	4553	3997	8499	2233	0	3662	3372	7785	3000118	39378	50000	1261	200000	1548511	37228082	111482505	2345	4744525	3591634	2348038
1789677826	54992	94.8	94.3	5359	3396	2929	7288	1421	0	25425	3579	8555	2999639	39702	49931	1061	200000	1549252	37242028	111549386	2344	4746663	3593409	2350180
1789677855	55021	94.2	93.8	6831	3501	3583	9019	1880	0	26638	3469	7973	2999047	39706	49799	1513	200000	1550133	37254283	111645722	2346	4749069	3595178	2351099
1789677887	55053	95.6	95.1	5636	2445	1665	7276	352	0	91408	3791	8952	3000122	39991	50000	851	200000	1550873	37266914	111727032	2351	4751221	3598212	2352237
1789677919	55085	93.4	92.6	10604	3979	3240	9096	1217	0	35458	3600	8524	3000089	39717	50000	1419	200000	1551940	37284838	111833868	2345	4753615	3599394	2352912
1789677950	55116	94.8	92.8	10054	3531	2294	6775	846	0	43763	4150	9690	3000379	40000	50000	1102	200000	1552637	37298603	111916279	2345	4756180	3601359	2354958
1789677981	55146	93.4	93.0	6724	2923	3228	9422	359	0	32438	3621	8627	3000054	39340	50000	1373	200000	1553416	37316984	111994222	2345	4759364	3602914	2357163
1789678008	55173	97.6	96.7	5224	2918	2829	7448	1066	0	21824	3540	8697	3000076	39249	50000	981	200000	1554041	37330157	112056892	2345	4761681	3604672	2358370
1789678038	55203	98.0	97.5	5475	2871	1596	9374	244	0	61340	3621	8918	3000273	39701	50000	1050	200000	1554927	37350650	112116580	2345	4764069	3607511	2359887
1789678069	55235	96.4	96.2	9156	4212	1910	6561	271	0	42864	3445	8116	3000032	40000	50000	805	200000	1555930	37375186	112212447	2345	4766415	3609058	2360775
1789678100	55266	95.4	94.9	7744	2519	1925	8514	521	0	47018	3636	8545	3000273	39881	50000	939	200000	1556749	37384542	112322834	2346	4769024	3610672	2362408
1789678132	55298	92.2	90.7	7415	4648	4244	7920	922	0	11322	3712	8656	2999888	39319	49885	1519	200000	1557496	37405896	112403692	2345	4773020	3612203	2364102
1789678162	55327	97.4	96.8	9091	3544	1599	7935	759	0	15275	3341	7837	3000610	39887	50000	404	200000	1558365	37421171	112501585	2345	4774048	3614269	2365057
1789678192	55358	94.8	94.4	8635	2543	1056	5931	347	0	16972	3299	7888	3000517	40000	50000	59	200000	1559296	37437288	112597270	2345	4775940	3615912	2366429
1789678217	55383	87.2	86.6	4974	3325	1405	7735	711	0	20112	3564	4899	3000450	40000	50000	345	200000	1559927	37446968	112668164	2345	4778609	3617669	2367781
1789678253	55419	91.8	91.5	7276	2969	4277	6622	225	0	12618	3335	11154	2998869	39350	49784	1367	200000	1560826	37465214	112755212	2345	4781297	3619470	2369040
1789678282	55448	95.2	94.6	9253	3700	4120	8239	462	0	17505	3270	7866	3000126	39483	49955	1655	200000	1561505	37476979	112822071	2345	4783620	3621419	2370153
1789678311	55477	94.6	94.0	8135	4447	4096	6139	624	0	12657	3407	7940	2999532	39167	49966	1529	200000	1562396	37498785	112894661	2345	4786150	3623469	2370947
1789678340	55506	94.6	93.6	8112	2798	3685	8775	2267	0	6869	3333	8096	3000353	39559	49997	1209	200000	1563070	37521223	112940255	2345	4789741	3625611	2371889
1789678371	55536	95.2	95.2	9282	2160	4169	5942	578	0	5351	3478	7794	2999465	38952	49957	1515	200000	1564017	37550404	113005774	2345	4791039	3627798	2372525
1789678400	55566	94.8	94.0	9454	3543	3970	8796	1125	0	2126	3285	8014	2999656	39195	49928	1176	200000	1564852	37566953	113088262	2343	4794603	3629568	2373680
1789678428	55594	95.2	94.4	8912	3129	3688	7304	2004	0	1922	3251	7828	3000130	39616	49980	1194	200000	1565609	37589188	113138347	2343	4796849	3631663	2374859
1789678457	55623	93.6	93.2	7361	4548	3536	8931	2189	0	9539	3691	8201	3000030	39798	50000	1141	200000	1566390	37602059	113219031	2343	4799261	3633515	2375731
1789678489	55654	94.6	94.2	8870	2443	3837	7061	2042	0	10194	3441	8072	2998897	39375	49983	1286	200000	1567355	37624246	113302701	2335	4801667	3635750	2376578
1789678519	55685	94.2	93.9	7448	4589	3861	8686	2168	0	926	3231	7705	2999168	39567	49883	1037	200000	1568168	37642795	113389130	2335	4803987	3637377	2378036
1789678549	55715	94.6	94.5	5794	4770	3789	7485	1195	0	6880	3363	7700	2998514	39617	49676	1009	200000	1569136	37662015	113471303	2335	4806477	3639358	2378705
1789678578	55744	97.7	97.4	8011	5702	904	7492	279	0	12311	3261	7541	3000333	40000	50000	45	200000	1570105	37677211	113588450	2336	4806781	3640833	2379983
1789678608	55774	90.9	89.6	4860	3237	2605	6990	1092	0	4958	3592	8683	3000028	39290	49986	827	200000	1570515	37685505	113639787	2335	4810545	3642550	2382300
1789678639	55805	92.6	92.1	9840	2547	2701	9306	654	0	40284	3534	8528	3000038	39353	49916	1111	200000	1571272	37704598	113701749	2335	4813399	3644656	2383889
1789678669	55835	94.7	94.1	9604	2408	3057	7047	936	0	27967	3582	8507	2999951	39493	49986	1292	200000	1572118	37725066	113776954	2339	4815501	3646002	2385168
1789678700	55866	94.8	94.1	9626	2737	1866	8587	517	0	59671	3632	8728	3000384	39457	50000	947	200000	1572887	37743464	113838813	2337	4817815	3648266	2386849
1789678731	55897	94.7	94.4	6662	3484	902	6572	133	0	33582	3349	8143	3000119	40000	50000	486	200000	1573762	37761088	113933228	2337	4820021	3649879	2388659
1789678762	55927	92.6	91.5	5815	3411	1885	8568	189	0	36745	3631	8492	3000266	40000	50000	1064	200000	1574505	37770592	114020024	2337	4822549	3651718	2389811
1789678792	55958	94.6	94.2	8702	5743	1818	6264	201	0	54937	3576	8195	3000527	40000	50000	771	200000	1575409	37788459	114111895	2340	4824966	3653355	2391154
1789678819	55985	93.6	93.1	6338	2383	1485	8081	306	0	32504	3574	4888	3000388	39840	50000	511	200000	1576244	37799715	114216913	2337	4827638	3655094	2392600
1789678847	56013	94.8	94.3	8161	4708	1438	5750	363	0	19365	3593	8178	3000598	39852	50000	544	200000	1577002	37812460	114303455	2340	4829842	3657058	2393250
1789678878	56044	94.1	93.7	8698	5460	1278	7229	358	0	25415	3607	8513	3000737	40000	50000	449	200000	1577860	37831637	114382115	2339	4832157	3659106	2394072
1789678908	56073	97.3	96.8	9652	3836	1448	5332	333	0	26183	3549	8214	3000575	40000	50000	619	200000	1578669	37846556	114465544	2338	4834515	3661177	2394808
1789678938	56104	97.6	96.8	10721	3812	1056	6786	265	0	32829	3702	8627	3000395	40000	50000	369	200000	1579745	37862937	114555663	2342	4836770	3663204	2395672
1789678967	56133	94.1	93.1	5579	2982	3060	6699	1431	0	11854	3511	8485	3000446	39649	50000	876	200000	1580318	37877251	114599204	2337	4840881	3665462	2396679
1789678995	56161	98.8	98.1	14095	2341	934	6856	321	0	7559	3738	8368	3000829	40000	50000	232	200000	1581306	37913228	114658403	2339	4841504	3667220	2397344
1789679026	56192	97.2	94.7	6187	1690	2894	6943	1201	0	41130	3832	9215	3000101	38810	50000	1117	200000	1581805	37924889	114717546	2339	4845770	3669744	2399103
1789679056	56222	95.3	94.9	9147	1716	3056	8547	1368	0	38353	3469	8270	3000353	39567	50000	1161	200000	1582691	37951961	114778841	2339	4848201	3671739	2399737
1789679086	56252	94.9	94.3	10092	5579	3693	7049	1898	0	4816	3544	8335	3000109	39494	50000	1300	200000	1583641	37973378	114861645	2339	4850585	3673315	2400382
1789679117	56283	90.6	88.9	8693	4399	3609	8614	1897	0	3659	4072	9024	3000053	39670	50000	1149	200000	1584430	37990707	114922347	2339	4853031	3675344	2401434
1789679148	56314	94.4	93.8	10215	4485	3965	7482	2396	0	11968	3595	8603	2999227	38996	50000	1441	200000	1585400	38013095	114999270	2339	4855628	3677051	2402816
1789679179	56345	95.2	95.1	10185	3093	3003	8757	1944	0	8696	3580	8520	2999634	39508	50000	640	200000	1586211	38025059	115090978	2339	4857942	3679134	2403756
1789679210	56376	94.0	93.9	11334	5518	4326	7788	895	0	936	3520	8376	2998730	39482	49768	1585	200000	1587268	38050023	115176362	2341	4860464	3680927	2404478
1789679238	56404	94.8	94.2	10136	2268	3744	9099	1527	0	2402	3443	4820	2999373	39517	49917	1028	200000	1588007	38060906	115275881	2341	4862958	3683146	2405279
1789679269	56435	98.4	97.7	13572	2962	1215	5708	180	0	40682	3531	8369	3000503	40000	50000	573	200000	1589112	38084014	115382826	2352	4863273	3685221	2405959
1789679299	56465	94.4	93.9	7434	4884	1662	7660	221	0	21797	3365	8192	3000395	39907	50000	1040	200000	1589872	38098177	115458376	2339	4865889	3687302	2406860
1789679329	56495	96.1	95.9	13401	2637	1214	5813	205	0	57444	3439	8232	3000145	40000	50000	730	200000	1590759	38119424	115535979	2347	4868074	3689452	2407527
1789679359	56524	93.9	93.2	7849	2417	2015	7658	129	0	40215	3487	8164	3000535	39741	50000	1310	200000	1591471	38134266	115608052	2347	4870696	3691646	2408276
1789679389	56555	94.8	82.9	9511	2262	1405	5558	230	0	52302	3839	9054	3000598	40000	50000	709	200000	1592424	38161107	115677651	2340	4872974	3693525	2409114
1789679421	56587	91.5	89.0	7360	3979	3845	8130	467	0	8750	4272	9286	2998747	39761	49884	1126	200000	1593196	38176198	115758415	2340	4876604	3695179	2411050
1789679453	56619	97.8	97.6	13213	1770	1186	6023	445	0	39959	3489	8197	3000196	40000	50000	338	200000	1594336	38189022	115874984	2357	4878220	3697455	2411680
1789679485	56650	93.8	92.9	6505	3906	1203	7933	108	0	44590	3731	8681	3000511	40000	50000	526	200000	1595262	38203026	115973579	2348	4880905	3699348	2412976
1789679505	56671	94.0	93.3	9411	2646	1866	6090	63	0	50583	3738	4924	3000368	39919	50000	837	200000	1595591	38216334	115995121	2345	4882701	3700676	2413698
1789679539	56704	93.0	92.4	9284	3086	1804	8143	770	0	19878	3599	8585	3000549	39707	50000	621	200000	1596579	38230014	116116615	2340	4885825	3702450	2415996
1789679567	56733	95.2	94.8	7271	2674	965	5654	338	0	19761	3397	8135	3000665	39969	50000	343	200000	1597375	38247711	116185398	2340	4887699	3704309	2417097
1789679595	56761	94.1	92.8	7797	2654	1230	7563	676	0	5009	3703	8698	3000540	39826	50000	251	200000	1598122	38260162	116258405	2341	4890472	3706212	2418319
1789679628	56793	90.8	90.5	8136	3125	4300	7974	692	0	1973	3627	8698	2998793	39064	49937	1376	200000	1598972	38277425	116338902	2339	4894338	3707682	2420454
1789679657	56823	94.8	93.7	7096	1859	2559	9282	930	0	59734	3845	8837	3000014	38798	50000	1177	200000	1599545	38285864	116410407	2339	4896532	3710262	2421670
1789679686	56852	95.9	93.8	8359	3610	2856	7267	826	0	40274	4006	8725	3000273	39085	50000	1256	200000	1600317	38302838	116489656	2339	4898911	3712161	2422496
1789679720	56886	94.3	93.8	6739	3294	1995	8993	238	0	64932	3488	8601	3000506	39737	50000	1257	200000	1601271	38325376	116565834	2348	4901353	3714921	2423894
1789679751	56917	95.1	94.4	10871	5780	1556	5926	139	0	48055	3531	8408	3000914	40000	50000	974	200000	1602192	38351957	116643121	2343	4903727	3716793	2424874
1789679781	56947	94.9	94.4	8950	3389	1486	7414	223	0	46651	3577	8399	3000618	40000	50000	767	200000	1603007	38374887	116713200	2342	4906183	3718745	2425923
1789679813	56979	96.1	95.1	9658	3026	1192	5680	182	0	50380	3513	8628	3000370	40000	50000	539	200000	1604080	38394908	116802727	2342	4908693	3720798	2426871
1789679841	57007	98.2	96.8	4802	2766	1847	7567	262	0	39188	3780	8794	3000290	40000	50000	1007	200000	1604785	38408494	116874845	2341	4911076	3722738	2427735
1789679868	57034	96.4	95.8	9219	3787	2089	6309	182	0	22272	3756	5191	3000158	39874	49984	1155	200000	1605657	38424758	116970787	2348	4913830	3724031	2429591
1789679897	57063	96.9	96.5	5621	3152	1223	8038	360	0	20892	3620	8570	3000383	40000	50000	140	200000	1606371	38436491	117060573	2341	4916091	3725730	2431881
1789679930	57096	96.0	95.7	7333	5023	1162	6690	351	0	40715	3598	8693	3000498	40000	50000	392	200000	1607380	38449922	117194826	2343	4918577	3727485	2433003
1789679958	57124	92.6	91.8	9576	2407	2336	9198	812	0	15933	3625	8729	3000079	39341	50000	578	200000	1608024	38460473	117261479	2341	4921742	3728964	2434692
1789679988	57154	92.9	92.5	10190	2571	3327	7552	576	0	18775	3699	8867	3000148	39291	49978	1441	200000	1608757	38477257	117330541	2344	4924651	3730618	2436526
1789680016	57182	87.2	86.1	5127	2535	3056	9652	1378	0	27008	3834	9291	2999488	38908	50000	1048	200000	1609133	38485798	117365741	2341	4927463	3732618	2438670
1789680046	57212	94.7	94.5	10374	3696	2774	8275	1671	0	17954	3909	8453	3000052	39969	50000	679	200000	1610074	38509875	117447999	2341	4929497	3733852	2440030
1789680077	57242	94.7	93.8	6918	4829	3784	10506	1970	0	18830	3527	8148	2998658	39208	50000	1424	200000	1610984	38521484	117556994	2341	4932193	3735672	2441177
1789680111	57277	95.0	94.6	8160	2398	2317	7985	618	0	63548	3540	8627	3000168	39558	50000	1165	200000	1611828	38534294	117670278	2341	4934425	3737658	2443983
1789680137	57303	94.1	93.7	7464	4868	2250	9432	875	0	58701	3378	7877	3000054	39225	50000	940	200000	1612270	38542530	117740474	2343	4936450	3738769	2445307
1789680166	57332	93.8	93.3	8785	2781	2314	7572	378	0	43029	3629	8096	2999957	39104	50000	1301	200000	1613086	38556368	117821724	2343	4938743	3740664	2447119
1789680198	57363	95.9	95.5	5773	3747	1606	8860	351	0	46468	3175	7896	3000569	39538	50000	797	200000	1614167	38576569	117915795	2342	4941128	3742471	2448205
1789680227	57393	92.7	92.1	6182	3007	3216	7262	980	0	11109	3302	7922	2999841	39547	49949	914	200000	1614969	38589126	117988008	2341	4944653	3744232	2449571
1789680256	57422	96.8	96.6	11463	3703	1285	8043	198	0	28609	3281	7674	3000505	40000	50000	458	200000	1615957	38604288	118086380	2341	4945985	3746312	2450787
1789680292	57457	92.6	91.9	7704	4416	3893	6658	695	0	10515	3451	11272	2999547	38674	49986	1562	200000	1616773	38621454	118170228	2341	4949158	3748097	2452190
1789680319	57485	94.0	93.0	5452	5007	3070	9067	1892	0	3735	3263	7975	3000148	39153	50000	1037	200000	1617458	38642944	118226733	2341	4952257	3749733	2453723
1789680348	57514	93.0	92.2	8212	2339	3132	6710	1504	0	28281	3346	7620	2999952	38761	50000	1138	200000	1618163	38662177	118279262	2341	4954632	3751968	2454924
1789680376	57542	94.8	94.4	5731	2954	2331	8143	824	0	38081	3377	8099	3000229	39049	50000	978	200000	1618822	38676097	118346660	2341	4956837	3754144	2455898
1789680408	57573	93.8	93.4	7807	5002	2706	6696	766	0	34677	3618	8301	3000448	39611	50000	1123	200000	1619710	38702570	118409590	2341	4959084	3756048	2456776
1789680439	57605	94.2	93.9	6796	2704	1290	8494	98	0	95360	3569	8468	3000403	40000	50000	806	200000	1620682	38718066	118501742	2355	4961399	3758350	2458399
1789680469	57635	93.4	92.9	10187	4496	3019	6950	1112	0	42464	3337	7717	3000403	39684	49831	1420	200000	1621481	38732393	118601043	2341	4963912	3759541	2459468
1789680497	57662	93.7	93.1	6870	2535	2505	8806	460	0	54822	3403	7948	3000231	39421	49919	1285	200000	1622141	38742746	118691973	2341	4966038	3760862	2462008
1789680530	57695	95.3	95.2	9057	3919	1105	6446	223	0	88171	3271	7818	3000426	39842	50000	596	200000	1623190	38758491	118807054	2344	4968396	3763124	2463105
1789680557	57723	93.5	92.9	7501	4719	2812	8375	912	0	41716	3168	7502	3000211	39653	49966	1210	200000	1623981	38773425	118892245	2341	4970800	3764561	2463840
1789680585	57751	92.9	92.2	6085	3898	2059	6801	87	0	48569	3298	7603	3000054	39175	50000	1284	200000	1624696	38785743	118972469	2341	4973098	3766158	2466106
1789680619	57785	95.8	95.4	7608	4332	979	8176	189	0	25405	3364	8092	3000710	39508	50000	636	200000	1625867	38816641	119071348	2341	4975492	3767439	2468315
1789680646	57811	94.6	93.8	7076	2051	1351	7066	807	0	7636	3239	7845	3000590	39245	50000	319	200000	1626513	38828804	119149935	2345	4978334	3769427	2469535
1789680681	57847	96.9	96.8	8699	2777	4412	9042	258	0	2741	3154	10628	2998865	39350	49599	1500	200000	1627566	38854588	119247507	2342	4980703	3771162	2470707
1789680707	57873	95.4	94.6	6504	4324	3232	6799	2035	0	3974	3062	7365	3000039	39766	50000	944	200000	1628082	38862955	119319138	2341	4984384	3773015	2472058
1789680739	57905	96.4	96.4	10548	1899	4244	8749	844	0	7470	3144	7531	2998599	39317	49854	1499	200000	1629200	38882461	119440939	2341	4986997	3775197	2472451
1789680769	57935	96.2	95.5	7418	4518	3174	6458	1168	0	773	3252	7752	2999627	39616	49983	744	200000	1629977	38894387	119540727	2341	4988505	3776603	2474859
1789680797	57962	94.0	93.2	5711	3992	2911	8390	1075	0	5061	3365	8030	2999762	39452	50000	1030	200000	1630579	38903897	119618606	2341	4991030	3778197	2476270
1789680828	57994	93.5	92.6	6277	2354	2965	7957	1370	0	44079	3301	8191	3000065	39036	49974	1144	200000	1631409	38918513	119695512	2342	4994072	3780458	2478167
1789680858	58024	95.8	95.2	6015	3957	1678	9280	304	0	55058	3433	8249	3000293	39298	50000	1019	200000	1632371	38932740	119782931	2344	4995902	3782617	2479857
1789680891	58056	95.7	95.3	7710	4929	1318	7005	162	0	64093	3313	8077	3000800	39896	50000	775	200000	1633308	38950843	119886593	2349	4998339	3784762	2480685
1789680917	58083	89.2	87.2	8543	3739	3004	8937	81	0	40754	3639	7824	3000400	39169	50000	1593	200000	1633949	38968642	119933826	2341	5000870	3785967	2481448
1789680949	58115	94.1	93.5	6559	2774	1777	6703	287	0	30714	3478	8554	3000732	39104	50000	746	200000	1634834	38984204	120035233	2344	5003578	3787430	2484496
1789680977	58142	92.3	91.4	6558	2569	3465	9199	1352	0	11420	3309	8011	3000072	38161	50000	1406	200000	1635422	38998953	120092392	2341	5006705	3788886	2486248
1789681006	58172	94.0	93.6	5466	2198	2956	7865	857	0	44037	3166	7949	3000137	38367	49997	1196	200000	1636109	39017424	120146664	2339	5009407	3791551	2487652
1789681041	58207	94.1	93.6	6482	4498	2112	10120	854	0	53487	3144	11023	3000286	38855	50000	992	200000	1637036	39044389	120212280	2339	5012157	3793703	2489531
1789681072	58238	95.7	95.4	7668	4208	1606	7002	291	0	51621	3128	7749	3000442	39226	50000	965	200000	1637994	39055737	120325338	2340	5014283	3795933	2490499
1789681103	58269	94.6	94.4	7802	2475	1148	8475	117	0	88558	3261	7852	3000719	39525	50000	737	200000	1638945	39077755	120427133	2346	5016470	3797893	2491493
1789681132	58297	93.1	92.7	8914	2820	2441	5947	331	0	86898	3081	7606	3000583	39638	50000	1292	200000	1639635	39090969	120510459	2345	5018899	3799865	2492143
1789681162	58328	94.4	94.1	8075	4131	2125	7462	145	0	93597	3148	7597	3000355	39783	50000	1187	200000	1640604	39108093	120616309	2347	5021246	3801720	2493390
1789681186	58352	92.8	91.9	9335	5117	3122	5725	1295	0	55128	3466	7993	3000328	39947	50000	1279	200000	1641057	39113941	120673901	2342	5023671	3802762	2493942
1789681218	58384	95.0	94.5	7503	2809	2838	7272	934	0	69859	3373	7988	3000184	39651	49993	1373	200000	1641975	39131899	120762654	2342	5026076	3805067	2494887
1789681252	58418	95.8	95.4	6931	2557	2305	5863	180	0	85524	3398	8091	3000652	40000	50000	1227	200000	1643103	39160830	120845615	2346	5028554	3807761	2496023
1789681282	58448	94.4	93.9	6807	4645	1703	7330	181	0	84711	3342	7839	3000577	40000	50000	1071	200000	1644050	39183566	120927493	2347	5030965	3810155	2496811
1789681313	58479	94.3	93.6	9255	3040	1976	5944	168	0	78568	3508	7955	3000721	39995	50000	1233	200000	1644894	39205667	121016531	2349	5033384	3812144	2497602
1789681342	58507	94.4	94.2	5841	4915	1316	7338	252	0	109332	3443	7924	3000022	40000	50000	724	200000	1645649	39221611	121093392	2366	5035805	3814289	2498400
1789681370	58536	93.3	92.7	8219	7392	2840	5923	468	0	33635	3296	7556	3000131	39399	50000	1146	200000	1646278	39232625	121178322	2340	5038162	3815374	2499297
1789681403	58569	94.6	94.2	8327	4166	3218	7630	1205	0	44326	3413	7838	3000501	39784	49742	1369	200000	1647386	39255818	121287741	2340	5040655	3817226	2500019
1789681432	58598	93.9	93.0	7159	5579	2212	6293	403	0	60631	3526	8299	3000375	39692	49875	1172	200000	1648013	39268311	121365465	2343	5042992	3819367	2502243
1789681461	58627	94.5	94.0	6518	2412	2473	7894	480	0	35721	3422	8229	3000490	39741	50000	1111	200000	1648917	39284240	121448412	2341	5045347	3820890	2503214
1789681492	58657	93.8	93.4	7165	3081	2696	7093	537	0	31228	3395	8235	3000640	39992	49978	1148	200000	1649804	39303193	121531319	2340	5047805	3822886	2504200
1789681522	58687	93.6	93.2	7205	2763	2908	8953	945	0	26963	3495	8427	3000313	40000	49997	1214	200000	1650775	39315856	121630275	2340	5050225	3824234	2505709
1789681550	58716	90.9	90.0	6471	2011	3589	7008	697	0	9236	3838	9126	3000092	39088	49994	1818	200000	1651333	39325733	121703942	2340	5052800	3825923	2508291
1789681578	58744	95.5	94.7	6352	2409	3077	9094	1624	0	34898	3481	8550	3000371	39659	50000	1157	200000	1651916	39342695	121748510	2341	5056316	3828131	2509359
1789681608	58774	98.1	97.7	6328	2633	2272	7714	314	0	69029	3374	8331	3000069	39286	50000	1145	200000	1652714	39359856	121823147	2348	5058820	3830889	2510815
1789681637	58803	97.8	97.2	11148	2245	2188	9221	435	0	38976	3535	8404	3000167	39397	50000	1021	200000	1653656	39380191	121898658	2341	5060981	3832351	2512393
1789681668	58833	96.9	96.2	7654	3535	1500	6894	388	0	18020	3513	8353	3000808	39418	50000	693	200000	1654575	39396659	121987417	2343	5063691	3834565	2513407
1789681700	58866	97.7	97.5	12748	1558	1271	8311	308	0	47711	3424	8254	3000462	40000	50000	556	200000	1655491	39425948	122074704	2348	5065909	3836776	2513832
1789681730	58896	97.2	96.6	6416	3608	1696	5903	192	0	28785	3582	8330	3000466	40000	50000	954	200000	1656340	39438478	122176160	2345	5068403	3838571	2515006
1789681759	58924	96.5	96.2	6344	4966	1029	7308	500	0	10452	3886	8248	3000279	40000	50000	154	200000	1657165	39452987	122269121	2342	5070824	3840343	2516325
1789681790	58956	93.1	92.0	6447	4013	3418	7900	1903	0	2272	3513	8673	2999372	39263	49903	1319	200000	1657895	39466191	122355528	2340	5074805	3841731	2518917
1789681820	58986	90.7	90.3	6491	2965	2778	9444	1450	0	72745	3648	8322	2999748	39347	49998	996	200000	1658480	39475513	122422938	2342	5077389	3844364	2519486
1789681849	59015	95.7	95.2	9769	3556	2500	7224	1359	0	5773	3652	8541	3000329	39478	50000	1044	200000	1659538	39498415	122502906	2340	5078996	3845279	2521203
1789681881	59046	94.7	94.3	6800	2331	2120	8940	383	0	72178	3336	8433	3000260	39119	50000	938	200000	1660308	39509998	122582782	2348	5081678	3848086	2522047
1789681912	59077	93.7	93.2	6916	2951	1617	7224	118	0	101160	3417	8273	3000371	39407	50000	1053	200000	1661287	39530276	122649567	2343	5084267	3850960	2522798
1789681943	59109	93.7	93.2	10266	6054	2869	9002	884	0	46820	3671	8448	3000442	39585	50000	1294	200000	1662270	39548521	122749033	2340	5086832	3852141	2523516
1789681973	59138	94.5	94.0	7958	1810	2216	6437	806	0	45825	3618	8451	3000242	39710	50000	944	200000	1662894	39563513	122818125	2340	5089109	3853711	2525747
1789681997	59163	93.8	93.3	8312	3473	2390	8087	634	0	42576	3414	4773	3000295	40000	50000	1105	200000	1663565	39580080	122893345	2340	5091349	3855083	2527152
1789682030	59196	95.5	95.0	7904	4140	1278	6811	95	0	92021	3458	8306	3000148	40000	50000	817	200000	1664595	39595669	123011408	2360	5093410	3857460	2528420
1789682059	59224	94.0	92.6	9931	5711	2885	8706	487	0	51608	3644	8606	3000052	39485	50000	1373	200000	1665169	39606065	123093440	2340	5095908	3858745	2529134
1789682090	59256	95.4	95.0	7936	4470	1700	6347	309	0	83255	3517	8528	3000292	39575	50000	966	200000	1666229	39630106	123168781	2344	5098326	3861245	2530489
1789682120	59285	93.6	93.0	6272	3851	2917	8123	522	0	25258	3530	8027	3000188	39585	50000	1410	200000	1666965	39644558	123247854	2340	5100743	3862647	2531473
1789682150	59316	93.9	93.5	8973	2382	1478	6587	250	0	68473	3571	8332	3000379	39837	49967	980	200000	1667858	39659752	123338577	2347	5103027	3864846	2533107
1789682182	59348	94.4	93.9	9879	2702	1599	8271	157	0	61711	3423	8170	3000779	40000	50000	1056	200000	1668701	39674863	123441278	2347	5105480	3866883	2533980
1789682212	59378	94.6	94.1	7484	4619	1518	6341	211	0	69985	3375	8177	3000677	40000	50000	906	200000	1669595	39697124	123516476	2345	5107986	3868973	2534731
1789682241	59407	94.8	94.3	9629	4486	1640	7864	100	0	54221	3379	8121	3000821	40000	50000	1021	200000	1670363	39716078	123593504	2342	5110256	3871007	2535607
1789682273	59439	95.3	93.9	10557	4102	1543	5692	148	0	55984	3626	8586	3000678	40000	50000	798	200000	1671383	39738670	123665082	2351	5112879	3873157	2536497
1789682303	59469	95.5	95.1	8384	4436	1379	7304	249	0	57693	3376	8101	3000679	40000	50000	738	200000	1672256	39754525	123746379	2346	5115263	3875186	2537343
1789682333	59498	94.8	93.9	5816	5013	1836	6015	134	0	60095	3505	8446	3000733	39759	50000	1120	200000	1673020	39771556	123816139	2349	5117668	3877268	2538046
1789682364	59529	95.8	95.5	10496	4639	1160	7381	165	0	79940	3490	8497	3000420	40000	50000	636	200000	1673842	39791901	123890014	2351	5120045	3879309	2538936
1789682387	59552	93.5	90.6	5947	3020	1934	5798	479	0	77352	3988	5228	3000546	40000	50000	954	200000	1674394	39801483	123959281	2346	5122258	3880745	2539898
1789682416	59582	92.5	91.2	11990	5762	3405	7770	1372	0	26888	3926	8934	2999139	39526	50000	1260	200000	1675166	39817905	124042506	2340	5124698	3881614	2540946
1789682447	59613	95.0	93.5	12039	2846	3690	6592	2066	0	8438	4033	9155	2998754	39227	50000	1290	200000	1676003	39830744	124149817	2340	5127178	3882961	2542471
1789682481	59646	94.1	93.8	9421	2921	2806	8307	1765	0	40195	3596	8830	2999279	39226	49999	980	200000	1677007	39844375	124253868	2341	5129526	3885030	2544019
1789682507	59673	94.7	94.7	12615	2067	4040	7295	691	0	4802	3405	4616	2998700	38625	49973	1492	200000	1677934	39862307	124341149	2346	5132058	3886460	2544899
1789682538	59704	95.8	94.7	7146	1661	2466	9059	1034	0	61087	3625	8980	3000099	38732	49973	1088	200000	1678578	39873387	124410739	2341	5134310	3888540	2547481
1789682567	59732	97.1	96.5	9993	2759	2552	7776	580	0	81796	3498	8539	3000174	38694	50000	1240	200000	1679326	39889367	124477725	2345	5136824	3890881	2548612
1789682599	59765	98.8	97.0	10938	5364	1662	9105	343	0	81748	3491	8383	3000514	39474	50000	819	200000	1680280	39914738	124566276	2343	5138806	3892331	2550155
1789682629	59795	94.7	94.2	8117	3972	1894	6557	110	0	55285	3310	7863	3000562	39577	50000	1345	200000	1681104	39931401	124663430	2340	5141017	3894480	2551100
1789682661	59827	97.7	97.3	5904	4936	1475	7883	104	0	66792	3197	7910	3000820	40000	50000	919	200000	1682075	39951024	124763443	2352	5143597	3896655	2551751
1789682690	59856	97.2	96.7	5545	4667	1535	5494	180	0	54526	3323	7625	3000639	40000	50000	932	200000	1682864	39967438	124857836	2352	5145968	3898639	2552621
1789682722	59888	91.0	90.7	10854	6693	1294	6975	153	0	53214	3253	7607	3000368	40000	50000	752	200000	1683871	39988016	124947605	2352	5148302	3900630	2553464
1789682751	59916	94.1	93.6	6536	4246	1746	5693	61	0	66498	3268	7647	3000382	40000	50000	993	200000	1684609	40005220	125020648	2352	5150604	3902414	2554162
1789682780	59945	93.9	93.4	6815	5302	1505	7415	39	0	69976	3615	8035	3000404	40000	50000	1016	200000	1685489	40020563	125101638	2349	5152875	3904367	2555516
1789682810	59975	95.3	95.0	6853	5258	1345	5787	76	0	78365	3454	7761	3000281	40000	50000	809	200000	1686435	40037899	125193942	2359	5155267	3906329	2556310
1789682839	60005	94.5	94.0	8000	4073	1676	7380	31	0	52124	3482	7968	3000600	39866	50000	1018	200000	1687293	40054003	125279241	2345	5157471	3908098	2557185
1789682869	60035	94.7	94.2	8404	4949	1647	5716	175	0	47136	3587	8182	3000856	39943	50000	908	200000	1688070	40069393	125361641	2348	5159990	3910085	2558345
1789682900	60066	95.3	94.8	9032	2497	1207	7143	219	0	45287	3561	8388	3000740	40000	50000	621	200000	1688996	40091006	125457293	2348	5162325	3912029	2559287
1789682927	60093	94.1	93.4	9450	2135	1734	5771	149	0	50535	3542	7984	3000539	39486	50000	1043	200000	1689663	40107933	125511955	2349	5164630	3914048	2560178
1789682958	60124	95.4	95.0	10362	1835	1619	7324	118	0	58840	3550	8344	3000870	39755	50000	885	200000	1690540	40136247	125570182	2344	5167124	3916065	2560896
1789682988	60154	94.1	93.6	10191	5380	1318	5888	99	0	74615	3576	8242	3000711	39959	50000	862	200000	1691411	40151088	125652585	2355	5169496	3918236	2562073
1789683017	60183	94.2	93.5	7295	4382	1817	7577	162	0	62410	3457	7937	3000441	39685	50000	1105	200000	1692162	40168371	125714680	2347	5172035	3920202	2562929
1789683047	60213	95.3	95.0	5912	5443	2091	6167	345	0	65053	3539	8011	3000120	40000	50000	976	200000	1692962	40190487	125787306	2347	5174423	3921844	2563862
1789683082	60248	94.3	93.8	7637	4044	1874	8089	136	0	79799	3654	8318	3000093	40000	50000	1293	200000	1694082	40208357	125907570	2349	5176867	3924392	2565029
1789683114	60280	95.1	94.7	7655	2596	1966	5988	219	0	101998	3451	8038	3000449	39896	50000	1032	200000	1694872	40227111	126018384	2359	5179301	3926235	2565761
1789683141	60306	93.6	93.2	8259	5489	2632	7618	816	0	65487	3317	7836	3000146	39534	50000	1262	200000	1695550	40240659	126088266	2342	5181569	3927500	2566547
1789683170	60336	93.9	93.7	7399	4996	2316	5714	675	0	83330	3298	7871	3000120	39920	50000	1082	200000	1696334	40256554	126169880	2346	5183874	3929539	2567553
1789683200	60366	93.3	92.2	8703	5585	3934	7565	1914	0	8305	3702	8097	2999591	39132	49904	1560	200000	1697109	40273104	126254463	2342	5186377	3930477	2568528
1789683226	60391	94.0	93.6	6696	1883	3467	6213	1667	0	3030	3459	4755	2999317	39209	50000	1144	200000	1697825	40285424	126336821	2345	5188722	3932453	2569550
1789683256	60422	94.0	93.7	6680	5412	3588	7828	1874	0	8834	3498	8277	3000194	39630	50000	1261	200000	1698659	40307446	126402366	2343	5191213	3934550	2570246
1789683286	60452	94.9	94.3	7208	5810	3765	7006	2013	0	11675	3394	8260	3000026	39357	50000	1347	200000	1699555	40323751	126496247	2343	5193672	3936619	2571029
1789683316	60482	94.9	94.3	6644	4497	3619	8384	2041	0	5751	3471	8205	3000199	39316	50000	1252	200000	1700374	40340170	126583894	2343	5195940	3938617	2571936
1789683346	60512	95.3	94.7	7786	3384	3407	6953	1609	0	14177	3503	8387	3000400	39818	50000	1157	200000	1701114	40356377	126650451	2343	5198364	3941067	2572657
1789683376	60541	95.4	93.4	9829	2386	3460	8637	1668	0	19632	4041	9071	2999189	39199	50000	1198	200000	1701952	40376486	126717647	2343	5200839	3943082	2573437
1789683410	60576	94.3	93.9	8518	3077	2990	7213	1265	0	42835	3572	8800	3000097	39495	50000	1157	200000	1702934	40396820	126822437	2343	5203288	3945239	2574760
1789683437	60603	93.7	93.3	6872	3552	2785	9045	1100	0	38387	3672	5082	3000074	39585	49878	1089	200000	1703785	40416714	126907926	2343	5205522	3946693	2576627
1789683474	60640	96.8	96.4	9677	5202	3177	7824	1383	0	35056	3669	12314	3000339	39670	49945	1233	200000	1704880	40434964	127019289	2343	5207951	3948376	2577833
1789683496	60662	97.8	97.3	7731	3004	2257	9572	517	0	41107	3706	5192	3000274	39642	50000	878	200000	1705457	40444394	127081631	2343	5210101	3950022	2580111
1789683527	60693	97.4	96.8	8848	3105	2627	7452	576	0	49194	3647	8744	3000293	39490	50000	1222	200000	1706418	40462745	127176157	2344	5212509	3951890	2581098
1789683559	60724	97.5	97.0	8623	2487	1775	8950	65	0	70458	3540	8528	3000695	39672	50000	1007	200000	1707287	40484371	127254461	2343	5214945	3954310	2582006
1789683586	60752	97.9	97.4	7632	2862	1674	6372	168	0	58911	3711	8568	3000536	39572	50000	1011	200000	1707911	40501226	127319973	2344	5217322	3956372	2583416
1789683619	60785	89.7	89.3	5806	4447	2137	7978	427	0	58228	3477	8181	3000550	39965	50000	1116	200000	1708822	40519409	127408363	2360	5219765	3958332	2584158
1789683646	60811	91.5	90.9	7229	2286	2908	6351	576	0	32965	3534	4804	3000325	39714	50000	1370	200000	1709636	40537049	127487081	2343	5222167	3959447	2585501
1789683685	60851	94.3	93.8	8988	4915	1846	7901	643	0	58831	3596	12475	3000806	39823	50000	899	200000	1710795	40558216	127594447	2352	5224975	3962105	2586471
1789683708	60874	92.0	91.3	4508	3367	2992	6322	1043	0	19974	3574	5100	3000176	39750	50000	1364	200000	1711334	40573336	127638227	2350	5227963	3963547	2588353
1789683737	60903	92.9	92.6	9822	3008	3196	8134	820	0	20735	3859	9142	3000055	40000	50000	1021	200000	1712005	40585916	127707760	2350	5230565	3965240	2589989
1789683768	60934	90.6	89.8	6889	3373	3304	7598	1458	0	20837	3774	9179	3000031	39406	50000	1365	200000	1712617	40593434	127786482	2350	5233215	3966869	2591721
1789683797	60963	95.0	94.8	8116	4111	2998	9091	1136	0	27562	3683	8692	3000020	39528	50000	942	200000	1713333	40608101	127877965	2350	5235443	3968376	2592945
1789683828	60994	92.2	91.1	5724	2895	1987	7779	829	0	51448	4039	9353	3000075	39448	50000	771	200000	1713935	40620575	127933779	2352	5237762	3969964	2595646
1789683864	61029	93.7	93.3	8407	3321	1358	9488	291	0	32759	3618	8698	3000288	39415	50000	619	200000	1714959	40637854	128048257	2350	5240118	3971749	2597406
1789683887	61053	94.1	92.2	5975	4046	1933	6886	83	0	58347	3722	5057	3000316	39193	50000	789	200000	1715533	40651427	128106053	2354	5242259	3973232	2598118
1789683921	61087	93.2	92.8	7569	3470	1502	8877	394	0	63699	3629	8698	3000304	39341	50000	594	200000	1716449	40672159	128208381	2354	5244985	3975084	2600148
1789683949	61115	92.7	91.6	10957	1722	3260	7238	979	0	21817	3615	8652	3000285	38745	50000	1526	200000	1717036	40685059	128267575	2351	5248328	3976662	2601816
1789683978	61143	92.9	92.2	6883	3695	3791	9310	1862	0	22290	3702	8902	3000043	38767	50000	1275	200000	1717673	40699111	128324198	2351	5251368	3978564	2602846
1789684009	61175	94.5	93.9	6273	2456	2006	7412	597	0	36890	3584	8890	3000320	39039	50000	901	200000	1718438	40711700	128404205	2352	5253741	3981049	2605209
1789684039	61205	94.7	94.2	6433	4844	1307	8664	137	0	52638	3597	8481	3000555	39015	50000	690	200000	1719256	40726702	128485598	2353	5255758	3982932	2606261
1789684069	61235	94.0	93.6	7048	5013	1502	7025	263	0	62581	3456	8256	3000606	39214	50000	816	200000	1720090	40741930	128573458	2358	5258135	3984957	2607207
1789684098	61263	94.3	93.9	5678	3801	1727	8637	63	0	51082	3372	8193	3000727	39626	50000	1060	200000	1720882	40758848	128642493	2353	5260444	3986819	2607911
1789684128	61294	93.9	93.4	7125	3467	1726	5961	132	0	51738	3638	8667	3000618	39503	50000	1097	200000	1721701	40770338	128740532	2354	5262879	3988900	2609245
1789684161	61327	94.8	94.3	10486	3668	1478	7336	213	0	38309	3855	8847	3001040	40000	50000	729	200000	1722671	40796739	128827491	2351	5265388	3990840	2610367
1789684192	61358	91.3	89.0	8199	2904	3581	6528	208	0	17828	4176	9412	2999972	39209	49982	1479	200000	1723343	40811428	128901125	2351	5268621	3992508	2612182
1789684217	61382	97.8	97.5	7580	2711	985	7361	558	0	10663	3468	4757	3000822	39988	50000	198	200000	1724195	40831583	128972981	2356	5270522	3994420	2612888
1789684245	61411	92.4	91.6	8365	2509	2445	6553	1011	0	1632	3775	8409	3000037	39451	50000	488	200000	1724796	40842546	129049783	2351	5273606	3995920	2614515
1789684280	61446	94.0	93.3	7879	2931	3022	8888	1400	0	13450	3584	12321	3000209	39154	50000	905	200000	1725565	40857876	129126533	2351	5276493	3997856	2616330
1789684312	61478	92.4	91.7	7483	2045	2178	7506	789	0	58572	3637	9075	3000124	38620	50000	1062	200000	1726264	40868254	129200123	2351	5279130	4000279	2618267
1789684342	61508	94.7	94.3	6371	3930	1639	8993	479	0	50279	3540	8553	3000294	39104	50000	807	200000	1727071	40887979	129277867	2351	5281174	4001864	2619778
1789684376	61541	94.3	93.1	11018	3023	2114	6745	574	0	59038	3764	9010	3000718	39301	50000	845	200000	1728010	40904195	129391878	2351	5283669	4003337	2621606
1789684399	61565	93.4	93.0	4580	2564	1426	8172	108	0	42462	3665	4859	3000521	39704	50000	821	200000	1728647	40916800	129467980	2352	5285439	4004796	2622901
1789684432	61598	97.6	97.3	8834	5625	1586	6126	575	0	59093	3616	8515	3000561	39792	50000	720	200000	1729571	40933898	129571988	2355	5287931	4006587	2623988
1789684456	61622	91.0	90.5	9034	3464	2126	7839	211	0	35687	3503	7935	3000165	39660	50000	672	200000	1730043	40943746	129615905	2351	5290006	4007553	2625148
1789684492	61658	93.6	93.0	11139	1852	1503	6473	543	0	42609	3658	8780	3000238	39367	50000	610	200000	1731069	40955924	129746395	2358	5292774	4009459	2627418
1789684520	61686	88.5	88.0	7303	3022	1174	7889	141	0	54465	3519	8163	3000369	39104	50000	695	200000	1731790	40966982	129812126	2351	5294505	4011236	2628609
1789684552	61718	94.6	94.0	10871	2924	1674	6848	182	0	59728	3692	8591	3000495	39071	50000	911	200000	1732655	40984416	129901502	2358	5297092	4013289	2629461
1789684582	61748	93.9	93.4	8151	5058	1657	8344	266	0	43933	3390	7996	3000782	39131	50000	1007	200000	1733414	41004030	129971423	2362	5299503	4015328	2630253
1789684611	61777	94.9	94.1	7721	2244	1553	5501	307	0	24898	3408	8298	3000782	39400	50000	843	200000	1734216	41022299	130041259	2352	5302078	4017392	2631049
1789684642	61807	95.0	94.1	8850	5002	1395	6882	255	0	30274	3383	8121	3000858	39764	50000	626	200000	1735072	41042466	130127175	2351	5304350	4019173	2632185
1789684672	61838	94.6	94.1	5504	3393	1465	5680	550	0	19245	3416	7858	3000368	39756	50000	465	200000	1735821	41054117	130224683	2351	5307084	4021182	2633241
1789684702	61868	94.9	94.5	9666	5763	1454	7176	220	0	38875	3328	7892	3000503	40000	50000	665	200000	1736737	41070210	130327765	2355	5308977	4023004	2634180
1789684727	61893	92.5	91.8	5821	3931	1628	5710	480	0	17403	3432	4919	3000386	39747	50000	600	200000	1737459	41081052	130402215	2351	5311851	4024934	2635326
1789684761	61927	93.2	92.3	8538	4225	3230	8214	1949	0	3019	3472	11955	3000326	39393	50000	967	200000	1738222	41097415	130460201	2351	5315457	4026940	2636370
1789684789	61955	95.5	94.6	11124	2149	3042	6510	1462	0	7971	3477	8406	3000498	39991	50000	1179	200000	1738959	41121322	130510313	2349	5317797	4029014	2637377
1789684816	61982	92.8	92.0	7659	1669	3382	8354	1194	0	48262	3323	4935	3000066	39274	50000	1543	200000	1739711	41136950	130575732	2351	5320272	4031294	2638384
1789684853	62019	95.8	95.5	7371	2876	1793	7051	378	0	91812	3757	12133	3000321	40000	50000	839	200000	1740690	41160824	130660697	2351	5322701	4034165	2639542
1789684878	62044	92.7	92.1	8335	6368	3468	9009	1461	0	18465	3386	4668	3000154	39319	49922	1416	200000	1741532	41174481	130756468	2349	5325049	4034925	2640596
1789684915	62081	95.3	94.9	10742	4347	2780	6927	1031	0	60409	3529	12173	3000651	39685	49922	1176	200000	1742451	41193467	130850546	2350	5327477	4037405	2641619
1789684938	62103	91.9	90.5	4824	2766	2587	8816	925	0	52583	3898	5428	3000185	39560	49997	1172	200000	1743020	41205598	130904206	2350	5329745	4038809	2643552
1789684970	62135	94.8	94.4	6645	2990	2026	7114	482	0	46362	3518	8408	3000217	39500	50000	976	200000	1743893	41219833	131007681	2349	5332092	4040900	2644915
1789684998	62164	94.4	94.0	7511	5262	2014	8658	444	0	33926	3604	8480	3000429	40000	50000	1096	200000	1744633	41237097	131076741	2349	5334365	4042660	2646156
1789685028	62194	95.1	94.5	11628	2072	1594	6187	250	0	19896	3642	8373	3000484	40000	50000	607	200000	1745460	41254553	131172704	2349	5336812	4044380	2647349
1789685061	62226	92.4	91.7	8311	3369	4281	7970	420	0	18465	3425	8242	2999294	39511	49861	1640	200000	1746221	41270528	131260596	2357	5339234	4045964	2648790
1789685090	62256	96.3	95.6	5973	5087	3602	6860	924	0	2892	3413	8142	2999971	39665	50000	1153	200000	1746970	41285026	131348751	2356	5342645	4047817	2649942
1789685119	62284	94.1	93.3	9257	4848	3782	8354	2149	0	1911	3485	8449	2999434	39756	50000	1247	200000	1747610	41299550	131409724	2356	5344969	4049699	2650955
1789685150	62316	95.5	95.1	10112	3569	3546	6640	1863	0	12982	3605	8449	2999571	39920	50000	1182	200000	1748373	41318374	131491659	2361	5347389	4051986	2651668
1789685176	62342	94.4	93.8	10498	2652	3597	8221	2048	0	8428	3604	5041	2998991	39484	50000	1295	200000	1749223	41332117	131580133	2371	5349752	4053686	2652723
1789685206	62372	94.8	94.4	6492	2941	3294	6862	1804	0	12998	3703	8677	2999129	39437	50000	1151	200000	1749990	41343073	131673418	2372	5351969	4055661	2653869
1789685236	62402	95.2	94.3	6886	4209	3853	8540	2301	0	5235	3673	8510	3000037	39125	50000	1363	200000	1750731	41360546	131755968	2371	5354422	4057437	2654469
1789685266	62432	97.1	95.9	10296	3006	3547	7000	1817	0	9288	4002	9156	3000137	39091	50000	1198	200000	1751474	41377209	131824757	2377	5356788	4059626	2655388
1789685300	62466	96.8	96.3	8532	2327	2833	8732	965	0	46243	3973	9315	3000223	39365	49972	1270	200000	1752308	41404242	131904811	2385	5359166	4062140	2656830
1789685332	62498	97.3	96.9	7706	2450	1845	7184	235	0	78191	3846	8874	3000233	39896	49963	1002	200000	1753292	41423470	132001500	2386	5361433	4064495	2658492
1789685359	62524	96.1	95.3	9207	5156	3150	9030	1290	0	42060	3409	4791	3000143	39563	49979	1370	200000	1754234	41437149	132106958	2387	5363922	4065641	2659200
1789685395	62561	93.8	93.3	5100	3874	2144	7178	546	0	77791	3881	13168	3000620	39734	50000	1044	200000	1755035	41453034	132190474	2390	5366464	4067992	2660834
1789685418	62584	85.5	84.8	12899	4543	3135	8938	1253	0	20555	4004	5351	3000275	39482	49995	1281	200000	1755626	41464577	132252107	2390	5368579	4068531	2662461
1789685448	62614	94.2	93.3	7366	2311	3366	7536	504	0	12252	3806	9524	3000004	39056	49975	1498	200000	1756271	41476836	132315462	2390	5371156	4070598	2664736
1789685480	62645	97.2	96.8	11290	2393	1716	8676	886	0	36965	3736	9091	3000599	39685	50000	474	200000	1757249	41503563	132391686	2426	5373508	4072403	2665756
1789685511	62677	90.7	89.6	7359	2016	2916	8060	949	0	30617	4227	10074	3000213	39386	50000	1099	200000	1757658	41519747	132433584	2423	5377302	4074335	2668219
1789685541	62707	94.7	94.3	5507	4925	2990	9551	1020	0	23630	3863	8821	3000103	39866	49960	1080	200000	1758540	41536103	132516171	2423	5379359	4075722	2669584
1789685567	62733	93.8	93.0	6928	3289	2775	7646	980	0	16964	3886	5602	3000251	39673	49998	1160	200000	1759265	41545901	132602658	2423	5381695	4076946	2671854
1789685599	62765	95.1	94.7	6237	3799	1462	9090	424	0	38716	4176	9587	3000431	40000	50000	351	200000	1760073	41564032	132681687	2423	5383926	4078892	2673713
1789685629	62795	93.0	92.4	9642	4506	2187	7146	644	0	40405	3819	9030	3000180	39947	50000	1038	200000	1760721	41576833	132755447	2423	5386352	4080482	2674958
1789685657	62823	93.9	93.4	5937	3974	2689	8901	458	0	25259	3754	8444	3000052	39752	50000	1304	200000	1761310	41590845	132810694	2423	5388658	4082213	2676255
1789685690	62856	94.1	93.4	6730	3575	3371	6690	859	0	13070	3587	8683	2999444	39604	49956	1122	200000	1762143	41613608	132909629	2422	5392089	4083963	2677564
1789685718	62884	93.9	93.1	7926	1879	2734	8297	1124	0	24021	3840	9134	3000045	39469	49999	1159	200000	1762724	41627190	132957077	2422	5394062	4085429	2679810
1789685752	62918	96.6	96.2	8824	3249	1263	6689	498	0	32649	3534	8762	3000561	39796	50000	541	200000	1763730	41645907	133058965	2422	5396550	4088039	2680903
1789685777	62943	93.8	93.4	5222	3432	876	8300	425	0	4548	3626	5072	3000419	40000	50000	51	200000	1764455	41661206	133121816	2424	5398858	4089512	2682468
1789685811	62977	94.1	93.8	7400	6510	1155	6486	480	0	69979	3780	8681	3000132	40000	50000	305	200000	1765390	41675562	133235929	2430	5401463	4091643	2683420
1789685838	63004	92.9	92.4	9782	3699	2509	8366	6	0	50258	3792	8355	3000281	39614	50000	1179	200000	1765917	41688226	133305664	2422	5403452	4092851	2683991
1789685873	63039	94.1	93.6	8043	3036	1304	6194	350	0	52432	3804	9230	3000340	39386	50000	478	200000	1766845	41703028	133435202	2422	5406102	4094624	2686620
1789685901	63067	93.4	91.5	5715	4727	2868	8491	340	0	14021	3820	9007	3000113	38923	49989	1342	200000	1767455	41720172	133485929	2423	5408819	4096214	2688153
1789685927	63093	95.5	95.0	7798	3202	1420	6236	317	0	18410	3671	4953	3000931	39572	50000	552	200000	1768213	41741698	133559010	2423	5410542	4097866	2688930
1789685960	63125	94.0	93.6	9801	5126	1658	8092	288	0	31794	3680	8520	3000580	39635	50000	687	200000	1769132	41758247	133663385	2426	5412972	4099719	2689985
1789685988	63153	95.4	94.9	8565	3818	1216	5471	185	0	37467	3842	8548	3000390	39666	50000	537	200000	1769936	41772821	133745763	2422	5414863	4101284	2691419
1789686018	63184	91.7	90.0	6607	2717	4417	9115	830	0	1355	3900	9009	2999150	38601	49924	1621	200000	1770617	41785199	133817339	2420	5419238	4102722	2693465
1789686049	63214	94.7	94.1	6203	3145	3926	7521	723	0	10673	3937	8826	2999808	38610	49981	1354	200000	1771343	41798414	133902307	2420	5421757	4105007	2694511
1789686076	63242	94.1	93.3	6985	5203	3303	8784	1008	0	499	4104	9229	2999997	39422	49971	941	200000	1772078	41819267	133953978	2420	5423399	4106352	2696648
1789686109	63275	96.8	95.2	8036	2047	2021	6952	788	0	38839	3891	9666	3000348	39148	50000	893	200000	1772774	41832532	134034793	2419	5425962	4108716	2698327
1789686139	63304	97.1	96.3	6871	2386	2083	8811	790	0	32199	3740	9151	3000399	38970	50000	889	200000	1773660	41846412	134118823	2412	5428773	4110694	2699801
1789686169	63335	95.3	95.0	6843	4069	3779	7897	684	0	8879	3572	8920	2999735	38795	49825	1432	200000	1774403	41861296	134196091	2412	5432190	4112423	2701248
1789686198	63364	96.6	96.0	5299	2890	3478	9298	846	0	18040	3481	8412	2999701	39388	49916	1169	200000	1775130	41875135	134271113	2412	5434517	4114421	2702283
1789686228	63394	93.0	92.2	6124	5310	3417	7033	1453	0	3379	3915	9070	3000120	39317	50000	1188	200000	1775870	41889549	134348831	2412	5436452	4115668	2704329
1789686263	63429	96.5	96.1	6726	1780	1347	8468	169	0	63308	3637	8978	3000704	39809	50000	743	200000	1776846	41909379	134449885	2415	5438748	4118560	2705796
1789686286	63452	93.7	92.8	9683	3698	2944	6174	595	0	53058	3431	4627	3000306	39243	50000	1383	200000	1777287	41919978	134513608	2413	5441117	4119684	2706745
1789686317	63483	91.5	90.7	9826	5087	2801	7543	1057	0	64343	3528	8290	3000115	39519	50000	1216	200000	1778020	41936367	134603115	2412	5443462	4121559	2707468
1789686346	63511	95.3	93.5	11518	4399	3269	6043	1582	0	15973	3864	8661	3000014	39620	49972	1106	200000	1778786	41957836	134670420	2412	5445881	4123103	2708414
1789686382	63547	95.0	94.5	8745	3770	2664	7771	894	0	63079	3701	8790	3000051	39321	50000	1120	200000	1779826	41979000	134770859	2412	5448340	4125724	2709307
1789686406	63572	93.5	93.0	6851	2911	2941	6515	892	0	16171	3358	4685	2999009	39520	49799	1083	200000	1780581	41994640	134848442	2412	5450542	4126786	2711231
1789686436	63602	94.5	94.2	9064	5781	2623	8202	1638	0	34700	3606	8248	2999115	39850	50000	604	200000	1781460	42008333	134951413	2412	5452947	4128463	2711994
1789686467	63633	98.2	98.2	8203	7291	472	5808	178	0	2367	3479	7604	3000176	40000	50000	37	200000	1782721	42031823	135085075	2412	5453144	4129792	2712800
1789686500	63666	91.9	91.3	6198	3380	3836	8513	1057	0	2949	3596	8560	2999314	39101	49956	1157	200000	1783381	42040511	135187211	2413	5457076	4132084	2713890
1789686529	63695	96.2	95.4	6137	4403	2845	6603	1274	0	2339	3418	8195	3000191	39497	50000	859	200000	1784218	42060230	135265456	2411	5459441	4133586	2715905
1789686560	63726	93.4	92.8	5813	2062	2983	8776	257	0	44110	3422	8647	3000129	38882	50000	1463	200000	1784761	42070717	135336908	2411	5462390	4135924	2717256
1789686592	63758	94.9	94.2	10202	3094	2351	7327	891	0	53632	3541	8610	3000539	39394	50000	1162	200000	1785639	42098725	135404359	2412	5464912	4137944	2718799
1789686619	63785	93.9	93.2	8364	3004	2056	8702	616	0	45310	3499	8201	3000305	39772	50000	848	200000	1786253	42105851	135489331	2415	5467039	4139698	2719890
1789686649	63815	94.4	93.9	8558	1693	1852	6396	324	0	30364	3427	8251	3000292	39518	50000	1094	200000	1787075	42120744	135572286	2413	5469342	4141521	2721623
1789686679	63845	93.6	93.2	10880	5004	1828	7893	672	0	58967	3376	8210	3000500	39498	50000	860	200000	1787932	42135560	135652149	2419	5471869	4143317	2722358
1789686706	63872	90.6	89.0	6015	2189	3369	6879	840	0	573	3522	8373	3000192	38899	49983	1111	200000	1788551	42145749	135711461	2412	5474706	4144479	2724531
1789686737	63903	94.0	93.2	7825	3142	3280	9182	1661	0	28392	3536	8557	3000511	39063	50000	1193	200000	1789298	42163743	135777373	2412	5477807	4146465	2726107
1789686766	63932	95.5	94.6	8319	2733	2253	7155	665	0	66729	3651	8757	3000229	39658	50000	883	200000	1789901	42175729	135838931	2412	5480184	4149099	2727305
1789686796	63961	94.8	94.1	10965	5014	3871	9056	1920	0	14794	3485	8093	3000149	39297	50000	1605	200000	1790836	42197631	135919889	2412	5482678	4150164	2728118
1789686827	63993	95.6	95.2	9964	2976	2084	6592	624	0	84600	3643	8568	3000473	40000	50000	942	200000	1791572	42209216	136002754	2418	5485133	4153529	2728834
1789686855	64021	93.8	93.2	10356	4995	3965	8432	2002	0	10639	3555	8076	3000172	39756	49727	1628	200000	1792562	42235830	136068139	2412	5487673	4154515	2729456
1789686887	64053	96.5	96.1	9384	2080	1613	6494	194	0	88183	3540	8709	3000191	39751	50000	812	200000	1793297	42246913	136158240	2415	5489830	4158022	2730487
1789686917	64082	94.1	92.6	8631	5553	3792	8506	2038	0	23253	3851	8400	3000010	39234	49871	1633	200000	1794193	42268926	136229223	2412	5492413	4158698	2731036
1789686950	64116	95.3	95.0	6918	3286	1572	6994	216	0	86219	3563	8762	3000413	40000	50000	962	200000	1795028	42287837	136312686	2415	5494572	4161609	2733262
1789686982	64148	93.9	93.2	8292	6123	3307	8831	1021	0	42681	3845	8656	3000250	39487	49989	1510	200000	1795802	42308507	136410385	2413	5497122	4162501	2733955
1789687011	64176	94.2	93.6	6720	2371	2412	7217	665	0	35665	3781	9079	3000363	39653	50000	1080	200000	1796434	42327577	136465919	2412	5499473	4164068	2736576
1789687040	64206	96.9	95.6	8797	2848	2724	9093	909	0	48933	4084	9425	3000169	39272	50000	1434	200000	1797166	42343326	136535970	2414	5501837	4165679	2738155
1789687073	64239	96.2	96.0	5930	4693	4204	7261	237	0	22989	3632	8706	3000182	39650	49840	1556	200000	1798072	42359485	136639363	2414	5504490	4167330	2740291
1789687097	64262	98.0	97.5	5535	4635	1215	8496	337	0	14132	3592	4783	3000575	40000	50000	286	200000	1798786	42369620	136732637	2413	5506362	4168710	2741769
1789687131	64296	97.9	97.7	9323	5530	1182	6152	397	0	31241	3507	8488	3000031	40000	50000	308	200000	1799759	42383163	136864389	2430	5508689	4170758	2742765
1789687161	64327	94.4	94.0	6604	4710	1595	7854	201	0	45401	3957	9043	3000334	39920	50000	768	200000	1800528	42395974	136952768	2419	5510941	4172581	2743720
1789687188	64354	96.8	95.9	9315	2069	1664	5568	318	0	25809	3953	8754	3000729	39709	50000	630	200000	1801165	42409819	137018251	2417	5513568	4174329	2745042
1789687219	64385	90.8	90.4	8509	5090	1379	7002	299	0	30724	3591	8685	3000787	40000	50000	555	200000	1801917	42427599	137080419	2417	5515604	4176043	2745941
1789687250	64415	94.7	94.2	9495	3931	1089	5663	312	0	32177	3787	8671	3000626	40000	50000	419	200000	1802755	42443111	137174477	2419	5517787	4177863	2747119
1789687279	64445	93.9	92.4	8157	4253	1265	7476	180	0	20672	3920	9210	3000915	39908	50000	769	200000	1803537	42459076	137247748	2414	5520104	4179620	2748613
1789687311	64477	94.2	93.8	8473	2266	970	5856	448	0	23134	4134	9663	3000358	40000	50000	354	200000	1804455	42475040	137329810	2415	5522716	4181439	2749715
1789687336	64502	93.2	92.4	5933	2790	1382	7798	746	0	14248	4032	5667	3000414	39478	50000	383	200000	1805156	42484339	137404717	2414	5525607	4183408	2750956
1789687368	64534	91.4	90.8	7933	2647	3791	6657	837	0	10477	3942	9682	2999796	39002	49888	1111	200000	1805934	42504593	137461451	2414	5528531	4185227	2752222
1789687398	64564	94.0	93.4	7157	6220	4550	7818	485	0	8460	4393	9690	2999056	38671	49984	1831	200000	1806713	42521984	137532647	2414	5530319	4186961	2753541
1789687427	64593	94.7	93.7	5544	3628	2964	7021	1199	0	8626	3991	9591	2999954	39872	49991	733	200000	1807214	42535328	137584295	2414	5534101	4189026	2755103
1789687460	64626	94.3	92.4	11866	3538	3393	8962	1977	0	15261	4037	9815	2998943	39136	50000	1317	200000	1808220	42555690	137669321	2419	5536468	4190947	2755944
1789687487	64653	93.7	93.1	9456	2367	2329	7324	786	0	43624	4075	5518	3000214	39108	50000	873	200000	1808866	42566232	137747087	2421	5538842	4192999	2758054
1789687516	64682	92.7	92.4	9672	3486	2802	8904	743	0	33156	4019	9440	3000292	39390	50000	1131	200000	1809603	42582085	137803889	2419	5541096	4194864	2759008
1789687547	64713	93.5	92.9	11036	4254	3204	7201	1842	0	29734	3844	8999	3000105	39805	50000	1157	200000	1810464	42599202	137885181	2419	5543647	4196402	2759642
1789687576	64741	93.5	93.2	7382	2218	2335	8654	779	0	56624	3841	5898	3000002	39650	50000	993	200000	1811134	42616055	137950505	2419	5545703	4198594	2761108
1789687605	64771	93.4	92.7	7975	5900	3646	7071	1817	0	8513	4007	8957	3000109	39326	50000	1371	200000	1811973	42635207	138038079	2419	5548060	4199655	2761951
1789687636	64802	94.2	93.7	9220	3545	3268	8686	1773	0	28842	4033	9393	2999593	39088	49962	1227	200000	1812645	42650367	138117697	2419	5550407	4201493	2763183
1789687672	64838	95.0	94.5	8861	3417	2845	6976	918	0	57125	4067	9688	3000317	39410	50000	1345	200000	1813511	42671462	138216560	2419	5552761	4203941	2764326
1789687699	64865	92.9	92.4	6280	3097	2681	8768	453	0	33363	4154	6029	3000106	39478	49920	1226	200000	1814292	42686038	138294858	2419	5554948	4205200	2766585
1789687731	64897	95.6	92.4	7003	5226	3046	7034	524	0	51499	4948	10537	3000268	39258	49968	1337	200000	1815135	42700097	138381223	2419	5557339	4206832	2767269
1789687763	64929	93.4	92.9	8274	1692	2038	9098	769	0	62099	4075	9829	3000151	39335	50000	1048	200000	1815848	42710640	138472631	2417	5559851	4208666	2769970
1789687791	64957	92.3	92.0	7237	5674	2174	6650	573	0	41034	4025	5430	3000577	40000	50000	672	200000	1816637	42723988	138570586	2415	5562195	4209841	2771822
1789687817	64982	93.7	93.3	5232	4271	1752	8382	171	0	67511	4074	9272	3000116	39766	50000	959	200000	1817072	42728825	138640247	2418	5564201	4211370	2773046
1789687852	65018	94.9	94.3	8906	2771	1887	6771	289	0	42263	4150	9567	3000224	39394	50000	1192	200000	1817961	42744141	138768566	2417	5566531	4213168	2774768
1789687878	65043	93.7	92.1	6720	5683	1203	7985	118	0	50328	4215	5848	3000446	39397	50000	468	200000	1818815	42761360	138831811	2418	5568735	4214766	2776172
1789687909	65075	96.5	96.0	7669	3400	1489	6271	427	0	29265	3926	9302	3000457	39646	50000	508	200000	1819711	42775050	138926254	2415	5571808	4216742	2777333
1789687937	65103	95.9	95.3	7793	3118	3845	8183	594	0	12801	4050	9275	2999874	39317	49951	1381	200000	1820449	42790233	138992888	2418	5574606	4218556	2778438
1789687966	65132	97.1	96.3	7655	3262	3361	7168	2089	0	9071	3696	9020	3000047	39593	50000	1015	200000	1821182	42807400	139044539	2414	5578053	4220729	2779445
1789687997	65162	97.5	96.8	7050	4078	4399	9097	2195	0	1335	3835	8922	2999331	39082	49972	1567	200000	1822037	42822396	139145882	2414	5580471	4222438	2780881
1789688028	65194	96.9	96.2	6944	2976	3008	7442	1180	0	50290	4241	9796	3000116	38826	49979	1427	200000	1822790	42834800	139230390	2414	5582741	4224816	2782335
1789688060	65226	96.6	96.1	7078	3975	1504	8704	125	0	66574	3809	9154	3000937	39532	50000	880	200000	1823684	42862771	139284059	2414	5585183	4227975	2783203
1789688092	65258	94.3	93.9	10091	2361	1417	6520	372	0	59543	3875	9315	3000914	40000	50000	703	200000	1824514	42880910	139355281	2421	5587965	4230142	2784155
1789688117	65282	86.4	85.8	6826	4328	2459	8156	361	0	34854	3660	5018	3000253	40000	50000	1141	200000	1825080	42894574	139401915	2414	5590088	4231673	2784715
1789688151	65317	94.3	93.7	9078	3173	1777	5841	359	0	42302	4202	9557	3000565	40000	50000	661	200000	1826016	42911286	139500885	2414	5592766	4233411	2786241
1789688176	65342	92.6	90.4	10435	2045	2507	7618	571	0	29224	4362	9019	3000526	40000	50000	1123	200000	1826542	42929827	139524932	2417	5594598	4234376	2787589
1789688209	65375	91.6	91.0	6380	2352	2485	7342	1098	0	37092	4004	9598	3000226	39991	50000	845	200000	1827240	42938245	139622571	2414	5597888	4236181	2790206
1789688240	65406	93.6	92.9	6727	3333	2912	9392	1270	0	12110	3659	8836	3000101	39373	50000	1309	200000	1828130	42951993	139717143	2414	5600321	4237514	2791961
1789688267	65433	92.5	92.4	7509	2379	3913	7897	747	0	4918	4044	5477	3000275	39492	49993	1454	200000	1828862	42969003	139797376	2414	5603140	4239096	2792793
1789688298	65464	93.7	92.9	8463	2374	3167	9543	610	0	30740	3813	9027	3000165	39391	50000	1383	200000	1829526	42981688	139862536	2414	5605474	4241389	2794793
1789688327	65492	95.4	94.7	6157	3301	2428	6811	1002	0	41360	3837	8909	3000128	39690	50000	760	200000	1830214	42997206	139930319	2416	5607667	4243144	2795899
1789688356	65522	94.5	94.1	6133	4078	2807	8703	891	0	36642	3713	8700	2999222	39533	49950	1253	200000	1831013	43011740	140007628	2414	5609838	4244507	2797430
1789688387	65553	94.9	94.5	8722	2737	1976	7204	505	0	106631	3616	8547	3000035	39426	50000	894	200000	1831782	43020646	140099519	2430	5612316	4247319	2798148
1789688421	65587	94.4	94.1	13643	5379	3368	9174	1413	0	22089	3978	8857	2999372	39773	49858	1311	200000	1832863	43042606	140215687	2415	5614704	4248109	2799366
1789688446	65612	93.8	93.4	8033	2165	2481	6247	769	0	42256	3290	4682	2999278	39738	50000	1023	200000	1833537	43053428	140306039	2414	5616913	4250087	2800916
1789688476	65641	92.8	92.2	6859	6713	3529	8106	1927	0	24521	3714	8675	2998827	39106	49949	1294	200000	1834335	43066339	140407906	2414	5619458	4251345	2801674
1789688507	65673	94.2	94.2	6298	5260	4304	7360	666	0	6099	3658	8381	2999812	39118	49976	1677	200000	1835355	43082422	140513936	2414	5621913	4253160	2802611
1789688537	65702	94.6	93.8	7345	2154	2140	8648	833	0	60798	3945	9226	2999824	39917	49977	710	200000	1835897	43096073	140574997	2414	5624198	4255961	2804072
1789688567	65733	93.8	92.1	8341	6697	3585	7207	1908	0	12538	4026	8884	3000190	39666	50000	1424	200000	1836874	43115165	140672792	2414	5626371	4256865	2804908
1789688602	65768	95.9	95.5	11377	1478	1262	8571	196	0	49910	3952	9561	3000205	40000	50000	665	200000	1837832	43134953	140769575	2419	5628451	4259608	2807221
1789688633	65799	93.2	92.6	9001	2447	1786	6250	170	0	37406	3308	8082	3000424	39727	50000	1088	200000	1838676	43145828	140864075	2416	5631105	4261719	2808182
1789688663	65829	95.6	95.1	9443	2106	1384	7637	263	0	55683	3611	8296	3000609	40000	50000	765	200000	1839611	43160792	140954646	2428	5633590	4263864	2808823
1789688691	65857	94.5	93.1	7898	4757	2013	5880	171	0	28544	3444	8253	3000668	39794	50000	1164	200000	1840301	43173405	141022262	2415	5636220	4265988	2809684
1789688720	65886	95.4	94.8	8845	3422	1817	7223	871	0	24444	3422	8279	3000920	40000	50000	622	200000	1841218	43200669	141072956	2419	5638937	4267887	2810381
1789688751	65916	91.3	90.7	9966	2021	3533	6213	656	0	8791	3612	8492	2999554	39725	49932	1256	200000	1841835	43216006	141137198	2415	5641632	4269532	2811948
1789688779	65945	94.3	93.5	8436	1610	3804	8731	1871	0	9017	3593	8347	3000013	39293	50000	1458	200000	1842505	43227598	141213318	2419	5644821	4271229	2813814
1789688806	65972	98.0	97.1	6573	2912	3443	7129	1498	0	11243	3349	7860	3000276	39767	50000	1315	200000	1843147	43239292	141280432	2418	5647185	4273427	2814853
1789688836	66002	98.8	96.0	12192	2079	3087	8445	1337	0	27173	3871	8628	3000449	39561	50000	1257	200000	1843896	43263893	141355768	2418	5649510	4275653	2815434
1789688871	66036	97.6	97.3	4946	4212	1340	6363	269	0	91224	3354	8202	3000197	40000	50000	783	200000	1845204	43290892	141465932	2422	5651969	4279026	2816310
1789688898	66064	96.0	93.9	9751	5538	3170	8314	944	0	29720	3971	8351	3000111	39486	49991	1341	200000	1845945	43304495	141547245	2418	5654432	4279761	2817220
1789688929	66094	94.7	94.2	10534	2242	2442	7058	902	0	44190	3603	8562	3000171	39231	49946	1138	200000	1846724	43319494	141645215	2418	5656790	4281782	2819095
1789688960	66126	94.9	94.3	5836	3091	1746	8896	202	0	41147	3296	7951	3000239	38719	50000	1093	200000	1847593	43329634	141758868	2418	5659125	4283583	2821375
1789688991	66156	94.9	94.4	8441	2491	1493	6614	179	0	53940	3381	8236	3000745	39158	50000	856	200000	1848448	43350671	141830305	2433	5661506	4285651	2822031
1789689021	66187	88.5	88.1	7962	7412	1166	8116	102	0	78469	3492	8061	3000493	39243	50000	745	200000	1849221	43365379	141913032	2425	5663737	4287734	2822831
1789689053	66219	91.3	91.1	7191	5151	2381	5880	656	0	57058	3496	8314	3000464	39620	50000	1106	200000	1850049	43383087	141991088	2419	5666175	4289467	2823502
1789689080	66246	91.9	91.4	5998	3794	2700	7738	506	0	63568	3495	4822	3000226	39385	49883	1284	200000	1850908	43394325	142094421	2419	5668492	4290711	2825121
1789689107	66273	95.5	95.1	11420	4820	2747	6011	1020	0	64510	3704	8252	3000145	39361	50000	1207	200000	1851559	43403176	142186327	2420	5670776	4292418	2825871
1789689137	66302	92.4	92.0	9540	4389	3534	7594	1826	0	10631	3619	8348	2999625	39523	50000	1113	200000	1852314	43420403	142271946	2418	5673279	4293810	2826501
1789689169	66335	93.8	92.3	9086	5427	3478	6558	1875	0	9527	3822	8903	2999259	39406	50000	1120	200000	1853187	43439042	142365899	2419	5675631	4295776	2827477
1789689196	66361	93.3	92.5	9604	3879	3877	8397	2047	0	10967	3610	5200	2998714	38818	50000	1585	200000	1853976	43450842	142462237	2421	5677977	4297289	2828896
1789689234	66400	94.0	93.8	6398	2593	1924	7337	609	0	64335	3732	12836	3000533	39889	50000	959	200000	1854886	43470644	142541519	2418	5680236	4300215	2830574
1789689257	66423	89.9	87.7	12544	3362	2768	8926	777	0	44012	3865	5266	3000329	39164	50000	1285	200000	1855380	43479851	142598988	2418	5682477	4301405	2831739
1789689292	66457	94.8	94.4	7995	2261	1462	7012	299	0	86061	4302	9678	3000796	39946	50000	802	200000	1856389	43500115	142685198	2435	5684929	4303993	2832939
1789689319	66484	92.2	91.6	8854	5411	2870	8867	860	0	29251	3578	8174	3000242	39815	50000	1078	200000	1857113	43511824	142759579	2414	5687290	4304986	2833836
1789689346	66512	93.0	92.0	7588	1813	3070	6933	278	0	16645	3652	4985	3000213	39116	50000	1687	200000	1857926	43523843	142867621	2416	5689606	4306991	2835861
1789689380	66546	96.7	96.3	7292	4763	1554	7832	314	0	46186	3761	9020	3001311	40000	50000	690	200000	1858792	43554790	142931317	2415	5692026	4308920	2836685
1789689409	66575	90.3	89.4	6639	3813	3715	6992	788	0	11423	3725	8829	3000039	39303	49971	1251	200000	1859399	43566092	142987838	2415	5695318	4310713	2838327
1789689437	66603	98.3	97.2	9640	3827	1126	7774	365	0	21098	3900	8991	3000767	40000	50000	346	200000	1860184	43590672	143047139	2418	5696778	4312581	2839136
1789689470	66635	95.0	94.0	10125	3900	415	5878	182	0	28818	3940	9025	3000621	40000	50000	147	200000	1861111	43611403	143145712	2417	5698808	4314065	2841011
1789689503	66669	94.1	93.2	12489	4450	1558	8297	911	0	14296	3985	9315	3000729	39508	50000	279	200000	1861952	43627417	143232185	2417	5702273	4316199	2842091
1789689526	66692	92.3	91.7	10511	1945	3034	6768	652	0	29746	3724	5095	3000007	39498	49995	1128	200000	1862545	43645493	143276329	2414	5704469	4317628	2842747
1789689557	66722	92.1	91.6	5439	4475	2752	8975	813	0	36679	3759	9015	3000122	39245	50000	1297	200000	1863198	43654211	143371363	2414	5707038	4319193	2845189
1789689588	66753	93.1	92.8	8096	2994	2862	7245	975	0	28358	4031	9170	3000086	39498	49998	1153	200000	1863956	43666782	143464841	2414	5709591	4320494	2847401
1789689617	66783	92.1	91.4	6205	3095	3640	8923	935	0	11275	4082	9502	2999403	38538	50000	1500	200000	1864557	43674989	143541087	2414	5711850	4321781	2849420
1789689647	66813	93.0	92.2	8127	1815	2334	7898	1126	0	45507	4029	9649	3000095	38946	50000	983	200000	1865221	43688922	143606048	2415	5714780	4323401	2852037
1789689679	66844	94.3	94.1	7289	3857	2070	9555	802	0	67103	3955	9492	3000094	39351	50000	1012	200000	1865924	43698733	143683935	2423	5717158	4325386	2853305
1789689711	66877	92.1	91.6	6823	3562	2279	7549	572	0	58215	3671	8811	3000117	39301	50000	1006	200000	1866696	43715567	143775739	2420	5719495	4327193	2854836
1789689739	66905	95.3	94.7	6731	4989	2499	9181	883	0	50464	3338	4664	3000340	39132	50000	1022	200000	1867611	43732214	143878819	2414	5721716	4328348	2856001
1789689767	66933	94.7	94.2	6338	3219	2921	6742	883	0	36255	3547	8232	3000085	39107	50000	1291	200000	1868195	43744723	143957652	2415	5723950	4329906	2857137
1789689798	66964	96.0	95.6	10027	3967	2083	8183	443	0	69654	3586	8532	3000214	39079	50000	985	200000	1868983	43759694	144055086	2421	5726244	4332310	2858122
1789689830	66996	97.0	96.4	6943	4440	3148	6835	1093	0	34930	3687	8516	3000272	38965	49999	1497	200000	1870010	43782497	144155587	2414	5728714	4333594	2859152
1789689860	67025	94.8	94.1	6955	2209	2342	8889	661	0	45580	3932	9207	3000298	38670	50000	1177	200000	1870785	43794259	144234287	2414	5731220	4335260	2861965
1789689891	67057	87.8	85.7	6827	2834	3103	7917	1516	0	12809	4119	9362	3000060	38322	50000	1018	200000	1871541	43804574	144317632	2414	5734454	4336561	2864234
1789689919	67085	89.8	89.1	6272	3937	2764	9403	1418	0	10418	3675	8656	3000197	38531	50000	1033	200000	1872154	43813794	144396500	2414	5736620	4337953	2865980
1789689946	67112	92.1	91.2	7521	4205	3662	7531	1969	0	8428	3714	5146	2999729	37996	50000	1367	200000	1872895	43825995	144483785	2414	5739298	4339582	2867086
1789689980	67145	94.6	91.9	6749	3005	3203	9482	808	0	26738	4730	10019	3000307	37410	50000	1315	200000	1873592	43841968	144557842	2414	5741770	4341292	2869794
1789690008	67174	92.6	89.3	8553	1884	3778	7796	415	0	21973	4213	10023	2999501	36805	49994	1378	200000	1874071	43849577	144609609	2416	5744502	4342808	2873145
1789690038	67204	95.1	94.6	6036	2922	3353	10174	1030	0	25519	3725	9069	3000141	37022	50000	1214	200000	1874817	43861712	144689924	2417	5747828	4344494	2874809
1789690067	67233	93.6	92.6	5411	3271	2974	8013	1592	0	24696	3602	8776	3000207	37202	50000	1025	200000	1875527	43879415	144753701	2414	5750222	4346246	2876224
1789690096	67262	92.6	92.0	6412	2250	2603	10047	448	0	15246	3610	8571	2999698	37136	49917	1217	200000	1876191	43894563	144815961	2414	5752413	4347979	2879422
1789690137	67302	96.5	96.2	14456	4270	938	7304	534	0	42709	3650	12158	3000898	38227	50000	230	200000	1877409	43916182	144956296	2421	5754961	4350093	2880363
1789690162	67327	92.7	92.0	6959	2554	1506	9374	276	0	25087	3467	4795	3000514	38103	50000	311	200000	1878152	43927086	145041342	2416	5757555	4351497	2882087
1789690188	67354	94.0	93.6	8635	4405	1296	6005	216	0	34738	3371	7915	3000429	38306	50000	707	200000	1878835	43935842	145123515	2418	5759347	4353221	2883296
1789690223	67389	95.0	94.6	8389	6968	1025	7608	183	0	64740	3448	8052	3000571	38559	50000	632	200000	1879954	43955861	145247102	2432	5761624	4355349	2884102
1789690247	67413	91.7	91.1	6389	3558	2725	5728	726	0	66064	3568	7903	3000466	38636	50000	1460	200000	1880458	43967747	145278654	2418	5764083	4357183	2884564
1789690282	67448	94.6	94.3	7579	4744	1598	7264	286	0	64293	3687	8387	3000249	39060	49974	946	200000	1881500	43983155	145404014	2418	5766364	4358841	2886511
1789690312	67477	94.1	93.8	7459	4090	1532	5928	371	0	74346	3783	8383	3000213	39083	50000	904	200000	1882231	43994996	145503770	2425	5768559	4360582	2887694
1789690339	67505	93.4	92.8	6826	5906	2552	7620	901	0	42058	3487	7769	3000222	38954	50000	1182	200000	1882945	44009579	145591377	2418	5770783	4361866	2888751
1789690369	67534	91.8	90.8	6642	2955	2545	6487	876	0	60402	3529	8348	3000174	38505	50000	1236	200000	1883560	44019267	145679527	2419	5773248	4363220	2890778
1789690398	67564	94.4	93.8	5783	5117	2600	8379	835	0	30876	3543	8200	3000122	38421	50000	1229	200000	1884408	44033272	145782408	2418	5775626	4364524	2892928
1789690431	67596	93.2	92.7	7279	2482	3693	8290	2010	0	17500	3398	8475	3000112	38025	49981	1291	200000	1885258	44049102	145885439	2418	5779231	4366216	2894796
1789690458	67624	95.1	95.0	6309	4024	3826	9917	1264	0	9821	3224	7611	3000000	38145	49962	1267	200000	1886155	44062354	145976300	2418	5781631	4367950	2895611
1789690488	67654	94.9	94.6	10000	2287	3836	6242	590	0	14249	3202	7512	2999634	38226	49954	1391	200000	1887107	44076864	146074374	2425	5782833	4369983	2896423
1789690518	67683	94.7	94.2	7147	4617	3902	8775	1025	0	4548	3212	7563	2999518	38381	50000	1303	200000	1887896	44092233	146161762	2418	5786183	4371884	2897315
1789690547	67713	93.8	92.8	7353	1646	3784	6737	2113	0	3435	3205	7875	3000064	38205	50000	1308	200000	1888628	44108312	146245112	2420	5788439	4373906	2898288
1789690576	67742	95.9	95.4	7396	3769	3261	8299	1816	0	5938	3298	7783	3000004	38657	50000	1062	200000	1889255	44125751	146297715	2418	5790711	4375687	2899753
1789690606	67772	97.6	96.9	6954	3868	3924	7081	1998	0	29167	3249	7792	2999415	38508	49999	1679	200000	1890214	44143756	146394569	2418	5793323	4378019	2900291
1789690640	67806	95.9	95.5	6187	2547	2976	8986	594	0	37129	3717	12304	3000183	39066	49856	1547	200000	1890990	44157739	146469776	2418	5795529	4380003	2903339
1789690673	67838	97.4	95.2	5794	3317	1208	6887	317	0	25615	4013	9218	3000530	39508	50000	505	200000	1891968	44174963	146575958	2418	5797721	4381772	2905039
1789690698	67863	96.8	96.2	7362	4789	1435	8572	492	0	22514	3214	4662	3000796	39404	50000	491	200000	1892695	44189640	146658963	2418	5800363	4383700	2905962
1789690733	67899	95.5	95.3	8761	6210	953	5868	393	0	31395	3297	11308	3000875	40000	50000	328	200000	1893695	44213569	146756406	2421	5802461	4385546	2907045
1789690759	67924	94.6	93.5	5750	2724	2686	8478	1840	0	2743	3534	8296	3000241	39345	50000	527	200000	1894127	44220615	146812603	2418	5806292	4387466	2908481
1789690787	67953	98.0	97.9	14552	2510	913	5339	305	0	16608	3265	4606	3000801	40000	50000	237	200000	1895263	44250159	146908954	2419	5807004	4389408	2909055
1789690821	67986	88.8	88.3	7993	4850	3787	7724	847	0	11673	3314	11247	3000131	39446	49978	1210	200000	1895822	44259273	146983165	2419	5810415	4391409	2910005
1789690848	68014	97.5	97.2	10104	3639	1061	5446	362	0	25361	3395	4812	3000728	40000	50000	345	200000	1896833	44287261	147069290	2424	5811850	4393500	2910594
1789690884	68050	95.0	94.5	6253	5457	1551	7282	340	0	32491	3292	11020	3000561	39699	50000	666	200000	1897757	44302894	147178873	2422	5814513	4395640	2911510
1789690907	68073	94.4	93.5	9757	2671	1575	5582	354	0	10847	3457	4789	3000814	39639	50000	632	200000	1898382	44321846	147232479	2422	5816982	4397550	2912379
1789690938	68104	95.4	95.2	8957	3983	990	6900	490	0	14563	3445	8018	3000339	40000	50000	166	200000	1899357	44341244	147331568	2428	5819288	4399812	2912941
1789690968	68134	93.5	93.0	7719	2401	1345	5783	412	0	20654	3441	8049	3000532	39984	50000	52	200000	1900213	44354230	147426766	2422	5821713	4401388	2914494
1789691000	68166	92.9	92.0	6631	2767	3477	8677	2187	0	1218	3414	11617	2999929	39341	50000	1070	200000	1900744	44361644	147504784	2422	5825642	4403176	2915923
1789691027	68193	98.2	98.3	13450	5034	915	5669	487	0	27832	3577	4599	3000676	40000	50000	226	200000	1901778	44388176	147603262	2432	5826284	4405246	2916469
1789691058	68224	94.5	93.8	10126	2735	1418	7636	759	0	16366	3384	8099	3000434	39805	50000	407	200000	1902636	44404309	147696897	2425	5829152	4407351	2917503
1789691087	68253	92.1	91.6	6270	2699	2139	6569	1037	0	1879	3400	8314	3000160	39666	50000	407	200000	1903251	44416417	147776440	2422	5831862	4408801	2919193
1789691116	68282	91.8	91.4	6584	3508	2997	8821	1240	0	14528	3672	8448	3000050	39599	50000	791	200000	1903901	44428278	147851373	2422	5834608	4410456	2920910
1789691146	68312	93.1	92.4	6547	3541	3061	7455	1189	0	21980	3567	8417	2999687	38943	50000	1162	200000	1904654	44437114	147942192	2422	5837039	4411895	2923108
1789691176	68342	94.9	93.1	6223	3603	2113	9146	762	0	55145	3787	9014	3000088	38614	50000	945	200000	1905373	44451063	148026399	2422	5839416	4414088	2924574
1789691207	68373	94.1	93.4	9015	4551	2301	7133	393	0	29444	3542	8267	3000028	38070	50000	1267	200000	1906138	44463894	148110656	2420	5841557	4415713	2926130
1789691240	68406	95.1	94.7	10215	3373	1570	8379	487	0	53816	3595	8420	3000944	39028	50000	712	200000	1907143	44487591	148205306	2424	5843956	4417587	2927132
1789691267	68432	92.8	91.1	7593	2083	2577	6274	967	0	5570	3779	9063	3000144	38283	50000	875	200000	1907683	44496605	148266639	2420	5846876	4418935	2928927
1789691296	68462	92.8	92.2	7487	3087	3358	8734	1586	0	8442	3624	8654	3000121	38621	49984	1266	200000	1908367	44509243	148336109	2421	5849922	4420494	2931065
1789691334	68500	95.6	95.3	9054	1549	1676	7324	264	0	114807	3971	9323	3000533	39057	50000	983	200000	1909401	44530194	148436241	2438	5852552	4424222	2932021
1789691361	68527	93.7	93.1	11844	3678	3255	9100	1353	0	25521	3544	8133	3000208	39178	49888	1377	200000	1910143	44545989	148511897	2420	5854999	4424913	2932958
1789691394	68559	95.1	94.6	10039	3324	1654	6820	147	0	59340	4020	8866	3000361	39035	50000	1028	200000	1910985	44569335	148598313	2420	5857292	4427624	2934705
1789691421	68587	93.4	92.0	5295	4953	1787	8424	63	0	71714	3825	5367	3001253	39936	50000	1059	200000	1911712	44593631	148664478	2420	5859707	4429580	2935484
1789691449	68615	94.6	94.0	10337	3418	1622	6715	121	0	97785	3604	8435	3000306	39726	50000	934	200000	1912424	44607320	148739684	2424	5862140	4431548	2936603
1789691478	68644	93.0	92.5	11857	4206	2875	8575	897	0	30432	3638	8412	3000268	39685	49975	1170	200000	1913206	44621516	148821554	2420	5864657	4432493	2937658
1789691509	68675	95.7	95.2	6154	3065	1455	6729	111	0	72965	3507	8344	3000308	39480	50000	922	200000	1914068	44634583	148914942	2420	5867024	4434891	2939769
1789691540	68706	96.7	96.1	10661	5166	2967	8431	759	0	41260	3633	8376	3000655	39342	50000	1402	200000	1914977	44657445	148993798	2420	5869491	4436160	2940366
1789691573	68738	97.4	97.0	9042	2740	1284	7084	304	0	59694	3532	8742	3000394	39781	50000	726	200000	1915959	44678238	149094211	2423	5871970	4438504	2942407
1789691604	68770	96.8	96.5	9750	3332	1371	8741	161	0	35896	3415	8228	3000408	40000	50000	800	200000	1916896	44695896	149214257	2420	5874337	4440502	2943368
1789691633	68799	95.1	94.7	4868	3530	1375	6424	117	0	93972	3766	8727	3000241	40000	50000	548	200000	1917595	44709543	149297015	2431	5876830	4442468	2943945
1789691656	68822	94.1	93.4	7989	5839	2944	8363	580	0	48171	3676	4872	3000198	39366	50000	1426	200000	1918170	44717497	149374304	2421	5879054	4443683	2944993
1789691693	68859	95.9	95.6	9093	2837	1462	6174	31	0	100454	3555	8788	3000666	39759	50000	810	200000	1919358	44744556	149494787	2453	5881543	4446344	2945811
1789691718	68883	86.8	86.3	12855	3765	2866	8087	904	0	45777	3681	7927	3000010	39556	49886	1292	200000	1919775	44750979	149552916	2418	5883842	4447331	2946956
1789691752	68918	95.5	95.2	7013	2944	1590	6560	165	0	75452	3817	8893	3000241	39802	50000	950	200000	1920852	44769999	149666877	2424	5886165	4449953	2948450
1789691781	68947	94.2	93.8	6205	2813	2485	8378	437	0	62289	3535	8112	3000243	39744	49956	1190	200000	1921601	44782377	149755035	2421	5888697	4451580	2949205
1789691806	68972	94.6	93.9	7658	4351	3151	6441	1025	0	29567	3705	5111	3000110	39228	50000	1426	200000	1922249	44792201	149840983	2418	5891059	4452717	2950560
1789691838	69004	95.0	94.8	6982	3257	1811	7781	448	0	93096	3752	8866	3000370	39641	50000	900	200000	1923115	44809055	149924288	2427	5893456	4455553	2951516
1789691868	69033	94.2	93.2	9114	5040	3604	6687	1205	0	44297	3711	8732	3000119	38771	50000	1679	200000	1923919	44827977	150000529	2418	5895998	4456648	2952280
1789691900	69066	96.2	95.9	9472	3124	1386	7749	388	0	85684	3621	8913	3000503	39195	50000	802	200000	1924931	44849876	150081429	2427	5898272	4459730	2953349
1789691926	69092	92.8	92.0	9107	3261	3134	6004	980	0	24399	3707	8616	3000349	39089	50000	1501	200000	1925545	44862850	150149497	2419	5900621	4460946	2954382
1789691960	69126	93.8	93.5	7634	2822	1779	8013	132	0	49131	3999	9504	3000744	39664	50000	686	200000	1926476	44877461	150259097	2419	5903247	4462510	2957084
1789691989	69155	92.5	91.8	7132	3767	3123	7487	1030	0	8903	3608	8648	3000211	39858	50000	983	200000	1927120	44889635	150338237	2419	5906768	4464157	2958524
1789692021	69186	97.0	96.6	11937	2112	1736	8140	391	0	28720	3830	8569	3000460	40000	50000	619	200000	1928126	44913892	150428773	2434	5908032	4465975	2959388
1789692050	69216	90.8	90.2	7820	2884	3370	7073	963	0	10299	3822	8846	3000052	39511	50000	1091	200000	1928635	44923392	150508079	2425	5911555	4467661	2961273
1789692076	69242	93.8	92.9	8687	3546	3453	8700	1977	0	9574	3630	5240	3000232	39402	50000	1343	200000	1929421	44940955	150581274	2428	5913965	4469378	2962449
1789692105	69271	93.0	92.5	6679	3656	3309	7346	1802	0	43729	3619	8364	2999518	39478	49870	1281	200000	1930153	44958206	150647190	2428	5916516	4471864	2963263
1789692136	69302	94.5	94.1	7327	4426	2729	9057	966	0	46557	3694	8609	2999606	39539	50000	1203	200000	1931006	44972540	150735135	2429	5918686	4473524	2965299
1789692170	69336	94.7	93.9	8558	2603	1320	6979	86	0	59186	3686	8900	3000609	40000	50000	694	200000	1932014	44998004	150817273	2430	5920718	4475894	2966558
1789692199	69365	94.1	93.5	6477	2648	1995	8946	55	0	64460	3728	8509	3000718	39922	50000	1231	200000	1932643	45014063	150880033	2431	5923330	4477955	2967496
1789692229	69395	94.0	93.5	10910	4024	1299	6068	165	0	40478	3416	8217	3000557	40000	50000	781	200000	1933578	45034448	150964546	2428	5925624	4479892	2968635
1789692259	69425	92.8	92.4	8366	2675	1387	7777	235	0	64069	3402	8013	3000528	40000	50000	810	200000	1934457	45053499	151040670	2434	5928143	4482177	2969237
1789692288	69454	93.7	93.4	8314	3388	1691	5858	435	0	86382	3315	7887	3000209	40000	50000	900	200000	1935167	45070276	151116020	2434	5930495	4484158	2969860
1789692318	69484	93.9	93.5	7538	4023	1813	7814	317	0	80053	3428	7868	3000022	39669	50000	1114	200000	1935985	45079344	151226037	2436	5932883	4486058	2971137
1789692349	69515	93.0	92.5	9144	5681	3019	6311	952	0	45959	3256	7862	3000214	39341	49974	1357	200000	1936922	45096416	151332097	2428	5935331	4487079	2972023
1789692379	69545	93.4	93.0	5867	2865	1794	8219	357	0	73416	3592	8403	3000299	39596	49951	1016	200000	1937784	45109068	151428044	2429	5937556	4489053	2974453
1789692406	69572	96.1	95.6	5329	4460	1958	6558	37	0	62876	3316	8138	3000233	39655	50000	1084	200000	1938557	45123414	151512385	2429	5939805	4490427	2975587
1789692440	69605	97.1	96.7	6469	5169	1567	8365	153	0	51230	3402	8184	3000331	39552	50000	939	200000	1939549	45135050	151638136	2428	5942114	4492261	2977537
1789692469	69635	97.2	96.8	7256	2518	1384	5987	161	0	54213	3404	8095	3000578	39808	50000	831	200000	1940414	45148414	151736305	2439	5944406	4494263	2978361
1789692501	69666	96.8	96.3	7641	5707	1510	7621	242	0	42488	3419	8143	3000567	39803	50000	841	200000	1941378	45163602	151849140	2437	5947000	4496353	2979151
1789692529	69695	95.0	94.7	8751	6258	1126	5552	145	0	68753	3487	8150	3000753	39940	50000	615	200000	1942222	45183321	151918984	2444	5949068	4498335	2980015
1789692557	69723	93.1	92.4	7655	3526	2773	7601	24	0	34298	3600	8135	3000408	39482	50000	1474	200000	1942909	45198341	151976170	2433	5951607	4499740	2980707
1789692592	69758	93.3	91.8	7986	3135	3888	7407	1787	0	19910	3519	12328	3000114	38848	50000	1622	200000	1943740	45211884	152059835	2432	5955579	4501465	2983296
1789692616	69782	87.1	86.3	8876	2416	3003	8958	1204	0	8253	3728	4913	3000213	38909	50000	1114	200000	1944179	45224004	152101325	2436	5957769	4502968	2985606
1789692646	69812	94.2	93.6	5829	3390	2450	7864	931	0	34522	3685	8789	3000644	39443	50000	1010	200000	1944932	45242502	152163349	2434	5960573	4505716	2986630
1789692679	69844	94.4	94.1	7100	3786	1598	9374	398	0	23198	3576	8502	3000434	39606	50000	876	200000	1945854	45261926	152274914	2432	5962814	4507433	2988413
1789692708	69874	94.9	94.5	6679	2931	1224	6702	285	0	43300	3386	8226	3000808	39757	50000	507	200000	1946634	45275762	152374718	2432	5964949	4509192	2989615
1789692737	69903	93.4	92.6	7527	2780	1997	8546	170	0	27927	3352	7972	3000539	39325	50000	1031	200000	1947376	45292315	152442895	2433	5967393	4511013	2990988
1789692772	69938	93.2	92.9	8801	5634	4059	6960	709	0	9530	3329	11558	2999843	38831	50000	1602	200000	1948163	45307001	152520024	2432	5971211	4512835	2992115
1789692796	69962	93.1	92.6	11560	2362	4084	8490	1207	0	6222	3443	4818	2999904	39157	49846	1359	200000	1948855	45319876	152596459	2436	5973802	4514804	2992898
1789692826	69992	95.1	94.2	9147	4534	3461	6809	1965	0	1520	3527	8685	3000040	39227	50000	1118	200000	1949670	45335895	152675088	2432	5975887	4516863	2993802
1789692857	70023	93.5	93.4	11051	3148	4071	8502	885	0	9761	3759	8725	3000117	39020	50000	1488	200000	1950484	45354381	152755389	2437	5978417	4518862	2994327
1789692885	70051	93.5	92.4	6014	1774	2913	6766	1016	0	19596	3975	9030	3000072	39288	50000	1065	200000	1951058	45371428	152803310	2432	5980564	4521304	2995758
1789692917	70082	94.7	93.3	11381	1901	2319	8387	487	0	58262	3662	8949	3000111	39743	50000	1107	200000	1951931	45392722	152864665	2433	5982927	4523805	2996683
1789692951	70117	94.5	94.2	9062	4628	1519	7011	154	0	87910	3775	8615	3000204	40000	50000	986	200000	1952998	45412709	152977718	2434	5985369	4526395	2997684
1789692980	70146	93.6	93.1	9322	3540	2097	8637	218	0	85559	3616	8455	3000120	39799	50000	1148	200000	1953732	45425709	153071360	2439	5987734	4528034	2998523
1789693012	70178	94.1	93.7	10193	3745	1666	5984	214	0	68874	3751	8604	3000354	39981	50000	1083	200000	1954684	45442741	153176335	2436	5990012	4530220	2999466
1789693043	70209	94.5	94.1	8403	2391	1468	7487	133	0	88175	3539	8296	3000173	40000	50000	905	200000	1955448	45460155	153257417	2437	5992319	4532183	3000325
1789693071	70237	93.3	92.7	6960	5212	2815	5771	951	0	49271	3449	8168	3000225	39630	49917	1267	200000	1956195	45472727	153341271	2432	5994769	4533397	3000907
1789693102	70268	93.2	92.8	6775	1982	1940	7446	278	0	78000	3548	8607	3000164	39737	49994	1024	200000	1957041	45485421	153425680	2437	5997035	4535651	3002553
1789693130	70296	93.7	93.1	8761	6006	3126	6161	1257	0	42176	3404	4906	3000262	39426	50000	1311	200000	1957979	45504353	153539371	2432	5999500	4536798	3003273
1789693158	70324	93.9	93.2	6176	3504	2678	7833	942	0	50691	3696	8699	3000038	38997	49964	1213	200000	1958566	45513923	153618336	2436	6001684	4538435	3005079
1789693187	70353	94.7	93.0	8281	3180	2666	6504	892	0	61827	3805	8558	2999905	38889	50000	1179	200000	1959330	45525733	153702631	2433	6004053	4540489	3005902
1789693217	70383	94.2	93.8	8802	2679	2592	8106	837	0	59948	3874	8604	2999944	38922	49885	1238	200000	1960177	45543345	153786128	2435	6006332	4542373	3007015
1789693250	70416	92.0	91.5	7311	3457	1891	6840	121	0	63713	3637	8434	3000344	39922	50000	1196	200000	1961121	45563610	153867927	2441	6008705	4544946	3008366
1789693282	70448	94.3	93.7	9055	2693	1923	8403	125	0	81480	3658	8597	3000362	39525	50000	1057	200000	1962061	45580305	153960815	2446	6011240	4547140	3009159
1789693314	70480	96.1	95.7	7749	2192	1385	5863	277	0	79545	3620	8667	3000668	40000	50000	700	200000	1962907	45597622	154062030	2434	6013769	4549129	3010021
1789693336	70502	95.5	94.8	6561	2812	2907	7619	513	0	41652	3868	5138	3000360	39558	50000	1405	200000	1963603	45614672	154123445	2436	6015937	4550438	3010876
1789693373	70539	98.2	97.7	8638	2644	1842	5785	52	0	79733	3795	8882	3000742	40000	50000	1127	200000	1964620	45648167	154234870	2433	6018415	4552999	3011656
1789693399	70565	96.1	95.5	9149	2398	1803	7426	223	0	68533	3619	8217	3000815	40000	50000	1134	200000	1965205	45666749	154287802	2432	6020698	4554934	3012966
1789693430	70596	97.6	97.2	7746	3870	1268	5968	185	0	75398	3661	8581	3000415	40000	50000	735	200000	1966119	45688102	154376922	2438	6023039	4556932	3013917
1789693459	70625	96.9	96.5	5806	3659	1366	7718	121	0	78215	3553	8429	3000445	40000	50000	792	200000	1966929	45703580	154455592	2440	6025590	4559128	3014653
1789693489	70655	94.9	94.2	8245	6161	2919	6263	1196	0	40610	3631	8494	3000545	39843	49993	1206	200000	1967727	45719132	154543696	2432	6027972	4560192	3015321
1789693522	70688	87.0	85.4	6149	3371	4097	9818	767	0	18815	4614	10227	2999265	38580	49977	1623	200000	1968384	45730479	154615600	2432	6032118	4561534	3019004
1789693552	70718	95.2	94.4	7138	3008	4012	6791	864	0	8267	3667	8670	2999149	38205	49958	1323	200000	1969150	45741195	154712410	2433	6033652	4563499	3019970
1789693577	70743	95.2	94.1	6855	5548	3148	9040	1690	0	3247	3653	5258	3000215	38716	50000	933	200000	1969885	45761918	154773083	2432	6036455	4565059	3021437
1789693608	70774	94.2	93.8	5919	2268	2895	7030	1544	0	15581	3731	8788	3000110	38940	50000	917	200000	1970621	45776976	154854645	2432	6038929	4566883	3022783
1789693638	70804	93.4	93.4	7410	6763	4151	7904	377	0	3930	3563	8168	2999319	38661	49917	1435	200000	1971496	45793108	154960164	2432	6040289	4568500	3023686
1789693672	70838	95.0	94.6	6592	3789	4122	6203	325	0	3550	3784	8854	2998883	38503	49932	1180	200000	1972248	45809484	155060099	2425	6042459	4569737	3025368
1789693700	70865	94.2	93.4	6636	2088	3396	8924	1679	0	18162	3441	8289	2999163	38846	49983	1087	200000	1972860	45817280	155128004	2425	6046049	4572023	3027034
1789693730	70896	93.9	93.4	5595	4146	4186	7736	2247	0	3472	3508	8343	2998896	38916	49868	1347	200000	1973797	45833974	155218605	2425	6048560	4573416	3028474
1789693760	70925	94.9	94.4	8321	4232	3441	9170	2020	0	14819	3537	8374	2999879	39030	50000	1100	200000	1974575	45843930	155315231	2425	6050890	4575441	3029245
1789693787	70953	93.6	93.6	10951	4258	4042	7332	1127	0	4644	3630	4966	2999740	39322	49964	1389	200000	1975490	45865451	155413744	2429	6053281	4577219	3030108
1789693817	70982	97.5	96.5	10283	4945	1251	7340	406	0	18074	3790	8794	3000700	40000	50000	394	200000	1976231	45880702	155507715	2428	6053873	4578944	3031211
1789693850	71016	90.6	90.1	6474	4495	4132	7508	921	0	1553	3717	8976	2999223	39325	49898	1244	200000	1977020	45894029	155600141	2425	6057816	4580424	3033383
1789693880	71045	93.5	92.5	8377	2076	3540	9005	2105	0	13369	3759	8863	2999907	39203	50000	1163	200000	1977630	45903398	155671146	2425	6060169	4582270	3034251
1789693911	71076	94.9	93.3	9014	3977	3914	7250	2270	0	3600	3912	9201	2999571	38838	50000	1367	200000	1978527	45919244	155755647	2425	6062554	4584159	3035221
1789693937	71103	92.3	92.1	9394	4304	4218	9086	1068	0	5560	3552	4851	2999796	38864	50000	1582	200000	1979231	45941571	155829228	2454	6064974	4585664	3036727
1789693967	71133	93.2	91.6	7274	2408	3400	7174	1949	0	8633	3761	8954	3000002	38914	50000	1050	200000	1979822	45956323	155900028	2454	6067184	4587444	3038387
1789693999	71165	94.1	94.1	6584	5279	4056	9083	1014	0	8239	3734	8569	2999724	39173	49878	1352	200000	1980759	45977856	155994372	2454	6069725	4589321	3039155
1789694030	71196	94.3	93.8	7025	3746	4141	7456	761	0	2585	4044	9148	2999527	39118	49898	1247	200000	1981499	45994106	156086491	2454	6071851	4590665	3041375
1789694060	71226	94.0	92.7	6997	2783	3758	9002	2099	0	8005	3567	8726	3000316	39434	50000	1400	200000	1982163	46007900	156162935	2454	6074213	4592525	3042230
1789694085	71251	94.9	94.3	9117	1917	2947	7058	1465	0	15279	3742	5083	3000151	39382	50000	877	200000	1982853	46020803	156237829	2454	6076055	4594148	3044148
1789694121	71287	92.8	92.4	8456	2717	3007	9352	1055	0	23599	3817	12822	3000139	39172	49990	1105	200000	1983660	46031390	156328760	2454	6078725	4595881	3045920
1789694150	71316	94.7	93.6	6794	2460	2439	7687	406	0	49583	3812	8786	3000075	38973	50000	1185	200000	1984353	46041009	156407917	2456	6080796	4597963	3047913
1789694182	71348	94.3	93.7	6738	4952	2682	9227	604	0	38922	3451	8309	3000525	39087	50000	1173	200000	1985277	46060852	156500584	2454	6083141	4599289	3048840
1789694213	71379	97.5	97.0	7263	2997	1663	6832	179	0	47630	3469	8208	3000873	39586	50000	1014	200000	1986140	46081391	156589564	2455	6085693	4601864	3050544
1789694243	71409	97.6	96.7	6745	5321	1635	8298	194	0	64082	3531	8197	3000819	39792	50000	851	200000	1986980	46103198	156670902	2455	6088086	4603883	3051097
1789694273	71439	97.4	96.9	10830	5038	1593	6219	157	0	60578	3376	8170	3000499	40000	50000	872	200000	1987685	46122883	156747106	2457	6090518	4605893	3052068
1789694300	71466	97.3	96.8	9395	2571	1750	7790	67	0	65375	3516	4904	3000326	40000	50000	888	200000	1988571	46137568	156847775	2455	6092959	4607726	3052961
1789694329	71495	95.4	95.0	9044	3363	1796	6036	36	0	61856	3492	8117	3000369	40000	50000	793	200000	1989300	46149091	156942531	2456	6095233	4609219	3054292
1789694361	71526	94.2	93.6	7001	5807	1647	7911	137	0	36601	3435	8320	3000275	39613	50000	899	200000	1990288	46162254	157056316	2454	6097709	4611011	3056176
1789694391	71557	93.1	92.8	9455	2308	1356	6129	255	0	56950	3333	7981	3000357	40000	50000	587	200000	1991203	46178625	157144638	2461	6100015	4612922	3057044
1789694418	71584	88.5	87.8	7229	3586	1790	7929	23	0	47304	3593	7966	3000257	39470	50000	1217	200000	1991750	46186486	157211633	2454	6102131	4614703	3058247
1789694448	71614	93.8	93.3	10974	1876	1517	5681	97	0	40041	3311	7811	3000664	39675	50000	809	200000	1992553	46205308	157296585	2459	6104351	4616455	3059407
1789694480	71646	93.7	93.2	9859	2471	1396	7237	401	0	22931	3433	8095	3000840	40000	50000	580	200000	1993392	46220619	157393355	2456	6107183	4618542	3060252
1789694509	71675	95.0	94.4	8167	4646	1467	5473	284	0	42130	3362	8015	3000191	40000	50000	642	200000	1994177	46241977	157469548	2462	6109421	4620599	3060890
1789694540	71705	94.7	94.0	8283	3893	1120	6972	375	0	19621	3458	8208	3000218	40000	50000	419	200000	1995074	46257637	157553331	2454	6111730	4622397	3062048
1789694571	71737	90.8	90.3	7889	3204	4388	7569	575	0	1025	3427	8438	2999105	39101	49960	1468	200000	1995794	46270336	157627307	2454	6115817	4623854	3064176
1789694598	71764	96.0	93.6	6248	3503	3019	8495	1732	0	2546	3884	8718	3000219	39181	50000	907	200000	1996274	46279360	157697563	2454	6117647	4625510	3065198
1789694630	71795	93.5	92.7	10940	2162	2705	7036	1077	0	26290	3671	8896	3000084	39177	50000	1294	200000	1996992	46299746	157760422	2454	6120100	4627756	3066806
1789694663	71829	94.8	94.5	8893	2658	1052	8248	399	0	30962	3415	8347	3000338	39808	50000	332	200000	1997897	46318772	157873109	2456	6122565	4630344	3068052
1789694688	71854	89.5	88.6	5812	4035	3299	6904	138	0	12720	3292	4842	2999375	38700	49951	1421	200000	1998459	46331087	157962907	2454	6125423	4631746	3069680
1789694716	71882	93.4	92.7	10187	3346	3899	9352	713	0	14394	3655	8526	3000161	39343	50000	1554	200000	1999070	46347374	158029134	2454	6128511	4633387	3070876
1789694746	71912	93.3	92.3	6879	3484	3416	7172	1363	0	36449	3386	8217	3000031	39647	49937	1484	200000	1999707	46363869	158090784	2454	6131026	4635670	3072240
1789694780	71945	96.3	96.0	9022	2547	1431	8192	110	0	78625	3345	8262	3000336	39832	50000	900	200000	2000745	46384233	158193158	2464	6133039	4638640	3073306
1789694810	71976	94.7	94.1	11562	3196	1905	6425	175	0	79110	3530	8047	3000645	39969	50000	1263	200000	2001593	46402518	158277349	2455	6135571	4640862	3073883
1789694840	72006	94.8	94.1	7621	5323	1678	7769	224	0	69580	3622	8140	3000393	39758	50000	1087	200000	2002484	46420251	158364377	2455	6137892	4642831	3074784
1789694870	72036	94.1	93.6	8348	3638	1232	5490	231	0	84293	3507	8085	3000487	40000	50000	721	200000	2003281	46438126	158453771	2467	6140317	4644893	3075595
1789694899	72064	93.3	92.5	8911	5432	3565	7455	1268	0	38421	3499	7908	3000647	39500	50000	1678	200000	2003896	46456037	158517820	2455	6142791	4645740	3076150
1789694929	72095	93.1	92.4	7732	1682	2438	6704	764	0	29909	3583	8721	3000208	39073	50000	1353	200000	2004537	46468196	158607174	2455	6145327	4647618	3079407
1789694958	72124	95.7	95.5	7053	4185	908	7558	265	0	33049	3257	7697	3000940	40000	50000	266	200000	2005424	46487323	158706235	2466	6147311	4649249	3080715
1789694987	72153	91.6	89.0	7224	4059	2495	7847	1114	0	912	3743	8512	3000050	39697	50000	968	200000	2006023	46495524	158781784	2456	6150776	4650784	3082692
1789695016	72182	93.0	92.5	7518	2088	2681	9785	1457	0	20208	3510	8226	3000011	39857	50000	850	200000	2006749	46505291	158860432	2456	6153623	4652740	3084018
1789695046	72212	93.7	93.2	6631	4701	3302	7411	1861	0	7904	3480	8128	2999956	39615	50000	1075	200000	2007673	46518032	158951508	2456	6156069	4654266	3085099
1789695076	72242	93.3	92.7	7299	2195	3674	9102	1959	0	15995	3829	8234	3000048	39320	50000	1270	200000	2008418	46527443	159049040	2456	6158552	4656227	3085894
1789695107	72273	92.6	92.1	9307	4345	3657	7023	2179	0	9017	3594	8380	3000136	39195	50000	1214	200000	2009339	46544234	159141061	2456	6160910	4658023	3086926
1789695138	72304	94.5	94.1	7713	6352	3864	8689	2292	0	4045	3581	8396	3000489	39756	50000	1238	200000	2010190	46569448	159219968	2456	6163324	4660020	3087939
1789695171	72337	91.2	91.0	8367	3135	3974	7478	1070	0	10556	3492	8384	2999377	39241	49928	1356	200000	2011102	46588689	159309977	2456	6165798	4661996	3088869
1789695201	72367	93.7	93.2	5841	5322	4425	7824	524	0	837	3258	7936	2998732	39028	49863	1526	200000	2011928	46600637	159405009	2456	6166780	4663716	3090180
1789695230	72396	97.8	97.1	7976	3847	3065	6974	1993	0	2899	3361	8206	3000019	39298	50000	679	200000	2012595	46612943	159481086	2456	6170337	4665653	3091313
1789695257	72422	94.7	94.7	9647	1847	826	7023	362	0	29238	3443	4535	3000806	40000	50000	265	200000	2013619	46636530	159580153	2463	6170804	4667569	3091808
1789695291	72456	95.5	94.9	5993	3513	3497	6675	1293	0	9884	3646	11715	3000097	39389	50000	1133	200000	2014298	46652570	159651452	2456	6175256	4669854	3092794
1789695318	72483	90.8	90.6	9642	3255	4232	7205	521	0	13574	3596	4939	3000037	39551	49876	1485	200000	2015162	46675341	159725163	2459	6176475	4671765	3093543
1789695348	72514	97.2	96.6	11810	4855	1618	5625	472	0	22223	3611	8249	3000564	40000	50000	546	200000	2015969	46690133	159832731	2461	6178593	4673948	3094173
1789695379	72545	95.0	94.7	9538	5165	1035	6959	294	0	37607	3497	8313	3000285	40000	50000	475	200000	2016909	46709314	159943769	2457	6180483	4675795	3095199
1789695406	72572	91.2	88.9	6010	2868	3018	6625	1496	0	3298	3786	9233	3000479	39240	50000	1126	200000	2017365	46719582	159982662	2456	6184436	4677869	3096607
1789695436	72601	93.8	93.4	9333	3458	2776	8211	1343	0	16428	3557	8640	3000048	39880	49985	975	200000	2018158	46747172	160027716	2456	6186819	4679810	3097910
1789695466	72632	92.5	92.0	7946	6354	2869	6854	1541	0	12393	3579	8452	3000205	39680	50000	785	200000	2018937	46763775	160109567	2456	6189101	4681302	3099107
1789695496	72661	93.6	93.4	8533	2392	3557	8922	569	0	21504	3965	9096	2999351	39303	49951	1317	200000	2019706	46774079	160197922	2456	6191660	4683013	3100400
1789695528	72694	92.8	91.6	6331	4310	2836	7614	837	0	30866	4038	9534	2999747	39055	50000	1194	200000	2020283	46785616	160267294	2456	6194250	4684874	3102717
1789695562	72728	93.4	92.7	7626	4242	2694	9201	947	0	22668	3796	9034	3000138	39150	50000	1155	200000	2021204	46808166	160358794	2456	6196400	4686268	3104477
1789695586	72752	91.1	90.2	5207	3567	2906	7241	1254	0	23515	3741	5245	3000153	39277	50000	1114	200000	2021701	46818142	160431286	2457	6199008	4687614	3106724
1789695617	72783	94.9	94.3	9048	3346	2721	8727	1195	0	33979	3537	8529	3000216	39056	50000	1233	200000	2022454	46839471	160531140	2456	6201040	4689087	3108214
1789695655	72821	95.2	95.0	6339	3044	1044	6768	135	0	74009	3747	12587	3000558	39477	50000	446	200000	2023985	46856009	160635128	2475	6203874	4692360	3109047
1789695676	72841	90.9	88.9	9673	2570	2249	9007	281	0	35435	3752	5035	3000011	39097	50000	882	200000	2024384	46861348	160678875	2471	6206468	4694099	3110448
1789695710	72876	94.0	93.7	9120	3334	1872	7014	203	0	38786	3863	9134	3000448	39308	50000	809	200000	2025438	46875126	160807557	2472	6208859	4695680	3112314
1789695741	72907	93.5	93.1	8287	2703	1164	8826	321	0	35374	3498	8377	3000404	39313	50000	390	200000	2026253	46885772	160916072	2471	6211502	4697434	3113758
1789695766	72932	92.8	92.1	6307	5265	2320	6191	552	0	55803	3585	8178	3000325	39043	50000	1229	200000	2026699	46896727	160963806	2469	6213407	4699222	3114340
1789695800	72966	93.5	92.9	7457	3683	1617	7921	137	0	63730	3554	8507	3000478	38940	50000	983	200000	2027628	46910008	161084740	2477	6215809	4701178	3115938
1789695831	72997	93.0	92.3	6609	5496	1659	5795	120	0	53234	3754	8693	3000639	39052	50000	808	200000	2028491	46931870	161167251	2470	6218171	4703019	3117012
1789695863	73029	93.6	92.3	9732	3611	1682	7446	228	0	42119	3904	9412	3000673	39354	50000	630	200000	2029365	46947167	161256846	2469	6220630	4704531	3118621
1789695890	73056	93.2	92.5	6765	2636	1900	6131	133	0	68730	3881	5452	3000341	38777	50000	996	200000	2030010	46958492	161339444	2474	6223049	4706190	3119836
1789695916	73082	95.4	95.0	6307	4506	2094	7775	52	0	44608	3915	8936	3000392	38959	50000	1126	200000	2030573	46972252	161389841	2467	6225168	4707498	3121130
1789695947	73113	94.2	91.7	7275	3218	2984	7192	843	0	18731	4240	9833	2999596	37993	50000	1143	200000	2031293	46982026	161478434	2468	6228600	4709010	3123536
1789695979	73144	92.9	92.6	6485	3875	3667	9253	668	0	17571	3581	8860	3000138	38157	49953	1369	200000	2031980	46999590	161562788	2466	6231230	4710304	3125398
1789696007	73173	94.8	93.7	6512	2649	3367	7523	1336	0	17417	3658	8388	2999953	37995	50000	1222	200000	2032592	47008270	161641738	2467	6233631	4712526	3126684
1789696036	73202	96.5	95.9	7047	2972	2993	8942	922	0	23907	3956	9052	3000105	37564	50000	1330	200000	2033396	47023191	161723358	2466	6235606	4713952	3128114
1789696073	73238	97.5	97.1	7646	2672	1215	6577	317	0	93935	3444	8618	3000946	38812	50000	515	200000	2034509	47047652	161831956	2471	6238265	4716922	3129382
1789696097	73262	95.7	94.9	6993	5871	2034	8479	146	0	69059	3561	8043	3000548	39014	50000	1078	200000	2035030	47059477	161879508	2468	6240490	4718453	3130222
1789696130	73296	96.2	95.6	8101	3600	1885	7153	172	0	60522	3651	8604	3000505	38742	50000	1173	200000	2035932	47073365	161990556	2468	6242852	4720386	3131958
1789696164	73330	95.2	94.7	10201	4123	1660	8573	199	0	66432	3690	8562	3000618	39084	50000	1029	200000	2036897	47093910	162094321	2469	6245318	4722514	3132756
1789696194	73359	95.9	94.9	5127	4615	1419	5041	128	0	53717	3546	8637	3000740	39315	50000	880	200000	2037621	47111035	162177207	2477	6247468	4724428	3133696
1789696220	73386	89.8	89.3	11234	3744	1672	6623	41	0	80497	3664	5180	3000616	39404	50000	972	200000	2038286	47130166	162246123	2469	6249808	4726245	3134335
1789696251	73417	94.8	94.2	10902	4781	1830	5711	243	0	71094	3822	8981	3000461	39309	50000	1118	200000	2039038	47146045	162332383	2469	6252118	4728120	3135771
1789696281	73447	95.1	94.7	9498	5004	1275	7181	273	0	82583	3738	9133	3000489	39969	50000	635	200000	2039778	47161210	162412867	2475	6254566	4729980	3136814
1789696312	73478	94.7	94.2	7239	6406	2527	6155	479	0	58210	3778	8655	3000647	39914	50000	1180	200000	2040625	47177127	162512249	2471	6256837	4731327	3137696
1789696337	73503	94.6	94.3	7478	4599	2188	7575	377	0	71241	3438	4999	3000347	39996	49983	1063	200000	2041435	47190497	162603413	2472	6259003	4733292	3138640
1789696368	73534	94.5	94.1	10177	2120	2333	5880	467	0	98093	3563	8782	3000170	39624	50000	1104	200000	2042301	47202389	162694062	2478	6261449	4735397	3139455
1789696396	73562	94.5	94.0	12911	5375	3643	7483	2150	0	8036	3622	8417	2999977	39476	50000	1213	200000	2043120	47215110	162805767	2471	6263869	4736163	3139963
1789696430	73596	95.2	94.8	11860	6167	3731	6832	2127	0	9003	4023	9493	3000039	39492	50000	1301	200000	2044049	47231136	162917720	2471	6266288	4738187	3140877
1789696457	73622	93.9	93.9	8389	4187	3961	8476	1224	0	4090	3644	5150	2999458	39278	50000	1348	200000	2044867	47245075	163009932	2474	6268800	4740096	3141720
1789696487	73653	94.5	93.2	10340	4971	4156	7529	1092	0	2128	3952	9457	2999459	39109	50000	1500	200000	2045680	47261511	163081508	2471	6271316	4741884	3143098
1789696517	73683	93.9	92.3	9737	4011	4142	8205	473	0	3884	4045	9194	2999114	39205	49920	1476	200000	2046425	47279650	163155022	2470	6272575	4743587	3144608
1789696549	73714	97.6	96.6	11210	3649	1167	6218	329	0	31505	3811	8995	3000486	39837	50000	468	200000	2047346	47298040	163255441	2481	6274389	4745426	3145856
1789696581	73747	91.2	90.4	6990	3298	4383	8443	356	0	3754	3732	8691	2998983	39149	49940	1458	200000	2048133	47314586	163347061	2470	6277021	4746841	3147539
1789696609	73775	94.9	94.1	5635	3679	4099	7628	820	0	354	3725	8619	2998792	38909	49918	1232	200000	2048729	47324833	163424131	2470	6280491	4748212	3149780
1789696639	73805	94.1	93.2	6576	3515	3404	9178	1809	0	7270	3644	8448	2999395	39113	50000	1024	200000	2049374	47336638	163503523	2470	6282938	4750308	3150777
1789696666	73831	94.4	94.3	10579	3882	4249	7265	1109	0	1742	3627	4958	2998787	38728	49967	1411	200000	2050334	47353578	163603233	2471	6285518	4752072	3151460
1789696696	73862	94.8	94.0	9605	2550	3917	8667	1086	0	2309	3612	8641	2999323	38844	50000	1405	200000	2051157	47367566	163691079	2471	6287869	4754159	3152341
1789696726	73891	95.0	93.9	6785	4308	3584	7192	1558	0	14966	3525	8233	2999938	38919	50000	1466	200000	2051860	47383547	163750004	2471	6290265	4756825	3153334
1789696762	73928	96.2	95.9	5658	3755	1579	8350	155	0	72141	3518	8659	3000558	39891	50000	1015	200000	2052902	47406077	163836482	2472	6292411	4759897	3154425
1789696789	73955	94.1	93.5	6421	4741	2204	6546	218	0	88356	3616	8254	3000618	39995	50000	1269	200000	2053502	47418568	163902798	2473	6294917	4761955	3154988
1789696822	73988	94.8	94.3	9318	5958	1644	8028	240	0	78511	3651	8714	3000365	39781	50000	1033	200000	2054524	47436975	164011789	2483	6297329	4764162	3155920
1789696850	74015	93.9	93.4	7300	5333	1690	5683	174	0	67801	3560	8287	3000435	39599	50000	1017	200000	2055215	47451881	164083278	2477	6299637	4766073	3156834
1789696880	74046	94.8	94.3	7481	4535	1748	7237	238	0	63768	3485	8504	3000429	39710	50000	1010	200000	2055985	47470097	164163569	2472	6302143	4768126	3157641
1789696911	74077	94.8	94.6	8739	3301	1286	5600	182	0	69090	3506	8381	3000445	40000	50000	774	200000	2056778	47487168	164256863	2483	6304410	4770156	3158475
1789696942	74107	95.6	95.2	7394	4655	1494	7284	198	0	88001	3481	8203	3000422	40000	50000	920	200000	2057663	47502676	164352693	2488	6306790	4772334	3159095
1789696972	74137	94.7	94.3	6929	3740	2334	5871	435	0	60194	3439	8057	3000491	39905	50000	1244	200000	2058515	47521380	164443611	2474	6309221	4774312	3159836
1789697003	74169	96.9	96.4	6904	3580	1597	7354	263	0	49760	3766	8876	3000484	39865	50000	889	200000	2059445	47534162	164551592	2472	6311713	4776336	3161044
1789697033	74199	96.4	95.5	5162	4133	1782	5586	270	0	59668	3779	8810	3000602	39981	50000	871	200000	2060375	47549642	164636517	2472	6314101	4778288	3161670
1789697060	74226	96.9	96.5	7706	4069	1579	7153	441	0	49438	3851	5544	3000178	40000	50000	692	200000	2061219	47563716	164730463	2471	6316718	4780374	3162478
1789697091	74257	92.2	91.6	9603	2125	3084	6671	521	0	27180	3689	8623	3000143	39735	49964	1284	200000	2061987	47573980	164822507	2470	6319743	4781776	3164294
1789697117	74283	88.6	88.1	6855	4012	3699	7868	840	0	16709	3972	8875	2999286	39077	49988	1529	200000	2062438	47580079	164881558	2470	6321578	4783286	3165379
1789697148	74314	94.7	93.8	9036	2901	3578	7329	2071	0	7599	3616	8606	3000067	38885	50000	1265	200000	2063224	47594001	164970564	2470	6325031	4784881	3167007
1789697177	74343	96.0	93.9	9973	1840	3762	8879	2065	0	7891	4039	9096	3000210	39142	50000	1332	200000	2063893	47605973	165039739	2471	6327527	4786948	3167665
1789697207	74372	94.3	92.1	9598	2650	3960	7445	2077	0	7586	4350	9388	2999901	39072	50000	1512	200000	2064660	47623734	165104559	2470	6329960	4788605	3169262
1789697244	74410	96.0	95.8	9217	1207	1489	8938	264	0	71892	3840	9345	3000353	39471	50000	922	200000	2065703	47643218	165235665	2479	6332098	4791516	3171517
1789697273	74439	94.6	94.2	7629	2943	1582	6243	113	0	67754	3620	8374	3000593	39575	50000	1028	200000	2066503	47657813	165315175	2480	6334218	4793365	3172482
1789697302	74468	94.6	93.9	9584	4084	1939	7884	116	0	60445	3649	4970	3000488	39520	50000	1036	200000	2067370	47675799	165423714	2473	6336680	4795146	3173383
1789697331	74497	93.7	93.3	8436	2737	1556	5741	351	0	93798	3625	8522	3000166	39286	50000	764	200000	2068047	47688013	165512713	2478	6338978	4796808	3174614
1789697359	74524	94.3	93.8	7497	5866	2802	7471	907	0	19221	3794	8233	3000175	39127	50000	1246	200000	2068718	47698242	165599133	2472	6341046	4797718	3175678
1789697389	74555	94.0	93.4	7744	1946	1530	5969	427	0	29977	3825	9190	3000682	39118	50000	725	200000	2069608	47714564	165673909	2471	6343523	4799763	3177896
1789697421	74587	91.0	90.3	9268	3006	4031	9118	1131	0	2630	3618	8642	2999646	38307	50000	1427	200000	2070309	47730066	165750055	2467	6347548	4801243	3179414
1789697448	74614	93.6	92.9	8040	3455	3672	7051	758	0	3966	3947	5342	2999671	38756	49961	1127	200000	2071120	47748992	165827666	2469	6349136	4803460	3180281
1789697479	74645	93.9	93.6	7218	4469	4193	8535	519	0	15126	3537	8400	2999458	39046	49961	1486	200000	2072080	47770050	165917337	2473	6351240	4805388	3181170
1789697509	74675	97.5	96.8	7950	5515	1497	5883	446	0	38162	3592	8526	3000982	39991	50000	525	200000	2072888	47787266	166008602	2477	6353304	4807487	3181972
1789697539	74705	92.2	91.7	6203	4674	3424	7832	262	0	22977	3382	8210	3000021	39279	49985	1405	200000	2073722	47807002	166076687	2469	6355765	4809150	3183365
1789697567	74733	93.7	93.1	5761	4639	3451	7034	1057	0	19214	3594	8420	3000005	39444	50000	1095	200000	2074272	47820527	166145603	2468	6359052	4810886	3184362
1789697601	74767	92.0	91.7	6686	4729	3793	9124	830	0	13550	3683	8595	2999295	39479	49929	1291	200000	2075185	47837930	166255487	2468	6361709	4812698	3185876
1789697630	74796	92.6	92.1	6953	5005	3996	7497	963	0	4104	3534	8443	2999114	39397	49940	1133	200000	2076052	47850435	166338898	2468	6363931	4813963	3188025
1789697661	74827	93.7	93.3	7737	2623	3854	9222	894	0	10680	3677	8409	2999194	39197	50000	1275	200000	2076909	47859064	166425887	2468	6366489	4816013	3188625
1789697691	74857	93.8	93.2	6726	4021	4053	7607	1127	0	2111	3675	8648	2999398	39439	49914	1192	200000	2077801	47878694	166508289	2468	6368812	4817586	3189976
1789697723	74889	93.4	93.0	6929	4628	3848	9214	1332	0	6456	3666	8616	2999844	39783	49920	1149	200000	2078689	47892528	166609273	2468	6371257	4819670	3190988
1789697748	74914	98.5	98.2	10536	4636	1018	5680	412	0	30228	3463	4657	3000219	40000	50000	307	200000	2079708	47907934	166715856	2475	6371847	4821751	3191726
1789697779	74945	92.8	92.5	7318	4679	1514	7536	224	0	72414	3600	8406	3000382	40000	50000	773	200000	2080510	47917474	166821399	2483	6374135	4823902	3192451
1789697807	74973	93.5	93.2	9402	6164	2482	6167	28	0	34903	3546	7950	3000248	39740	50000	1085	200000	2081304	47928048	166913685	2468	6376440	4825091	3193191
1789697836	75002	96.8	94.4	5929	2329	2740	8642	1064	0	14145	4202	9774	3000032	38671	50000	1122	200000	2081997	47934451	167005173	2468	6379979	4826805	3196164
1789697868	75034	97.4	96.4	7502	2618	1561	6717	273	0	32728	3760	8965	3001074	39507	50000	784	200000	2082861	47957976	167097517	2468	6382190	4828994	3197706
1789697899	75065	94.6	94.0	7828	1926	1688	8461	454	0	27746	3654	8655	3000581	39371	50000	680	200000	2083617	47973803	167183608	2469	6384718	4830833	3198724
1789697929	75095	92.5	91.9	8063	3025	3931	7039	357	0	2936	3440	8294	2998684	38468	49947	1349	200000	2084359	47989381	167270720	2470	6387515	4832385	3200342
1789697959	75125	97.6	97.1	10428	2413	1030	7985	515	0	14670	3833	8522	3000666	39430	50000	194	200000	2085231	48004990	167377075	2474	6389126	4834090	3201689
1789697991	75156	90.5	90.1	8345	3586	3960	6848	437	0	1765	3711	8460	2998822	38932	49920	1015	200000	2085972	48018194	167442469	2468	6392219	4835620	3203259
1789698018	75184	91.5	91.0	7955	3482	1314	7888	347	0	29411	3583	4792	3000329	39435	50000	504	200000	2086863	48029413	167557856	2472	6393789	4837372	3204659
1789698052	75218	90.6	90.0	8665	4240	3823	6457	704	0	17973	3540	11446	3000000	38705	49989	1243	200000	2087573	48047676	167622592	2469	6396957	4839346	3205437
1789698078	75244	97.3	96.9	9110	1867	1067	7312	352	0	34989	3765	5045	3000922	39601	50000	412	200000	2088487	48067407	167698224	2479	6398407	4841403	3206250
1789698109	75275	92.8	92.2	7195	3102	1892	5624	139	0	45502	3417	8344	3000781	39595	50000	984	200000	2089276	48085376	167777288	2473	6400909	4843402	3207361
1789698138	75304	94.7	94.2	9623	2245	1255	7125	235	0	38307	3618	8487	3000724	39688	50000	794	200000	2090051	48101224	167861681	2468	6403082	4845269	3208431
1789698168	75334	90.4	89.6	8599	3139	3858	6202	997	0	7007	3474	8422	2999880	38643	49972	1313	200000	2090688	48117642	167912746	2469	6406721	4847487	3209297
1789698198	75364	93.5	92.3	11551	3479	3914	8855	1253	0	4482	3757	8866	3000072	38984	49943	1263	200000	2091525	48142571	167962472	2476	6410210	4849596	3210225
1789698228	75393	97.1	96.6	10860	4183	1259	5587	648	0	9327	3516	8223	3001133	40000	50000	390	200000	2092419	48160450	168055719	2473	6411015	4851674	3211004
1789698260	75426	89.8	89.4	8921	3185	4225	9031	820	0	1935	3558	8719	2998894	39302	49834	1338	200000	2093156	48174419	168149402	2469	6414888	4853186	3213225
1789698288	75454	93.4	92.6	5244	2285	2443	7308	764	0	71720	3799	8908	2999790	39118	50000	942	200000	2093589	48178736	168203460	2471	6417415	4856565	3214025
1789698319	75485	94.0	92.9	11740	3620	3379	8964	1735	0	14715	3863	8620	3000050	39326	50000	1295	200000	2094697	48201208	168320588	2471	6419558	4857246	3215005
1789698354	75520	94.5	94.1	8386	1695	1122	6455	306	0	71077	3695	9133	3000382	39417	50000	608	200000	2095610	48215647	168415590	2467	6421800	4860047	3216941
1789698383	75549	92.9	92.5	8709	2664	1603	8301	140	0	73668	3518	8335	3000473	39561	50000	986	200000	2096346	48226340	168511113	2473	6424140	4862148	3217700
1789698414	75580	94.0	93.7	8143	4607	1595	6369	177	0	90773	3587	8321	3000329	39826	50000	934	200000	2097199	48238870	168621780	2482	6426498	4864116	3218519
1789698443	75609	93.7	93.2	8788	6063	3083	8236	1147	0	67235	3479	8011	3000136	39733	49830	1336	200000	2097922	48249874	168717827	2472	6429032	4865282	3219148
1789698467	75633	93.2	92.7	7845	3325	2604	6132	850	0	53515	3502	4814	3000022	39535	49902	1126	200000	2098645	48260300	168799110	2471	6431219	4866759	3221120
1789698499	75665	94.1	93.9	8175	2674	2230	7743	405	0	85670	3624	8197	3000444	40000	50000	1057	200000	2099569	48274501	168905423	2479	6433630	4869393	3221931
1789698527	75693	92.0	91.2	9142	6338	4168	7276	2117	0	13027	3605	7978	2998934	38952	49974	1487	200000	2100390	48290586	168999422	2471	6436239	4870321	3222515
1789698556	75721	93.1	92.4	8519	1686	2840	8775	1216	0	23942	3784	8951	3000305	39680	49957	1191	200000	2100976	48300617	169082974	2470	6438212	4871632	3224962
1789698587	75752	94.7	94.3	6420	2955	1832	6970	404	0	58922	3344	8095	3000556	40000	50000	990	200000	2101713	48318124	169173423	2471	6440399	4874417	3225927
1789698617	75783	92.9	92.3	6725	4283	1883	8859	187	0	68734	3409	8230	3000228	39379	50000	1148	200000	2102399	48334093	169248877	2470	6442804	4876306	3227319
1789698649	75815	94.2	93.8	9116	4860	2681	6737	745	0	52289	3325	8201	3000542	39389	49951	1327	200000	2103344	48355506	169348988	2472	6445300	4877915	3228244
1789698679	75845	92.3	91.9	6724	2303	1707	8450	227	0	60676	3579	8175	3000562	39501	50000	1075	200000	2104176	48369980	169436660	2474	6447518	4879703	3230136
1789698713	75879	93.1	92.8	12033	2981	1555	6151	96	0	58039	3363	8220	3000683	39734	50000	1053	200000	2105074	48390843	169539982	2477	6449980	4881847	3230940
1789698742	75908	93.5	92.8	9196	3224	1770	7632	117	0	44907	3440	8200	3000386	39358	50000	1111	200000	2105812	48406543	169617021	2472	6452356	4883810	3231834
1789698773	75938	93.5	93.2	8925	4914	1208	5284	250	0	55351	3480	8089	3000899	40000	50000	496	200000	2106651	48426316	169699473	2478	6454779	4885656	3232608
1789698798	75964	92.4	91.4	5026	2517	1800	7506	101	0	17596	3549	4973	3000322	39350	50000	268	200000	2107369	48439167	169785516	2471	6457506	4886900	3234857
1789698826	75992	95.2	94.1	6211	1489	3089	7241	681	0	26516	3747	9159	3000041	38139	50000	1071	200000	2107822	48447628	169834631	2471	6461143	4889007	3236879
1789698863	76028	95.2	94.5	7489	5102	2148	8885	609	0	62785	3623	12106	3000197	38679	50000	1310	200000	2108746	48468290	169916749	2472	6463588	4891900	3237920
1789698886	76052	93.9	93.2	5156	3292	2487	6094	501	0	17741	3232	4424	3000190	38644	50000	1063	200000	2109502	48482227	169998923	2474	6465679	4893111	3238951
1789698922	76087	90.1	89.8	6830	4509	3402	8792	1242	0	7722	3586	12277	2999202	38435	50000	1025	200000	2110393	48494001	170088793	2472	6469728	4895644	3240026
1789698949	76115	97.8	97.6	6901	4338	862	5582	408	0	25655	3344	4598	3000661	39196	50000	253	200000	2111437	48509450	170213310	2481	6470431	4897621	3240736
1789698981	76146	90.4	89.6	7508	3365	3402	8938	1181	0	929	3870	12207	2999040	38274	49981	713	200000	2112004	48515836	170278431	2470	6474315	4898881	3243546
1789699012	76178	94.1	93.7	8118	6916	2983	7481	897	0	12003	3523	8475	3000034	38363	50000	1047	200000	2112986	48531857	170374519	2471	6476550	4900655	3244495
1789699037	76202	96.6	95.9	6493	3773	1511	8203	407	0	16059	3558	4866	3000667	38720	50000	476	200000	2113781	48542933	170475836	2475	6477798	4902270	3245704
1789699068	76234	93.1	92.6	6335	3809	1610	6149	428	0	19647	3676	8741	3000721	38707	50000	788	200000	2114584	48555252	170588313	2471	6480011	4903698	3247415
1789699098	76264	94.1	93.8	7961	5941	1297	7742	193	0	36267	3509	8172	3000520	38872	50000	641	200000	2115342	48566642	170690556	2481	6481989	4905373	3248770
1789699131	76297	94.4	94.0	10113	2308	1137	5931	134	0	50755	3443	8224	3000533	38890	50000	662	200000	2116310	48580588	170801620	2479	6484098	4907179	3249870
1789699161	76327	94.9	94.6	11053	2561	1396	7652	291	0	61012	3433	8065	3000834	39356	50000	833	200000	2117067	48597430	170889575	2477	6486406	4909199	3250682
1789699190	76356	94.1	93.5	10738	6065	2889	5969	746	0	37543	3597	8225	3000743	39549	50000	1376	200000	2117762	48612468	170970388	2473	6488777	4910563	3251369
1789699219	76385	94.0	93.2	4847	2360	1785	7633	441	0	20173	3734	8621	3000351	39327	50000	826	200000	2118374	48624106	171051159	2471	6491111	4912096	3254033
1789699252	76417	90.6	89.8	7861	3012	3680	7361	2059	0	11096	3438	8765	3000128	39066	50000	1217	200000	2119065	48639106	171143017	2470	6495015	4913814	3255600
1789699281	76447	93.6	93.5	9229	2438	4447	7897	456	0	5831	3562	8246	2998472	38547	49833	1617	200000	2119912	48650962	171260452	2470	6496144	4915579	3256749
1789699307	76473	95.2	94.5	6688	3962	3649	6320	872	0	12643	3412	4798	2999287	38715	49960	1138	200000	2120672	48661731	171351582	2475	6499136	4917648	3257745
1789699338	76503	97.7	97.3	10047	4776	989	7056	348	0	20994	3749	8784	3000647	39531	50000	277	200000	2121620	48684972	171436084	2473	6500502	4919574	3258494
1789699370	76536	94.4	93.8	9119	4285	1449	5733	390	0	35760	3748	8723	3000841	39390	50000	514	200000	2122425	48702565	171533121	2481	6503194	4921725	3259355
1789699398	76564	94.0	93.5	5983	5610	2020	7372	61	0	43695	3501	8318	3000953	39575	50000	831	200000	2123053	48727249	171578320	2470	6505263	4923256	3260195
1789699430	76596	93.1	92.3	6695	2893	1580	6273	583	0	30515	3725	8923	3000152	39318	50000	510	200000	2123873	48742434	171676155	2470	6508203	4925134	3262318
1789699461	76627	92.8	92.3	8429	4062	3917	8126	640	0	15423	3562	8674	3000007	38531	49987	1425	200000	2124707	48762439	171747474	2475	6510998	4927140	3263246
1789699490	76656	94.7	93.9	6676	4101	3568	7437	1388	0	9721	3738	8745	3000119	38989	49990	1048	200000	2125373	48781378	171815230	2471	6514398	4929157	3264204
1789699524	76689	93.8	93.5	12414	4965	4266	8082	417	0	18572	3757	8749	2999290	38928	49903	1541	200000	2126305	48803137	171912765	2477	6515568	4931137	3265023
1789699549	76714	97.7	96.9	7303	2661	1509	5761	446	0	26079	3647	5019	3000639	39672	50000	553	200000	2127074	48817717	172001040	2481	6517665	4933221	3265796
1789699580	76746	95.7	95.3	8359	7057	1158	7160	289	0	53400	3672	8841	3000759	39901	50000	546	200000	2127979	48836612	172093384	2486	6519646	4935293	3266630
1789699610	76776	93.4	92.9	7565	3033	1679	5803	185	0	42734	3680	8791	3000306	39757	50000	942	200000	2128784	48849023	172175086	2474	6522124	4937478	3267389
1789699640	76806	95.7	95.3	8661	4202	1365	7220	187	0	61890	3835	8980	3000588	39938	50000	767	200000	2129700	48862049	172281346	2478	6524435	4939516	3268235
1789699669	76835	97.2	96.7	8127	4046	1602	5705	241	0	41563	3683	8855	3000635	39899	50000	909	200000	2130484	48875046	172360700	2471	6526842	4941560	3269115
1789699700	76865	97.9	97.4	9534	3378	1571	7214	269	0	29829	3751	8986	3000391	40000	50000	684	200000	2131420	48890357	172465923	2472	6529328	4943484	3270138
1789699731	76897	97.1	96.7	8294	3727	1567	5669	583	0	30932	3957	8875	3000435	40000	50000	633	200000	2132340	48903200	172589560	2480	6531747	4945313	3270966
1789699757	76922	94.7	94.3	8100	2304	1292	7304	593	0	13586	3707	5141	3000269	39784	50000	375	200000	2133031	48913930	172673741	2477	6534178	4947005	3272337
1789699787	76952	93.9	93.5	6138	3860	1114	5707	400	0	15982	3498	8351	3000450	40000	50000	305	200000	2133893	48931044	172769513	2470	6536374	4948568	3273810
1789699823	76989	88.1	86.4	11648	5708	838	7440	218	0	30032	4012	9300	3000468	39901	50000	392	200000	2134761	48950286	172881365	2481	6538411	4950116	3275486
1789699848	77014	91.9	90.9	6379	5162	1948	6125	116	0	40474	3858	5182	3000377	39739	50000	1003	200000	2135269	48961040	172945080	2480	6540809	4951589	3277005
1789699878	77044	95.4	94.6	6367	3695	1758	7749	270	0	30691	3834	9048	3000342	39212	50000	843	200000	2135976	48976263	173030396	2473	6543449	4953349	3278371
1789699908	77074	94.5	93.9	9557	2603	1595	5878	426	0	25369	3560	8613	3000631	39347	50000	578	200000	2136721	48992591	173116881	2472	6545897	4955175	3279608
1789699938	77104	91.8	90.3	6684	4310	4022	8152	416	0	6287	3875	8965	2999201	38946	49929	1419	200000	2137435	49008154	173190569	2475	6548794	4956681	3281386
1789699969	77135	97.8	97.3	11672	3335	1097	6055	363	0	30758	3769	8837	3000640	39666	50000	443	200000	2138478	49024336	173288648	2473	6550583	4958533	3282563
1789700002	77167	96.8	95.0	11387	3577	968	7842	316	0	51244	4029	9189	3000606	39495	50000	468	200000	2139404	49039050	173406175	2478	6552858	4960159	3284178
1789700033	77198	90.4	88.5	5651	3709	4692	6754	170	0	3411	3956	9193	2998271	37578	49890	1746	200000	2140036	49052789	173479355	2470	6555457	4961225	3286638
1789700058	77224	96.2	94.1	6792	2011	2967	9321	1478	0	5370	3701	8575	3000319	38137	50000	904	200000	2140480	49060715	173533167	2470	6559225	4963350	3288227
1789700086	77252	92.6	92.1	9371	2920	3972	7349	2023	0	4805	3581	5151	3000028	38525	49978	1282	200000	2141278	49088134	173602346	2478	6561739	4965171	3288907
1789700116	77281	94.5	93.9	6224	4130	3601	8974	1644	0	21345	3754	8601	2999800	38487	50000	1488	200000	2141909	49099751	173678847	2470	6564116	4967211	3290296
1789700147	77313	95.7	94.4	8088	2308	1735	6773	201	0	85120	3736	9054	3000378	38841	50000	923	200000	2142651	49114416	173754290	2477	6566303	4970387	3291272
1789700177	77343	93.4	91.8	10347	5103	3613	8713	1512	0	31182	3894	8580	3000345	39051	49994	1487	200000	2143464	49136425	173840841	2474	6568881	4971130	3291809
1789700212	77377	94.2	93.8	6611	2972	2097	7326	241	0	95707	3654	9111	3000449	39417	50000	1217	200000	2144232	49154991	173929814	2491	6571306	4973905	3294141
1789700243	77408	94.8	94.3	10416	3824	2343	8806	193	0	60123	3559	8441	3000416	39484	50000	1246	200000	2145127	49170987	174033872	2474	6573651	4975759	3295189
1789700274	77440	94.3	93.9	10057	1856	1473	6419	233	0	86505	3587	8816	3000610	40000	50000	818	200000	2146112	49190492	174111751	2474	6576119	4978066	3295966
1789700300	77465	92.8	92.3	8223	2261	2524	8139	509	0	55359	3451	7894	3000239	39677	50000	1229	200000	2146691	49198404	174187702	2474	6578376	4979385	3296789
1789700335	77501	94.9	94.6	9209	4555	1559	5972	143	0	75489	3539	8727	3000470	39986	50000	882	200000	2147902	49220635	174299305	2475	6580692	4981857	3297901
1789700357	77523	93.2	92.7	6108	3783	2511	7644	449	0	71483	3343	4554	3000249	39662	50000	1224	200000	2148443	49230270	174367225	2475	6583005	4983299	3298618
1789700388	77553	94.8	94.3	10448	5954	2438	6263	652	0	76977	3515	8417	3000026	39779	50000	1031	200000	2149188	49241269	174462464	2480	6585465	4985314	3299312
1789700417	77583	94.1	93.9	10943	4886	3642	8055	1988	0	5800	3585	8451	2998568	39702	49939	1216	200000	2150099	49256884	174574720	2475	6587911	4986319	3300267
1789700449	77615	95.0	93.5	8698	5938	3700	6742	1926	0	14814	3982	8890	2998519	39232	50000	1293	200000	2150954	49270434	174673522	2475	6590465	4988558	3300955
1789700476	77641	93.1	92.9	7962	3126	3399	8534	2015	0	1590	3558	5121	2998809	39143	50000	1155	200000	2151669	49280458	174759625	2475	6592689	4989628	3303100
1789700507	77673	94.2	93.8	10116	5988	3749	7676	1988	0	12341	3697	8517	2998693	38613	49956	1432	200000	2152512	49293104	174869763	2476	6595046	4991422	3304561
1789700536	77702	95.1	93.8	7530	1826	3194	9748	1194	0	31266	3781	9106	2998510	37924	49882	1504	200000	2153109	49300812	174956348	2475	6597297	4992721	3307483
1789700569	77734	96.0	95.6	7601	3260	2981	7831	853	0	40934	3607	8863	3000041	37605	50000	1414	200000	2153860	49314932	175075714	2477	6599677	4994552	3309077
1789700597	77763	95.9	95.1	9041	2382	2915	10011	1110	0	65726	3761	9018	2999581	37293	50000	1367	200000	2154438	49325352	175145498	2475	6602347	4996108	3311265
1789700627	77792	97.5	97.1	10300	2277	2277	7263	825	0	32535	3662	8627	3000108	37236	50000	998	200000	2155303	49347457	175243119	2475	6604147	4997181	3313325
1789700658	77823	96.1	95.6	7967	3428	1745	8765	460	0	24276	3608	8783	3000185	37365	50000	733	200000	2156092	49362978	175340428	2475	6606649	4999127	3314733
1789700687	77853	96.4	96.2	9179	4396	997	6008	152	0	29217	3482	8075	3000653	37559	50000	490	200000	2156884	49382200	175422912	2481	6608452	5000795	3315761
1789700719	77885	87.0	85.7	5683	3665	3679	8441	893	0	10871	3901	8980	2999713	36370	49942	1216	200000	2157532	49398182	175495560	2474	6612129	5002724	3317060
1789700748	77913	96.3	95.9	7572	2187	1203	5527	396	0	27063	3392	8122	3000791	37164	50000	383	200000	2158493	49416705	175580123	2483	6613583	5004765	3317819
1789700779	77945	91.6	91.1	5986	4665	3927	8670	1087	0	3537	3548	8581	2999742	36620	50000	1369	200000	2159179	49432445	175653445	2474	6617642	5006712	3318809
1789700809	77975	94.2	92.7	7518	2800	3795	7099	1878	0	12164	3716	8853	3000054	36769	50000	1393	200000	2159736	49447731	175712517	2478	6620120	5008777	3319977
1789700838	78003	95.7	94.5	9453	5156	3579	8420	2060	0	3071	3598	8653	3000192	36636	50000	1307	200000	2160435	49469092	175781545	2474	6622287	5010462	3321098
1789700870	78036	95.3	95.0	7631	2126	2036	6561	303	0	78676	3650	8701	3000438	37444	50000	1049	200000	2161201	49490513	175855545	2474	6624631	5013860	3322076
1789700900	78066	93.9	93.2	7919	3953	3104	8359	1109	0	56755	3815	8352	3000344	37137	50000	1421	200000	2162050	49509437	175944171	2474	6627128	5015235	3322799
1789700929	78094	82.6	82.3	8429	4301	2934	7036	723	0	56189	3951	5723	3000093	37084	50000	1226	200000	2162762	49521971	176020986	2474	6629578	5017091	3324194
1789700956	78122	92.9	92.4	7107	3703	2635	8452	1289	0	19531	3763	8486	3000113	37253	50000	875	200000	2163555	49538168	176099129	2474	6631567	5018290	3325644
1789700985	78151	94.7	94.2	6261	4630	2709	6964	1495	0	8622	3853	8724	3000167	37164	50000	1009	200000	2164448	49549059	176199095	2474	6633615	5019786	3326633
1789701016	78182	93.3	92.2	8524	3381	3191	8949	1800	0	17411	3668	8810	2999071	36905	50000	1001	200000	2165191	49563066	176275781	2474	6636057	5021419	3328270
1789701052	78218	93.8	93.4	11131	2846	2353	7245	684	0	57793	3575	8937	3000105	36960	50000	954	200000	2165995	49575880	176400010	2474	6638430	5023900	3329738
1789701075	78241	92.4	92.1	8903	4464	2912	8978	1780	0	3188	3440	4503	2999327	37423	49937	903	200000	2166778	49588167	176488265	2476	6640498	5024235	3331230
1789701108	78273	93.2	93.2	13985	2614	4007	6559	423	0	5621	3790	8648	2998921	37516	49936	1247	200000	2167704	49598807	176604428	2475	6642096	5026011	3331874
1789701139	78305	94.3	93.9	9317	4281	4199	9420	785	0	3062	3738	8492	2998710	37188	49846	1363	200000	2168493	49609529	176713482	2474	6645368	5027418	3334136
1789701170	78336	93.8	93.0	8002	4171	3220	7423	1949	0	10586	3822	8706	2999577	37362	49950	1113	200000	2169179	49619571	176812426	2474	6647618	5029108	3335671
1789701201	78366	94.4	94.4	8700	5112	4012	9088	1053	0	3063	3650	8204	2999896	37797	49853	1412	200000	2170058	49637096	176914927	2474	6650063	5030962	3336146
1789701228	78394	98.0	97.5	10554	2556	1532	5428	519	0	23414	3631	4797	3000590	38361	50000	534	200000	2170898	49649818	177042651	2476	6650808	5033026	3336897
1789701259	78425	95.0	94.7	8408	4736	1167	6789	248	0	28192	3567	8416	3000467	38632	50000	505	200000	2171806	49666482	177132757	2474	6652763	5034943	3337771
1789701292	78458	94.1	93.3	11147	3895	1545	5652	178	0	57019	3713	8742	3000367	38707	50000	813	200000	2172726	49679532	177239334	2487	6655116	5037004	3338600
1789701322	78488	94.5	93.6	6466	5346	1788	7337	79	0	71436	3775	8678	3000374	38571	50000	823	200000	2173483	49696228	177319026	2482	6657477	5038637	3339345
1789701347	78513	93.8	92.0	9914	3280	1606	6162	14	0	47545	4179	5552	3000179	37779	50000	464	200000	2174155	49708520	177404283	2467	6659639	5039797	3342225
1789701382	78548	93.9	93.4	7752	3904	2069	8422	176	0	74286	3981	9450	3000426	37524	50000	1169	200000	2175051	49723391	177517922	2484	6662593	5042037	3343160
1789701409	78575	93.8	93.2	10291	7970	2136	5942	830	0	38986	3974	8833	3000417	37474	50000	936	200000	2175652	49743543	177573460	2469	6664642	5043236	3344335
1789701442	78608	93.9	93.2	8659	1574	1562	7996	440	0	38267	3650	8692	3000248	37313	50000	594	200000	2176509	49757509	177681979	2474	6667650	5045228	3346455
1789701473	78638	96.3	95.8	7489	3483	1228	6116	243	0	33148	3555	8484	3001037	37776	50000	775	200000	2177407	49785126	177754586	2467	6669658	5046726	3347838
1789701502	78668	92.9	92.2	6668	2874	3617	9150	1188	0	8736	4426	9424	3000055	36882	50000	1217	200000	2177950	49793332	177831800	2465	6673631	5048598	3349224
1789701527	78693	93.5	93.0	10553	2153	4180	7544	1052	0	7585	3711	5088	3000164	37097	49986	1575	200000	2178744	49816828	177886826	2464	6676136	5050224	3350528
1789701557	78722	94.6	93.6	10043	4461	3703	8882	1218	0	3984	3698	8526	3000132	37466	50000	1113	200000	2179441	49837283	177952252	2466	6678430	5052235	3351497
1789701588	78754	95.6	95.1	9010	6331	4162	6232	494	0	10754	3586	8439	2999007	37520	49951	1318	200000	2180340	49868627	178040242	2467	6679650	5054016	3352507
1789701619	78785	90.9	90.4	7222	4308	4041	9047	997	0	1757	4032	8713	2999392	37604	49976	1247	200000	2181005	49880938	178128277	2463	6683170	5055720	3353887
1789701650	78816	93.2	92.3	8309	3510	3767	7235	2159	0	4008	3867	8680	3000023	37553	50000	1194	200000	2181840	49890844	178231441	2463	6685541	5057904	3354972
1789701679	78845	90.8	90.7	9858	3580	3934	8804	1082	0	6349	3663	4908	3000008	37871	49923	1373	200000	2182682	49907812	178332827	2469	6687953	5059763	3355646
1789701706	78872	95.7	94.6	8211	4890	3244	6854	2038	0	1531	3723	8508	2999632	38325	50000	966	200000	2183171	49922642	178381378	2465	6690205	5061354	3357159
1789701739	78905	95.3	95.3	13772	4169	1249	7100	607	0	24071	3659	8387	3000682	38978	50000	304	200000	2184283	49940300	178506486	2472	6691110	5063558	3357548
1789701772	78938	89.5	89.2	7350	3013	4319	6342	446	0	4798	3663	8611	2998468	38446	49892	1417	200000	2185060	49951908	178611169	2468	6693758	5064997	3359146
1789701798	78964	98.0	97.4	9722	4473	1553	7689	563	0	22796	3822	5064	3000444	39267	50000	567	200000	2185794	49962130	178712755	2470	6695883	5066971	3360131
1789701832	78998	95.0	94.7	11545	7078	986	5762	281	0	56335	3853	8881	3000651	39589	50000	460	200000	2186846	49982271	178840311	2483	6697725	5068983	3360945
1789701862	79028	93.2	92.3	8563	5753	1717	7739	396	0	43594	3714	8597	3000401	39387	50000	1011	200000	2187503	49992353	178924221	2468	6700359	5070860	3362209
1789701893	79059	91.5	90.2	7080	4669	3935	6662	305	0	13232	3844	8883	2999049	39272	49949	1176	200000	2188314	50011777	179006843	2469	6703641	5072277	3364200
1789701926	79092	98.2	97.8	14933	4192	945	7673	256	0	30448	3855	8731	3000698	39987	50000	21	200000	2189376	50027859	179145535	2481	6704958	5073818	3365671
1789701953	79118	92.4	91.9	8405	3029	1326	6389	302	0	59620	4024	5204	3000402	40000	50000	573	200000	2190047	50037533	179240322	2478	6707358	5075535	3366881
1789701978	79143	91.8	91.2	6254	3733	1779	8186	35	0	69180	3865	8426	3000527	39980	50000	1053	200000	2190550	50048477	179280983	2473	6709428	5077181	3367849
1789702010	79176	93.6	93.2	7261	3165	1523	5749	187	0	68642	3674	8483	3000233	39982	50000	939	200000	2191461	50064734	179393500	2473	6711797	5079105	3369417
1789702044	79209	94.4	93.9	9440	3842	1776	7365	96	0	38711	3766	8851	3000516	39638	50000	1039	200000	2192429	50083074	179511108	2474	6714329	5081086	3370531
1789702069	79235	94.0	93.5	5263	3605	1422	5262	155	0	84094	3968	5286	3000550	39867	50000	639	200000	2193143	50102207	179579156	2478	6716637	5082937	3371123
1789702098	79264	91.1	90.2	10447	4510	2335	7254	15	0	31829	3972	8756	3000158	38983	50000	1508	200000	2193729	50114872	179647876	2472	6719138	5084786	3372422
1789702131	79297	93.2	92.9	7482	3734	4387	5824	444	0	24439	3806	8793	3000101	38976	49962	1666	200000	2194669	50144332	179724234	2483	6721937	5086570	3373548
1789702160	79326	94.5	93.8	5620	3959	3510	8401	1198	0	2247	3710	8824	3000390	39505	50000	1064	200000	2195307	50158281	179799885	2473	6725545	5088572	3374636
1789702187	79353	92.6	92.2	9478	4226	3893	7115	889	0	9643	3741	5152	3000055	39076	50000	1492	200000	2196073	50181362	179873684	2478	6727982	5090492	3375597
1789702216	79382	94.3	93.1	6488	4029	3800	8604	1986	0	4264	3933	9308	3000026	38772	50000	1423	200000	2196750	50197842	179925339	2474	6730431	5092615	3376523
1789702246	79412	95.1	94.9	9274	4444	2755	6733	1067	0	16038	3648	8864	2999944	39827	50000	844	200000	2197499	50221776	179979360	2473	6732602	5094864	3377801
1789702277	79443	94.4	93.9	6830	6267	3307	8349	1697	0	7734	3786	8518	3000387	39915	50000	983	200000	2198391	50248685	180084787	2473	6734722	5096347	3378568
1789702310	79476	93.1	92.6	8700	1792	2298	7072	802	0	54170	3783	9106	3000437	39763	50000	972	200000	2199034	50259259	180170770	2474	6737136	5098892	3380083
1789702336	79502	95.4	94.7	5901	4117	3002	8965	1089	0	49504	3565	4963	2999553	39246	50000	1321	200000	2199758	50271246	180263687	2473	6739501	5100295	3381341
1789702366	79532	95.1	94.8	7207	4968	2792	6740	1111	0	42874	3889	8903	3000419	39811	50000	1021	200000	2200469	50287250	180353528	2474	6741745	5102161	3382203
1789702397	79563	96.3	94.5	10206	4945	4005	8746	1494	0	25275	4101	9298	2999961	39609	49939	1588	200000	2201363	50310632	180433003	2476	6744383	5103718	3383107
1789702433	79599	98.3	98.0	9165	2606	1625	7024	303	0	88301	3849	9477	3000368	39739	50000	955	200000	2202410	50324882	180562665	2483	6746642	5106775	3385059
1789702463	79629	95.9	95.4	8532	1931	1884	8709	276	0	64764	4038	8970	3000351	39734	50000	1045	200000	2203200	50342740	180647580	2477	6748996	5108461	3386127
1789702493	79659	90.6	90.0	8623	2674	1777	5954	169	0	67723	3735	5252	3000751	40000	50000	973	200000	2204086	50364151	180742602	2478	6751280	5110252	3387042
1789702517	79683	88.6	87.9	14178	3389	2872	7663	891	0	53368	3977	8845	3000149	39275	50000	1308	200000	2204395	50371483	180797425	2476	6753617	5111362	3388009
1789702552	79718	94.6	93.6	8733	2423	1873	6514	283	0	53078	4057	9409	3000327	39515	50000	1034	200000	2205464	50390223	180907652	2476	6756095	5113874	3389525
1789702585	79751	92.9	92.2	10188	3447	1077	7841	179	0	68709	3845	9118	3000411	39742	50000	517	200000	2206409	50402905	181016495	2483	6758245	5115767	3390655
1789702606	79772	92.2	91.3	7278	2528	2733	6157	178	0	54488	3862	5029	3000314	39467	50000	1580	200000	2206821	50412385	181062185	2476	6760713	5117281	3391389
1789702641	79807	93.2	92.8	6647	3527	1565	7569	187	0	35869	4299	9279	3000259	39214	50000	944	200000	2207789	50425609	181186794	2476	6762842	5118975	3393456
1789702670	79836	93.0	92.5	8388	6445	1718	5589	334	0	32053	3965	5481	3000445	39059	50000	708	200000	2208679	50442838	181281656	2489	6765472	5120673	3394362
1789702702	79868	94.3	93.9	8928	2006	1782	7371	220	0	53164	3958	8864	3000481	39087	50000	740	200000	2209473	50458713	181391621	2485	6767706	5122243	3395621
1789702728	79894	88.6	88.1	5855	2405	3108	6625	629	0	32063	3704	8429	3000059	38525	50000	1541	200000	2209889	50464047	181454106	2476	6770496	5123837	3397354
1789702761	79927	94.3	93.6	7172	3206	3342	8440	1651	0	9163	3744	9200	2999614	38353	50000	1170	200000	2210713	50481198	181554149	2476	6773411	5125638	3398739
1789702791	79957	94.3	93.5	8636	2856	4119	7249	2184	0	20437	3794	9071	3000283	38131	50000	1665	200000	2211464	50497632	181629204	2476	6776126	5127369	3399603
1789702816	79981	95.3	94.8	9177	2471	3136	8345	1275	0	9839	3965	5225	3000112	38186	50000	1072	200000	2212096	50511067	181700614	2476	6778192	5129529	3400983
1789702847	80013	93.4	92.9	9874	5559	3213	6857	1189	0	35621	3740	8789	3000480	38504	50000	1375	200000	2212895	50533473	181767710	2476	6780665	5131728	3401604
1789702877	80043	95.7	94.7	7103	3752	2301	8348	396	0	68450	3973	9364	3000301	38550	50000	1121	200000	2213675	50550804	181843117	2479	6782999	5134210	3402913
1789702906	80072	93.9	92.3	9683	5144	3531	7075	894	0	43709	4133	9224	3000101	37913	50000	1633	200000	2214428	50567672	181916801	2477	6785521	5135524	3404059
1789702940	80106	93.9	93.5	6615	1583	1279	8690	182	0	76742	3894	9788	3000449	38584	50000	700	200000	2215506	50585584	181992671	2497	6788080	5138589	3405715
1789702971	80136	93.7	93.3	7630	6463	2553	6178	816	0	55779	3751	8236	3000302	38826	49962	1046	200000	2216238	50600389	182076384	2475	6790449	5139953	3406361
1789703000	80166	94.0	93.5	8713	3708	2309	8035	402	0	65034	3824	5110	3000214	38927	49954	1071	200000	2217008	50613286	182204453	2477	6792712	5141453	3408200
1789703027	80193	94.4	93.8	7234	6242	3293	6393	1966	0	36960	3647	8629	2999483	38952	49947	1188	200000	2217712	50625054	182299331	2475	6795213	5142659	3408830
1789703061	80227	94.3	93.9	7741	2523	2685	8151	686	0	51791	4061	9677	3000073	39111	49913	1147	200000	2218513	50639245	182378016	2475	6797542	5144872	3410637
1789703086	80252	92.6	91.9	6812	5176	3333	6891	1386	0	25803	3623	4821	2999447	38664	49987	1375	200000	2219227	50652133	182465817	2475	6799934	5145908	3412164
1789703121	80287	96.6	96.1	8034	2958	2812	8479	1039	0	62746	3946	9456	3000277	38972	49969	1231	200000	2220243	50673665	182568879	2475	6802454	5148427	3413129
1789703147	80313	94.9	94.2	9154	4214	3086	7094	1121	0	39704	3916	9108	3000495	39332	50000	1464	200000	2220825	50686260	182634520	2475	6804727	5149759	3414984
1789703180	80346	95.1	93.9	9120	2892	2204	8496	796	0	45478	4051	9587	3000166	39192	50000	1110	200000	2221689	50700795	182753839	2475	6806874	5151482	3416622
1789703211	80376	95.0	94.4	6333	3487	1894	6710	602	0	43460	3745	8874	3000227	38955	50000	946	200000	2222363	50710985	182853590	2474	6809246	5153380	3418150
1789703240	80406	95.0	94.6	5534	2866	3869	9598	1199	0	2033	3663	8830	3000000	38871	49931	1216	200000	2223128	50729991	182921779	2474	6813336	5155061	3419594
1789703268	80434	97.4	97.1	10593	2858	1351	5968	495	0	29117	3555	4764	3000595	39427	50000	420	200000	2224066	50744194	183034306	2480	6813973	5157135	3420359
1789703299	80465	97.1	96.3	8604	4075	1374	7873	601	0	37335	3810	8818	3000482	39384	50000	451	200000	2224989	50758663	183137317	2485	6816532	5159002	3421569
1789703333	80498	96.1	95.7	7799	3376	2145	6514	830	0	49860	3672	8739	3000361	39036	50000	869	200000	2225868	50773496	183259716	2475	6819253	5160749	3422947
1789703356	80522	93.2	92.7	5786	2657	2555	8572	977	0	52190	3822	8829	3000086	38696	49932	1105	200000	2226187	50782605	183297196	2474	6821455	5162148	3424404
1789703387	80553	95.3	94.7	5702	5182	2950	6714	727	0	29440	4046	9283	3000001	38223	49971	1248	200000	2226987	50796464	183403337	2474	6823517	5163749	3426054
1789703420	80586	90.5	89.9	5854	2604	2397	8670	493	0	42277	3696	8843	3000186	37932	50000	1186	200000	2227693	50809563	183496407	2474	6826149	5165474	3427732
1789703452	80617	95.8	95.2	7513	2779	1360	6302	236	0	47274	3721	9012	3001005	38395	50000	724	200000	2228544	50832490	183583932	2477	6828280	5167520	3428928
1789703482	80647	94.3	91.7	7139	3375	1416	8106	168	0	24043	4283	9612	3000814	38220	50000	760	200000	2229282	50851554	183647748	2474	6830729	5169001	3430969
1789703507	80673	94.1	93.4	9248	3740	1509	5956	748	0	22128	3626	5147	3000644	38093	50000	392	200000	2230025	50864338	183723036	2478	6833622	5170985	3431745
1789703537	80702	92.0	91.3	8422	2199	3373	8524	852	0	2241	3687	8921	2999757	37875	49951	845	200000	2230679	50879479	183787760	2474	6836669	5172407	3433490
1789703566	80732	93.7	93.0	9087	3492	2964	7118	1243	0	17948	3714	8963	3000012	37425	49990	930	200000	2231306	50892157	183867534	2474	6839250	5174041	3435559
1789703600	80766	94.2	93.6	7904	2778	2838	9394	654	0	27539	3697	9096	3000104	37324	50000	1349	200000	2231991	50899546	183972191	2472	6841880	5175830	3438088
1789703628	80794	95.2	94.2	7494	3618	1692	6563	462	0	56346	3674	8738	3000419	37525	50000	707	200000	2232729	50911820	184056748	2477	6843739	5177640	3439015
1789703661	80827	93.2	92.3	7804	4848	2396	8863	813	0	56014	3592	8657	3000088	37492	50000	1269	200000	2233515	50922358	184169216	2472	6846499	5179414	3440659
1789703690	80855	95.2	95.1	5679	3970	955	6146	204	0	43969	3804	8502	3000426	38243	50000	411	200000	2234325	50937318	184259199	2476	6848173	5180883	3442426
1789703721	80887	93.0	92.2	9194	2159	2305	8446	336	0	32850	3613	8390	3000211	37648	50000	1416	200000	2235019	50948476	184354507	2472	6851048	5183080	3443598
1789703754	80920	95.5	95.2	11229	3932	1699	6037	553	0	48746	3540	8522	3000942	38542	50000	728	200000	2236067	50974419	184442329	2480	6853511	5184960	3444269
1789703781	80946	93.3	91.6	5894	3039	1690	7894	410	0	34071	3872	5257	3000175	37974	50000	661	200000	2236775	50986046	184545657	2473	6856037	5186492	3446217
1789703809	80975	88.4	87.4	5829	3137	3597	6857	688	0	13070	3680	8807	2998950	37066	49834	1344	200000	2237359	50996654	184602824	2472	6858908	5187777	3448428
1789703838	81004	93.1	92.6	8900	3270	3868	9461	1256	0	10881	3677	8601	3000054	37059	49989	1150	200000	2238058	51011849	184675713	2472	6862211	5189527	3449567
1789703870	81036	97.2	96.8	9474	7266	933	5965	290	0	22119	3480	8255	3000675	37595	50000	31	200000	2239075	51028784	184806563	2478	6862518	5190998	3450986
1789703899	81065	93.0	92.6	9474	2592	1137	7940	582	0	31711	3909	5174	3000453	37426	50000	381	200000	2239862	51041364	184907952	2476	6865087	5192647	3452515
1789703930	81096	94.3	93.9	7769	3501	1122	6200	406	0	33929	3705	8432	3000583	37702	50000	422	200000	2240666	51054715	185003744	2472	6867498	5194373	3453827
1789703960	81126	92.5	92.0	6551	5079	2633	8310	137	0	21484	3490	8224	3000047	37389	49952	1240	200000	2241402	51066733	185108428	2472	6870035	5195820	3455468
1789703987	81153	95.1	94.4	8471	3439	2113	6191	270	0	30144	3745	8858	3000238	37235	50000	947	200000	2241962	51075586	185185989	2474	6871960	5197270	3456750
1789704017	81183	91.0	90.3	7790	3093	3147	8491	273	0	30542	3707	8926	2999616	36660	49996	1068	200000	2242583	51085517	185278518	2476	6874685	5198532	3458880
1789704046	81211	94.5	93.2	6136	3347	3266	8024	826	0	14894	3766	9058	2999735	35705	50000	1280	200000	2243123	51095551	185356139	2476	6877944	5199920	3461788
1789704076	81242	95.7	94.7	6118	2481	2980	9880	827	0	19941	3626	8741	2999990	35371	49989	1181	200000	2243882	51112776	185429020	2478	6880575	5202083	3463719
1789704107	81272	97.0	96.4	6686	3911	2349	7576	439	0	33080	3529	8548	3000449	35733	50000	1134	200000	2244737	51129477	185510014	2476	6882704	5203876	3465167
1789704140	81306	98.2	97.8	10466	2740	1210	8885	230	0	52588	3281	8115	3000928	36280	50000	595	200000	2245822	51149940	185624639	2481	6885264	5206625	3465931
1789704169	81335	97.8	97.4	7816	5527	1687	6108	158	0	43367	3484	7667	3000789	36670	50000	970	200000	2246576	51164452	185728180	2483	6887559	5208689	3466507
1789704200	81366	97.8	97.4	11021	1802	1379	7559	186	0	53641	3375	7892	3000857	36961	50000	743	200000	2247398	51179742	185836559	2491	6889786	5210519	3467612
1789704227	81393	94.5	93.7	7603	3326	1950	5734	130	0	29418	3387	8157	3000541	36406	50000	1171	200000	2248013	51192174	185903252	2482	6892197	5212488	3468558
1789704259	81425	92.5	92.1	11518	2909	4349	7151	552	0	15712	3700	8548	3000015	36548	49899	1675	200000	2248974	51212475	185979382	2476	6894960	5214375	3469306
1789704288	81454	94.6	93.4	7376	3513	3912	5779	771	0	11343	3668	8699	2999224	36530	49913	1388	200000	2249616	51221561	186058790	2476	6897721	5216396	3470417
1789704320	81486	89.5	88.9	6432	4720	4049	8547	1108	0	1490	3453	8312	2999590	36637	49935	1167	200000	2250423	51236893	186138106	2476	6901160	5218172	3471597
1789704351	81517	94.6	94.1	6550	3639	4300	7510	667	0	8867	3626	8248	2999252	36292	49929	1621	200000	2251242	51252095	186237531	2476	6903635	5220136	3473040
1789704377	81543	93.9	92.6	8621	2623	2416	8842	1485	0	10946	4075	9191	2999563	36476	49941	850	200000	2251757	51263026	186299203	2476	6905360	5221338	3475832
1789704408	81574	94.1	93.4	8806	3470	3242	7580	1743	0	30130	3546	8579	2999791	36452	50000	1151	200000	2252471	51276165	186397997	2476	6908107	5223192	3477121
1789704440	81606	93.3	92.7	7657	3396	3451	9179	2184	0	9186	3674	8601	2999895	36845	50000	1114	200000	2253255	51288444	186508139	2476	6910508	5224841	3477952
1789704467	81633	92.6	92.6	10434	5504	4116	7172	1121	0	2256	3424	4676	2998617	36896	49947	1338	200000	2254133	51305050	186603459	2480	6912943	5226540	3478943
1789704498	81664	95.3	94.8	10984	3695	3936	7882	594	0	2784	3568	8481	2998845	37263	49931	1080	200000	2254971	51320212	186704144	2477	6914315	5228333	3480121
1789704531	81697	93.3	92.9	7830	5220	4417	7761	860	0	3531	3787	8634	2998490	37167	49732	1516	200000	2255908	51332465	186824982	2477	6917681	5229993	3481891
1789704560	81726	94.5	93.6	7390	2389	3460	8915	1996	0	2068	3677	8738	3000081	37130	50000	984	200000	2256435	51342079	186901110	2477	6919827	5231905	3483023
1789704591	81757	94.4	93.4	8591	4016	4097	7158	2239	0	2141	3884	8812	3000345	37558	49815	1451	200000	2257291	51360354	187001188	2476	6922218	5233774	3483922
1789704615	81781	94.9	94.6	8218	2794	2957	8302	1101	0	17056	3408	4754	3000213	38005	50000	933	200000	2257812	51371515	187061348	2476	6924351	5236102	3485028
1789704646	81812	93.3	93.2	11797	6653	3965	6894	964	0	14087	3643	8004	2999316	37683	49982	1351	200000	2258751	51387215	187191104	2476	6926907	5237672	3485398
1789704677	81843	91.7	90.8	6806	3083	3624	8115	1162	0	4094	3756	9089	2999194	37221	49972	1449	200000	2259409	51396476	187270929	2476	6928592	5239196	3487741
1789704708	81874	93.4	92.6	6611	3144	1864	7207	551	0	58855	3822	9184	3000159	37048	50000	975	200000	2260086	51404891	187355851	2476	6931343	5241829	3489241
1789704739	81905	94.3	93.7	9000	2864	1995	8949	587	0	58884	3698	8855	3000376	37338	50000	1071	200000	2260875	51423488	187435020	2481	6933822	5243783	3490496
1789704770	81936	93.3	92.9	5715	4284	1770	7047	346	0	49848	3548	8639	3000390	37732	50000	713	200000	2261749	51442207	187523015	2478	6936044	5245149	3492321
1789704800	81966	93.9	92.8	5694	3526	1400	8606	68	0	39042	3803	4993	3000511	37721	50000	723	200000	2262641	51454653	187651961	2476	6938030	5246548	3494149
1789704830	81996	93.5	92.8	8915	1437	1637	6320	338	0	37093	3660	8765	3000489	37387	50000	610	200000	2263347	51468657	187722297	2482	6940922	5248490	3495161
1789704857	82023	92.3	91.6	9926	4937	3113	8356	439	0	23574	3666	8595	3000061	37249	49994	1140	200000	2263986	51485582	187778693	2476	6943301	5249686	3497222
1789704890	82055	91.2	90.7	6877	2915	3496	7015	546	0	26875	3770	9144	2999967	36609	49965	1134	200000	2264706	51497828	187861426	2476	6946190	5251305	3499175
1789704917	82083	93.7	92.9	8214	3805	3310	8732	983	0	27485	3660	8813	3000127	36622	50000	1600	200000	2265345	51510685	187932336	2476	6948276	5252968	3500238
1789704946	82112	96.3	95.2	8305	2087	2829	7644	955	0	26184	3705	9117	3000521	36964	49999	1229	200000	2266010	51526044	188001374	2474	6951084	5254674	3502366
1789704981	82146	97.4	97.0	6230	3406	1989	9241	546	0	56705	3583	8967	3000487	37421	50000	893	200000	2266917	51544265	188109021	2480	6953647	5257063	3503554
1789705011	82177	96.6	96.1	9423	2261	1831	6815	395	0	42368	3807	8860	3000251	37187	50000	876	200000	2267765	51557269	188221766	2476	6955836	5258452	3505614
1789705039	82205	97.2	97.0	7444	2157	1174	8167	181	0	43703	3560	8329	3000400	37303	50000	545	200000	2268466	51568705	188300175	2477	6957980	5260366	3506614
1789705069	82235	96.7	96.3	7025	2921	1831	6019	49	0	48372	3462	8420	3000243	37506	50000	810	200000	2269316	51582333	188396814	2476	6960324	5262160	3507324
1789705103	82269	94.8	93.9	7683	5684	1618	7846	134	0	45958	3849	8918	3000251	37238	50000	917	200000	2270152	51596258	188499609	2478	6962698	5264026	3508997
1789705131	82296	95.2	93.8	8044	5745	1695	6005	57	0	65347	3826	5283	3000672	37525	50000	769	200000	2270960	51617051	188593439	2476	6964892	5265552	3509870
1789705158	82324	95.0	94.6	8755	2806	1466	7826	43	0	87945	3696	8444	3000189	37768	50000	868	200000	2271558	51628689	188665487	2485	6967055	5267248	3511398
1789705189	82355	89.8	89.3	6802	5468	1699	6273	259	0	93400	3591	8366	3000119	37429	50000	1020	200000	2272230	51639626	188755672	2492	6969434	5269098	3512728
1789705222	82388	90.5	90.0	9701	3175	2741	8050	344	0	57142	3596	8478	3000247	36939	50000	1305	200000	2273101	51653459	188873324	2475	6971906	5270295	3513807
1789705247	82413	90.0	89.5	6254	4310	2350	5975	403	0	73836	3501	4829	3000135	36967	49905	1180	200000	2273791	51662626	188963596	2482	6974216	5272349	3515042
1789705285	82451	93.9	93.1	5993	4314	1512	7481	175	0	56935	3641	12610	3000536	36956	50000	891	200000	2275031	51674751	189078005	2485	6976835	5275073	3515866
1789705310	82475	93.0	91.5	9944	4608	1681	6021	59	0	55092	4094	5616	3000354	36669	50000	688	200000	2275734	51687307	189148650	2482	6979196	5276832	3517199
1789705340	82506	92.3	91.6	8697	3691	2374	7959	48	0	55918	3879	9194	3000645	36518	50000	1091	200000	2276449	51704847	189223031	2476	6981904	5278428	3518050
1789705369	82535	93.3	92.8	6835	3673	1853	6320	279	0	66195	3653	8524	3000610	36748	50000	1144	200000	2277130	51719833	189305639	2479	6984015	5280054	3520041
1789705402	82568	95.0	94.6	7310	3982	1271	7768	219	0	36859	3614	8531	3000282	37063	50000	632	200000	2278098	51735203	189436426	2476	6986358	5281798	3521678
1789705428	82593	93.4	91.1	7097	3488	1646	5429	78	0	57445	4332	5526	3000633	37007	50000	417	200000	2278646	51745657	189510358	2477	6988422	5283067	3523665
1789705459	82625	93.6	92.9	7678	5213	2242	7656	160	0	36708	3974	9088	3000233	36560	50000	1263	200000	2279423	51757519	189612458	2474	6991153	5284948	3524908
1789705490	82656	93.7	93.4	11387	3533	1559	6268	212	0	82306	3672	8671	3000800	36984	50000	793	200000	2280260	51776203	189691263	2481	6993584	5286928	3525966
1789705520	82685	93.1	92.5	7638	3485	1974	7986	336	0	43863	3659	8389	3000246	36647	50000	1132	200000	2280960	51787602	189790735	2474	6995764	5288539	3527222
1789705549	82715	94.8	94.5	7438	4211	1256	5817	264	0	24841	3464	8243	3000716	36990	50000	645	200000	2281774	51803697	189882960	2474	6997958	5290368	3528605
1789705580	82746	93.5	92.6	6799	4021	734	7492	198	0	12566	3629	8797	3000481	36816	50000	305	200000	2282628	51819721	189984487	2474	7000407	5291822	3530644
1789705611	82777	91.3	90.7	5161	2980	3631	6930	821	0	4643	3749	8822	2999651	37405	49933	794	200000	2283339	51829186	190075549	2471	7004039	5293648	3531953
1789705644	82809	96.9	96.6	7458	5926	1191	7740	204	0	64745	3803	8551	3000562	38006	50000	452	200000	2284348	51847948	190193334	2484	7005123	5295466	3533191
1789705671	82837	92.3	91.8	7686	3293	1999	6034	114	0	56792	3696	5018	3000450	37852	50000	970	200000	2285110	51857489	190293861	2475	7007512	5296970	3534817
1789705697	82863	90.8	90.3	8408	3343	1485	7736	59	0	74594	3528	8279	3000184	37549	50000	891	200000	2285596	51865998	190351815	2477	7009682	5298835	3535873
1789705728	82893	93.9	93.3	6911	6170	2823	6329	957	0	40685	3747	8655	3000489	37397	50000	1371	200000	2286443	51881266	190457672	2471	7012022	5300126	3536841
1789705759	82925	92.4	91.9	7770	2859	1761	8241	524	0	55682	3626	8771	3000251	37477	50000	890	200000	2287074	51893248	190553187	2471	7014379	5301803	3539295
1789705792	82958	94.1	93.7	7980	3597	1185	6481	18	0	90619	3609	8789	3000237	37290	50000	655	200000	2287959	51905532	190665769	2486	7016766	5303694	3540742
1789705821	82987	93.5	92.9	7358	6540	3143	8462	922	0	26248	3495	8169	3000288	37032	49980	1308	200000	2288696	51917365	190768106	2471	7019178	5304574	3541530
1789705852	83018	94.7	94.3	9008	3528	1671	6743	249	0	69004	3540	8615	3000311	37268	50000	994	200000	2289509	51930414	190862572	2472	7021488	5306916	3543716
1789705884	83050	96.8	96.4	6368	2213	1451	8259	174	0	72943	3436	8141	3000475	37480	50000	872	200000	2290507	51945087	190989219	2476	7023859	5308925	3544606
1789705916	83082	97.3	97.0	10302	3150	1668	6712	171	0	68007	3525	8232	3000439	37537	50000	932	200000	2291388	51956614	191099239	2484	7026213	5310926	3545393
1789705946	83112	95.2	94.0	11559	5358	1852	8272	184	0	65150	3617	8624	3000270	37438	50000	1038	200000	2292167	51969574	191193911	2485	7028611	5312860	3546284
1789705970	83136	92.9	92.0	6815	2829	2037	5618	123	0	48394	3856	5164	3000524	36992	50000	1213	200000	2292767	51982628	191262520	2472	7030945	5314747	3547267
1789706001	83167	94.9	94.6	12555	3879	1328	6767	345	0	55417	3861	8684	3001056	38023	50000	661	200000	2293526	52003425	191344468	2472	7033174	5316492	3548359
1789706033	83198	92.7	92.1	8525	2330	3554	6699	785	0	18645	3577	8591	3000217	37599	50000	1359	200000	2294273	52014943	191437892	2471	7037073	5318413	3549496
1789706059	83225	98.1	97.7	10409	4620	1107	6713	410	0	30493	3502	4795	3000917	38239	50000	337	200000	2295144	52033927	191514820	2476	7037943	5320375	3550117
1789706090	83256	93.2	92.8	8205	6157	1386	5552	259	0	37169	3666	8361	3001002	38750	50000	646	200000	2295885	52048438	191606005	2477	7040318	5322477	3550970
1789706118	83284	88.6	87.9	7816	6028	1753	7158	72	0	42533	3835	8705	3000369	38165	50000	1015	200000	2296509	52059418	191674235	2473	7042538	5324272	3552025
1789706149	83315	90.4	89.9	9229	3699	1383	5540	243	0	56408	3602	8771	3000544	38289	50000	656	200000	2297302	52074373	191751169	2471	7044764	5326085	3552993
1789706181	83347	92.5	91.6	9023	4326	1510	7195	256	0	34771	3632	8617	3000574	38190	50000	828	200000	2298131	52089412	191857397	2471	7047211	5328032	3554095
1789706213	83379	94.9	94.5	9668	5013	1519	5552	363	0	35080	3783	8877	3001064	38796	50000	669	200000	2299040	52109289	191958690	2472	7049615	5329881	3555123
1789706238	83404	89.0	88.3	6416	3419	1339	7275	263	0	23588	3953	5156	3000356	38209	50000	831	200000	2299616	52118211	192041262	2471	7051960	5331034	3557096
1789706269	83435	91.3	90.7	8114	2829	4305	7519	786	0	8223	4119	9232	2999534	37395	49986	1717	200000	2300306	52128308	192118297	2471	7055873	5332715	3558521
1789706298	83464	95.7	94.8	7850	3580	3802	8911	1026	0	4022	3754	9015	2999341	37329	50000	1205	200000	2300944	52140340	192190927	2471	7058189	5334512	3559874
1789706330	83495	94.8	94.3	6861	3308	3747	6775	1303	0	5482	3850	8662	3000075	37676	49948	1195	200000	2301758	52158010	192283999	2471	7060624	5336385	3560874
1789706362	83528	94.9	94.6	10398	3171	4051	8458	946	0	3717	3720	8997	2999134	37456	49872	1495	200000	2302734	52173229	192383937	2472	7063028	5338475	3561662
1789706387	83553	98.1	97.5	11215	4980	1529	5496	438	0	20197	3734	4951	3000556	38091	50000	503	200000	2303478	52186900	192478205	2477	7063773	5340423	3562534
1789706418	83583	95.4	94.8	11327	2878	1383	6847	271	0	25429	3970	8884	3000642	38546	50000	531	200000	2304283	52203800	192563972	2479	7065800	5342336	3563354
1789706453	83618	92.2	92.0	8446	3768	3042	6489	803	0	11759	3934	9053	3000041	38236	50000	846	200000	2305149	52214756	192694099	2476	7069335	5344084	3564653
1789706478	83643	92.9	92.5	8068	2976	3729	8359	883	0	11918	3887	5144	3000115	38174	50000	1388	200000	2305782	52224967	192789673	2479	7071792	5345680	3566017
1789706506	83672	93.1	92.1	7068	3220	4097	7582	1306	0	1029	4076	9146	2998841	38109	49888	1333	200000	2306505	52236252	192875259	2474	7074358	5347074	3567362
1789706537	83703	97.5	97.2	9752	4340	1205	7590	764	0	9240	3898	8939	3000520	38746	50000	198	200000	2307437	52251991	192987946	2479	7075208	5349260	3568297
1789706570	83735	90.7	90.2	9044	3097	4050	7936	870	0	1859	4220	9617	2998820	37981	49913	1147	200000	2308179	52265767	193076717	2477	7079047	5350664	3570534
1789706596	83762	96.8	96.4	11394	3573	1326	8028	605	0	9789	3670	4793	3000557	38609	50000	374	200000	2308975	52275905	193203605	2488	7079917	5352624	3571077
1789706626	83792	90.2	89.4	7195	3227	3432	7460	1350	0	1292	3653	8919	2999513	37469	50000	985	200000	2309572	52289055	193262252	2477	7083678	5354173	3572859
1789706656	83822	94.9	94.0	7740	1468	2379	8740	940	0	11222	3902	9118	3000239	37808	50000	1067	200000	2310297	52303864	193332877	2477	7085569	5356078	3574555
1789706686	83852	92.9	92.3	6585	4043	3000	7252	1412	0	8488	3877	8940	3000193	38016	50000	996	200000	2310899	52318009	193396356	2477	7087865	5357243	3576143
1789706718	83884	91.9	91.2	8500	2249	2155	9530	930	0	73079	4211	9805	3000184	37827	50000	1003	200000	2311595	52330178	193467576	2481	7090833	5359756	3578226
1789706749	83915	92.6	92.1	10138	5911	2847	7881	707	0	30653	4286	9552	3000077	37987	49975	1250	200000	2312334	52344810	193559544	2481	7093110	5361192	3579926
1789706782	83947	96.1	95.6	9038	2156	1357	9035	241	0	43754	3661	8987	3000394	38114	50000	771	200000	2313303	52362515	193658535	2482	7095044	5363097	3581180
1789706814	83979	94.5	94.0	10473	3456	1589	6110	229	0	53521	3596	8708	3000420	38513	50000	936	200000	2314155	52377773	193759093	2481	7097424	5365023	3582166
1789706839	84005	96.2	95.6	6407	1898	1553	7594	208	0	55212	3706	5168	3000414	38373	50000	825	200000	2314899	52391929	193850913	2492	7099831	5366960	3583053
1789706870	84035	95.9	95.4	7377	4447	1549	5574	159	0	56697	3579	8466	3000749	38492	50000	900	200000	2315691	52407576	193939583	2481	7102035	5368846	3583924
1789706899	84065	98.1	97.7	10893	5275	1400	7052	267	0	44353	3706	8676	3000711	38704	50000	897	200000	2316562	52428183	194008597	2481	7104297	5370872	3584779
1789706931	84097	96.2	95.8	13037	3186	1525	5606	172	0	72707	3975	9492	3000659	38817	50000	841	200000	2317383	52445179	194095138	2495	7106670	5372938	3585454
1789706963	84129	95.8	95.3	7104	3919	1759	7285	184	0	68277	3993	9338	3000540	38765	50000	906	200000	2318164	52463497	194184195	2492	7109095	5374861	3586397
1789706996	84162	94.3	94.0	11464	4578	1381	5778	135	0	78596	3690	8970	3001005	39320	50000	719	200000	2319019	52484627	194271815	2492	7111440	5376772	3587454
1789707018	84183	86.0	84.3	6492	6024	2880	7550	371	0	63174	4158	5324	3000029	38728	50000	1243	200000	2319428	52490789	194326070	2485	7113748	5377929	3588472
1789707052	84218	91.4	91.0	9123	4710	2540	6561	451	0	83578	3917	9163	3000123	38724	49879	1260	200000	2320243	52506475	194431808	2488	7116258	5379763	3590391
1789707077	84243	89.3	88.8	9983	8510	3348	8178	1757	0	3225	3411	4498	2999598	38989	49869	1125	200000	2321033	52517728	194551198	2486	7118541	5380341	3591546
1789707107	84273	94.2	94.2	7815	4279	4095	7942	870	0	11478	3818	8886	2998499	38770	49787	1345	200000	2321847	52531097	194658582	2486	7121070	5382075	3592475
1789707140	84306	92.9	92.0	6746	4588	4087	9582	2162	0	1050	4075	9316	2998836	38599	49965	1286	200000	2322741	52543333	194764381	2485	7123435	5384051	3593960
1789707167	84332	93.5	93.5	10389	2967	3764	6898	1135	0	6476	3707	4964	2999482	38606	50000	1272	200000	2323549	52555844	194861734	2486	7125752	5385895	3594537
1789707197	84362	94.4	93.1	6437	3082	4126	8861	1102	0	1225	4073	9061	2998827	38924	49872	1231	200000	2324359	52574441	194942461	2486	7128121	5387407	3596012
1789707229	84395	94.3	93.9	7101	3272	3623	7501	778	0	13808	3811	8726	2998899	38825	49932	1235	200000	2325185	52587181	195063869	2486	7130566	5389424	3597587
1789707258	84424	93.7	92.6	11223	1487	3211	8864	1049	0	14526	3987	9457	2999247	38720	49984	1344	200000	2325766	52598974	195133317	2486	7132379	5391020	3599723
1789707292	84457	93.9	91.1	6491	2356	2845	7771	1052	0	26908	4529	10687	2999989	38069	49990	1251	200000	2326353	52610171	195211119	2487	7135303	5392764	3602282
1789707321	84487	92.0	91.4	7457	2858	2908	9887	983	0	27492	4134	9538	3000023	37810	49978	1061	200000	2327047	52622287	195278986	2486	7138179	5394359	3604344
1789707348	84514	92.7	91.3	6500	3220	3154	7914	783	0	24685	3844	5577	3000033	37636	50000	1143	200000	2327848	52633706	195369780	2486	7140459	5395511	3606107
1789707377	84542	93.6	92.9	5983	2470	2945	9726	1086	0	22005	3808	9085	3000069	37608	50000	1220	200000	2328375	52640748	195450779	2486	7142844	5396835	3608405
1789707407	84573	94.8	93.5	6380	3323	2287	7292	864	0	40156	3896	9185	3000127	37384	50000	1045	200000	2329071	52651830	195530149	2517	7145301	5398808	3610061
1789707441	84606	93.8	93.4	7026	2944	2366	9242	826	0	71105	3861	9240	3000199	37157	50000	1143	200000	2329861	52667002	195637427	2489	7147765	5400847	3611407
1789707466	84632	94.8	94.4	7537	4914	2043	6367	669	0	27670	4069	8506	3000290	37259	50000	847	200000	2330521	52680411	195705541	2486	7149452	5401816	3613071
1789707497	84663	92.6	91.9	6995	2486	2876	8845	1105	0	11067	3796	9228	3000345	36938	50000	959	200000	2331272	52692241	195790031	2486	7152557	5403538	3615339
1789707529	84695	91.2	90.5	8468	2813	3475	8007	1659	0	26522	3550	8883	2999987	36788	49999	1131	200000	2332025	52707775	195872831	2486	7155615	5404815	3617795
1789707559	84725	92.7	92.2	6989	3129	3749	9757	1998	0	6901	3338	8183	2998856	36170	50000	1298	200000	2332728	52717039	195972738	2486	7158058	5406346	3618781
1789707589	84755	94.1	93.4	8677	4164	3892	7688	2248	0	7375	3442	8218	2999634	35857	50000	1450	200000	2333461	52732922	196059681	2486	7160473	5408046	3619954
1789707618	84784	92.8	92.2	8195	4280	3405	9091	1837	0	5028	3676	8624	2999964	36100	50000	1069	200000	2334108	52747070	196125145	2486	7162822	5410090	3621095
1789707646	84812	91.7	91.4	10459	4361	2909	7037	1984	0	11220	3642	5249	2999967	36792	50000	751	200000	2334926	52770042	196200167	2486	7165112	5411864	3622402
1789707679	84845	95.7	95.6	12459	5245	972	7206	300	0	27768	3634	8408	3000548	37143	50000	183	200000	2336023	52784004	196348052	2507	7165608	5413489	3623109
1789707713	84879	91.5	90.1	13138	2273	1887	6773	989	0	52582	4589	10945	3000286	36769	50000	768	200000	2336667	52793499	196442756	2500	7168531	5414783	3625346
1789707742	84908	96.7	96.2	6591	3095	2901	9313	872	0	11445	4018	10119	3000098	36867	50000	888	200000	2337211	52803071	196512771	2494	7171477	5416119	3627534
1789707773	84938	94.7	93.6	7620	2418	3296	7471	707	0	29694	4535	11653	2999497	35987	49982	1392	200000	2337784	52810093	196570168	2494	7173913	5417751	3629741
1789707802	84968	96.1	95.4	5666	3836	2873	9364	1214	0	33122	4097	10529	3000124	36225	50000	1151	200000	2338384	52822128	196634397	2494	7176492	5419073	3631344
1789707827	84992	94.0	93.4	6914	5105	3174	7142	1060	0	12380	4100	6306	3000018	36026	49978	1333	200000	2338975	52837054	196702641	2494	7178495	5419874	3633841
1789707856	85022	94.5	93.9	5903	3360	2722	8568	657	0	31151	4558	10465	3000088	35826	50000	1142	200000	2339446	52842453	196773695	2498	7180596	5421920	3635225
1789707892	85058	88.8	88.4	11030	3400	2548	6756	779	0	45760	4304	10258	3000516	36307	50000	1176	200000	2340239	52856818	196871105	2498	7182757	5423316	3636433
1789707917	85083	88.1	87.6	8324	4892	2931	8571	1073	0	45097	3264	4552	3000051	36377	49923	1390	200000	2340813	52867252	196947797	2499	7184952	5424446	3638300
1789707946	85112	92.8	90.4	7048	5778	1986	6475	455	0	46785	4129	9239	3000112	36316	49971	928	200000	2341448	52877223	197028981	2498	7186750	5426037	3640150
1789707983	85149	93.1	92.8	8587	1754	1214	8032	230	0	61180	4045	9172	3000181	36187	50000	669	200000	2342501	52889306	197172742	2506	7189061	5428076	3641445
1789708010	85175	94.3	93.6	11678	6787	2699	5921	193	0	45806	4098	9424	3000501	36064	50000	1298	200000	2343045	52901783	197227705	2498	7191212	5429213	3642106
1789708039	85205	91.8	91.1	8098	1970	2257	7828	625	0	35878	4193	9426	3000262	35697	50000	1162	200000	2343641	52910718	197323415	2498	7193370	5430320	3644811
1789708072	85238	91.9	91.6	7422	4295	3816	6473	535	0	23406	3845	10003	2999725	35734	49925	1253	200000	2344378	52924717	197412169	2498	7196329	5432036	3646579
1789708100	85266	98.6	98.2	7200	3985	857	7386	248	0	38890	3864	5721	3000608	36301	50000	34	200000	2345352	52941063	197517432	2499	7197685	5433401	3648079
1789708128	85294	90.4	89.3	7151	2786	3894	6732	94	0	1296	3869	9670	2998569	35078	49925	915	200000	2345807	52947544	197580396	2497	7200509	5434184	3650632
1789708159	85325	94.0	93.7	7996	6327	4027	8463	569	0	15802	4603	10301	2999496	34799	49991	1463	200000	2346392	52955676	197673143	2498	7202934	5435768	3652263
1789708189	85355	93.5	91.7	9157	4112	4358	7700	700	0	15527	4589	11066	3000088	34501	50000	1759	200000	2347074	52967405	197749176	2497	7206423	5437066	3654494
1789708220	85386	95.9	95.2	8349	7108	3178	8566	1287	0	5774	4057	9347	3000020	35267	50000	771	200000	2347676	52980725	197833064	2498	7208456	5439017	3655453
1789708247	85413	96.3	96.1	13590	2804	1543	5666	340	0	17958	4083	5715	3000790	36072	50000	460	200000	2348545	53000134	197919493	2499	7209425	5440842	3656267
1789708277	85443	92.2	91.5	7573	3679	3741	8439	2023	0	9565	4093	9515	3000007	35336	50000	1267	200000	2349103	53006743	198008110	2499	7213106	5442535	3657555
1789708308	85474	98.5	98.4	10188	5910	1213	5232	513	0	33217	3860	9183	3001113	36374	50000	379	200000	2350025	53026192	198113247	2510	7213845	5444595	3657973
1789708339	85505	92.2	89.1	9774	2731	4020	9042	948	0	13988	4891	10608	2999157	35242	49941	1385	200000	2350643	53037402	198191686	2498	7218056	5445763	3660790
1789708369	85534	94.7	93.9	9399	2284	3603	7484	2104	0	3401	3364	8182	2999492	35250	50000	1076	200000	2351358	53046827	198292673	2499	7220409	5447951	3661771
1789708400	85566	94.0	94.0	7612	3553	4243	9383	811	0	11633	3313	7938	2999171	35323	49688	1555	200000	2352405	53064221	198399021	2498	7222961	5449952	3662442
1789708426	85592	94.6	93.8	5979	3295	2645	6748	1518	0	1352	3567	8638	2999243	35597	49980	711	200000	2352935	53071865	198468649	2498	7224793	5451442	3664985
1789708458	85624	93.4	92.8	9600	3744	2997	8490	1399	0	9176	3831	8782	3000081	35523	50000	1053	200000	2353832	53087981	198591845	2500	7226959	5452925	3666124
1789708488	85654	93.9	93.3	5936	1726	2301	7333	782	0	42931	3828	8841	3000030	35334	50000	847	200000	2354378	53097528	198665149	2499	7229734	5455584	3667887
1789708519	85684	93.8	93.4	6482	4203	3141	8816	452	0	27026	3514	8368	3000018	35670	49944	1255	200000	2355199	53125544	198732005	2499	7231901	5457232	3668876
1789708551	85717	94.7	94.4	7714	4320	1857	6553	673	0	46488	3506	8490	3000562	36090	50000	598	200000	2355946	53139239	198837530	2499	7234279	5458731	3670747
1789708583	85749	95.7	95.0	5711	2221	1839	8635	160	0	42807	3624	8573	3000573	35738	50000	933	200000	2356853	53151127	198953167	2499	7237205	5461108	3672437
1789708612	85777	97.0	96.7	6225	5305	1270	6174	97	0	66284	3842	8445	3000648	36213	50000	570	200000	2357605	53167904	199041503	2506	7239177	5463040	3672998
1789708645	85810	98.3	96.8	9344	3562	1133	8037	189	0	47295	3982	8801	3000648	36312	50000	677	200000	2358703	53184231	199180718	2499	7241721	5464964	3674602
1789708670	85836	96.0	94.5	7301	3410	2263	6174	182	0	33260	3912	8665	3000457	35908	50000	1117	200000	2359322	53194037	199233520	2513	7244326	5466775	3675928
1789708702	85867	93.5	93.2	8019	2484	3540	8927	1187	0	14453	3789	8627	3000006	36020	50000	1052	200000	2360131	53208454	199316122	2501	7248364	5468763	3676968
1789708727	85893	97.4	97.2	8997	2044	831	5486	354	0	47592	3454	4584	3000634	36579	50000	246	200000	2361109	53224234	199429537	2511	7248975	5470815	3677597
1789708759	85925	94.6	93.9	8163	2913	1366	7563	132	0	32249	3605	8208	3000734	36365	50000	1084	200000	2361939	53237109	199558248	2499	7251379	5471977	3679668
1789708789	85955	88.2	87.6	5678	4271	1842	6460	874	0	24638	3613	8466	3000160	35788	50000	554	200000	2362544	53246113	199638264	2499	7254192	5473662	3681314
1789708820	85986	88.8	88.5	9580	3946	4109	8169	173	0	20843	3400	8269	2999442	35636	49966	1716	200000	2363255	53263013	199725457	2499	7256402	5475316	3682636
1789708849	86015	96.2	95.1	10537	5576	1175	5278	298	0	28258	3868	8634	3000590	36249	50000	446	200000	2364055	53277135	199832800	2518	7258349	5477021	3684080
1789708879	86045	89.0	88.2	5972	3545	3555	8157	1126	0	5159	3722	8811	2999694	35577	49985	1214	200000	2364703	53289238	199908652	2500	7262376	5478946	3685183
1789708908	86074	94.2	93.8	7984	3084	3138	7061	1891	0	11266	3639	8669	2999533	35978	50000	884	200000	2365489	53304476	199976550	2499	7264732	5480960	3686364
1789708941	86107	94.4	94.3	8584	3009	3915	8804	941	0	11923	3601	8344	2999954	35790	50000	1394	200000	2366547	53317518	200103407	2501	7267106	5482823	3687036
1789708971	86137	94.3	93.5	8405	3165	3632	6978	2084	0	3453	3585	8690	2999195	35760	50000	1022	200000	2367380	53326167	200213084	2499	7269328	5484848	3688287
1789708998	86164	95.0	95.0	9402	3045	3996	7697	486	0	16279	3499	4702	2999430	35740	49858	1345	200000	2368273	53342036	200333372	2504	7270629	5486618	3688978
1789709029	86195	94.0	93.6	7458	5428	4112	5953	602	0	11984	3708	8816	2999288	35341	49917	1411	200000	2369141	53356502	200435704	2502	7272933	5488601	3689874
1789709058	86224	98.2	96.9	8810	5598	1291	7113	319	0	14989	3769	8949	3000597	35972	50000	534	200000	2369895	53373581	200527877	2491	7274651	5490350	3691080
1789709089	86255	91.6	89.5	6218	4017	3939	7234	964	0	1671	4095	9237	2998893	35342	49973	1243	200000	2370576	53389399	200596053	2491	7278646	5492023	3692559
1789709120	86285	94.2	93.6	6834	3889	3764	8884	1096	0	7053	3603	8495	2998778	35476	49875	1080	200000	2371329	53403767	200690615	2490	7281107	5494040	3693725
1789709148	86314	97.8	97.5	5816	4940	902	5539	382	0	20587	3550	4581	3000519	36207	50000	323	200000	2372327	53423894	200796299	2491	7281633	5495831	3694721
1789709180	86346	94.0	93.5	8147	6540	1517	7495	431	0	24113	3673	8545	3000400	35926	50000	478	200000	2373148	53435995	200915072	2497	7284414	5497969	3695565
1789709209	86375	94.6	94.2	10972	4226	1412	5760	269	0	75987	3671	8422	3000785	36500	50000	765	200000	2373893	53454464	200996868	2499	7286169	5499981	3696265
1789709239	86405	94.1	93.7	7840	4608	1450	7431	128	0	73595	3646	8332	3000461	36252	50000	794	200000	2374713	53468068	201096997	2493	7288500	5501954	3697241
1789709271	86437	94.1	93.6	6288	4574	1865	5893	71	0	58345	3601	8545	3000539	36497	50000	947	200000	2375661	53486509	201202808	2497	7290844	5503583	3698095
1789709303	86468	94.2	93.2	5483	2898	1348	7708	140	0	69135	3868	8864	3000416	36505	50000	746	200000	2376497	53500793	201298633	2491	7293238	5505415	3700154
1789709326	86492	89.4	88.9	12739	3860	2417	6189	772	0	70566	3705	4932	3000235	36306	50000	1173	200000	2377070	53513672	201359384	2504	7295639	5507046	3700769
1789709357	86522	93.3	92.7	11485	2381	2135	8175	362	0	44356	4250	9265	3000015	35736	50000	1354	200000	2377836	53526092	201458418	2492	7298144	5508821	3702802
1789709389	86555	95.7	95.4	10434	3703	1615	6133	519	0	69365	4117	9158	3000391	36323	50000	674	200000	2378890	53542759	201576671	2500	7300565	5510645	3703711
1789709423	86589	94.6	93.6	9852	3952	2053	8207	719	0	50868	3953	9159	3000350	35945	50000	1052	200000	2379851	53554904	201713179	2502	7303212	5512396	3705310
1789709452	86618	94.6	94.1	9873	3313	1905	6327	685	0	44728	3825	8850	3000498	35998	50000	835	200000	2380623	53568383	201804940	2491	7305378	5513784	3706830
1789709482	86648	93.2	92.8	5469	2842	3823	9404	1051	0	9376	3786	8791	2999803	35727	49980	1262	200000	2381322	53578484	201907016	2492	7309026	5515234	3708773
1789709506	86672	97.6	97.1	9921	2682	1362	6083	576	0	8395	3836	5070	3000827	36707	50000	308	200000	2382175	53592817	201992832	2493	7309989	5517093	3709664
1789709536	86701	97.8	97.4	6433	3018	938	7586	551	0	7750	3619	8502	3000535	36803	50000	209	200000	2383091	53607830	202080021	2498	7312241	5519133	3710601
1789709569	86735	96.7	96.2	7834	5913	1357	5916	384	0	20825	3673	8710	3000592	37101	50000	543	200000	2384067	53623670	202205088	2500	7314649	5521183	3711592
1789709598	86764	96.8	96.4	9026	5727	1361	7435	442	0	17959	3599	8562	3000586	37194	50000	509	200000	2384803	53633973	202301219	2497	7317002	5523104	3712333
1789709630	86796	93.6	93.2	6355	4929	4013	7245	1083	0	1007	3721	8835	2999632	37297	49859	1204	200000	2385588	53646744	202409678	2490	7321014	5524987	3713542
1789709660	86826	96.1	95.7	6525	3111	4167	8987	762	0	7756	3990	9194	2999293	37254	49948	1483	200000	2386372	53659931	202511296	2491	7323568	5527039	3714734
1789709691	86857	94.3	92.8	5094	2225	3552	7157	1910	0	1218	4133	9480	2999566	37458	50000	998	200000	2387137	53675741	202591681	2490	7325711	5529122	3715956
1789709717	86882	83.5	82.9	6589	5255	3738	9097	2017	0	5782	3848	5030	2999202	37154	50000	1419	200000	2387751	53689438	202661586	2490	7327941	5530249	3717959
1789709747	86913	92.6	92.2	8453	1949	3232	7182	1972	0	16197	3775	8671	2999884	37347	50000	940	200000	2388486	53698542	202764332	2491	7330299	5532198	3718734
1789709778	86944	92.8	92.7	10030	3460	4067	9077	888	0	843	3929	5174	2998859	37000	50000	1451	200000	2389456	53716352	202886376	2494	7332668	5533813	3719832
1789709805	86971	95.0	93.7	9155	2353	3133	6714	1881	0	187	3997	9164	2999813	37050	50000	1047	200000	2390038	53723702	202965058	2491	7334699	5535493	3721472
1789709835	87001	94.2	93.8	10440	6068	3358	8351	1840	0	9993	4048	8857	3000108	37250	50000	1043	200000	2390874	53738777	203050399	2491	7337063	5537531	3722188
1789709870	87036	95.3	94.3	10284	2618	3584	7081	1977	0	35302	3974	9378	2999089	36850	50000	1440	200000	2391863	53752794	203174150	2490	7339601	5539829	3722892
1789709895	87061	94.8	94.4	8431	2892	3291	8529	1518	0	27024	3720	4970	2999506	36952	50000	1264	200000	2392574	53768076	203246308	2491	7341982	5541914	3724065
1789709926	87092	92.8	92.3	6611	6378	3428	7250	1755	0	7821	3728	8770	3000046	37201	49921	1211	200000	2393316	53788544	203323585	2491	7344360	5543442	3725154
1789709957	87123	94.2	93.7	6239	3865	3271	8958	1909	0	41271	4260	9170	2999461	37605	49955	1207	200000	2394167	53803335	203415475	2492	7346929	5545818	3725899
1789709990	87156	95.0	94.2	8748	4083	3400	7516	1896	0	12517	3922	9310	2999600	37590	49913	1386	200000	2395100	53827154	203527133	2490	7349094	5547099	3727848
1789710017	87183	94.3	93.9	8792	3323	3081	9033	1309	0	57249	3797	5299	2999401	37524	50000	1126	200000	2395723	53834151	203613115	2493	7351641	5549638	3728733
1789710047	87213	93.6	93.5	10001	7815	4273	7599	999	0	2612	3902	8444	2999599	37768	49952	1403	200000	2396686	53849763	203731705	2491	7354075	5550802	3729371
1789710077	87243	94.4	93.3	6816	3625	3865	9079	2277	0	2195	4171	9336	2999747	37750	50000	1236	200000	2397414	53860475	203816999	2490	7356520	5553025	3730501
1789710109	87275	94.8	94.2	11423	4126	3647	7372	2089	0	7838	4181	9338	3000095	37811	50000	1326	200000	2398345	53875701	203921441	2491	7358821	5554988	3731495
1789710142	87307	94.4	94.0	7790	1823	2588	8841	689	0	64382	3951	9405	3000300	38424	50000	1177	200000	2399073	53890492	203997053	2493	7361193	5558058	3732586
1789710167	87333	93.5	93.2	6456	2515	2416	7008	804	0	55297	3621	5020	3000184	38534	50000	1002	200000	2399852	53906880	204078982	2496	7363505	5559765	3733901
1789710196	87362	93.8	93.2	9357	5763	3311	8744	1432	0	40050	4035	9116	3000080	38185	50000	1303	200000	2400642	53919901	204168471	2491	7365977	5561282	3734502
1789710227	87393	95.6	92.9	10371	4429	3491	7129	1846	0	13461	4583	9806	3000049	38015	50000	1164	200000	2401500	53932839	204282548	2490	7368318	5562974	3735494
1789710256	87422	92.3	91.7	9318	3022	3760	9413	1794	0	14219	3826	5408	2998842	37759	50000	1344	200000	2402250	53950935	204375301	2493	7370921	5564495	3737597
1789710287	87453	94.1	94.0	10234	6365	3595	7800	592	0	784	3959	8864	2998738	37313	49932	1236	200000	2403240	53963439	204503519	2503	7373172	5566031	3738866
1789710318	87484	93.2	91.8	5916	3665	2988	9329	1158	0	12702	4083	9631	2999171	37261	49832	1190	200000	2403961	53974072	204582889	2499	7375178	5567844	3740786
1789710351	87517	94.8	94.3	7684	3440	1589	7243	250	0	86044	4022	9520	3000385	37532	50000	794	200000	2404743	53988771	204678982	2505	7377528	5570557	3742255
1789710376	87542	94.3	93.7	8789	6009	3745	9240	2100	0	24184	3549	4625	2998978	37056	49987	1485	200000	2405472	53999990	204777202	2498	7380027	5571078	3742899
1789710406	87572	97.3	96.8	7281	5733	3000	7018	1601	0	13582	3766	9043	2999440	37246	49921	1115	200000	2406230	54013243	204882219	2498	7382099	5572677	3744956
1789710437	87603	95.6	94.9	7790	5135	3162	8600	1665	0	8297	3795	8857	3000168	37474	50000	939	200000	2407017	54028438	204993657	2498	7384450	5574370	3745859
1789710469	87635	98.0	95.9	10255	2745	3984	7502	2136	0	6164	4033	9274	3000001	37324	50000	1515	200000	2407937	54042777	205107398	2498	7386975	5576122	3746770
1789710502	87668	96.6	96.1	5394	2093	2814	9185	865	0	80020	4088	9613	3000121	37286	50000	1351	200000	2408734	54056690	205191988	2502	7389478	5578965	3748358
1789710528	87693	93.6	93.1	8192	3825	2891	7212	1095	0	55611	3758	5049	3000118	37048	49931	1228	200000	2409540	54070845	205288202	2500	7391878	5580608	3749568
1789710556	87721	96.3	95.8	7274	5052	3584	8793	1869	0	9268	3872	8752	3000090	36927	50000	1208	200000	2410298	54086135	205372335	2499	7394267	5582007	3750428
1789710587	87752	95.7	95.4	9404	4632	3295	7011	1684	0	10906	3714	8650	3000177	37749	49933	1033	200000	2411160	54103650	205467288	2498	7396552	5584125	3751269
1789710621	87786	90.5	89.4	10144	3875	3508	8783	1911	0	16179	3950	9224	3000137	37930	50000	1239	200000	2411993	54119197	205575639	2498	7399028	5586051	3752109
1789710647	87812	91.2	91.2	9559	4299	4462	7159	713	0	1688	3970	5189	2998844	37598	49921	1573	200000	2412771	54131459	205682158	2499	7401333	5587123	3754103
1789710676	87842	95.6	94.8	5254	4676	3014	8266	1474	0	18012	4020	9113	2999698	37593	50000	978	200000	2413295	54140296	205762032	2498	7403499	5589395	3755209
1789710708	87873	94.8	93.7	9512	3328	3861	7443	2050	0	6973	3979	9217	2999082	37234	50000	1551	200000	2414143	54156428	205868990	2498	7405962	5590988	3756014
1789710743	87909	95.7	95.3	9361	1843	1419	8518	80	0	64917	3971	9703	3000565	37501	50000	895	200000	2415177	54175570	205963992	2499	7408084	5594392	3757426
1789710768	87934	93.6	90.6	6407	4048	917	5915	76	0	30418	4348	5799	3001337	38459	50000	385	200000	2415891	54190371	206025584	2501	7410753	5595732	3760143
1789710799	87965	93.8	93.4	8934	1751	1482	7842	484	0	48050	4200	9741	3000986	38694	50000	518	200000	2416662	54202583	206114878	2519	7413704	5597803	3760814
1789710829	87994	95.2	94.8	8627	4186	1646	6142	51	0	44715	4013	8904	3000837	39248	50000	716	200000	2417446	54220538	206203967	2503	7415508	5599393	3761585
1789710861	88026	95.5	93.3	10325	2135	1243	7912	572	0	20984	4595	9705	3000445	39073	50000	466	200000	2418227	54230140	206331304	2506	7417968	5600988	3763532
1789710886	88052	89.3	88.6	6269	2719	3323	6974	1331	0	628	3905	5561	2999187	38571	49986	748	200000	2418866	54237365	206412661	2499	7421283	5602293	3765456
1789710917	88083	93.8	93.6	10963	5691	3578	9054	729	0	15285	3944	9199	2999680	38360	50000	1240	200000	2419679	54250241	206511484	2506	7423849	5603972	3766480
1789710947	88113	93.4	92.8	6659	3470	3571	7557	2169	0	6158	3777	8872	2998869	38536	50000	975	200000	2420433	54260357	206614677	2498	7426386	5605685	3768072
1789710979	88144	98.4	98.4	9226	6652	823	7564	394	0	18213	3656	8346	3000603	39228	50000	205	200000	2421567	54277990	206751522	2506	7427003	5607643	3768713
1789711009	88174	93.2	92.7	8276	2198	1422	5717	461	0	24528	3677	5081	3000453	39020	50000	54	200000	2422344	54290851	206866798	2503	7429525	5609111	3770421
1789711040	88206	95.0	94.6	7881	4238	1670	7466	286	0	25662	3865	9015	3000320	38929	50000	687	200000	2423132	54303107	206985946	2505	7431777	5610761	3771886
1789711069	88235	95.4	92.8	8477	2666	1169	5908	533	0	19817	4157	9309	3000441	38986	50000	414	200000	2423806	54317935	207078215	2503	7434037	5612486	3773323
1789711099	88265	91.3	90.2	5561	3740	3001	8648	1378	0	540	3982	9271	2999563	38257	50000	999	200000	2424470	54326958	207158291	2500	7437433	5613931	3775559
1789711128	88294	93.5	93.1	6839	1705	2247	7399	909	0	39435	4007	9312	3000009	38363	50000	963	200000	2425033	54336740	207219037	2502	7440278	5616526	3776806
1789711160	88326	95.4	95.1	7107	3450	1572	8915	396	0	46596	3984	9198	3000317	38668	50000	719	200000	2425870	54359950	207293147	2503	7442662	5618592	3778229
1789711193	88359	91.8	91.0	7941	2872	3434	7156	159	0	31182	4050	9089	3000109	38132	49968	1736	200000	2426699	54373578	207393064	2502	7445483	5620692	3779495
1789711222	88388	97.3	96.8	7488	5765	1682	8124	855	0	25732	3737	8828	3000734	38693	50000	548	200000	2427543	54393892	207470001	2515	7447817	5622579	3780053
1789711252	88418	92.3	91.8	7146	1870	2578	6732	846	0	14191	3579	8541	3000014	38648	50000	647	200000	2428204	54410314	207554329	2504	7450631	5624064	3781804
1789711279	88445	97.5	97.2	6528	4842	1268	7673	234	0	41249	3735	5184	3000306	38961	50000	434	200000	2429051	54422434	207665774	2519	7452087	5625781	3782970
1789711310	88476	96.5	96.0	6841	2773	1063	6551	222	0	35997	3690	8357	3000439	39070	50000	576	200000	2430019	54435607	207785940	2509	7454633	5627331	3784904
1789711336	88502	93.6	92.4	7262	2599	3054	9290	1827	0	5574	3809	8717	3000046	37764	50000	785	200000	2430489	54444020	207836907	2502	7458782	5629488	3786008
1789711369	88535	95.7	94.0	11191	3931	3693	7574	1912	0	9598	3936	12918	3000571	38937	50000	1380	200000	2431603	54462749	207891911	2518	7461164	5631644	3786734
1789711405	88570	94.4	93.9	9027	1747	1648	8978	225	0	74704	3750	9522	3000778	39226	50000	886	200000	2433203	54476688	207992220	2521	7463803	5635591	3787680
1789711431	88597	95.0	93.0	6476	3379	2181	7101	645	0	68591	3974	8634	3000230	38827	50000	1260	200000	2433827	54484495	208072154	2524	7466219	5637256	3788583
1789711462	88628	93.1	92.8	8009	3598	1777	8616	472	0	40333	3907	9398	3000240	39053	50000	856	200000	2434605	54495560	208184477	2519	7468492	5638747	3790419
1789711489	88655	91.2	90.9	5305	4649	3794	6036	213	0	19169	3646	5018	2999498	38660	49969	1471	200000	2435354	54507386	208305836	2521	7471046	5640166	3791951
1789711519	88685	92.0	91.5	11995	1897	1768	7362	369	0	24197	3931	8770	3000370	39202	50000	694	200000	2436045	54518482	208399487	2523	7473062	5641832	3792921
1789711549	88715	92.3	92.0	5729	3795	3633	7068	1259	0	3935	3524	8190	2999553	39153	50000	978	200000	2436774	54534050	208477446	2519	7476662	5643495	3794302
1789711583	88749	95.0	94.7	8342	5434	3874	7600	457	0	14621	3486	8112	3000038	39133	49926	1437	200000	2437776	54555526	208601337	2523	7477786	5645387	3795208
1789711606	88772	98.2	97.6	8588	6114	1318	5170	388	0	24925	3944	5056	3000507	39577	50000	524	200000	2438386	54566244	208684147	2521	7479544	5647134	3796206
1789711640	88806	94.3	93.9	10405	4087	1424	6741	276	0	39765	3915	8805	3000440	39512	50000	746	200000	2439278	54584361	208800856	2521	7481769	5649166	3797130
1789711672	88838	94.1	93.6	6966	4947	1401	5396	262	0	27047	3782	8758	3000448	39510	50000	651	200000	2440103	54600058	208901010	2518	7484228	5651017	3798155
1789711702	88867	91.9	91.4	5422	4038	3248	7553	266	0	20072	3727	8835	3000015	39583	49836	1238	200000	2440835	54611476	208975000	2518	7487141	5652813	3799289
1789711732	88898	93.9	93.6	9533	6122	4028	6121	347	0	16895	3715	8466	2999612	39464	49865	1426	200000	2441659	54625486	209076550	2519	7489286	5654501	3800132
1789711758	88923	97.3	96.7	6770	2628	1131	7172	559	0	15800	3714	5003	3000469	39888	50000	258	200000	2442500	54638315	209168858	2525	7491166	5656467	3801246
1789711789	88954	91.3	90.9	6431	4840	3714	6152	220	0	16769	3941	8861	2999885	39248	49893	1634	200000	2443212	54651361	209259313	2521	7493732	5658294	3802414
1789711819	88985	93.4	92.9	6906	2980	3949	8728	1058	0	8618	4031	8919	3000151	39207	50000	1428	200000	2443991	54668716	209339537	2520	7497371	5660114	3803231
1789711851	89017	93.4	92.4	9036	2159	3918	7127	2263	0	2255	3759	9313	3000133	39096	50000	1317	200000	2444747	54685688	209420472	2517	7499754	5662167	3804367
1789711875	89041	93.5	93.4	9456	2264	4178	8725	881	0	3156	3824	5114	2999452	39004	49983	1691	200000	2445452	54701583	209496232	2523	7502133	5663905	3805422
1789711906	89071	94.8	94.1	5946	3788	2275	6867	948	0	61054	4165	9613	3000089	39523	49985	774	200000	2446004	54716953	209548453	2516	7504424	5666728	3806755
1789711938	89104	93.6	93.2	9585	6989	3537	8910	2120	0	15121	4130	9336	2998875	39633	49891	1273	200000	2447032	54731375	209677644	2516	7506852	5667903	3807718
1789711970	89136	94.9	92.6	8451	3811	3826	7365	1980	0	21683	4256	9325	2998889	38822	50000	1360	200000	2447859	54739948	209781324	2516	7509453	5670191	3808299
1789711996	89162	92.5	91.5	9449	3850	4099	9276	2159	0	2383	3824	5279	3000180	38262	50000	1709	200000	2448641	54756684	209872518	2516	7511723	5671236	3810508
1789712034	89200	95.9	95.2	10336	3491	2265	7218	76	0	82837	3794	13418	3001034	38313	50000	1199	200000	2450190	54774110	209960585	2529	7514454	5675671	3811216
1789712060	89226	95.5	94.4	11521	2146	1162	8559	291	0	57038	3787	8761	3000456	38393	50000	568	200000	2451228	54783463	210026753	2534	7517155	5677925	3811869
1789712092	89258	90.5	89.8	8052	3472	1293	6579	136	0	24307	3878	8969	3000529	38218	50000	868	200000	2452059	54796481	210117386	2532	7519535	5679868	3812927
1789712124	89290	91.9	91.5	10303	3076	1138	8208	194	0	28785	3693	8879	3000292	37799	50000	709	200000	2453141	54808956	210225556	2534	7522150	5681580	3814240
1789712151	89317	92.7	92.3	7857	2846	1285	6040	401	0	26644	4082	5384	3000303	37742	50000	283	200000	2453881	54817293	210353867	2533	7524523	5683015	3815876
1789712181	89347	92.0	91.6	8807	2516	1221	7639	208	0	45687	3644	8560	3000419	37934	50000	615	200000	2454549	54827469	210453288	2536	7526474	5684725	3817022
1789712211	89377	93.2	92.7	9750	5862	1687	5566	148	0	36848	3634	8500	3000769	38026	50000	963	200000	2455314	54842942	210538269	2527	7528769	5686677	3817942
1789712245	89411	95.1	94.6	7816	5139	1340	6982	251	0	49506	3805	9016	3000542	38393	50000	637	200000	2456182	54859984	210639167	2543	7531076	5688593	3818809
1789712269	89435	92.0	91.3	8744	2811	2160	5671	43	0	77582	3886	5096	3000382	38103	50000	1078	200000	2456791	54870319	210720283	2540	7533377	5690121	3819607
1789712299	89465	94.7	94.0	5707	4818	2081	7728	577	0	56913	3734	8749	3000098	37498	50000	1215	200000	2457480	54880604	210820777	2527	7535983	5691855	3821807
1789712331	89496	96.7	96.4	7430	4628	1031	5829	32	0	49877	3755	8615	3000575	38303	50000	582	200000	2458396	54900636	210936757	2529	7537732	5693401	3823021
1789712357	89522	89.9	88.7	6491	3956	2245	8077	76	0	57793	3765	5192	3000198	37700	50000	1101	200000	2458974	54909442	211015078	2529	7540405	5695150	3824253
1789712391	89556	93.9	93.6	8294	4379	1425	6145	251	0	55773	3960	9266	3000392	38166	50000	780	200000	2459987	54924321	211124059	2531	7542877	5697179	3825669
1789712421	89586	90.2	89.7	11713	6674	1563	7705	70	0	58627	3856	8663	3000311	38230	50000	895	200000	2460717	54938145	211204780	2529	7545122	5698929	3826612
1789712451	89617	93.7	93.3	8409	2749	1603	5565	247	0	72165	3766	8843	3000398	38152	50000	817	200000	2461410	54950802	211296077	2533	7547454	5700710	3827657
1789712478	89644	93.5	92.4	6290	2800	1612	7030	200	0	32626	3662	4932	3000561	38073	50000	865	200000	2462178	54966334	211398758	2526	7549561	5702375	3828990
1789712508	89674	95.7	95.2	9610	3103	1561	5677	535	0	30848	3780	8862	3000480	37904	50000	535	200000	2463007	54982926	211497843	2539	7552244	5704189	3829768
1789712539	89704	91.6	91.0	8476	2864	3711	7817	553	0	15116	3901	9374	2999862	37268	49927	1336	200000	2463642	54997752	211559601	2532	7555103	5706005	3830951
1789712571	89737	94.1	93.7	7498	3668	4477	7312	814	0	2372	3949	8919	2999412	37370	49921	1671	200000	2464463	55015987	211656218	2525	7558428	5707679	3832266
1789712599	89765	94.9	94.1	7588	2597	2965	8337	1045	0	30021	3992	9290	2999896	37837	49999	801	200000	2464971	55024262	211716291	2525	7560613	5710424	3833654
1789712628	89794	93.7	93.6	13915	3860	4281	7329	724	0	11802	3777	5106	3000035	37408	50000	1629	200000	2466044	55042440	211852023	2532	7563038	5711570	3834026
1789712656	89821	95.0	93.0	8755	2467	2955	8559	1253	0	11979	4044	9338	3000097	37051	50000	1052	200000	2466612	55049839	211919183	2525	7565102	5713663	3835882
1789712686	89852	93.4	91.8	7325	5653	3418	7213	1124	0	48499	4172	9611	3000287	36634	50000	1519	200000	2467412	55065711	211995658	2524	7567629	5715789	3837048
1789712718	89884	94.2	93.8	7596	3179	1877	8896	510	0	64907	3945	9363	3000545	36997	50000	1122	200000	2468290	55082305	212087440	2525	7569912	5718076	3838805
1789712749	89915	94.9	94.6	8283	5165	1782	7005	528	0	66896	3859	9131	3000212	37107	50000	923	200000	2469240	55097047	212188667	2531	7572079	5719779	3839950
1789712782	89948	94.3	93.7	8465	4496	1642	8666	315	0	60621	3830	9002	3000423	37393	50000	779	200000	2470083	55110095	212324078	2526	7574354	5721400	3841382
1789712808	89974	94.1	90.7	6752	3953	1363	5920	40	0	59374	4512	5851	3000210	37165	50000	400	200000	2470867	55119816	212424025	2530	7576408	5722723	3842908
1789712838	90004	91.9	91.1	8257	3334	2959	8344	6	0	71673	3968	9328	3000138	36292	50000	1559	200000	2471534	55128225	212514579	2529	7579158	5724174	3844244
1789712868	90033	94.7	94.2	6667	4386	2000	6850	538	0	56474	3886	8752	3000371	36235	50000	1009	200000	2472124	55141644	212587055	2527	7581412	5725653	3847073
1789712896	90062	94.6	94.1	8164	2335	2272	8430	400	0	48498	3445	4764	3000527	36354	50000	1083	200000	2473100	55158246	212711386	2527	7583599	5727132	3848213
1789712937	90102	94.3	94.1	12134	2691	1438	6977	110	0	106338	3785	12771	3000395	36769	50000	847	200000	2474183	55177163	212850081	2543	7586006	5729759	3849076
1789712956	90122	91.2	89.9	7342	5368	4263	8925	2180	0	1372	3436	4300	2999571	36285	50000	1647	200000	2474652	55186209	212935062	2523	7588545	5729968	3849601
1789712987	90153	94.6	94.1	9028	2987	3323	6054	1549	0	20253	4016	9173	3000644	36718	50000	1088	200000	2475291	55199580	213019424	2523	7590923	5732449	3850737
1789713022	90188	93.0	92.6	9562	4042	2931	7847	1096	0	40604	3717	9110	3000736	37905	49997	1213	200000	2476326	55222844	213107005	2523	7593236	5734478	3852088
1789713046	90211	92.2	91.6	7389	3460	2684	7008	1048	0	24203	3575	4891	2999890	38022	49903	1007	200000	2476977	55233488	213186349	2523	7595406	5735638	3854163
1789713076	90242	90.8	90.4	7432	6029	2873	8610	1372	0	21639	4384	9525	3000162	38055	50000	1004	200000	2477742	55243227	213297281	2523	7597690	5737167	3855173
1789713108	90274	95.5	95.0	7264	2865	3570	7775	1567	0	31358	3809	8855	3000224	37982	49981	1447	200000	2478631	55260302	213390906	2523	7600340	5739039	3856325
1789713135	90301	96.5	95.9	6380	5333	3185	9272	1639	0	44059	3689	8550	2999536	37857	49992	1296	200000	2479375	55274677	213462908	2523	7602763	5741112	3857361
1789713169	90335	94.8	94.1	6599	3854	2607	7561	934	0	29711	3735	9188	3000115	38110	50000	1037	200000	2480204	55292534	213564120	2523	7605001	5742507	3859906
1789713201	90367	93.8	93.4	6942	2147	2125	9346	710	0	80413	4122	9285	3000175	38115	50000	938	200000	2480884	55301869	213671999	2533	7607416	5744582	3861274
1789713227	90393	94.1	93.2	9402	2618	2871	7415	751	0	44808	3818	8767	2999810	37917	49947	1188	200000	2481501	55314466	213738408	2524	7609725	5745615	3863011
1789713260	90426	93.6	93.4	8488	2436	1325	8520	346	0	65922	3589	8595	3000340	38275	50000	633	200000	2482410	55326651	213861051	2525	7611568	5747692	3864311
1789713294	90460	92.8	92.3	9304	2839	1538	6279	144	0	49086	3473	8467	3000871	38381	50000	894	200000	2483314	55343467	213969473	2534	7614118	5749664	3865695
1789713317	90482	88.0	87.3	6467	4126	2428	7767	444	0	63791	3553	4740	3000333	38187	50000	1170	200000	2483820	55356072	214016349	2530	7616207	5751010	3866375
1789713354	90519	95.5	95.0	6124	3581	1997	6071	207	0	51591	3623	12152	3000372	38148	50000	1215	200000	2484747	55371261	214130777	2527	7618775	5753514	3867510
1789713383	90548	94.0	93.8	10584	2986	1484	7360	246	0	101706	3467	4849	3000597	38943	50000	719	200000	2485593	55389764	214248355	2541	7621059	5755282	3868337
1789713407	90573	92.2	91.5	12951	4976	2938	5866	963	0	34186	3712	8384	3000256	38621	50000	1367	200000	2486076	55399521	214314466	2523	7623175	5756044	3869645
1789713444	90610	95.3	94.8	13493	2595	1046	7052	185	0	63134	3643	8903	3000570	39151	50000	582	200000	2487261	55419837	214453451	2537	7625367	5758764	3870875
1789713469	90634	92.3	91.3	5594	4075	2009	5501	255	0	85751	3515	4657	3000354	39053	50000	1145	200000	2487749	55428013	214515222	2533	7627662	5760611	3871615
1789713496	90661	93.7	92.0	9902	5269	3071	7097	1108	0	50885	3863	8875	2999917	38936	50000	1205	200000	2488421	55437376	214609514	2525	7630062	5761577	3872318
1789713530	90696	94.4	93.7	9871	3161	2991	6078	978	0	49654	3841	8940	3000099	38717	50000	1376	200000	2489323	55452496	214739473	2523	7632425	5763316	3873984
1789713564	90729	94.3	93.8	9216	4392	1752	7694	168	0	59266	3587	8833	3000351	38834	50000	959	200000	2490251	55466713	214860116	2524	7634652	5765542	3876039
1789713592	90757	93.5	92.8	7467	5095	2533	6148	313	0	59969	3627	8423	3000576	38482	50000	1382	200000	2490910	55477602	214942209	2524	7637021	5767307	3876821
1789713619	90785	94.9	93.2	5866	3444	2674	7605	163	0	41556	3827	5431	3000753	38148	50000	1395	200000	2491782	55496193	215012835	2525	7639462	5769256	3877766
1789713650	90816	92.7	91.5	6500	4806	3551	6718	1302	0	15275	3996	13515	3000065	37375	50000	1670	200000	2492205	55511427	215029385	2523	7643181	5771476	3879056
1789713676	90842	93.2	92.8	6073	1804	3075	8252	851	0	29449	3892	9529	2999794	37588	49973	1228	200000	2492610	55515918	215075840	2523	7645858	5773725	3880389
1789713710	90876	95.8	95.5	8282	3696	1502	6989	238	0	41125	3775	9025	3000421	37735	50000	814	200000	2493571	55533341	215186447	2525	7648042	5776052	3882119
1789713743	90909	94.7	93.6	9288	3380	1584	8746	206	0	35704	4026	9239	3000721	37957	50000	935	200000	2494446	55551661	215285765	2524	7650575	5778098	3883249
1789713769	90935	93.4	92.5	7055	2179	2155	5748	231	0	40457	4061	5537	3000451	37413	50000	1006	200000	2495284	55565284	215378847	2535	7653082	5779673	3884635
1789713796	90962	92.2	91.1	7180	2410	2841	8171	1485	0	2508	3830	8962	3000109	36564	49997	1002	200000	2495698	55575299	215423090	2523	7656694	5781428	3886309
1789713826	90992	92.3	91.7	9525	2388	3257	7119	1604	0	20523	3495	8540	3000173	36832	50000	1184	200000	2496437	55590984	215500598	2523	7659275	5783455	3887171
1789713856	91022	93.3	92.8	6123	5128	3404	8864	1854	0	33806	3656	8600	2999053	37004	49921	1297	200000	2497170	55600790	215609770	2523	7661745	5785469	3888286
1789713888	91054	94.3	92.6	6360	6003	3323	7229	1775	0	22398	4178	9380	2999891	36744	50000	1273	200000	2497985	55618083	215705547	2523	7664058	5787230	3889525
1789713925	91091	94.0	93.7	8625	2014	1718	8661	159	0	71742	3887	9489	3000246	36779	50000	1039	200000	2498931	55633159	215834284	2532	7666261	5790243	3890923
1789713953	91119	93.4	92.7	6701	5719	3126	6307	1141	0	43534	3771	8861	3000287	37097	50000	1276	200000	2499646	55650171	215911523	2527	7668752	5791248	3891661
1789713977	91143	91.3	89.6	5522	2776	2789	8372	846	0	34453	4385	5970	3000034	36397	50000	1311	200000	2500226	55658525	215991529	2526	7671042	5792569	3894208
1789714011	91176	93.2	92.8	8293	2696	2110	6988	629	0	51804	3826	9082	3000456	36598	50000	1024	200000	2501049	55672568	216119677	2528	7673201	5794057	3896027
1789714038	91203	94.4	93.6	7498	4061	1673	8524	327	0	44774	4008	8854	3000433	36669	50000	745	200000	2501594	55681307	216209422	2530	7675078	5795246	3897858
1789714068	91234	96.4	95.8	7740	3754	3189	7454	1038	0	10086	3692	8920	3000064	36242	50000	1155	200000	2502458	55692064	216306494	2524	7678733	5797024	3899452
1789714100	91266	94.1	93.9	7989	3103	3528	8595	365	0	28287	3509	8415	2999546	36371	49959	1186	200000	2503193	55708771	216394739	2526	7680430	5798578	3900709
1789714131	91297	94.6	93.6	6225	3140	3426	7682	1685	0	14077	3987	9170	2999763	36141	49901	1348	200000	2503895	55718876	216517001	2523	7683403	5799871	3903308
1789714161	91327	93.4	93.1	8577	2105	3183	8937	1518	0	7994	3598	8434	3000105	36548	50000	936	200000	2504554	55729168	216622499	2524	7685608	5801508	3903980
1789714188	91353	97.5	97.4	10309	3621	406	5549	155	0	14125	3885	4969	3000894	37344	50000	136	200000	2505509	55751378	216742765	2533	7685981	5802986	3905443
1789714217	91383	87.0	85.9	7012	4283	2366	8064	495	0	20950	3579	8558	3000331	35854	50000	1132	200000	2506050	55759056	216802871	2525	7689415	5805267	3906211
1789714246	91412	93.6	91.8	7900	2706	3975	6969	2028	0	4843	3785	9137	3000193	35855	50000	1446	200000	2506842	55780996	216834997	2538	7692808	5807180	3907126
1789714277	91443	94.8	94.4	6512	2850	2746	8397	1033	0	74883	3517	8541	3000371	36344	50000	1184	200000	2507575	55795767	216899441	2529	7695290	5810310	3907996
1789714305	91471	95.2	94.7	11497	3579	3416	6852	1855	0	14151	3689	8639	3000021	36371	50000	1117	200000	2508402	55812027	216989562	2524	7697642	5811528	3908737
1789714340	91506	96.3	94.5	11344	5705	3291	8398	1771	0	11788	4245	9456	3000071	36580	50000	1023	200000	2509308	55829525	217108382	2524	7699856	5813520	3909733
1789714366	91532	90.8	89.9	7266	4113	4361	6737	2360	0	4527	3859	5208	2998506	35626	49980	1758	200000	2510014	55840611	217201338	2524	7702517	5814734	3911379
1789714396	91562	95.6	95.3	7218	3965	2765	7854	1523	0	43787	3891	9039	3000036	35880	49977	920	200000	2510645	55853036	217279986	2523	7704890	5817409	3912418
1789714429	91594	93.6	92.9	7488	6275	4110	7727	2363	0	6385	3974	9286	2999556	35949	49957	1693	200000	2511600	55875552	217374926	2523	7707451	5818783	3913587
1789714463	91628	95.7	95.4	9154	1958	2592	8956	989	0	94613	3875	9351	3000022	36000	50000	1048	200000	2512371	55886078	217474463	2538	7709982	5822204	3914330
1789714488	91653	93.1	93.0	9087	7688	4271	5270	310	0	7876	3899	4952	2999819	36104	49845	1326	200000	2513320	55909546	217582008	2530	7710877	5822672	3915246
1789714517	91682	95.0	94.0	6623	3315	3035	7785	1709	0	15510	3997	9442	3000015	36235	50000	837	200000	2513869	55923987	217654899	2525	7714267	5824468	3917102
1789714551	91716	94.1	92.4	9322	4595	4151	7433	2215	0	8648	4379	9606	2999375	35758	50000	1652	200000	2514834	55938004	217778209	2524	7716750	5826131	3918056
1789714583	91748	94.5	94.2	8581	1826	2162	8926	440	0	79036	4031	9627	3000141	35725	50000	1011	200000	2515523	55946790	217875805	2545	7718973	5829021	3920192
1789714608	91774	93.5	92.9	10050	6157	2465	6724	677	0	47117	3621	4932	3000082	35859	49996	1208	200000	2516251	55956139	217984376	2524	7721132	5830337	3921243
1789714639	91805	94.2	94.0	8169	3156	2082	8222	735	0	65219	3843	9026	3000042	35874	50000	962	200000	2516969	55966002	218092145	2543	7723356	5832361	3922374
1789714672	91837	93.2	92.7	6788	4601	2075	6730	477	0	78793	4288	9540	3000004	35780	50000	987	200000	2517877	55977301	218200848	2539	7726106	5834245	3924279
1789714700	91865	95.1	94.7	10091	5254	2433	7898	821	0	36957	3606	4701	3000261	36090	50000	1002	200000	2518755	55995390	218301951	2525	7727914	5835102	3925407
1789714729	91895	92.7	91.7	6888	2651	2541	6775	416	0	53841	3975	9229	3000080	35705	50000	1505	200000	2519357	56006165	218379907	2528	7730388	5837094	3926897
1789714764	91929	94.1	93.7	8475	2587	1324	8253	166	0	98375	4333	9630	3000307	35858	50000	715	200000	2520309	56025815	218502614	2554	7732620	5839189	3928389
1789714788	91954	91.5	90.5	10470	3945	3394	6195	1285	0	35197	3625	4843	3000058	35312	50000	1499	200000	2520958	56035443	218605435	2525	7734933	5839953	3928990
1789714817	91983	93.3	92.2	7947	2875	2360	7555	311	0	61598	4265	9426	3000067	35074	50000	954	200000	2521532	56045153	218679415	2530	7737282	5842385	3930580
1789714847	92013	92.1	90.7	8113	6166	4009	6541	499	0	32701	4010	9209	3000039	34611	50000	1668	200000	2522427	56068060	218741758	2525	7740018	5843294	3931768
1789714880	92046	92.1	91.4	11288	5108	3607	8832	1239	0	47915	4075	9707	2999138	33698	50000	1624	200000	2523233	56078479	218838269	2535	7742623	5844649	3934809
1789714915	92081	94.8	94.4	6960	4755	2123	7792	749	0	71689	3873	9626	3000248	34397	50000	959	200000	2524102	56092980	218959007	2547	7745144	5846769	3937765
1789714938	92104	96.8	96.2	4531	3516	2916	9534	1126	0	39471	3381	4560	3000140	34180	50000	1117	200000	2524849	56104988	219054744	2539	7747475	5847747	3938994
1789714968	92133	94.5	93.9	6098	5474	3030	8014	1168	0	47297	3769	8809	3000050	33698	49947	1253	200000	2525523	56118667	219143584	2535	7749793	5849276	3940449
1789714997	92163	94.7	94.3	7212	5222	2943	9511	1651	0	35479	3882	9064	2999175	33785	50000	1050	200000	2526272	56129131	219243866	2533	7752174	5851230	3941220
1789715030	92195	95.1	94.6	6628	4570	3885	7226	2060	0	6401	3623	8460	2998768	33564	49952	1438	200000	2527247	56153433	219355101	2535	7754617	5852684	3942617
1789715060	92226	92.8	92.7	7572	6247	3573	8468	1420	0	4149	3544	8270	2999887	33838	49991	1075	200000	2527983	56166341	219461982	2534	7756862	5854523	3943212
1789715094	92260	87.7	87.4	10684	2104	3975	7075	1078	0	6502	3819	8860	2999354	33793	50000	1307	200000	2528950	56183885	219556745	2535	7759292	5856437	3944126
1789715116	92282	87.9	86.6	6590	1932	2853	8300	1316	0	19541	4055	5540	3000013	33741	50000	898	200000	2529321	56190012	219591292	2534	7761438	5858119	3945946
1789715147	92313	91.6	91.5	8420	7406	4194	7621	846	0	14056	3794	8574	2999304	33715	50000	1493	200000	2530277	56211286	219693435	2534	7764096	5859822	3946540
1789715179	92344	93.7	93.1	7376	3870	2731	8656	1578	0	10776	3796	9002	3000125	34852	50000	621	200000	2530944	56219984	219796370	2534	7766006	5861668	3948210
1789715208	92374	93.4	93.1	9575	4539	3466	7121	638	0	9131	3891	5396	3000014	34651	49946	1382	200000	2531956	56233539	219933452	2540	7768184	5863296	3949197
1789715236	92402	91.9	91.5	10451	2650	3501	8841	1011	0	12648	4093	9183	2998860	34663	49958	1111	200000	2532545	56239427	220020742	2535	7770530	5864940	3950299
1789715269	92435	94.2	94.0	6255	3934	4405	7474	668	0	6792	3735	8897	2998687	34184	49948	1612	200000	2533459	56253034	220134090	2534	7773079	5866497	3951676
1789715300	92466	93.7	92.9	7965	3060	3506	8642	959	0	15390	4072	9592	2999118	33981	49965	1232	200000	2534117	56262088	220224883	2534	7774939	5868339	3953997
1789715326	92492	91.6	91.0	10833	3586	2316	6580	1121	0	13462	3817	4978	2999680	34369	50000	1051	200000	2534805	56276080	220313374	2535	7776782	5869201	3955920
1789715357	92523	93.3	92.8	6122	3263	2966	8748	1248	0	18891	4105	9283	2999329	33958	50000	984	200000	2535453	56283112	220425013	2534	7779318	5870641	3957795
1789715386	92552	94.8	94.1	5183	3178	2647	7201	891	0	15305	3924	8905	3000095	33541	50000	936	200000	2536112	56290783	220519548	2534	7781634	5872399	3959523
1789715419	92585	93.5	93.3	7921	4958	2678	8871	1228	0	30356	3795	9035	3000337	33908	50000	930	200000	2537020	56304774	220618086	2534	7784014	5874306	3960310
1789715452	92618	91.1	89.9	5905	2469	3483	7415	747	0	23228	4409	10228	3000074	33598	49904	1538	200000	2537684	56318911	220697517	2533	7787116	5875938	3963418
1789715481	92647	93.9	93.5	8262	5718	4163	9987	973	0	9046	3711	8966	2999501	33464	49968	1529	200000	2538542	56333402	220786500	2533	7790636	5877433	3964766
1789715509	92675	94.8	94.2	9361	5631	3949	7133	739	0	11880	3697	5053	2999413	33610	49976	1446	200000	2539327	56344122	220893054	2541	7791900	5879477	3965700
1789715537	92703	98.1	97.5	9624	4980	1249	8127	523	0	16389	3673	8563	3001053	34715	50000	356	200000	2540159	56361887	220972388	2544	7793743	5881485	3966519
1789715572	92738	92.9	92.4	7484	5063	4358	6184	234	0	5649	3877	9106	2998557	33809	49949	1410	200000	2541051	56375586	221106401	2536	7796261	5883016	3967943
1789715600	92765	93.8	93.1	7670	2740	3222	8853	1040	0	20621	3869	8918	2999543	34122	50000	951	200000	2541628	56384201	221176632	2534	7799902	5885104	3969337
1789715627	92793	92.8	92.4	6273	5427	4180	7765	985	0	5644	3671	5099	2998972	33953	49980	1303	200000	2542548	56403229	221283770	2535	7802336	5886415	3970986
1789715657	92822	94.2	93.4	7810	2278	4031	9336	1027	0	2875	3889	9133	2999381	33896	50000	1337	200000	2543133	56413445	221368684	2533	7804784	5888198	3971963
1789715688	92854	94.5	93.9	7457	5889	3917	7660	1071	0	2659	3952	9287	2999012	33832	49926	1048	200000	2544036	56428560	221473457	2533	7807028	5889856	3973291
1789715717	92882	97.0	96.6	9838	1947	961	7673	435	0	13468	3941	5216	3000734	34697	50000	297	200000	2544933	56444656	221597784	2539	7807678	5891729	3974521
1789715749	92915	95.6	95.0	6916	6080	1414	6066	203	0	40454	4120	9616	3000424	34421	50000	675	200000	2545694	56456233	221721929	2545	7809980	5893565	3975738
1789715783	92949	95.2	94.8	10341	4298	1311	7574	271	0	50900	4052	9243	3000863	34873	50000	611	200000	2546504	56471812	221828343	2552	7812129	5895408	3976744
1789715813	92978	96.5	95.9	6999	5769	1666	5544	256	0	32008	3712	9029	3000527	34970	50000	743	200000	2547307	56484760	221914314	2536	7814476	5897247	3977873
1789715839	93005	97.5	97.1	9895	6361	1357	6962	240	0	42500	3922	5543	3000345	34905	50000	596	200000	2548105	56496019	222018928	2550	7816602	5898902	3978742
1789715870	93036	95.7	95.4	5802	4253	1518	5590	319	0	65646	3995	9021	3000510	35242	50000	764	200000	2548918	56508416	222133418	2550	7818734	5900686	3979795
1789715899	93065	94.4	94.0	8846	3525	1430	7055	253	0	48571	3928	8734	3000337	34956	50000	815	200000	2549600	56522117	222224365	2546	7820836	5902478	3980908
1789715933	93099	94.7	93.9	10050	3215	1416	5678	163	0	45133	3899	9569	3000402	35099	50000	679	200000	2550539	56538180	222340358	2546	7823129	5904276	3982016
1789715961	93127	90.3	89.6	6891	2840	2419	7590	25	0	53258	4250	5444	3000444	34881	50000	1325	200000	2551235	56549994	222421384	2539	7825513	5905791	3982809
1789715991	93157	91.6	91.1	8534	5420	2251	6066	677	0	36845	4632	9684	3000257	34762	50000	1164	200000	2551879	56561144	222502207	2539	7827839	5907188	3984864
1789716021	93187	87.6	87.1	7771	4255	3649	8665	752	0	21281	3713	9046	3000065	34539	50000	1372	200000	2552464	56570976	222585970	2539	7831188	5908568	3986824
1789716047	93212	96.8	95.3	6764	4688	1681	5860	646	0	21681	3885	5247	3000495	34889	50000	578	200000	2553213	56584569	222683682	2547	7832336	5910177	3987860
1789716079	93245	92.6	92.3	8357	4143	3958	7734	407	0	10392	3966	9325	2998590	34243	49928	1441	200000	2553968	56596724	222790241	2542	7834799	5911762	3989333
1789716111	93277	95.5	95.1	6412	5694	4499	5684	609	0	3142	3692	8857	2999360	34214	49963	1640	200000	2554779	56609660	222903225	2541	7836809	5913446	3990512
1789716135	93301	94.9	93.7	7993	1569	2681	8153	999	0	47483	3909	5511	3000106	34152	50000	1055	200000	2555218	56619700	222941942	2540	7840525	5916305	3991797
1789716166	93332	94.2	93.8	7611	6436	2218	6834	631	0	63434	3694	9027	3000180	34670	50000	927	200000	2556140	56636161	223017410	2548	7842853	5918699	3992570
1789716196	93362	93.4	92.8	7215	6227	3883	8693	2092	0	15628	3698	8804	3000075	34466	50000	1586	200000	2557061	56650705	223134727	2540	7845334	5919615	3993245
1789716226	93392	94.8	94.6	6854	2831	2419	6904	1077	0	53344	4080	9531	2999943	35096	49999	735	200000	2557709	56659457	223208559	2542	7847618	5922245	3994463
1789716259	93425	93.2	92.5	9322	6292	4218	9083	2330	0	8610	4016	9414	2999968	34710	50000	1668	200000	2558793	56677621	223327090	2540	7850153	5923220	3995406
1789716285	93451	95.8	95.5	10158	2323	2988	6801	1505	0	20350	3930	5399	2999780	34895	50000	776	200000	2559399	56685224	223419391	2541	7852505	5925776	3996533
1789716318	93484	93.8	93.8	13518	6058	4227	7356	435	0	10703	3967	9533	2999480	34919	49959	1561	200000	2560502	56709194	223534490	2556	7853599	5927229	3996908
1789716350	93516	93.5	92.6	5567	4218	2997	7014	1852	0	18043	4238	10069	2999715	35668	49975	925	200000	2561106	56717767	223628001	2545	7857186	5929042	3998925
1789716379	93544	97.7	97.7	9266	3882	866	7031	449	0	21538	3972	5368	3000576	36382	50000	301	200000	2562123	56734408	223755729	2553	7857724	5930699	3999547
1789716407	93572	92.2	90.2	7768	3077	2873	7013	1338	0	1513	4116	10019	2999576	35590	49982	1087	200000	2562530	56740236	223815482	2543	7861302	5932046	4001528
1789716439	93605	94.3	93.2	8004	4185	3058	8782	1499	0	12878	4436	10442	2999472	35630	50000	1037	200000	2563252	56749212	223909077	2543	7863865	5933995	4002821
1789716472	93638	94.1	93.6	9246	2218	2130	6959	294	0	74900	4244	10096	3000248	35591	50000	1140	200000	2564014	56760198	224003217	2551	7866043	5936612	4004377
1789716497	93663	94.4	93.9	7548	6363	2718	8415	896	0	54454	4153	5526	3000017	35414	50000	1103	200000	2564674	56767896	224114069	2543	7868298	5937818	4005023
1789716532	93698	93.4	93.0	10733	2654	2676	6902	828	0	63992	4038	9713	3000012	35419	50000	1175	200000	2565497	56783398	224222790	2544	7870804	5940048	4006136
1789716555	93721	93.6	93.0	7273	5689	3119	8593	1712	0	4413	3907	5229	2999412	35091	49801	1103	200000	2566313	56798405	224318286	2546	7872863	5940446	4008096
1789716588	93754	94.1	93.8	8266	4468	3008	7297	1729	0	42018	3851	9159	2999313	35166	49960	1084	200000	2566946	56806803	224417801	2546	7875319	5942508	4009031
1789716621	93787	94.2	93.0	6761	5355	3701	9302	2165	0	8818	4076	9478	2998602	34817	49960	1350	200000	2567847	56829181	224509635	2546	7877765	5943772	4010522
1789716646	93812	94.5	94.5	10927	5728	4022	6010	602	0	3167	3843	5040	2998755	34769	49939	1401	200000	2568630	56842989	224620879	2548	7879084	5945426	4011710
1789716679	93845	96.1	95.7	6590	5138	3940	8659	1092	0	3064	4104	9561	2999861	35255	49957	1087	200000	2569408	56865176	224706191	2546	7882350	5947174	4013190
1789716710	93876	96.8	96.4	8978	1630	3689	7475	1127	0	8101	3891	9347	2999109	35141	49968	1146	200000	2570103	56874941	224802823	2546	7884890	5949102	4014269
1789716738	93903	97.7	97.2	7299	3889	3993	9255	1160	0	3145	4089	5863	2998747	34853	50000	1367	200000	2571013	56888446	224915115	2549	7887348	5950924	4015239
1789716767	93933	98.3	97.2	9802	4728	1313	5729	376	0	19139	3878	8974	3000549	35750	50000	478	200000	2571792	56904090	225009509	2559	7887967	5952743	4016203
1789716800	93965	90.6	90.1	6377	4077	4106	9084	962	0	2651	4317	9662	2999036	34921	49977	1266	200000	2572624	56918504	225094808	2547	7891952	5954393	4017626
1789716831	93997	95.2	94.6	7520	2276	3667	7288	1119	0	9006	4050	9214	2999409	35117	50000	1065	200000	2573408	56930297	225197771	2546	7894325	5956304	4018873
1789716858	94024	93.6	93.1	8866	3600	4175	7883	463	0	10534	3756	5107	2999026	35110	49966	1513	200000	2574339	56947374	225292710	2552	7895496	5958203	4019854
1789716891	94056	92.0	91.5	10300	6588	1434	5580	562	0	20890	3929	8938	3000692	35841	50000	481	200000	2575130	56960414	225403321	2558	7897536	5960213	4020654
1789716919	94084	89.8	89.1	10147	6653	1963	7053	168	0	40287	4003	5562	3000705	35859	50000	922	200000	2575863	56976879	225501796	2561	7899404	5961606	4021515
1789716947	94113	89.0	88.1	7569	1820	2875	6570	1175	0	16478	4159	9665	3000112	35187	50000	1053	200000	2576368	56982765	225571467	2546	7902558	5962958	4023849
1789716976	94142	92.8	91.4	8584	2842	2971	8563	1208	0	10346	4073	9876	3000005	34907	50000	932	200000	2576971	56992680	225645034	2546	7905144	5964548	4025825
1789717008	94174	94.1	93.7	8357	3482	2811	7613	791	0	33378	4009	9642	3000020	34867	49961	1096	200000	2577719	57003375	225734962	2546	7907691	5966428	4027677
1789717041	94207	94.8	94.4	8227	2747	1614	9082	389	0	81909	4018	9759	3000134	34869	50000	768	200000	2578538	57017766	225841771	2556	7909838	5968612	4029254
1789717068	94234	93.4	93.0	8595	4647	2302	6774	648	0	54580	3692	4994	3000093	34701	50000	1002	200000	2579337	57030324	225947942	2549	7912027	5969898	4030527
1789717096	94262	94.9	93.3	11709	4938	3052	8346	1119	0	10855	3988	9136	2999846	34668	50000	1060	200000	2579970	57038583	226051578	2547	7914267	5971033	4031374
1789717132	94298	94.5	94.2	9154	2701	1570	6616	189	0	109154	3835	9170	3000208	34942	50000	852	200000	2581010	57053365	226178340	2552	7916703	5974041	4032943
1789717156	94322	92.5	92.0	7799	6435	3470	8493	1973	0	27632	3450	4590	2998907	34666	49951	1314	200000	2581880	57064283	226288150	2541	7919118	5974700	4033736
1789717185	94351	94.4	94.0	8869	5289	3089	7443	1584	0	1870	4025	8903	2999523	34590	49947	1179	200000	2582454	57085167	226361813	2541	7920961	5975399	4036472
1789717221	94386	95.8	95.0	8551	2373	1677	8712	525	0	60171	3941	9415	3000253	34519	50000	604	200000	2583336	57100105	226489688	2549	7923177	5977964	4037649
1789717252	94418	93.1	92.4	8373	2344	2012	7019	725	0	20354	4098	9242	3000440	34497	50000	904	200000	2584109	57112863	226578694	2542	7926015	5979814	4039322
1789717278	94444	95.1	94.7	7025	2591	1142	7982	375	0	30904	3994	5288	3000484	34499	50000	378	200000	2584825	57128215	226667555	2559	7927974	5981618	4040226
1789717310	94476	94.2	93.7	8499	7927	1117	5783	287	0	36144	3741	8758	3000705	34465	50000	509	200000	2585713	57143551	226781753	2554	7930265	5983636	4041188
1789717339	94505	92.9	92.4	7992	2701	1737	7617	212	0	46316	3839	8789	3000358	34116	50000	941	200000	2586385	57156238	226861745	2540	7932678	5985777	4042004
1789717372	94538	95.5	95.2	9829	4329	1313	5804	189	0	53791	3809	9151	3000878	34714	50000	615	200000	2587365	57174970	226984428	2552	7934920	5987683	4043019
1789717403	94569	93.0	92.2	5922	4166	1499	7661	213	0	31203	3892	8989	3000518	34627	50000	761	200000	2588111	57187580	227072949	2542	7937627	5989530	4044307
1789717432	94598	92.7	92.3	7879	6751	1432	5798	223	0	68051	4273	5614	3000861	35118	50000	674	200000	2588940	57203984	227166536	2564	7939773	5991385	4044886
1789717459	94625	92.8	92.2	11300	4548	1647	7723	113	0	69419	3973	9099	3000371	34963	50000	939	200000	2589539	57213685	227234436	2548	7942070	5993202	4046222
1789717491	94657	94.1	93.5	8903	4724	1456	5787	153	0	49349	3813	8769	3000479	34881	50000	759	200000	2590406	57229135	227363131	2547	7944128	5994845	4047547
1789717523	94688	92.8	92.3	6972	3075	2000	7499	208	0	47454	4126	5644	3000517	35285	50000	870	200000	2591362	57248178	227482700	2547	7946644	5996341	4049178
1789717548	94714	93.5	92.9	7232	5335	1670	5878	39	0	44157	4087	9021	3000337	34800	50000	906	200000	2591820	57257624	227545859	2543	7948790	5997987	4050622
1789717579	94745	95.9	95.4	7609	3128	1451	7280	337	0	25164	3782	8983	3000355	35045	50000	581	200000	2592729	57272450	227647970	2545	7951376	5999967	4051476
1789717609	94775	97.4	97.0	6720	3117	1007	5198	192	0	17157	3893	5329	3000448	35084	50000	65	200000	2593699	57288512	227781715	2546	7953424	6001485	4052929
1789717640	94805	97.1	96.9	9601	1691	1582	7335	438	0	42748	3747	8641	3000244	35189	50000	591	200000	2594459	57298694	227906761	2552	7956058	6003311	4054252
1789717669	94835	94.0	93.6	5754	3109	1564	6086	107	0	39945	4010	8786	3000203	34992	50000	754	200000	2595125	57309078	228014539	2539	7957932	6004816	4055605
1789717703	94869	93.2	92.5	11886	4526	1629	7943	240	0	37352	3848	9271	3000402	35155	50000	858	200000	2596080	57321977	228128145	2543	7960364	6006748	4056970
1789717734	94900	95.1	94.0	6161	5608	1711	5917	151	0	47724	4093	9306	3000206	34890	50000	836	200000	2596784	57332717	228227044	2548	7962745	6008604	4058031
1789717762	94928	93.3	93.0	8965	8278	1505	7279	176	0	31527	3989	5288	3000854	35281	50000	902	200000	2597551	57346658	228325655	2543	7964939	6010453	4058961
1789717798	94963	93.7	93.5	15309	2630	1091	5244	190	0	64853	4633	10182	3000389	35255	50000	649	200000	2598324	57365134	228413127	2557	7967111	6012381	4059831
1789717818	94984	85.3	83.8	6773	5501	3466	7137	1214	0	54365	4573	5870	2999593	34571	49921	1432	200000	2598667	57371910	228453692	2538	7969496	6013090	4060269
1789717852	95017	93.6	93.2	9934	2862	2289	5838	547	0	68651	4601	10651	3000136	34638	50000	1093	200000	2599340	57386413	228552310	2544	7971498	6014847	4062501
1789717877	95043	92.8	92.2	8581	5906	3059	7318	1211	0	32017	4081	5667	3000076	34824	50000	1327	200000	2599943	57398702	228636780	2538	7973668	6016053	4063302
1789717917	95083	96.7	96.4	12243	3724	1525	6568	223	0	71465	4564	11003	3000325	34809	50000	847	200000	2601127	57418347	228766614	2562	7976167	6019183	4064497
1789717937	95102	94.1	93.6	6761	2317	2115	8071	413	0	76993	4037	5320	3000310	34686	50000	1016	200000	2601506	57426685	228812971	2552	7978234	6020511	4065292
1789717967	95133	94.2	92.6	9921	4864	3560	6913	690	0	49138	4303	9736	3000079	34181	50000	1618	200000	2602334	57440606	228911498	2539	7980718	6021682	4065998
1789718004	95170	95.4	95.1	11333	2676	1671	8680	320	0	64937	4311	10330	3000313	34708	50000	896	200000	2603373	57455314	229044901	2563	7983185	6024171	4068805
1789718027	95193	93.5	92.6	5913	2995	2761	5951	693	0	39767	3880	5194	3000367	34492	50000	1382	200000	2603957	57468555	229106071	2538	7985378	6025360	4069534
1789718059	95225	94.8	94.5	10537	1699	1344	7377	499	0	63531	4158	9654	3000498	35066	50000	590	200000	2604728	57486792	229204535	2555	7987618	6027266	4071288
1789718092	95258	94.0	93.4	9124	4893	1901	6037	375	0	27987	4139	9245	3000562	35027	50000	1062	200000	2605459	57495886	229333948	2541	7990161	6029122	4072667
1789718119	95285	95.7	95.4	8639	2994	1044	7071	293	0	40532	4158	5615	3000915	35598	50000	428	200000	2606352	57516390	229416605	2554	7992248	6031082	4073508
1789718151	95317	92.4	91.6	7649	3575	1592	6044	254	0	59406	3892	9139	3000375	35092	50000	871	200000	2607040	57526906	229513359	2545	7994936	6033159	4074609
1789718183	95349	93.9	93.6	8986	3025	1244	7541	42	0	69167	4095	9668	3000553	35562	50000	628	200000	2607937	57547034	229600363	2550	7997056	6035057	4075577
1789718210	95375	93.7	92.6	5795	2959	1902	6004	154	0	61538	3919	5256	3000140	35444	50000	1148	200000	2608700	57559572	229693281	2545	7999291	6036795	4076646
1789718242	95408	94.4	94.1	10231	2869	1611	7499	50	0	89688	4163	9655	3000194	35730	50000	919	200000	2609568	57573415	229806463	2573	8001713	6038701	4077620
1789718272	95437	94.4	94.0	6766	4627	1779	5951	161	0	61586	4114	8978	3000110	35772	50000	1095	200000	2610122	57585126	229915466	2551	8003994	6040514	4079138
1789718300	95466	93.9	93.7	7196	5489	2460	7546	827	0	67645	3818	5289	3000166	35931	50000	832	200000	2611011	57597304	230041035	2552	8006435	6041766	4079910
1789718328	95494	92.4	91.1	8214	5953	3647	6541	2119	0	18666	4201	9429	2998728	35419	49889	1403	200000	2611708	57609364	230127827	2541	8008851	6042577	4081379
1789718356	95522	94.4	93.9	8925	3812	3242	7995	1634	0	25181	4123	5588	2999267	35175	50000	1155	200000	2612461	57616548	230227093	2541	8011232	6044743	4082482
1789718387	95553	93.0	93.0	9330	5979	3815	7321	1257	0	3581	4085	9257	2999222	35255	49921	1000	200000	2613375	57633891	230323283	2541	8013470	6045949	4083477
1789718417	95583	96.5	96.2	13380	3949	1318	7563	512	0	20185	4126	5310	3000395	35844	50000	401	200000	2614194	57647705	230444675	2557	8014292	6047785	4084635
1789718449	95615	96.0	95.7	9717	3666	1165	6067	347	0	15857	3995	9384	3000556	36108	50000	417	200000	2615034	57665732	230549407	2547	8016559	6049590	4085867
1789718478	95644	91.7	91.1	6925	3128	1215	7794	350	0	23487	4087	5610	3000386	35681	50000	67	200000	2615786	57678159	230651463	2550	8018778	6050902	4087521
1789718507	95673	96.7	96.0	8362	2387	3445	7381	1311	0	9041	4039	9756	2999528	35356	50000	1030	200000	2616347	57687212	230726267	2544	8022624	6052643	4089105
1789718536	95702	96.9	96.2	10407	4307	4022	8131	209	0	10113	3925	9151	2998976	35075	49912	1369	200000	2617168	57703015	230819834	2542	8023822	6054273	4090166
1789718566	95732	96.6	94.9	6495	1674	2924	6600	1390	0	20850	4307	9908	3000001	35133	50000	986	200000	2617743	57709498	230906056	2541	8027043	6056224	4091960
1789718602	95768	95.5	94.9	9020	2436	2240	8614	758	0	48423	3988	9926	3000185	34978	50000	1174	200000	2618658	57727669	231018724	2542	8029572	6058377	4094088
1789718627	95793	95.0	94.7	7656	3773	1057	6174	309	0	23024	3995	5354	3000407	35460	50000	468	200000	2619389	57739947	231117980	2546	8031360	6059778	4095850
1789718661	95827	92.0	91.5	11290	2969	1523	8011	423	0	36930	3936	9270	3000483	34946	50000	651	200000	2620166	57749746	231248169	2562	8034000	6061656	4096884
1789718694	95860	87.5	86.5	8454	3440	3807	6050	192	0	16302	4270	9766	2999831	34294	49992	1729	200000	2620927	57765086	231328613	2543	8036450	6063345	4098515
1789718717	95883	88.8	87.9	6479	3863	3886	7665	728	0	11250	4003	5143	2999596	33925	49988	1369	200000	2621460	57774146	231394648	2544	8039160	6065106	4099296
1789718748	95914	93.6	92.2	8801	4682	4255	7328	1001	0	1201	4287	9847	2998773	33824	50000	1492	200000	2622276	57788764	231457356	2542	8042711	6066863	4100662
1789718780	95946	95.5	94.8	7872	3870	3200	8471	1324	0	2136	3959	9244	3000211	35037	50000	767	200000	2623067	57810641	231540264	2541	8044653	6068770	4101827
1789718810	95976	94.2	93.8	7424	1524	3559	7261	924	0	11909	4243	9398	3000091	35020	49890	1140	200000	2623842	57829055	231624655	2544	8046908	6070326	4103335
1789718837	96002	97.9	97.6	11991	2908	1033	7430	413	0	1903	4039	5041	3000338	35197	50000	295	200000	2624678	57837588	231764894	2543	8047637	6072027	4104288
1789718873	96039	92.1	91.8	9409	4781	4050	6378	300	0	5690	3902	9257	2998534	34596	49890	1125	200000	2625609	57854457	231898238	2544	8050573	6073567	4105821
1789718898	96063	98.6	98.1	7761	2119	1208	7473	609	0	31437	3872	5087	3000252	35037	50000	330	200000	2626330	57864062	232004898	2552	8052391	6075401	4106985
1789718931	96097	94.8	94.6	7807	5117	643	6002	269	0	33031	3807	8917	3000545	35392	50000	269	200000	2627359	57880866	232120620	2545	8054463	6077044	4108404
1789718959	96125	89.1	88.3	7826	3250	3119	9151	1112	0	5199	4200	9699	2999693	34572	50000	1244	200000	2627769	57885223	232174168	2541	8058329	6078657	4109971
1789718986	96152	93.6	93.3	11013	2188	3710	7521	1021	0	11612	4425	5827	2999579	34777	50000	1073	200000	2628547	57904559	232246667	2548	8061112	6080701	4110592
1789719016	96182	93.7	93.4	10598	4240	4051	9122	858	0	2538	4111	9364	2998869	34674	49947	1502	200000	2629237	57916800	232349365	2541	8063179	6082249	4111560
1789719046	96212	97.3	96.8	8462	2464	1273	5431	688	0	9802	4098	5425	3000573	35343	50000	344	200000	2630076	57927344	232473360	2543	8064101	6084162	4112663
1789719078	96243	94.4	93.9	7655	5924	1342	7071	318	0	33496	4244	9518	3000618	35204	50000	486	200000	2630904	57946720	232564876	2553	8066352	6086117	4113691
1789719109	96275	91.8	91.3	9548	2625	3568	6837	925	0	14447	3963	9501	3000130	34341	50000	1238	200000	2631572	57961228	232634858	2541	8070313	6088079	4114746
1789719142	96307	94.4	94.0	8918	8221	3749	8497	1165	0	6220	4061	9378	3000047	34816	49948	1331	200000	2632492	57978274	232737075	2543	8072699	6089885	4115669
1789719166	96332	96.8	96.5	8141	2024	1212	5455	520	0	12435	3957	5133	3000562	35404	50000	302	200000	2633232	57992836	232823360	2548	8073516	6091849	4116693
1789719198	96363	91.0	90.3	8510	4219	3689	8458	859	0	3952	4195	9550	2999368	34612	50000	1438	200000	2633909	58003645	232912529	2544	8077122	6093542	4118042
1789719230	96395	93.8	93.6	7137	5325	3767	6964	1124	0	8314	4180	9306	3000034	34661	50000	1166	200000	2634725	58020870	233013249	2545	8079550	6095303	4118871
1789719261	96426	94.2	93.7	7599	2331	3685	8589	1103	0	10467	3821	8910	2999322	34652	49973	1157	200000	2635451	58031930	233116654	2543	8081973	6097297	4119884
1789719288	96453	92.2	91.8	9202	3757	4075	5905	465	0	1409	4141	5563	2998993	34724	49940	1420	200000	2636210	58047327	233213958	2544	8083237	6099000	4121071
1789719318	96484	96.2	95.6	6308	5461	4259	7533	501	0	3063	4018	9443	2998635	34612	49968	1359	200000	2636984	58064407	233288090	2544	8085413	6100574	4122459
1789719348	96514	96.6	95.0	7500	3838	3694	7192	1994	0	932	4069	9432	3000119	34033	50000	1360	200000	2637660	58073638	233374695	2544	8088825	6102518	4123773
1789719376	96542	95.6	95.1	7303	1256	2087	8637	620	0	71424	3899	5519	3000127	34507	50000	802	200000	2638225	58087315	233444071	2561	8091181	6105586	4124982
1789719411	96577	98.0	97.5	8334	6143	3449	7037	1535	0	19259	4172	13409	2998915	34354	49976	1281	200000	2639317	58107525	233542076	2545	8093750	6106802	4125931
1789719436	96602	97.7	97.4	9260	5651	2928	8711	1713	0	12360	4074	5269	2999226	34671	49836	1046	200000	2640131	58123681	233666725	2545	8095766	6107830	4128039
1789719471	96637	97.8	97.5	7901	3957	3837	7911	2002	0	10958	4104	9131	2999057	34635	49987	1207	200000	2640999	58137481	233812367	2545	8098386	6109943	4128902
1789719498	96663	95.8	95.8	6305	5386	1132	7917	505	0	18046	3756	5013	3000703	35325	50000	395	200000	2642009	58151832	233917156	2553	8099078	6111570	4129575
1789719527	96693	96.4	95.8	10849	3329	1675	5641	165	0	41303	4119	9145	3000288	34999	50000	945	200000	2642693	58162672	234016489	2554	8101128	6113557	4130408
1789719562	96728	95.5	95.3	10711	4549	1271	7141	304	0	27084	4028	9388	3000547	35513	50000	642	200000	2643664	58180948	234136844	2554	8103464	6115460	4131442
1789719592	96758	93.1	92.5	8781	5322	1470	5556	346	0	36733	4199	5670	3000328	35002	50000	567	200000	2644546	58192460	234273400	2562	8106140	6117380	4132579
1789719617	96783	85.0	84.7	6114	3992	1472	7168	93	0	64800	3891	8761	3000214	35055	50000	942	200000	2644821	58204194	234290359	2549	8107931	6119203	4133528
1789719650	96816	88.2	87.6	9418	3288	3464	6047	1206	0	45768	3809	5232	3000118	34816	49981	1558	200000	2645667	58216871	234421665	2546	8110586	6120057	4134348
1789719684	96850	92.4	92.1	9682	4514	1707	7259	440	0	77903	3938	9089	3000169	34724	50000	988	200000	2646566	58229499	234534342	2559	8112696	6122649	4135748
1789719714	96880	92.2	91.9	8091	3503	1529	5593	355	0	80834	4280	9240	3000222	34763	50000	871	200000	2647310	58241149	234630696	2559	8114792	6124291	4136991
1789719737	96903	88.3	86.7	5496	4532	2887	7273	602	0	31587	4025	5112	3000096	34009	50000	1481	200000	2647830	58249443	234709098	2545	8116932	6125127	4138172
1789719776	96942	94.0	93.8	11290	2162	1347	5888	445	0	88620	4010	10016	3000569	34862	50000	588	200000	2648945	58272796	234827105	2569	8119632	6127905	4139193
1789719796	96962	91.2	90.6	7341	3390	2776	7680	989	0	25374	3544	4578	3000300	34805	49999	1226	200000	2649385	58285452	234885403	2550	8121634	6128730	4140231
1789719827	96993	93.0	92.5	5570	3856	2270	6676	615	0	75905	4140	9607	3000226	34509	50000	1143	200000	2650040	58294543	234981796	2560	8123945	6130973	4141366
1789719860	97025	93.3	92.8	8195	4683	2757	8336	842	0	53392	4087	9519	3000147	34631	50000	1309	200000	2650728	58311545	235085020	2551	8126226	6132521	4142381
1789719889	97054	93.9	93.5	6399	2826	2252	6184	402	0	54320	3855	5410	3000445	35189	50000	1105	200000	2651518	58331775	235190036	2554	8128413	6134259	4144125
1789719916	97082	92.1	91.3	9540	5344	3529	7969	1926	0	36520	3994	9141	2999663	35029	49911	1408	200000	2652107	58346395	235257365	2550	8130951	6135421	4144751
1789719956	97122	94.6	94.4	7856	2368	1460	6444	287	0	75768	4040	9945	3000259	36014	50000	901	200000	2653133	58367259	235382811	2559	8133027	6138249	4146526
1789719976	97141	90.8	90.0	10214	7817	3172	8091	1370	0	20596	3704	4815	3000097	35795	50000	1293	200000	2653555	58378531	235435063	2550	8135198	6138724	4147352
1789720008	97174	94.3	94.0	7301	3184	2710	6682	926	0	67731	4012	9535	3000039	35630	50000	1291	200000	2654295	58388173	235520961	2554	8137605	6141300	4148133
1789720044	97210	93.8	93.5	10069	2814	1558	8185	123	0	67577	4320	9766	3000238	36075	50000	981	200000	2655380	58410569	235637356	2555	8139808	6143656	4149824
1789720067	97233	93.3	92.6	5689	4241	2538	5742	488	0	65229	3983	5202	3000302	36452	50000	1066	200000	2655809	58417224	235723506	2551	8142163	6144933	4150529
1789720102	97268	91.8	91.5	10458	5357	2859	7638	966	0	66819	3990	9112	3000083	36431	50000	1082	200000	2656742	58435269	235849166	2550	8144649	6146587	4151737
1789720129	97294	89.3	89.2	10091	6836	4237	6344	675	0	2843	3914	4992	2998996	36115	49939	1321	200000	2657694	58448698	235980376	2558	8146840	6147244	4153235
1789720160	97326	93.1	92.6	9146	2291	3422	7795	1304	0	10784	4197	9451	2998946	36208	50000	829	200000	2658323	58457764	236075799	2555	8149277	6149167	4154025
1789720188	97354	95.3	95.1	8819	5817	604	5091	196	0	11874	3840	5028	3000492	36707	50000	16	200000	2659357	58481639	236192161	2557	8149502	6150677	4155354
1789720223	97389	89.9	89.3	13211	3546	1721	7320	293	0	54372	4316	9821	3000313	36374	50000	944	200000	2660134	58493135	236306160	2565	8152205	6152725	4156308
1789720251	97417	95.0	94.6	7750	4985	1536	5815	209	0	54254	3949	5292	3000461	36718	50000	639	200000	2660898	58509196	236399706	2571	8154246	6154285	4157519
1789720276	97442	90.0	89.4	7297	2358	1976	8023	518	0	88373	4080	9341	3000102	36458	50000	930	200000	2661165	58515229	236432788	2572	8156699	6156115	4158621
1789720311	97477	93.2	92.9	9423	3667	1681	6220	350	0	68207	4214	9563	3000424	36937	50000	861	200000	2662151	58535134	236549559	2568	8158988	6157822	4159970
1789720338	97504	97.4	96.7	8091	3321	2433	7900	526	0	57514	3832	5278	3000212	36744	50000	1105	200000	2662933	58548847	236655810	2567	8161342	6159274	4160796
1789720370	97536	94.2	93.9	10689	2093	1928	6085	351	0	84243	4061	9429	3000217	36821	50000	1055	200000	2663699	58567193	236746653	2580	8163640	6161710	4161791
1789720404	97570	95.9	95.3	8057	3890	1863	7760	113	0	45893	4330	9693	3000553	36800	50000	1106	200000	2664647	58586261	236866259	2559	8166063	6163590	4163015
1789720432	97598	96.9	96.6	8355	3143	1419	5475	120	0	93098	4018	5552	3003538	40000	50000	633	200000	2665529	58607506	236958711	2581	8168513	6165521	4163725
1789720460	97626	92.4	91.7	12831	6263	2181	7427	491	0	61863	4255	9285	3001639	39020	50000	1302	200000	2666039	58616280	237036639	2566	8170712	6167090	4165173
1789720490	97656	88.9	88.5	6819	2451	2346	5959	486	0	38656	4140	5749	3000770	39135	50000	1115	200000	2666844	58634180	237143034	2559	8172908	6168296	4166610
1789720524	97690	91.2	90.5	9637	4783	2292	7678	203	0	56449	4382	9847	3000341	38959	50000	1392	200000	2667591	58652981	237237459	2570	8175484	6170851	4167658
1789720555	97720	95.3	94.9	6855	4945	1538	5555	296	0	45527	4090	9582	3000677	39341	50000	664	200000	2668375	58676694	237312651	2569	8177852	6172410	4168883
1789720581	97746	93.1	92.5	8964	3965	1597	7324	206	0	56449	4073	5464	3001112	39674	50000	929	200000	2669058	58691846	237386391	2577	8180151	6174404	4169856
1789720614	97780	95.0	94.6	13223	3139	1595	5941	163	0	50798	4087	9206	3000594	39443	50000	944	200000	2669753	58705404	237522402	2570	8182478	6176476	4170888
1789720639	97805	93.7	92.7	5672	4132	1822	7493	150	0	87234	4172	5465	3000253	39329	50000	810	200000	2670435	58721534	237606691	2579	8184781	6177981	4172077
1789720669	97835	93.6	93.1	10156	4167	2437	6207	343	0	79944	4076	9340	3000305	39719	50000	1392	200000	2671022	58735856	237687803	2578	8187270	6179860	4173366
1789720704	97870	94.0	93.7	7111	4528	1886	7789	495	0	100225	4107	9524	3000224	39937	50000	925	200000	2671974	58750052	237835289	2582	8189773	6181816	4174491
1789720727	97893	90.5	89.9	12484	6861	3198	6087	1824	0	17821	3823	4779	2999072	39729	50000	1180	200000	2672744	58759364	237955124	2568	8191882	6182175	4175857
1789720761	97927	93.3	93.0	12271	2084	3066	7738	1859	0	38164	3945	9321	2999079	39701	50000	909	200000	2673534	58768703	238080820	2569	8194441	6184431	4176491
1789720785	97951	97.5	97.4	11710	4065	795	4516	219	0	5066	3895	4744	3000281	40000	50000	40	200000	2674585	58789611	238197638	2571	8194706	6185459	4177665
1789720822	97988	90.4	89.9	8359	3316	3646	7852	1398	0	4617	4296	9661	2999117	39574	50000	1052	200000	2675355	58799276	238326251	2569	8198941	6187396	4178891
1789720849	98015	97.4	97.3	13473	4801	934	5406	221	0	54153	4290	5406	3000148	40000	50000	325	200000	2676255	58824056	238423447	2581	8199377	6189384	4179565
1789720875	98041	89.9	88.3	6099	3575	2420	7838	175	0	5198	4021	5412	3000012	38926	50000	1207	200000	2676740	58834963	238493808	2569	8202259	6190709	4181532
1789720906	98072	94.8	93.8	14090	2885	1431	6062	397	0	30557	4573	10326	3000356	39463	50000	465	200000	2677484	58847700	238590222	2577	8204403	6192484	4182556
1789720939	98105	90.5	89.6	7217	4231	4504	9553	839	0	2910	4177	9685	2998820	38491	50000	1767	200000	2678232	58860967	238692329	2568	8208575	6194080	4184177
1789720971	98137	93.9	93.3	6442	2477	3870	6272	1025	0	3133	3950	9313	2999518	38569	49960	1122	200000	2678996	58872598	238792857	2569	8210232	6196415	4185113
1789720997	98163	94.8	94.4	6772	4247	2695	8215	650	0	13587	4075	5611	3000079	39113	50000	643	200000	2679899	58895750	238871248	2577	8212468	6197855	4186548
1789721027	98192	91.3	90.4	6593	2823	3440	7146	1542	0	30697	4393	9426	2999659	38647	50000	1234	200000	2680392	58901956	238949261	2572	8215045	6199549	4187952
1789721060	98226	94.9	94.6	8564	2150	2687	8674	218	0	64182	3925	9180	3000602	39768	50000	1428	200000	2681194	58916713	239073971	2575	8217336	6202087	4189303
1789721087	98253	92.7	91.9	7782	3508	3054	6402	447	0	38179	3555	4855	3000229	38769	50000	1460	200000	2681964	58933815	239187257	2572	8220079	6204547	4189632
1789721123	98289	93.7	91.2	9594	1362	1886	8728	703	0	54804	4288	13999	3000007	37410	50000	783	200000	2683140	58948645	239273758	2575	8224004	6207769	4191681
1789721150	98316	94.5	93.3	13934	4895	3455	6851	1720	0	6813	3979	9002	2999208	36879	50000	1107	200000	2684410	58963174	239381773	2592	8225765	6208119	4192393
1789721177	98343	91.4	91.2	12919	2072	3912	8712	943	0	1898	3907	5072	2998728	35970	50000	1407	200000	2685259	58972758	239506863	2592	8228076	6209372	4193734
1789721207	98373	93.9	92.8	9093	5310	4105	7425	2268	0	2356	3771	9023	3000008	35645	50000	1519	200000	2685961	58988703	239594166	2592	8230466	6211185	4195001
1789721238	98404	97.1	96.8	9309	1687	1788	8586	172	0	81712	3886	9286	3000291	35954	50000	979	200000	2686691	59005576	239668757	2592	8232617	6214706	4196268
1789721271	98437	93.7	93.3	8096	3020	1886	6674	223	0	73864	3620	8530	3000674	36079	50000	986	200000	2687598	59027433	239774964	2596	8234953	6216503	4197227
1789721298	98463	93.1	92.5	6681	2882	3061	8528	803	0	40107	3565	4983	3000952	36596	50000	1379	200000	2688325	59041481	239867370	2594	8237567	6217968	4197970
1789721325	98491	96.3	95.7	8926	5842	3164	6320	1832	0	33375	3711	8654	2999776	36403	49952	1064	200000	2689012	59048638	239998003	2589	8240012	6219240	4199172
1789721359	98525	95.5	95.5	11753	3747	1153	6326	230	0	16798	3657	4568	3000344	36756	50000	358	200000	2690150	59066765	240211971	2589	8240566	6220859	4199773
1789721394	98560	92.2	91.9	12541	2445	1486	5447	236	0	63579	3581	8382	3000347	36513	50000	914	200000	2690883	59072961	240369660	2592	8242808	6222978	4200606
1789721421	98587	89.1	88.7	10085	6329	2463	7087	509	0	46458	3861	8367	3000113	36173	50000	1116	200000	2691502	59082205	240463419	2588	8245163	6224563	4201240
1789721446	98611	93.4	92.8	6991	4975	3116	5975	1164	0	32995	3614	4693	2998948	35749	49967	1232	200000	2692183	59088665	240570545	2588	8247483	6225401	4202698
1789721479	98644	94.0	93.6	7024	3846	3251	7647	1223	0	60705	3856	8972	2999118	35398	49984	1381	200000	2693064	59097926	240704494	2588	8250020	6227608	4203523
1789721508	98674	94.6	94.2	7780	5157	2972	6472	1210	0	32906	3794	8687	2999515	35317	49964	1122	200000	2693734	59115304	240799458	2588	8252165	6228892	4205272
1789721541	98706	94.9	94.4	5937	3170	2594	7920	785	0	55172	3945	9034	3000231	35425	49883	1139	200000	2694497	59126403	240921943	2588	8254387	6231345	4206293
1789721571	98737	94.0	93.6	9180	3702	1769	6428	393	0	56596	3858	5439	3000394	35973	50000	900	200000	2695384	59141397	241048946	2588	8256444	6232739	4207861
1789721599	98765	94.5	94.0	5857	3420	1957	8063	551	0	48848	3846	8992	3000150	35773	50000	943	200000	2695995	59149368	241141086	2590	8259097	6234793	4208828
1789721631	98797	94.2	93.9	6826	5553	1359	5833	30	0	48844	3897	9167	3000831	36280	50000	593	200000	2696836	59169835	241254610	2588	8260913	6236435	4209882
1789721665	98831	93.0	91.7	10252	4683	1732	7949	250	0	39226	4089	9584	3000602	36424	50000	1075	200000	2697568	59180075	241382055	2588	8263491	6238371	4211470
1789721692	98858	93.5	92.8	10321	2816	1609	5889	68	0	68507	4012	5407	3000616	36671	50000	853	200000	2698397	59196938	241481749	2600	8265766	6240203	4212192
1789721722	98887	92.6	92.2	8441	6144	1668	7661	183	0	80211	3968	8950	3000448	36927	50000	978	200000	2699133	59209829	241566902	2591	8267969	6242048	4213540
1789721752	98918	92.9	92.2	8352	5180	2342	6074	212	0	38651	3814	8952	3000876	36536	50000	1438	200000	2699863	59225168	241671395	2588	8270455	6244067	4214503
1789721785	98951	95.6	95.2	6889	3176	1327	7287	429	0	41268	3997	9350	3000352	36300	50000	618	200000	2700992	59243216	241804169	2587	8273198	6246158	4215270
1789721817	98983	92.8	92.4	12388	3535	2284	6209	910	0	57079	3861	9017	3000089	36028	50000	899	200000	2702141	59255623	241922134	2587	8276093	6247870	4216557
1789721837	99003	91.2	90.2	5253	2503	2838	8041	604	0	33999	4022	5184	3000002	35328	49996	1235	200000	2702597	59262288	241980457	2587	8278216	6248720	4218399
1789721868	99033	92.5	91.4	7710	2290	2190	7038	730	0	46237	4050	9756	3000054	34565	50000	1155	200000	2703267	59268619	242089502	2587	8280898	6250845	4220449
1789721901	99067	95.3	94.7	8048	3481	1857	8495	579	0	29746	3815	9112	3000685	34970	50000	924	200000	2704132	59288875	242205955	2587	8282990	6252301	4222014
1789721933	99098	91.4	91.0	8872	4632	4194	7805	421	0	13912	3701	8912	2999682	33542	50000	1864	200000	2704871	59300584	242310816	2587	8286685	6253938	4223421
1789721957	99123	93.5	92.1	7297	1348	2199	9182	605	0	62553	3808	5426	3000103	33865	50000	1071	200000	2705331	59312557	242382708	2585	8289054	6256757	4225302
1789721986	99151	94.5	94.3	9833	8738	2987	6655	1679	0	16566	3624	8173	3000150	34775	50000	979	200000	2706089	59329356	242503930	2586	8291073	6257524	4225988
1789722018	99184	93.3	92.2	8906	6102	3432	8631	962	0	15992	3875	8909	2998895	34872	49930	961	200000	2706956	59341102	242636409	2585	8293540	6259214	4227282
1789722047	99213	98.0	97.8	7469	3239	965	5709	519	0	16365	3569	4742	3000391	35427	50000	192	200000	2708008	59354677	242803256	2585	8294442	6261072	4228396
1789722083	99249	95.6	95.2	12994	2975	2098	8115	1007	0	5696	4063	12907	3000225	35629	50000	589	200000	2708862	59366630	242931590	2587	8297317	6262461	4230115
1789722107	99273	89.9	89.3	7576	1818	2860	6821	615	0	39106	4027	5196	3000166	35695	50000	1145	200000	2709232	59373084	242992586	2585	8299778	6263456	4232812
1789722136	99302	95.3	94.6	8057	3735	2529	8878	892	0	32567	3814	8875	3000143	35219	50000	1094	200000	2709857	59380716	243103414	2585	8302253	6264709	4235093
1789722166	99332	94.0	93.5	8776	3426	2342	7302	783	0	39290	3562	8564	3000144	35078	50000	876	200000	2710476	59389543	243204138	2585	8304826	6266590	4236498
1789722197	99363	92.3	91.7	6832	3456	3561	9515	1229	0	28862	3680	8319	3000092	34947	50000	1349	200000	2711213	59404368	243299482	2585	8307506	6267980	4237799
1789722233	99399	93.9	93.4	10071	2704	2440	7525	352	0	61814	3861	9208	3000104	34687	49966	1275	200000	2712191	59420379	243426849	2584	8309744	6270161	4240217
1789722257	99423	92.5	91.8	8758	3934	2590	8803	401	0	50217	3438	4701	3000450	34714	50000	1279	200000	2712788	59428986	243516152	2584	8311863	6271468	4241268
1789722292	99458	92.5	90.9	7715	4205	1754	7268	98	0	75344	4150	9688	3000530	34646	50000	722	200000	2713722	59456595	243597201	2592	8314348	6273808	4242841
1789722321	99487	89.2	88.5	12716	4295	2449	9282	571	0	81998	3982	9004	3000215	34077	50000	1339	200000	2714204	59469914	243653822	2600	8316964	6275714	4244055
1789722350	99516	91.7	91.4	11447	3259	2676	6437	907	0	53094	3751	8546	3000001	34050	49984	1093	200000	2714876	59478752	243752016	2583	8319251	6276796	4245796
1789722376	99542	91.7	91.5	7219	6318	2960	7826	1382	0	10899	3247	4324	3000162	34774	50000	971	200000	2715707	59494447	243865779	2583	8321245	6277813	4246790
1789722406	99572	93.9	93.5	10130	5005	2908	6626	1720	0	16707	3602	8205	3000132	34954	50000	873	200000	2716445	59508715	243964821	2583	8323512	6279414	4247786
1789722441	99607	93.9	93.8	9758	4033	4140	7305	438	0	6054	3857	8306	2998608	34406	49986	1478	200000	2717508	59522839	244125594	2583	8324775	6281262	4248369
1789722470	99636	94.2	93.1	9712	3116	2756	6466	1352	0	22135	3931	9276	2999803	34083	50000	1062	200000	2718054	59531956	244192576	2583	8327960	6282680	4250887
1789722496	99662	94.1	93.6	7989	2222	2272	7990	732	0	54181	3583	4939	3000048	34055	49976	1049	200000	2718717	59543740	244291260	2583	8330216	6284968	4252137
1789722528	99694	93.5	93.0	7852	2524	2941	7240	1056	0	36960	3604	8604	2999921	33787	49981	1158	200000	2719563	59560399	244421420	2583	8332500	6286245	4253285
1789722558	99723	94.2	93.8	8103	4511	3071	8864	1204	0	25562	3661	8374	3000049	33264	50000	1196	200000	2720261	59569379	244529198	2582	8335027	6288323	4254098
1789722589	99755	95.6	95.4	15356	6552	3260	6466	1860	0	924	3683	8343	2998838	33061	50000	755	200000	2721082	59573231	244718454	2582	8337027	6289429	4255116
1789722619	99785	93.0	92.7	10052	2410	3358	7639	369	0	9594	3779	5050	2998845	32865	49866	921	200000	2722053	59582586	244874904	2584	8338678	6291063	4255924
1789722649	99814	97.2	96.7	10184	1612	909	5301	225	0	50685	3797	8663	3000185	32957	50000	412	200000	2722807	59592092	244996813	2592	8339750	6292706	4257377
1789722680	99846	93.1	92.5	8672	5151	1869	7274	344	0	37952	3611	8537	3000326	32376	50000	1071	200000	2723501	59602189	245104688	2582	8342462	6294765	4258370
1789722711	99877	96.3	94.7	8199	2622	933	5339	183	0	20596	4084	9043	3000868	32983	50000	509	200000	2724329	59623146	245206374	2592	8344460	6296317	4259772
1789722742	99908	92.3	91.9	7707	2073	1478	7249	407	0	47001	3882	5238	3000384	33272	50000	542	200000	2725072	59632806	245334749	2588	8347098	6298251	4260976
1789722768	99934	92.8	92.4	8306	4003	1502	5923	111	0	77036	3888	8571	3000770	33744	50000	899	200000	2725629	59642726	245408533	2582	8348994	6300090	4261646
1789722800	99966	91.8	91.3	8263	6018	2883	7863	946	0	38092	3799	8338	3000183	33850	49964	1268	200000	2726360	59656834	245526592	2582	8351358	6301179	4262795
1789722830	99995	92.1	90.0	5669	2197	1782	6141	451	0	44646	4398	5855	3000185	33835	50000	877	200000	2727203	59668062	245655827	2582	8353714	6302657	4265529
1789722858	100024	94.5	93.8	8064	3868	1715	7605	348	0	31189	3801	8999	3000371	33364	50000	631	200000	2727909	59681032	245750496	2584	8356201	6304354	4266902
1789722888	100054	89.9	89.2	8739	2733	3437	7112	693	0	22966	3941	9057	2999921	32928	49962	1223	200000	2728555	59694891	245815145	2582	8358976	6306181	4267842
1789722918	100084	92.8	92.3	9205	2758	3469	9404	1812	0	6831	3797	8977	3000003	32775	50000	1171	200000	2729230	59710628	245910111	2582	8361610	6307514	4269694
1789722951	100116	94.5	94.0	11387	2829	3523	6986	1658	0	12420	3600	8612	2999700	32771	49982	1169	200000	2730022	59721521	246052968	2582	8364006	6309645	4270904
1789722981	100147	94.5	92.7	9372	3621	4103	8811	2261	0	416	4014	8992	2999498	32641	50000	1446	200000	2730820	59733699	246162892	2582	8366379	6310937	4272077
1789723007	100173	95.8	95.4	6593	2154	2909	7118	1132	0	39248	3682	4933	3000042	32642	50000	1115	200000	2731517	59746291	246240995	2582	8368595	6312868	4274488
1789723036	100202	98.1	97.7	7516	5798	3293	8860	1962	0	37592	3866	8501	2998611	32237	49860	1185	200000	2732443	59757396	246371560	2582	8371116	6314587	4275203
1789723066	100231	96.0	95.6	7076	4467	3179	7447	1244	0	16250	3719	8793	2998805	31998	49988	1205	200000	2733127	59767928	246471034	2582	8373050	6315930	4277308
1789723098	100263	92.9	92.2	12194	3836	2969	9118	1521	0	35142	3726	8784	2999107	32332	49992	968	200000	2733902	59781743	246595040	2582	8375354	6317613	4278517
1789723132	100298	95.0	94.8	9714	3420	1843	7473	313	0	83369	3908	8880	3000068	32777	50000	982	200000	2734740	59796373	246703765	2584	8377585	6320096	4280207
1789723156	100322	90.9	90.7	12264	3206	3212	9237	1865	0	41069	3601	4781	2999727	33081	50000	1148	200000	2735567	59806200	246798000	2583	8380039	6320837	4280961
1789723187	100353	92.7	92.6	8412	5542	3983	7105	1227	0	1182	4038	8719	2999055	33341	49836	1100	200000	2736399	59817193	246919414	2582	8382346	6322104	4282289
1789723220	100386	90.6	89.6	8684	4680	4062	8712	2101	0	1563	3722	8791	3000000	32851	50000	1501	200000	2737126	59829296	247029705	2582	8384608	6323934	4283450
1789723246	100411	93.7	93.2	9511	2514	2518	6453	963	0	41411	3671	4900	3000055	33077	50000	948	200000	2737678	59840690	247107397	2582	8386668	6326335	4284700
1789723276	100442	94.7	94.2	7410	5897	3454	8188	1358	0	22971	3814	8774	3000548	33672	50000	1451	200000	2738450	59858638	247193974	2582	8389110	6328061	4285265
1789723308	100474	95.8	95.4	6712	3987	2242	6419	626	0	85471	3972	9364	3000210	33690	50000	1101	200000	2739186	59870933	247301256	2589	8391354	6330704	4286340
1789723339	100505	96.0	95.5	12299	3438	2296	7900	233	0	68368	3889	9065	3000296	33719	50000	1284	200000	2739963	59886102	247416743	2582	8393614	6332845	4287285
1789723368	100534	94.7	94.3	6655	6027	3043	5900	878	0	27221	3760	5090	3000258	33781	49935	1399	200000	2740828	59900583	247527900	2583	8396040	6334176	4288152
1789723400	100566	95.6	94.5	6840	4384	1651	7311	293	0	63844	4189	9443	3000322	33702	50000	758	200000	2741657	59919048	247621165	2585	8398407	6336682	4289632
1789723429	100595	93.9	93.4	8220	3522	1678	6123	79	0	53220	3834	9104	3000588	33690	50000	949	200000	2742284	59931160	247698821	2582	8400792	6338585	4290779
1789723468	100634	75.9	75.5	15558	2845	1331	7566	302	0	41024	7465	13129	3000323	33782	50000	633	200000	2743133	59943065	247809803	2589	8403416	6340565	4292011
1789723496	100662	51.0	50.6	11018	10382	2941	5498	876	0	35062	7255	8693	3000298	33918	50000	1072	200000	2743270	59946099	247844082	2582	8405347	6341300	4292806
1789723515	100681	58.0	58.1	9345	5613	856	5498	166	0	3658	212	1194	3000521	34132	50000	14	200000	2743895	59954967	247914129	2582	8405516	6341645	4294041
1789723547	100713	93.1	92.4	10235	3372	1440	4515	630	0	22000	3982	9190	3000247	33685	50000	532	200000	2744609	59962744	248037808	2594	8408225	6343459	4295343
1789723580	100746	89.9	87.5	7824	2981	4262	8176	1070	0	1262	4496	10033	2998666	33446	49863	1357	200000	2745326	59980704	248113264	2582	8412254	6344686	4297716
1789723612	100778	94.9	94.5	7446	5705	3938	6190	739	0	17575	3923	8892	2999018	33281	49955	1304	200000	2746128	59990181	248230655	2588	8413574	6346761	4298638
1789723638	100803	97.7	97.4	6867	4325	1313	7148	235	0	28131	3970	5175	3000355	33755	50000	571	200000	2746947	60003071	248345068	2587	8414996	6348646	4299366
1789723669	100835	95.1	94.7	8222	2594	1401	5417	195	0	28140	3856	9040	3000348	33702	50000	724	200000	2747755	60013526	248480860	2588	8417240	6350500	4300463
1789723700	100866	90.3	89.9	7684	5278	1371	6951	369	0	30083	3951	5483	3000200	33593	50000	572	200000	2748638	60028373	248597856	2582	8419714	6352304	4301650
1789723734	100900	92.6	92.2	7615	3729	1651	5737	485	0	56797	4162	9390	3000309	33453	50000	553	200000	2749460	60041757	248709725	2596	8422324	6354105	4302962
1789723765	100931	94.0	93.6	12318	2977	1577	7531	570	0	79370	3993	9469	3000506	33604	50000	674	200000	2750192	60053062	248812775	2591	8424558	6355769	4304388
1789723787	100953	90.6	90.2	6914	3716	1456	5772	437	0	55451	3856	4821	3000059	33414	50000	618	200000	2750697	60058895	248890097	2586	8426147	6357038	4305595
1789723819	100984	90.9	90.2	12109	3201	2743	7932	418	0	67496	4077	9423	3000038	33117	50000	1464	200000	2751333	60068630	248990857	2586	8428713	6359020	4306529
1789723853	101019	96.0	95.6	9091	2911	1454	5827	127	0	66765	4259	9569	3000300	33261	50000	802	200000	2752261	60088451	249124382	2582	8430959	6360858	4308040
1789723877	101042	91.1	89.3	10349	4862	2580	7648	296	0	65413	4012	5251	3000227	32997	50000	1278	200000	2752762	60096363	249201624	2582	8433384	6362178	4309185
1789723915	101081	92.9	92.5	7843	3380	1370	6758	214	0	108049	4265	10016	3000445	32998	50000	743	200000	2753800	60116841	249335585	2605	8436082	6364542	4311101
1789723937	101103	91.0	90.4	12561	9143	3021	8485	1554	0	38098	3796	4913	3000076	32694	49958	1140	200000	2754390	60127449	249414529	2581	8438323	6365005	4311717
1789723968	101134	91.9	91.3	7775	5560	4047	7440	2127	0	1706	3862	8850	2998752	32175	49915	1474	200000	2755260	60142495	249515122	2581	8440752	6366619	4312870
1789723997	101163	92.1	91.7	7396	3240	3234	8757	1679	0	9781	3891	5183	3000065	32529	50000	953	200000	2755881	60153526	249600328	2581	8442992	6368503	4314167
1789724026	101192	93.8	93.7	6558	5950	3885	7400	1055	0	2121	4134	9258	2999582	32355	49968	1145	200000	2756658	60172054	249692545	2581	8445332	6369866	4315361
1789724061	101227	93.1	92.7	8834	3251	3970	8971	904	0	5911	4071	9252	2999893	32759	49793	1487	200000	2757599	60185334	249818507	2582	8447617	6371807	4316138
1789724088	101254	92.3	91.6	10941	2713	3784	6698	2161	0	4760	4218	5587	3000019	32894	50000	1201	200000	2758217	60200248	249907883	2581	8449934	6373597	4317331
1789724122	101288	90.3	90.3	11590	5588	3743	8241	1129	0	12669	3885	9037	3000037	32617	50000	1131	200000	2759146	60214049	250016517	2585	8452261	6375672	4317998
1789724148	101314	90.2	89.7	10565	4136	3743	6086	572	0	13255	4218	5456	2999296	32718	49864	1061	200000	2759837	60226068	250114080	2581	8453825	6377453	4319035
1789724181	101347	97.0	96.7	12409	3759	683	6848	211	0	45045	4089	9257	3000749	33431	50000	253	200000	2760822	60240911	250245165	2588	8454937	6379140	4320453
1789724209	101375	92.8	92.1	8941	4951	2481	6053	169	0	52479	4367	5772	3000128	32746	50000	1073	200000	2761554	60247190	250370781	2596	8457385	6380505	4322189
1789724240	101406	93.6	93.4	7794	3352	1399	7859	105	0	54211	4391	9730	3000167	32648	50000	782	200000	2762206	60254527	250480271	2581	8459473	6382245	4323635
1789724267	101433	92.9	92.6	7017	4938	1711	6185	43	0	70485	3952	5331	3000224	32645	50000	954	200000	2762916	60266736	250581727	2583	8461814	6383992	4324572
1789724300	101466	94.9	93.7	7799	2963	1447	7968	60	0	82046	4552	9606	3000098	32303	50000	657	200000	2763864	60277298	250723557	2583	8464126	6385477	4326519
1789724328	101494	92.4	91.7	11942	5113	2791	6533	778	0	53763	4283	9329	2998676	31886	50000	1240	200000	2764343	60282386	250810644	2583	8466594	6386776	4327584
1789724357	101523	93.8	93.2	8839	2322	1849	8225	142	0	49531	4256	5686	3000069	31323	50000	1041	200000	2765215	60298907	250944007	2583	8468768	6388592	4329860
1789724389	101555	95.1	93.8	6298	3576	1923	6360	142	0	53521	4645	10333	3000340	31376	50000	910	200000	2765940	60309525	251054810	2586	8471168	6390321	4330923
1789724420	101586	93.7	93.2	9351	4277	1720	8111	85	0	101084	4084	9738	3000313	31428	50000	1023	200000	2766615	60323278	251135980	2610	8473680	6392285	4332173
1789724454	101620	94.3	93.9	10106	6782	1765	6067	205	0	60772	4227	9648	3000296	31596	50000	995	200000	2767428	60341720	251256742	2582	8475902	6393898	4333696
1789724479	101644	93.4	92.4	8141	3206	2962	7695	1159	0	34638	4018	5329	3000257	31499	50000	1182	200000	2768109	60352363	251361637	2581	8478238	6394827	4334545
1789724508	101674	93.3	92.8	7528	3302	2053	6258	781	0	59725	4281	10032	3000169	31268	50000	1014	200000	2768692	60361260	251442255	2583	8480755	6397072	4336227
1789724543	101709	92.6	92.1	7437	3454	3394	8538	663	0	18750	4185	9978	3000061	30976	49985	1586	200000	2769487	60378797	251539043	2581	8483863	6398644	4337768
1789724566	101732	93.8	92.9	7918	2186	3066	7007	1312	0	23663	4150	5779	3000056	31051	50000	1051	200000	2769951	60393931	251589714	2584	8486511	6400402	4339260
1789724597	101763	94.5	93.9	9347	2657	2845	8756	1145	0	17481	4165	9569	3000142	30788	50000	1104	200000	2770657	60406794	251699612	2587	8488676	6401817	4341255
1789724629	101795	94.0	93.2	8998	4702	3125	7102	1231	0	28727	4042	9530	3000027	30692	49990	1231	200000	2771391	60415051	251796374	2587	8490979	6403476	4342762
1789724656	101822	95.0	94.6	8022	2969	2780	8799	1090	0	15108	4057	5417	3000150	30904	50000	951	200000	2772117	60429392	251887952	2587	8493318	6404939	4344230
1789724691	101857	96.2	95.7	6468	2707	2893	7265	1209	0	35383	4152	9351	3000289	30869	50000	1057	200000	2773081	60442348	252023329	2587	8495783	6406802	4345476
1789724716	101882	96.3	95.9	8047	4863	2980	9091	1864	0	27534	3921	8771	2998860	30804	49841	1044	200000	2773703	60448626	252118469	2587	8498025	6408038	4347127
1789724750	101916	98.5	98.2	12894	4361	3292	7365	1914	0	18874	3669	8758	2998974	31022	49906	1064	200000	2774612	60464029	252267999	2587	8500524	6409872	4348251
1789724776	101942	97.8	97.8	10733	4033	1110	7453	595	0	8147	3856	4973	3000341	31355	50000	246	200000	2775523	60475314	252408605	2588	8501350	6411655	4348789
1789724812	101978	97.3	97.0	8848	3134	3827	6453	570	0	9824	3688	12402	2999547	31636	49927	1183	200000	2776416	60488234	252519054	2587	8504551	6413737	4349692
1789724839	102005	98.2	98.0	8927	6959	1107	7290	234	0	48917	4125	5323	3000339	32044	50000	381	200000	2777341	60501633	252641353	2598	8505888	6415728	4350425
1789724874	102040	95.2	95.0	7356	4908	1414	5813	167	0	49281	3787	8760	3000358	32339	50000	845	200000	2778231	60512877	252791789	2597	8508064	6417757	4351241
1789724901	102067	93.2	92.8	9617	5362	1743	7356	46	0	77642	4052	5503	3000286	32439	50000	895	200000	2778986	60523886	252896891	2597	8510264	6419335	4351946
1789724932	102097	93.9	93.5	8283	2333	1832	5963	232	0	52220	4558	9740	3000056	32237	50000	1146	200000	2779632	60531806	252999387	2587	8512750	6421233	4353772
1789724964	102130	94.1	93.4	12290	6651	1917	7346	188	0	62956	4483	10298	3000319	31902	50000	1035	200000	2780433	60546189	253104695	2595	8515081	6423111	4354520
1789724992	102158	92.0	91.5	6542	4160	1853	5314	73	0	77009	4722	6668	3000358	31694	50000	1087	200000	2781119	60559667	253174360	2593	8517470	6424896	4355540
1789725025	102191	91.0	90.6	8865	2075	1889	6936	173	0	56995	5226	11477	3000493	32357	50000	1070	200000	2781778	60572980	253260157	2587	8519658	6426467	4357196
1789725047	102213	89.9	88.5	10248	5589	2628	5622	505	0	50795	4765	6212	3000072	31957	50000	1062	200000	2782134	60577559	253315882	2587	8521910	6427587	4358464
1789725081	102246	93.4	92.9	10708	2363	3356	7643	966	0	55756	4761	11406	3000041	32042	49958	1574	200000	2782855	60590843	253397134	2587	8524434	6429073	4359603
1789725112	102277	96.1	95.6	6769	4045	2181	6096	483	0	50397	4607	6860	3000093	31764	49914	1087	200000	2783779	60602513	253530244	2587	8526494	6430634	4361951
1789725143	102309	95.5	95.1	6979	4461	1483	7657	295	0	106077	4909	11083	3000261	31710	50000	977	200000	2784480	60611309	253617208	2593	8528877	6433279	4362700
1789725167	102332	92.7	92.0	13368	7133	3091	6562	1868	0	19521	4739	6408	2999386	31728	49995	1088	200000	2785144	60620852	253714650	2588	8531176	6433536	4363672
1789725201	102366	95.3	94.5	9961	6456	3866	8378	1070	0	1742	4684	10298	2998484	31526	49889	1097	200000	2785992	60636162	253829665	2588	8533616	6435097	4364614
1789725229	102394	98.9	98.6	11474	3572	1053	4636	452	0	19653	3861	4973	3000534	32197	50000	321	200000	2786830	60650303	253945265	2593	8534192	6436889	4365759
1789725262	102428	91.7	91.3	9582	3989	3649	6984	240	0	21605	4170	9746	2999059	31980	49921	1418	200000	2787602	60663076	254041117	2588	8537141	6438819	4366749
1789725292	102458	98.6	98.5	13772	2050	1079	5294	212	0	58562	4107	5437	3000692	32662	50000	405	200000	2788524	60681431	254188106	2606	8538589	6440649	4367547
1789725317	102483	93.4	92.7	7477	3159	1629	7115	176	0	61564	4009	8790	3000142	32346	50000	997	200000	2788897	60687170	254246421	2591	8540726	6442607	4368397
1789725351	102517	95.6	95.4	6992	6634	1485	5700	16	0	93721	3757	9069	3000169	32485	50000	817	200000	2789867	60704524	254383653	2597	8543056	6444281	4369385
1789725378	102544	94.4	93.9	7306	4404	2350	7726	400	0	76453	3869	4946	3000118	32471	49956	1131	200000	2790654	60713421	254503755	2595	8545366	6445788	4370863
1789725406	102572	94.0	93.6	11457	6276	3541	6340	1807	0	14715	4195	9213	2999374	32049	50000	1189	200000	2791457	60721290	254620686	2588	8547771	6446733	4371485
1789725442	102608	94.9	92.3	10458	4532	3389	7733	1854	0	1339	5085	10721	2999387	31925	50000	939	200000	2792393	60737234	254743412	2588	8549707	6448205	4372538
1789725467	102633	92.2	91.6	8692	2996	3612	6329	2023	0	11448	4071	5776	2999560	32027	49932	1355	200000	2792962	60746067	254824135	2587	8552111	6449272	4374956
1789725501	102667	93.5	93.4	10181	2729	3431	7890	1378	0	13507	4834	10639	2998721	32092	49938	799	200000	2793720	60754505	254944775	2588	8554509	6451128	4375784
1789725534	102700	95.3	95.1	9705	4419	573	5636	254	0	34926	4325	6015	3000564	32709	50000	252	200000	2794880	60772170	255102329	2596	8554818	6452824	4376978
1789725563	102729	92.3	91.6	8792	4321	2009	7905	113	0	77139	4233	9970	3000270	32091	50000	1256	200000	2795318	60777750	255177454	2598	8557247	6454931	4377699
1789725591	102756	92.8	92.3	8274	2148	2143	5887	357	0	87073	4268	6052	3000461	32281	50000	1022	200000	2796084	60793920	255264379	2597	8559488	6456349	4378891
1789725616	102782	95.1	92.7	11890	3074	1993	7416	321	0	44984	4212	9430	3000108	32013	50000	1172	200000	2796567	60805152	255329292	2591	8561513	6457508	4380760
1789725653	102819	97.3	96.9	6635	2746	1564	6349	251	0	74692	4117	9646	3000243	32115	50000	966	200000	2797579	60820866	255472638	2597	8564097	6459922	4382181
1789725679	102845	96.2	95.8	10404	5024	2033	7859	363	0	65574	3675	5058	3000274	32208	50000	896	200000	2798310	60833316	255565854	2597	8566370	6461394	4382883
1789725708	102873	96.3	95.8	8092	6740	2870	6096	838	0	55276	4015	9385	3000045	32008	50000	1412	200000	2799085	60842138	255661249	2587	8568613	6462901	4383708
1789725742	102908	97.9	97.7	8954	2858	2039	7480	324	0	90335	4208	9763	3000110	32254	50000	1016	200000	2799891	60855234	255795005	2599	8571055	6465659	4384550
1789725766	102931	91.7	91.3	9337	8111	3234	5776	1797	0	6188	4271	5538	2999387	32351	49941	943	200000	2800644	60869442	255874431	2587	8573429	6466239	4385493
1789725803	102969	93.3	93.2	10747	7954	4193	6459	420	0	1917	4635	10657	2998682	32308	49909	1360	200000	2801690	60884882	256019949	2587	8574671	6468024	4386162
1789725830	102996	98.0	97.4	7856	3597	1545	4763	238	0	42214	3977	5530	3000396	32882	50000	709	200000	2802360	60892624	256123319	2590	8576379	6469737	4387263
1789725862	103028	91.6	90.6	7819	5354	3811	7032	332	0	2345	5197	11241	2998909	32660	49959	1368	200000	2803017	60904201	256215023	2587	8579260	6470972	4389078
1789725894	103059	96.2	95.8	11473	3014	1069	5579	339	0	63635	4585	6445	3000319	33098	50000	348	200000	2803904	60915937	256356166	2615	8580894	6472887	4390048
1789725924	103090	90.5	90.1	7345	6132	1426	7368	132	0	86897	4155	9741	3000253	33023	50000	790	200000	2804512	60928876	256425148	2608	8583068	6474895	4390913
1789725951	103116	94.1	93.7	6613	4068	2870	5785	1141	0	42602	4340	6045	3000223	33139	49994	995	200000	2805275	60940377	256525807	2587	8585379	6475806	4391649
1789725979	103145	94.6	92.8	8146	5933	3364	7777	2061	0	33524	4420	10371	2998773	32657	49958	1273	200000	2805880	60948383	256612657	2587	8587840	6476989	4393132
1789726015	103181	96.1	95.8	13124	2050	1238	6208	209	0	62846	4595	10603	3000220	32822	50000	687	200000	2806779	60963160	256720122	2601	8590160	6479635	4395398
1789726039	103205	93.5	92.8	7695	2848	1926	7927	28	0	75084	4361	5610	3000403	32980	50000	1119	200000	2807282	60973175	256792229	2594	8592404	6481362	4395847
1789726070	103236	93.7	93.4	6522	3389	1275	6980	171	0	97116	4096	9725	3000127	32930	50000	666	200000	2808057	60980790	256894660	2614	8594800	6483313	4397606
1789726097	103262	94.1	93.5	9150	4336	2767	8851	869	0	42159	3730	4958	3000132	32809	50000	1118	200000	2808844	60991935	257021107	2594	8597087	6484277	4398635
1789726126	103292	91.8	91.1	11757	4526	3393	6951	1968	0	29715	4038	9515	2999342	32330	49990	1226	200000	2809599	61003394	257124117	2594	8599446	6485533	4399548
1789726160	103326	95.3	94.8	9217	2634	2756	8564	927	0	49466	4053	9829	3000195	32431	50000	1256	200000	2810337	61019105	257218709	2594	8601745	6487887	4401030
1789726186	103352	92.9	92.6	8204	4880	2998	6598	976	0	28729	4119	5728	3000003	32394	49981	974	200000	2811027	61037409	257296146	2588	8604209	6489350	4402639
1789726219	103385	94.4	94.3	13776	6710	3952	7586	209	0	7874	4132	9206	2998981	32133	49957	1199	200000	2812155	61053385	257449200	2595	8605515	6490384	4403412
1789726252	103418	95.1	94.4	9239	3740	3274	7019	1363	0	6768	4392	9888	3000015	32185	50000	801	200000	2813002	61064124	257562842	2593	8608574	6492086	4404808
1789726280	103446	97.7	97.3	10337	2006	1080	7368	159	0	32925	4263	5633	3000786	32865	50000	430	200000	2813874	61082143	257677959	2605	8609176	6493705	4406015
1789726315	103481	94.1	93.7	8953	2387	1202	6070	186	0	77199	3969	9404	3000283	32707	50000	636	200000	2814827	61095855	257804259	2599	8611386	6495564	4407327
1789726338	103504	90.7	90.1	8429	2778	1974	8031	552	0	101489	3783	4970	3000170	32484	50000	770	200000	2815329	61105879	257864094	2608	8613798	6496969	4408285
1789726370	103536	93.9	93.5	11092	9696	3684	6562	2115	0	326	4050	8935	2998958	32155	49955	1017	200000	2816346	61118370	258023235	2591	8616115	6497716	4409178
1789726399	103565	97.8	97.8	10250	2611	980	6575	378	0	22858	4156	5430	3000407	32579	50000	368	200000	2817345	61133524	258174980	2603	8616639	6499505	4409820
1789726433	103598	93.4	93.0	12866	1498	1133	5194	218	0	69986	4234	9565	3000498	32365	50000	664	200000	2818251	61146309	258287156	2602	8618852	6501438	4411015
1789726461	103627	93.2	92.6	6918	3432	1393	7075	298	0	125297	4197	9394	3000147	32366	50000	511	200000	2818746	61156370	258331620	2612	8621147	6503287	4411871
1789726487	103653	96.0	95.4	17773	6631	3134	6272	2092	0	12850	4238	5277	2999198	31997	50000	902	200000	2819606	61168324	258479538	2591	8623439	6503559	4412662
1789726519	103685	96.2	96.2	17586	2664	3631	7508	296	0	13499	4275	5731	2998703	31769	49934	1004	200000	2820681	61183737	258622977	2601	8625085	6505257	4413423
1789726551	103717	98.0	96.5	12287	2060	1213	5011	455	0	72575	4658	10611	3000529	32233	50000	557	200000	2821542	61202424	258725226	2613	8626360	6506832	4415134
1789726587	103753	95.8	95.5	9147	5733	1531	7078	278	0	51379	4450	10847	3000192	32307	50000	532	200000	2822371	61213742	258840431	2599	8628733	6508243	4417114
1789726607	103773	94.0	93.2	10879	5266	3058	6664	1343	0	7137	5172	6373	3000123	31966	49995	1045	200000	2822734	61219074	258897651	2592	8630790	6508659	4417953
1789726650	103816	98.2	97.8	15443	2144	1838	8737	470	0	81559	4393	11212	3000380	32215	50000	777	200000	2823860	61230692	259091922	2604	8633541	6511185	4420274
1789726667	103833	89.6	87.5	6641	5296	2609	5912	732	0	29288	4322	5355	2999931	31707	50000	942	200000	2824140	61233920	259128090	2591	8635294	6511714	4421239
1789726700	103866	93.2	92.4	8170	2077	2219	7914	603	0	57046	4532	11323	3000076	31149	50000	1167	200000	2824725	61246927	259204844	2602	8637691	6513708	4423711
1789726736	103902	94.6	94.4	8798	2783	1266	6123	300	0	83599	4849	11016	3000229	31471	50000	506	200000	2825635	61262353	259335930	2606	8639739	6515177	4425487
1789726757	103923	90.3	89.4	12925	8387	4321	8234	2387	0	5468	3933	5279	2999150	30830	50000	1619	200000	2826272	61270014	259425424	2591	8642218	6515496	4425995
1789726793	103958	90.5	89.6	12825	2379	2797	6015	1782	0	14461	4007	9720	2999721	30998	50000	713	200000	2826959	61279016	259542658	2591	8644440	6517775	4426997
1789726817	103982	87.5	87.5	8012	4218	3584	8123	699	0	5218	3816	4941	2999572	31042	50000	1323	200000	2827735	61293299	259623833	2591	8646589	6518611	4428994
1789726848	104014	92.3	91.6	11862	1833	3607	7177	1699	0	10635	3934	8709	2999162	31089	50000	1131	200000	2828411	61300193	259718795	2592	8649097	6520824	4430090
1789726879	104044	94.5	93.8	6547	4640	2950	8729	1766	0	491	3917	9201	2999974	31236	50000	785	200000	2829269	61317200	259816955	2592	8651014	6521981	4431848
1789726912	104078	94.5	94.5	11717	3192	3610	7242	972	0	21733	3880	9173	2999774	31167	50000	1171	200000	2830168	61328133	259951939	2594	8653665	6523784	4432682
1789726938	104104	98.8	98.3	9363	4709	1130	7250	352	0	6276	4057	5297	3000432	31603	50000	447	200000	2830965	61340996	260062305	2594	8654159	6525394	4433574
1789726971	104137	95.9	93.6	9243	3083	375	5740	161	0	18206	4840	10724	3000245	31388	50000	80	200000	2831784	61353059	260187051	2597	8656239	6526717	4435965
1789727005	104171	94.0	93.6	7258	3214	1234	8069	431	0	38203	4339	10050	3000167	31150	50000	26	200000	2832686	61360711	260306214	2596	8659050	6528242	4437518
1789727027	104193	92.9	92.3	10637	2714	1828	6389	33	0	52362	4083	5272	3000047	30787	50000	994	200000	2833166	61365437	260383775	2597	8660757	6529557	4438496
1789727061	104226	93.5	93.0	8527	3602	1760	8275	177	0	54149	4153	10070	3000124	30414	50000	1090	200000	2833884	61372633	260500906	2597	8663106	6531453	4440277
1789727095	104261	93.5	93.2	11127	5271	1569	5564	370	0	126764	4277	10249	3000289	30784	50000	814	200000	2834556	61389761	260596547	2628	8665506	6533208	4441418
1789727118	104284	92.5	92.3	7520	7147	3276	7283	1853	0	13565	3944	5127	2999201	30828	50000	1114	200000	2835193	61402293	260697277	2596	8667577	6533415	4442435
1789727146	104312	93.2	93.2	10582	3719	3855	6082	1256	0	3515	4078	5655	2998810	30713	49978	1194	200000	2835960	61410332	260811692	2596	8670024	6535139	4443050
1789727179	104345	98.3	97.4	9129	5472	921	6091	209	0	30252	4077	9605	3000477	31280	50000	358	200000	2836891	61422247	260961495	2611	8670419	6536883	4444387
1789727211	104376	87.9	85.1	6947	3792	3961	7568	939	0	2811	4448	10167	2998475	29970	50000	1371	200000	2837344	61428295	261035471	2596	8674823	6538051	4446983
1789727238	104404	96.1	95.5	11190	2759	1368	7581	668	0	27763	3812	5091	3000564	30571	50000	484	200000	2838208	61437108	261158305	2611	8675697	6540195	4447658
1789727268	104434	94.8	94.5	7091	6089	1245	5940	104	0	52455	3876	8572	3000395	30802	50000	644	200000	2839028	61453697	261252488	2605	8677556	6542038	4448564
1789727299	104465	92.2	91.7	9828	3865	1762	7955	47	0	63363	3947	9198	3000255	30417	50000	993	200000	2839700	61462630	261353535	2600	8680104	6543962	4449654
1789727333	104499	93.4	92.9	7660	6319	1778	6136	408	0	66501	4074	9335	3000260	30314	50000	954	200000	2840658	61475122	261476991	2602	8682517	6545755	4450796
1789727362	104528	94.8	94.3	6228	4604	1910	7749	502	0	78408	4182	9510	3000444	30377	50000	906	200000	2841305	61484341	261577158	2606	8684547	6547088	4452142
1789727387	104553	94.8	93.9	12079	5714	3496	6256	1785	0	18755	4231	5747	2999501	29885	49799	1460	200000	2841977	61494391	261684304	2596	8686908	6547697	4453383
1789727423	104589	96.4	96.3	9175	2301	1413	7469	283	0	116730	4718	11206	3000204	30352	50000	812	200000	2842719	61505832	261782466	2604	8689206	6551218	4454395
1789727446	104612	97.7	97.2	10096	9502	3405	6163	2012	0	21597	3916	5348	2999113	30178	49948	1207	200000	2843541	61522088	261881101	2597	8691674	6551531	4455370
1789727477	104642	96.8	96.4	6548	4651	3724	7899	2127	0	1169	4579	10253	2998934	30042	49924	1335	200000	2844254	61529746	261988513	2595	8693944	6552914	4456977
1789727506	104672	96.5	96.3	8223	3006	2787	6109	1080	0	22174	4129	5555	3000014	30227	49958	835	200000	2845026	61538949	262112374	2595	8696059	6555299	4457859
1789727538	104703	99.3	99.3	15844	8494	892	6185	439	0	19803	3834	8685	3000616	30802	50000	219	200000	2846045	61558505	262261832	2604	8696669	6556656	4458162
1789727572	104738	92.5	92.0	10046	3724	3642	7116	1073	0	1989	3947	9228	2998410	30568	49884	849	200000	2846898	61567502	262385047	2595	8700485	6557970	4460024
1789727600	104766	95.3	95.0	7330	2981	1284	7386	508	0	20349	4532	5759	3000369	31001	50000	400	200000	2847759	61576802	262507849	2604	8701402	6559764	4461451
1789727634	104800	95.2	95.1	9670	7271	929	5984	171	0	53698	4147	9000	3000432	31414	50000	391	200000	2848675	61588679	262660473	2603	8703173	6561471	4462473
1789727668	104834	93.5	93.0	13156	3432	1686	7972	143	0	59106	4255	10070	3000397	31291	50000	925	200000	2849403	61597927	262774772	2598	8705609	6563409	4463392
1789727691	104857	92.5	91.9	9196	2210	1698	5447	348	0	91058	4320	5870	3000095	31341	50000	890	200000	2849786	61606231	262816251	2606	8707603	6564961	4464298
1789727715	104881	87.2	86.5	10542	8367	3323	7099	1831	0	2769	4170	5413	2999257	31163	50000	1161	200000	2850372	61619558	262909295	2593	8709804	6565272	4465115
1789727748	104914	93.4	93.1	7821	6547	3059	5961	1808	0	6745	4356	10529	2999455	31342	50000	894	200000	2851117	61627998	263018582	2593	8711994	6567001	4466243
1789727783	104948	94.5	93.6	12538	3292	3708	7828	2074	0	8900	4517	10906	3000086	31061	50000	1329	200000	2852020	61638558	263131526	2594	8714427	6568741	4467474
1789727808	104974	94.0	93.5	8100	5363	3710	6487	2031	0	979	4510	6230	2999403	30657	50000	1225	200000	2852643	61645415	263222671	2593	8716596	6570138	4468902
1789727843	105009	95.7	95.7	9449	5024	3799	8125	962	0	11389	4325	10148	2999646	30779	50000	1211	200000	2853561	61663554	263339377	2593	8719049	6572183	4469603
1789727869	105035	99.4	98.9	7240	4111	1060	5402	341	0	17941	4398	5931	3000395	31186	50000	437	200000	2854360	61676013	263462180	2595	8719594	6573780	4470813
1789727899	105065	94.8	94.3	9071	4661	1536	7187	132	0	41138	3866	9024	3000257	31060	50000	847	200000	2855031	61685775	263555099	2603	8721606	6575713	4471806
1789727932	105098	95.5	94.3	8704	4340	337	5731	108	0	19958	4375	9700	3000523	31048	50000	87	200000	2856011	61698049	263689604	2594	8723902	6576958	4474278
1789727959	105125	91.5	90.6	8002	3327	1699	8242	503	0	27079	4222	5629	3000097	30704	50000	68	200000	2856635	61704860	263778609	2592	8726943	6578279	4476147
1789727990	105156	94.8	94.5	8496	3945	2038	7071	84	0	36496	4374	9804	3000332	30691	50000	983	200000	2857301	61714636	263884435	2593	8729137	6579877	4477860
1789728024	105190	95.5	95.1	11462	3559	2100	8969	332	0	41379	4125	9734	3000170	30734	50000	754	200000	2858164	61725139	264031534	2592	8731464	6581155	4480185
1789728047	105213	93.4	92.7	5821	2451	2148	6205	124	0	47170	4554	6207	3000043	30316	50000	944	200000	2858682	61729943	264114276	2591	8733492	6582287	4481548
1789728086	105252	94.7	94.5	6763	3117	1357	8139	320	0	83706	4326	10709	3000245	30571	50000	567	200000	2859720	61738672	264273409	2596	8735983	6584327	4483726
1789728109	105275	92.0	91.4	9567	3628	2651	5998	762	0	50646	4060	5541	3000107	30263	50000	1177	200000	2860214	61746148	264337900	2590	8738010	6585293	4484625
1789728137	105302	93.7	93.1	8374	5453	3281	7531	1590	0	24182	4337	9731	2999413	29961	50000	1196	200000	2860765	61754249	264423088	2590	8740341	6586655	4485451
1789728172	105338	95.2	94.9	9435	2890	2681	6060	927	0	48124	4305	9835	3000008	30004	50000	978	200000	2861606	61770041	264538865	2590	8742735	6588952	4486695
1789728197	105363	92.5	92.4	12540	7376	4100	7974	878	0	1771	3857	4936	2998849	29690	49920	1186	200000	2862497	61783454	264662977	2593	8744959	6589570	4488146
1789728229	105395	94.2	93.8	8853	3815	3012	7193	1158	0	22928	4133	9160	2999363	29873	50000	716	200000	2863248	61792058	264781203	2590	8747150	6591579	4489059
1789728261	105427	96.0	95.7	6353	3947	4032	9405	1264	0	1279	4027	9042	2998465	29679	49869	1291	200000	2864176	61809679	264902107	2590	8749634	6592801	4490479
1789728289	105455	96.2	95.8	9756	1771	1338	5845	444	0	35915	3941	5127	3000294	30158	50000	582	200000	2865051	61818779	265039813	2611	8750210	6594857	4491325
1789728324	105490	97.3	97.1	8053	3242	1302	7503	207	0	43680	3926	9235	3000451	30432	50000	426	200000	2866038	61834449	265171184	2602	8752299	6596455	4492818
1789728354	105519	95.9	94.5	11389	2689	852	6191	119	0	43337	4303	5602	3000297	30135	50000	377	200000	2866888	61844259	265321998	2595	8754662	6597707	4495235
1789728383	105548	96.3	95.8	5530	2552	1456	8267	224	0	109429	4043	9188	3000224	29738	50000	822	200000	2867466	61853102	265408116	2607	8757050	6599845	4495973
1789728412	105578	96.4	95.9	13022	6238	1873	6134	429	0	90078	3870	8964	3000181	29584	50000	875	200000	2868257	61866008	265501057	2604	8759301	6601538	4496828
1789728436	105602	95.1	94.5	8658	3226	2931	7885	868	0	20709	3732	4832	2999224	29589	49942	1110	200000	2868955	61874901	265601952	2593	8761454	6602294	4498154
1789728466	105632	94.5	94.4	8731	5571	3220	5818	1655	0	16237	4126	9115	2998888	29840	49940	939	200000	2869723	61888076	265709522	2593	8763653	6603760	4499237
1789728498	105664	93.7	93.6	12356	3296	3612	7758	1250	0	4355	4209	5661	2999086	29903	49869	962	200000	2870814	61904202	265877400	2594	8766004	6605199	4500180
1789728533	105699	94.9	94.6	8522	5687	3911	6230	361	0	8130	4202	9299	2998303	29620	49699	1204	200000	2871850	61913725	266030756	2593	8767364	6606866	4501265
1789728565	105731	97.5	97.1	12230	2714	1218	7240	226	0	46471	4071	5654	3000416	30175	50000	474	200000	2872863	61927302	266181009	2602	8768956	6608795	4502207
1789728592	105758	90.2	89.9	7479	4976	1349	5702	239	0	117358	5197	10959	3000153	30123	50000	674	200000	2873206	61935371	266209096	2613	8771061	6610791	4503084
1789728620	105785	90.4	90.4	15795	7389	3761	7652	1328	0	310	4376	5868	2998744	30139	49901	954	200000	2874104	61946292	266342153	2593	8773397	6610840	4503787
1789728653	105819	96.6	96.1	12904	3049	999	4723	399	0	44489	4301	6095	3000382	30563	50000	357	200000	2875181	61961855	266503118	2616	8773931	6612792	4504694
1789728681	105847	94.6	94.2	7530	5579	1201	6513	147	0	86430	4491	10672	3000257	30197	50000	716	200000	2875652	61971313	266568072	2604	8775969	6614665	4505800
1789728709	105875	94.2	93.8	8397	3936	1875	5931	405	0	92968	4086	5811	3000348	30330	50000	744	200000	2876393	61986270	266659206	2611	8778227	6616233	4506525
1789728741	105907	94.9	94.9	12105	7086	3889	7938	1323	0	1225	4462	9773	2998564	30013	49910	1060	200000	2877341	62001271	266812307	2594	8780656	6616671	4507154
1789728772	105938	98.3	98.0	9482	2921	1149	4527	368	0	48635	4642	6622	3000422	30488	50000	481	200000	2878353	62014048	266950120	2612	8781125	6618656	4507934
1789728800	105966	95.3	94.9	8464	3360	1214	6334	178	0	105692	4691	10606	3000224	30299	50000	629	200000	2878868	62022121	267014888	2616	8783204	6620561	4509034
1789728827	105993	95.3	94.9	9030	3177	2584	6146	777	0	57911	4103	5535	3000093	30321	49974	958	200000	2879658	62033104	267119775	2608	8785534	6621682	4509913
1789728860	106026	94.4	94.0	10458	6600	3660	7919	2010	0	4173	4441	9601	2999447	30298	49910	1059	200000	2880560	62046852	267282937	2594	8787873	6622755	4510979
1789728890	106056	95.0	94.9	9125	5482	3607	5272	402	0	17361	4065	5546	2998778	30096	49980	1188	200000	2881511	62058125	267434646	2599	8789241	6624305	4511855
1789728921	106087	97.6	97.2	12086	3622	1312	6295	469	0	57535	4198	9698	3000320	30546	50000	597	200000	2882212	62067989	267531743	2609	8790631	6626024	4512946
1789728955	106120	92.5	91.9	9980	2987	3936	6659	91	0	18415	4372	10352	2998637	29621	49878	1341	200000	2883032	62083195	267633428	2593	8793625	6627184	4515349
1789728981	106147	98.2	97.6	14107	2001	1393	7829	207	0	61795	4256	5491	3000555	30390	50000	806	200000	2883799	62092957	267756543	2608	8795160	6629157	4516117
1789729013	106179	95.5	94.6	10778	5587	1005	6093	265	0	15170	4041	9469	3000445	30422	50000	399	200000	2884650	62106999	267863317	2598	8797625	6630905	4517558
1789729048	106214	94.4	94.1	10030	3655	1416	7894	334	0	62641	4117	9856	3000370	30620	50000	606	200000	2885573	62123038	267986344	2604	8800062	6632969	4518269
1789729067	106233	92.8	92.4	8792	2610	1998	6029	586	0	70300	4307	5475	3000030	30493	50000	971	200000	2885884	62130105	268022543	2596	8802288	6634708	4519326
1789729098	106264	95.1	94.7	7715	4636	2365	7827	409	0	38882	4033	5708	3000052	30469	50000	1016	200000	2886852	62139973	268154050	2593	8804646	6636220	4520641
1789729127	106293	93.5	92.9	9432	7141	4302	6613	2173	0	2254	4472	10006	2999133	29883	49966	1508	200000	2887618	62149496	268257975	2593	8807243	6637147	4521267
1789729156	106322	96.1	96.0	7095	3734	2861	7832	1459	0	12467	4385	6390	3000001	30277	50000	763	200000	2888342	62166358	268351142	2594	8809445	6639207	4522549
1789729188	106353	95.0	95.1	11486	4357	4189	5859	310	0	2141	4348	9921	2999100	30197	49947	1302	200000	2889326	62179291	268474268	2597	8810666	6640691	4523128
1789729221	106387	97.3	96.7	8794	4120	4008	7703	271	0	1768	4545	10393	2998561	30365	49953	1089	200000	2890152	62187685	268609269	2592	8812797	6642008	4524884
1789729247	106413	95.5	95.2	10217	1992	3803	7257	1285	0	8765	3804	5257	2999598	30404	49984	1113	200000	2890803	62196213	268711109	2592	8816279	6643771	4526262
1789729278	106444	98.0	97.7	9035	7787	918	7257	313	0	14221	3872	8549	3000436	30843	50000	49	200000	2891834	62211321	268857227	2596	8816628	6645368	4527507
1789729308	106474	94.0	93.6	6613	3330	1134	5445	510	0	23817	4277	5753	3000223	30772	50000	426	200000	2892681	62218889	268999083	2600	8819148	6647130	4528876
1789729339	106505	94.0	93.7	6631	3858	1396	7134	126	0	52041	4030	9253	3000393	30724	50000	697	200000	2893381	62227945	269108472	2599	8821036	6648916	4529859
1789729370	106536	93.7	93.2	8802	5342	1720	5603	218	0	62496	3953	9257	3000198	30160	50000	936	200000	2894091	62238670	269220489	2596	8823253	6650689	4530968
1789729400	106566	92.5	92.1	7451	4785	1891	7056	101	0	54146	4495	6206	3000656	30549	50000	772	200000	2894841	62251566	269325082	2601	8825653	6652169	4531899
1789729432	106597	93.8	93.5	7910	5799	1456	5993	392	0	82563	4861	10904	3000038	30366	50000	743	200000	2895471	62258300	269429548	2598	8827988	6653973	4533881
1789729458	106624	92.0	91.7	9443	3866	2561	7577	960	0	50584	3875	5306	3000078	30443	50000	985	200000	2896207	62269446	269533540	2592	8830034	6654899	4534746
1789729487	106652	94.4	93.7	9339	5763	3662	6437	1898	0	12789	4336	9932	2998863	29669	50000	1397	200000	2896812	62276659	269629044	2593	8832420	6656156	4535571
1789729519	106685	91.7	91.3	9338	3732	3220	7874	1607	0	20130	4281	9686	3000046	29522	50000	1142	200000	2897564	62288742	269722635	2593	8834746	6658190	4536718
1789729546	106712	95.1	94.7	9565	2166	2883	6282	1051	0	16016	3798	5357	2999496	29502	50000	1101	200000	2898216	62300854	269812923	2593	8836856	6659706	4538857
1789729576	106742	94.8	94.4	9418	5200	2809	7775	1379	0	37330	4018	8772	2999484	29482	50000	920	200000	2899065	62309399	269936459	2592	8839008	6661130	4539882
1789729608	106774	94.6	94.3	7949	6959	3481	7410	2089	0	2018	3639	8562	2999084	29573	50000	746	200000	2899957	62319460	270078749	2592	8841245	6662495	4540938
1789729639	106805	97.8	97.8	12637	3028	1000	7607	265	0	40437	3866	5151	3000320	29924	50000	345	200000	2901162	62334807	270234624	2606	8841795	6664403	4541459
1789729670	106836	93.4	93.0	7649	3111	1296	5733	131	0	25161	4085	9098	3000382	29539	50000	62	200000	2901939	62346666	270336971	2593	8844301	6665694	4543431
1789729702	106868	94.1	93.6	11298	2778	1610	7584	222	0	41315	4251	9999	3000323	29227	50000	849	200000	2902630	62356570	270448394	2605	8846478	6667292	4544911
1789729729	106894	93.7	93.3	6192	3635	1658	5924	300	0	42610	4541	6033	3000195	29441	50000	699	200000	2903362	62366549	270544660	2595	8848514	6668723	4546432
1789729765	106931	94.9	94.6	11096	5084	1300	7823	444	0	71459	3968	9361	3000249	29427	50000	600	200000	2904296	62377743	270705340	2610	8850932	6670649	4547682
1789729792	106957	93.8	93.4	9648	2331	1471	5871	167	0	62773	4056	8765	3000192	29390	50000	894	200000	2904837	62385533	270775139	2596	8852932	6672403	4548772
1789729826	106992	95.0	94.2	6335	4320	1434	7505	170	0	90191	4296	10128	3000393	29940	50000	562	200000	2905786	62399791	270894480	2597	8855250	6673995	4549917
1789729846	107012	91.5	90.2	13424	6822	3598	6154	1267	0	26911	4253	5421	2999168	29356	50000	1397	200000	2906144	62405054	270959233	2593	8857674	6674589	4550988
1789729876	107042	94.5	94.2	9179	2602	2457	7861	665	0	62012	3878	5452	2998876	29269	50000	1065	200000	2906896	62412092	271091836	2599	8859957	6676763	4553019
1789729906	107072	93.9	93.4	9735	8665	3645	6535	1935	0	12398	4007	8882	2999226	29171	50000	1357	200000	2907748	62424268	271222809	2592	8862236	6677660	4553794
1789729940	107106	94.8	94.7	8464	3772	2321	7892	738	0	57081	4087	9348	3000044	29492	49965	838	200000	2908435	62433651	271335165	2596	8864457	6680630	4554853
1789729966	107132	93.4	93.0	9313	7666	3290	5856	1979	0	9379	3799	5028	3000163	29695	49987	1037	200000	2909449	62449090	271445938	2593	8866772	6681491	4555451
1789730002	107167	95.0	95.1	10621	2123	4027	7763	1045	0	12636	3842	8677	2999254	29872	49894	1293	200000	2910441	62463449	271598719	2593	8869289	6683440	4556118
1789730030	107196	96.7	94.6	7727	5041	3002	6548	1585	0	1899	4647	10307	2999457	29754	49973	993	200000	2911068	62473699	271680626	2592	8871226	6684493	4559115
1789730057	107223	97.2	96.7	8122	2741	4056	8828	2249	0	14111	3919	5147	2998885	29354	49912	1249	200000	2911836	62480972	271818421	2592	8873950	6686064	4560567
1789730089	107255	97.0	96.9	10624	2518	3844	7364	371	0	2311	4114	9243	2998372	29337	49956	946	200000	2912790	62490552	271977242	2593	8875204	6687399	4562134
1789730122	107288	98.4	98.3	6284	5350	3982	9108	487	0	15005	3967	9163	2998744	29083	49833	1156	200000	2913770	62503321	272111329	2595	8877473	6689181	4563285
1789730152	107318	98.3	97.9	8331	7382	1295	5863	253	0	53428	3980	5230	3000478	29648	50000	718	200000	2914669	62514322	272247136	2602	8878902	6691149	4564177
1789730184	107349	97.7	97.5	7677	2748	1420	7452	246	0	57136	3872	9150	3000482	29829	50000	689	200000	2915489	62529717	272350404	2601	8881193	6693147	4564978
1789730211	107377	94.0	93.7	10403	3156	1729	5413	81	0	62884	4107	5526	3000495	30276	50000	779	200000	2916257	62542794	272459490	2596	8883412	6694734	4565729
1789730241	107407	95.3	95.0	7453	3640	1534	7366	198	0	111733	3899	8893	3000148	30141	50000	861	200000	2916973	62550254	272582123	2614	8885592	6696470	4567356
1789730267	107433	94.0	93.6	9140	5386	2895	6268	967	0	20066	3745	4933	3000137	29918	49995	1104	200000	2917710	62562022	272693518	2596	8887845	6697189	4568752
1789730297	107462	94.1	93.8	9275	5081	2393	7774	1331	0	34480	4042	9212	2999768	30078	50000	822	200000	2918543	62569885	272808743	2595	8890073	6698900	4569923
1789730329	107495	95.2	94.7	8333	5686	3911	6919	2306	0	12816	4135	9443	2999008	29915	49783	1487	200000	2919404	62585150	272930226	2595	8892695	6700198	4570941
1789730355	107521	96.4	96.3	12878	2657	1453	6939	754	0	5433	4032	5137	3000405	30386	50000	383	200000	2920206	62596923	273051317	2600	8893692	6702180	4571717
1789730391	107556	94.7	94.3	11761	5308	2031	6130	604	0	56043	4258	10040	3000531	30433	50000	817	200000	2921132	62610391	273181435	2615	8895721	6703809	4573033
1789730428	107594	90.6	90.3	12288	2476	1749	8523	664	0	53387	4567	10391	3000218	30387	50000	581	200000	2921942	62620617	273325371	2596	8898498	6705221	4575313
1789730448	107614	91.1	90.4	7248	5521	3025	6634	1476	0	17803	4675	5881	3000028	29931	49995	966	200000	2922341	62626955	273381377	2596	8900461	6705946	4576633
1789730477	107643	95.2	94.6	11016	1743	1996	8438	412	0	43204	4326	5998	2999745	29955	50000	1042	200000	2923151	62634553	273502358	2595	8902531	6707786	4578832
1789730512	107677	95.0	94.6	9346	2772	1896	6639	631	0	84331	4503	10556	3000126	29952	50000	782	200000	2924014	62645644	273619335	2606	8905164	6709662	4580012
1789730545	107711	95.3	95.1	12032	2798	1497	8251	463	0	80079	4329	9684	3000186	30351	50000	614	200000	2924849	62659861	273761706	2595	8907200	6711268	4581674
1789730566	107732	93.1	92.6	8146	4092	2929	6265	1502	0	18831	3708	4666	2999010	30280	49983	948	200000	2925433	62666210	273849907	2594	8909342	6711691	4582643
1789730601	107767	95.1	95.0	10304	7202	3805	8136	1264	0	3894	4102	9224	2998519	30006	49946	1035	200000	2926469	62679260	274015337	2594	8911828	6713386	4583187
1789730631	107796	98.0	97.6	9009	4476	916	4809	472	0	23811	4142	5634	3000461	30516	50000	122	200000	2927483	62693284	274152800	2597	8912342	6715176	4584422
1789730664	107830	93.8	93.4	11097	3931	1383	6745	158	0	93443	3947	9165	3000324	30237	50000	783	200000	2928248	62706822	274264877	2615	8914478	6717145	4585345
1789730692	107857	93.8	93.3	6818	3051	1567	5976	188	0	68895	4067	9375	3000426	30325	50000	889	200000	2928910	62722027	274331707	2594	8916658	6718970	4586409
1789730719	107885	94.6	93.3	10189	5120	1686	7640	229	0	112483	4408	6034	3000212	30380	50000	720	200000	2929563	62731387	274440113	2601	8918942	6720544	4587565
1789730751	107917	93.7	93.4	14804	3705	2672	6088	815	0	54203	4140	9601	2998775	29957	50000	1086	200000	2930278	62740678	274557336	2597	8921318	6721950	4588536
1789730775	107941	97.8	97.7	11563	8586	1078	6101	371	0	2507	3961	4669	3000275	30343	50000	149	200000	2931266	62752876	274687190	2596	8921884	6722593	4589231
1789730812	107977	91.6	91.1	8238	2716	3275	7605	882	0	11259	4349	10445	2998905	29605	49996	1022	200000	2932057	62763624	274803834	2594	8925919	6724522	4590992
1789730837	108003	96.6	96.2	8041	5086	1432	8119	519	0	20850	4463	5735	3000152	30058	50000	511	200000	2932842	62774065	274923185	2594	8926846	6725910	4592371
1789730871	108036	90.0	86.6	7673	2563	3792	8227	2177	0	24074	5551	12008	2998283	29313	49910	1210	200000	2933357	62782298	275005683	2594	8930809	6727078	4595458
1789730900	108066	98.4	98.4	9726	5087	1105	8231	263	0	34642	3952	5115	3000257	29623	50000	661	200000	2934391	62794133	275173640	2609	8931250	6728462	4596486
1789730932	108098	94.1	93.8	11620	2884	1197	6484	220	0	46122	4238	9582	3000302	29700	50000	591	200000	2935150	62806520	275274976	2594	8933491	6730413	4597767
1789730968	108134	96.9	95.5	13351	3326	1212	8207	130	0	54952	4919	11101	3000942	29946	50000	487	200000	2936014	62821061	275404787	2607	8935773	6731957	4599579
1789730992	108157	98.1	97.7	5643	1979	1540	5893	209	0	96796	4179	5639	3000106	29718	50000	813	200000	2936557	62829450	275477436	2607	8938267	6734057	4600265
1789731024	108190	97.1	96.9	10898	6212	2551	7555	705	0	36658	3984	9547	3000150	29907	49940	931	200000	2937389	62840432	275623348	2594	8940519	6735350	4601114
1789731047	108212	97.7	97.3	10811	6774	3695	6049	1970	0	3982	3950	5048	2998653	29508	49869	1126	200000	2938155	62849643	275741871	2594	8942887	6736189	4602369
1789731080	108246	96.4	96.3	10331	3622	3847	7736	1045	0	11214	4624	10154	2998852	29428	49925	1162	200000	2939104	62860022	275865797	2594	8945353	6738148	4602925
1789731107	108273	95.8	95.5	7760	4491	994	5316	400	0	6113	4022	5359	3000406	29890	50000	58	200000	2939981	62874463	275982509	2594	8945812	6739647	4604322
1789731140	108306	93.7	93.4	8873	3625	3919	8906	1042	0	915	4295	9712	2998917	29186	49934	1010	200000	2940706	62884188	276102162	2594	8949800	6741038	4606621
1789731168	108334	95.5	95.1	9695	2999	1264	6028	391	0	34537	3940	5130	3000224	29463	50000	471	200000	2941565	62893381	276245837	2603	8950440	6742959	4607091
1789731198	108364	93.8	93.3	7766	3582	1215	7754	440	0	9735	3959	9222	3000320	29348	50000	429	200000	2942309	62904341	276331515	2594	8952922	6744715	4608563
1789731232	108398	93.2	92.9	8418	2962	3727	6455	682	0	6381	4324	9846	2998811	29106	49937	827	200000	2943117	62915951	276439798	2594	8956250	6746616	4609561
1789731261	108427	96.0	95.7	10570	5535	1094	7331	327	0	57556	4086	5558	3000534	29648	50000	374	200000	2944022	62931362	276569009	2607	8957557	6748541	4610572
1789731292	108458	94.8	94.5	7483	6147	1500	6001	70	0	73977	4128	9880	3000231	29550	50000	849	200000	2944716	62940811	276664144	2596	8959626	6750435	4611522
1789731321	108487	90.0	89.7	10511	3374	1444	7558	98	0	80065	3918	5314	3000303	29726	50000	906	200000	2945515	62951138	276787532	2607	8961766	6752308	4612581
1789731348	108514	93.2	92.7	10633	4996	2527	5719	646	0	76065	3943	8771	3000002	29520	49917	1189	200000	2946024	62956223	276873189	2599	8964122	6753679	4613296
1789731377	108543	93.6	93.2	9037	4179	2770	7602	831	0	24155	3946	5447	2999080	29389	49973	1044	200000	2946848	62967830	277021215	2594	8966482	6754788	4615207
1789731409	108575	95.0	94.8	10507	9644	3740	6366	1867	0	4275	4019	9046	2998822	29387	49923	1167	200000	2947651	62977777	277149792	2594	8968790	6755975	4616280
1789731437	108603	93.7	93.7	8962	2642	4129	8141	1124	0	8744	4126	5444	2999411	28861	49953	1363	200000	2948453	62989434	277267293	2595	8971389	6757724	4616946
1789731468	108634	94.5	93.4	9480	6499	3416	7039	1014	0	9126	4383	9811	2999951	28859	50000	1136	200000	2949262	63000370	277366220	2595	8973328	6759417	4618431
1789731501	108667	94.0	93.6	7837	2103	3836	8889	1241	0	7678	3773	9016	2998965	29247	49932	1147	200000	2950184	63016440	277486950	2594	8975904	6761370	4619366
1789731530	108696	98.6	98.3	8490	6141	1163	5860	402	0	33877	3872	5206	3000421	29689	50000	376	200000	2951152	63029073	277640235	2600	8976422	6763178	4620522
1789731555	108721	93.2	92.9	10293	2868	2185	7705	46	0	34585	4333	9356	3000141	29548	50000	862	200000	2951567	63035157	277717354	2594	8978420	6764324	4621186
1789731595	108761	94.6	94.1	14822	3402	1193	6394	370	0	60270	4214	9948	3000161	29324	50000	525	200000	2952869	63044975	277889564	2604	8981108	6766319	4623810
1789731627	108793	95.0	93.6	6335	2907	1133	8096	173	0	43604	4150	9475	3000330	29359	50000	535	200000	2953655	63059204	277995740	2599	8983324	6767995	4625356
1789731649	108814	88.2	87.6	9963	3785	2307	6005	547	0	102179	4088	5431	3000016	29086	50000	1158	200000	2953976	63063744	278040718	2607	8985683	6769751	4625860
1789731682	108848	94.2	93.9	9922	6480	2107	7931	387	0	73759	3988	9129	3000136	28937	49983	1015	200000	2954863	63076723	278171769	2597	8988100	6771410	4627747
1789731708	108874	91.2	90.8	7261	3996	3003	6182	1403	0	30671	3949	5215	3000032	28668	50000	1120	200000	2955677	63085756	278286617	2597	8990363	6771954	4628723
1789731737	108903	92.5	92.1	9217	4729	3609	7942	2083	0	30976	3656	8381	2998773	28494	50000	1380	200000	2956376	63096520	278394345	2597	8992891	6773794	4629636
1789731768	108934	95.3	95.1	7355	4515	3072	6763	1849	0	7391	3742	8765	2999218	28637	50000	802	200000	2957232	63108247	278509050	2597	8995089	6775538	4630980
1789731801	108967	93.5	93.3	9306	2669	3334	8448	1158	0	6394	3757	8932	2999335	28646	50000	998	200000	2958249	63123452	278628267	2597	8997313	6777373	4631760
1789731830	108996	92.5	92.2	12068	2670	4032	6004	378	0	20145	3899	5255	2998595	28419	49833	1438	200000	2959052	63133958	278768999	2609	8998514	6778966	4632744
1789731860	109026	96.6	95.5	6807	4338	3901	8776	1188	0	1684	4099	9156	2998797	28674	49981	1158	200000	2959726	63142179	278890207	2598	9001989	6780561	4634315
1789731889	109055	96.0	95.9	10242	4253	1212	5447	645	0	22677	3810	5041	3000356	29077	50000	241	200000	2960665	63153060	279023995	2607	9002788	6782719	4635097
1789731921	109087	95.8	95.5	10286	3090	930	7149	159	0	36863	3842	8812	3000740	29483	50000	620	200000	2961506	63165501	279158038	2602	9004716	6783950	4636856
1789731951	109117	97.9	97.5	12998	2544	1792	6536	953	0	50723	4123	9706	3000308	29538	50000	620	200000	2962271	63173692	279264112	2597	9007739	6785799	4638310
1789731980	109146	96.7	96.0	5842	3094	3170	8970	1383	0	1204	4069	9608	3000028	29050	50000	726	200000	2962870	63186485	279352909	2597	9010537	6786745	4641296
1789732009	109175	93.4	93.2	6944	3459	3957	6895	265	0	17828	3748	5011	2997958	28928	49882	1089	200000	2963618	63192375	279482349	2597	9012802	6788354	4642511
1789732042	109208	99.1	98.9	10059	6788	1204	7890	314	0	50276	3954	9053	3000300	29558	50000	524	200000	2964667	63203728	279633182	2602	9014287	6790342	4643482
1789732077	109242	93.3	93.1	6741	4028	1184	5896	139	0	64718	3875	9071	3000505	29871	50000	578	200000	2965616	63216326	279773331	2605	9016464	6792291	4644465
1789732102	109268	90.7	89.7	11193	3667	1600	7729	66	0	80860	4169	5460	3000180	30179	50000	905	200000	2966311	63225059	279858110	2603	9018680	6794091	4645333
1789732129	109294	93.6	93.3	10573	5204	2445	6079	622	0	78860	4032	8968	2999573	29985	50000	1027	200000	2966762	63231468	279939345	2596	9021058	6795493	4646358
1789732158	109323	93.0	92.8	9707	4056	2884	8033	1271	0	20821	3624	5151	2998846	30028	49942	845	200000	2967703	63244527	280083276	2598	9023425	6796224	4648074
1789732189	109355	95.1	95.0	10867	6685	3472	6935	1166	0	6602	4188	8868	2998994	29909	49961	907	200000	2968698	63255984	280235837	2601	9025713	6797625	4649032
1789732218	109384	92.8	92.4	10216	3149	1109	7091	384	0	30500	4035	5155	3000273	30160	50000	419	200000	2969694	63268171	280370051	2617	9026360	6799399	4650107
1789732251	109417	93.9	93.5	11064	3190	1172	5864	353	0	60784	3875	8817	3000310	29963	50000	493	200000	2970513	63278761	280487116	2618	9028786	6801505	4651009
1789732283	109449	95.1	94.7	8446	3004	1371	7599	202	0	67565	3918	9067	3000379	29920	50000	759	200000	2971343	63293249	280599839	2617	9031020	6803493	4652039
1789732316	109482	95.1	94.8	11905	4145	1358	5835	224	0	103915	4023	9192	3000275	29857	50000	589	200000	2972201	63308210	280730163	2613	9033284	6805277	4653044
1789732336	109502	92.2	91.7	8433	8144	3175	7641	1979	0	1732	3726	4567	3000071	29635	50000	875	200000	2972710	63317025	280821754	2601	9035446	6805432	4654003
1789732368	109533	94.0	94.0	15394	2215	3519	6224	1024	0	2533	3996	5345	2999117	29575	49839	1129	200000	2973765	63332367	280970004	2607	9037895	6807346	4654789
1789732399	109564	94.4	93.8	9554	5458	3354	7359	404	0	2651	3991	9231	2998771	29887	49934	883	200000	2974552	63347546	281072842	2606	9039613	6809043	4655804
1789732432	109597	97.5	97.3	11135	3005	943	5777	293	0	21352	4207	9183	3000859	30753	50000	193	200000	2975612	63363236	281216868	2609	9040584	6810748	4656933
1789732459	109624	90.9	90.3	8545	1472	3366	8504	789	0	12487	4268	5690	2999940	30054	49946	958	200000	2976197	63369444	281319579	2601	9044090	6812508	4658336
1789732492	109658	98.1	97.7	11812	5874	729	5747	88	0	58221	4050	9304	3000364	30485	50000	324	200000	2977233	63387176	281465988	2619	9044973	6814207	4659653
1789732529	109695	94.9	94.1	18076	2292	984	7767	69	0	63882	4292	9943	3000202	30725	50000	424	200000	2978364	63397659	281625708	2620	9047269	6815948	4661266
1789732547	109713	88.8	84.8	6760	5153	3072	6430	474	0	68488	4582	5390	2998502	30076	50000	1187	200000	2978563	63399774	281662889	2619	9049714	6817041	4662383
1789732576	109741	91.7	91.1	11127	2933	3557	8579	2024	0	6677	4218	5308	2998016	29504	49921	1183	200000	2979499	63410506	281810218	2607	9052208	6817717	4663798
1789732608	109774	96.4	96.3	13446	8536	1228	4779	661	0	7804	4334	9081	3000384	30003	50000	262	200000	2980566	63423810	281977497	2610	9052915	6819577	4664434
1789732645	109810	89.3	88.9	10081	4672	3513	7133	721	0	19654	4039	9567	2999383	29258	49965	1250	200000	2981389	63436571	282087661	2606	9055901	6821431	4665761
1789732668	109833	97.1	96.6	10245	1800	1233	4634	287	0	28595	4029	5354	3000189	29779	50000	400	200000	2982134	63445772	282184842	2606	9057431	6822995	4667110
1789732700	109866	92.8	92.3	12253	4517	859	6222	274	0	29678	4094	9222	3000383	29800	50000	354	200000	2983026	63460678	282297162	2621	9059504	6824644	4668498
1789732737	109902	92.5	92.2	9380	2852	933	6011	405	0	42087	3948	9417	3000335	29702	50000	380	200000	2984099	63473949	282441342	2618	9062040	6826539	4669621
1789732767	109933	95.0	94.6	9670	2872	1203	8130	299	0	96285	4028	5627	3000268	29462	50000	492	200000	2985034	63484937	282588513	2631	9064562	6828615	4670689
1789732791	109956	94.8	94.3	10686	2952	1998	6440	339	0	71435	3946	8589	3000197	29319	50000	1056	200000	2985444	63492922	282644460	2615	9066611	6830164	4671985
1789732819	109985	94.2	93.9	10901	3220	2846	8289	1243	0	22936	3773	5060	3000144	29116	50000	899	200000	2986288	63504888	282796010	2606	9069056	6830855	4673216
1789732850	110016	98.3	98.2	11259	4960	3767	6302	931	0	7498	4104	9065	2999948	29113	50000	1155	200000	2987255	63520660	282940617	2608	9071332	6832356	4673889
1789732876	110042	95.6	95.1	7303	3853	1049	6405	499	0	7045	4331	5595	3000411	29428	50000	333	200000	2988097	63534252	283039682	2606	9072048	6834022	4675063
1789732910	110075	95.5	95.2	9492	4548	1447	5973	218	0	34070	4159	9459	3000587	29865	50000	646	200000	2988943	63553538	283164388	2614	9074092	6835673	4676426
1789732940	110105	94.9	93.8	8093	3970	4196	9988	1134	0	1514	4474	10141	2998520	28781	49890	1360	200000	2989600	63563005	283257142	2606	9078639	6836936	4679139
1789732971	110137	96.3	95.9	10572	2418	1401	6375	752	0	28497	4156	5373	3000288	29205	50000	358	200000	2990608	63574090	283428720	2616	9079569	6839236	4679831
1789733002	110168	95.4	95.1	7246	4949	1195	7802	142	0	49748	4047	9032	3000411	29473	50000	621	200000	2991475	63587455	283537039	2614	9081320	6841140	4680739
1789733034	110200	96.0	95.7	11999	5750	1339	5756	111	0	90834	4268	9356	3000201	29448	50000	757	200000	2992283	63596304	283655214	2615	9083694	6843224	4681522
1789733059	110224	91.8	91.5	7062	3689	2030	7367	381	0	69656	3865	4968	3000049	29350	50000	950	200000	2992906	63603837	283752123	2610	9085801	6844636	4682448
1789733089	110255	92.6	92.2	11083	3583	2496	6071	709	0	68269	4026	9298	2999767	29133	50000	1019	200000	2993662	63614570	283850814	2612	9088253	6846398	4683367
1789733116	110281	84.2	84.1	10944	6713	3934	7860	893	0	1681	3958	4860	2998812	29214	49816	1041	200000	2994574	63627796	283981422	2608	9090377	6846675	4684834
1789733150	110315	92.9	92.5	9844	3870	3429	7339	2016	0	16271	4163	9628	2998983	29175	50000	1132	200000	2995368	63634564	284108095	2606	9092795	6848589	4685997
1789733178	110344	94.8	94.8	9055	3646	3729	8981	1350	0	6702	4097	5349	2999215	29113	50000	1105	200000	2996289	63647044	284237210	2612	9095210	6850407	4686736
1789733211	110376	95.3	95.1	8940	6485	3910	6354	373	0	2222	4015	9231	2998507	29093	49950	990	200000	2997270	63660484	284378496	2606	9096502	6852102	4687936
1789733238	110404	98.7	98.4	8066	3441	1030	7287	478	0	25609	4199	5360	3000244	29511	50000	295	200000	2998145	63669843	284491380	2618	9098019	6853952	4689065
1789733270	110436	94.6	94.4	7713	5464	1525	6061	189	0	51555	3786	8969	3000341	29473	50000	728	200000	2998930	63679667	284613647	2615	9100175	6855941	4689860
1789733305	110470	95.7	95.3	10193	3910	1427	7654	177	0	57551	3926	9350	3000319	29400	50000	661	200000	2999858	63691062	284777068	2617	9102447	6857795	4690900
1789733328	110493	92.9	92.5	5114	4063	2412	5845	307	0	34558	4075	5268	3000175	29327	49924	1035	200000	3000429	63700149	284863223	2605	9104651	6859050	4691879
1789733360	110526	95.6	95.3	7284	3351	1725	7430	448	0	58274	4171	9587	3000215	29211	50000	880	200000	3001230	63709168	284994282	2610	9107114	6860962	4693351
1789733390	110556	95.5	95.3	8554	3944	1608	5943	426	0	62217	4082	9334	3000254	29347	50000	880	200000	3002012	63719615	285097778	2607	9109249	6862659	4694730
1789733418	110584	95.5	93.9	5931	3351	608	7390	134	0	32284	4322	5655	3000226	29008	50000	267	200000	3002957	63733978	285231780	2606	9111263	6863880	4697166
1789733457	110623	95.1	94.8	11752	2080	1343	6653	534	0	72766	4130	9766	3000357	28941	50000	454	200000	3004015	63750449	285394968	2620	9114373	6866181	4697888
1789733481	110647	94.8	94.4	9489	6093	2865	8655	391	0	45048	3930	8643	3000087	28576	50000	1216	200000	3004448	63758890	285461295	2605	9116570	6867465	4698862
1789733507	110673	93.6	93.1	8156	2150	2890	6344	1110	0	12151	3761	5056	3000072	28471	50000	860	200000	3005298	63770695	285572482	2604	9118663	6868170	4700924
1789733537	110703	94.3	93.9	9073	8573	3016	7968	1669	0	18620	4050	8897	2999580	28371	50000	982	200000	3006163	63781384	285695755	2604	9120733	6869717	4701749
1789733568	110734	94.9	94.6	6831	4288	3558	7123	2014	0	10176	4099	9374	2998931	28205	50000	1182	200000	3006973	63790467	285807221	2604	9123228	6871525	4702728
1789733596	110762	92.9	92.8	12663	2745	3494	8683	1454	0	1522	4143	5421	2998890	28642	49999	880	200000	3007815	63802505	285937953	2609	9125492	6873212	4703692
1789733630	110796	96.5	96.4	14366	4136	1087	5488	416	0	22210	4093	9160	3000327	29121	50000	219	200000	3008897	63815386	286081574	2612	9126067	6875038	4704730
1789733658	110824	93.6	93.1	9441	1904	1216	7277	525	0	25192	4077	5482	3000257	28896	50000	403	200000	3009651	63822977	286211394	2615	9128585	6876845	4705916
1789733689	110855	97.5	97.2	7935	3275	1381	5935	241	0	32769	4174	9269	3000372	28945	50000	612	200000	3010492	63834976	286328866	2616	9130876	6878974	4706712
1789733723	110889	95.9	95.6	8460	2604	1587	7672	391	0	68827	4250	9577	3000326	28964	50000	737	200000	3011573	63846630	286463267	2620	9133122	6880887	4707638
1789733750	110916	97.9	97.4	7882	2528	1536	5865	273	0	52238	4156	5495	3000148	29160	50000	587	200000	3012372	63855684	286605773	2619	9135248	6882264	4709232
1789733782	110948	94.6	94.2	9253	2177	1529	7702	202	0	56529	4194	9570	3000129	28861	50000	786	200000	3013066	63862929	286744641	2604	9137675	6884060	4710553
1789733817	110983	94.3	94.1	12901	5140	1348	5944	313	0	47162	4028	9415	3000383	29178	50000	546	200000	3014079	63876874	286885989	2620	9139943	6885994	4711518
1789733837	111003	93.6	93.1	5147	3688	1993	7632	759	0	82437	4116	5127	3000074	28833	50000	900	200000	3014362	63880745	286939730	2622	9141948	6887389	4712379
1789733866	111032	93.7	93.4	8482	1759	2470	6337	454	0	34166	3949	5055	2999757	28696	49777	1135	200000	3015197	63892851	287067704	2604	9144067	6888516	4714305
1789733902	111068	95.7	95.0	8129	6113	2104	7960	493	0	71527	4287	9725	3000155	29360	50000	710	200000	3016278	63905383	287229074	2619	9146566	6890753	4715093
1789733931	111097	95.9	94.7	13952	5497	3966	6705	2319	0	1089	4036	8892	2999810	29424	49936	1104	200000	3017121	63916687	287369463	2604	9149020	6891188	4716297
1789733958	111124	96.0	96.0	15196	2404	904	6715	388	0	22136	3995	4966	3000278	29771	50000	307	200000	3018100	63926817	287517792	2612	9149492	6892969	4717218
1789733992	111158	90.9	90.5	6925	2207	3622	6878	344	0	2200	4013	9553	2999029	29791	49954	714	200000	3018973	63938253	287629656	2604	9152818	6894462	4718763
1789734020	111186	91.9	91.4	8281	5605	1821	8343	702	0	40176	3845	5291	3000222	29876	50000	683	200000	3019817	63946796	287750443	2614	9154754	6896259	4720254
1789734048	111214	94.1	93.8	7225	5209	1618	6541	387	0	40143	3959	8696	3000211	29984	50000	774	200000	3020483	63956380	287849695	2609	9156595	6897664	4721836
1789734079	111244	94.2	93.1	7094	4126	2047	8808	844	0	27258	4117	9472	3000146	29590	50000	857	200000	3021221	63964605	287946805	2606	9159594	6899550	4723512
1789734111	111277	92.7	92.5	8495	3284	3242	8059	1065	0	17549	3822	9182	2999691	29291	50000	950	200000	3022008	63974142	288071587	2604	9163096	6901133	4725710
1789734142	111308	96.8	96.4	6105	4837	1632	8787	758	0	14964	3964	8742	3000409	29446	50000	479	200000	3022903	63984968	288200868	2609	9164343	6902692	4726905
1789734167	111333	91.7	90.3	7140	1390	3476	7471	312	0	16422	4380	5790	2998885	29024	49929	1156	200000	3023519	63995778	288287604	2605	9167117	6903982	4729096
1789734198	111364	97.6	97.3	10248	5792	1067	8604	394	0	24260	3962	8987	3000253	29413	50000	344	200000	3024297	64004085	288441292	2608	9168790	6905561	4730637
1789734236	111402	95.1	94.8	16030	3116	979	6592	243	0	58959	3864	9141	3000334	29545	50000	455	200000	3025409	64017367	288632145	2617	9171037	6907271	4732088
1789734268	111433	94.2	93.0	13023	4378	1568	8682	365	0	67401	4126	9375	3000157	29373	50000	759	200000	3026207	64026214	288750143	2609	9173427	6908849	4733721
1789734293	111458	93.5	93.2	5400	3123	1271	6245	240	0	113489	3863	4921	3000141	29474	50000	554	200000	3026843	64036243	288844505	2618	9175575	6910704	4734731
1789734315	111481	92.6	91.9	10287	2874	3400	8267	1744	0	15290	3553	4593	2998960	29148	50000	1260	200000	3027534	64048617	288943360	2608	9177956	6910998	4735646
1789734346	111512	94.4	94.0	11310	5334	3160	6519	1853	0	20718	4147	9139	2998646	28815	49954	1147	200000	3028320	64057184	289072517	2606	9180316	6912846	4736875
1789734379	111545	93.6	93.2	10271	6373	3820	8199	1970	0	1555	4046	9176	2999272	29096	49974	1100	200000	3029183	64069736	289215566	2606	9182517	6914366	4738298
1789734411	111577	93.6	93.5	7471	1751	4014	6056	522	0	2946	3805	8959	2998953	28836	49847	1451	200000	3029994	64079155	289330435	2606	9183835	6916078	4739346
1789734437	111603	94.2	93.4	6711	3029	3470	8654	2311	0	2709	3870	5381	2999502	28985	50000	844	200000	3030698	64090410	289417697	2606	9187317	6917994	4740440
1789734466	111632	93.3	92.8	8501	1750	3496	7702	1816	0	6350	4112	9328	2999382	28957	49782	1199	200000	3031361	64098583	289472975	2606	9189784	6919027	4742995
1789734499	111665	95.9	95.8	13345	5241	3379	9198	1395	0	5826	4406	9434	2998893	29070	50000	808	200000	3032354	64109317	289623250	2607	9192130	6921167	4743442
1789734530	111696	97.0	96.8	7540	5062	654	6347	199	0	28479	4039	5367	3000612	29662	50000	343	200000	3033489	64125479	289783160	2611	9192505	6922864	4744646
1789734565	111730	97.4	96.9	10352	7350	1270	8423	215	0	75351	4127	9551	3000208	29349	50000	663	200000	3034409	64134720	289932344	2628	9194991	6924968	4745529
1789734593	111759	97.1	96.9	5892	4112	1223	5830	222	0	94982	3863	9176	3000243	29507	50000	644	200000	3035104	64148797	290013901	2622	9197052	6926896	4746303
1789734622	111788	97.0	96.5	9359	6048	3359	7886	1380	0	18295	3961	9105	3000091	29213	49811	1238	200000	3035891	64157872	290140969	2607	9199516	6927693	4747212
1789734647	111813	97.3	96.3	6438	2306	1876	6469	341	0	91904	4545	6203	3000124	29253	50000	935	200000	3036541	64165571	290234546	2618	9201863	6929652	4749638
1789734679	111845	96.0	95.9	10129	5949	2139	8237	769	0	71153	4345	9594	2999751	29577	49981	679	200000	3037248	64172034	290375993	2607	9204168	6931124	4750925
1789734706	111872	94.6	94.1	15016	3950	3036	7601	1877	0	3120	3915	5088	2998505	29566	50000	926	200000	3038176	64182810	290535947	2609	9206230	6931484	4752312
1789734739	111905	95.4	94.9	7793	5741	3515	9298	1282	0	5819	4688	10099	2998920	29660	49990	935	200000	3039046	64191225	290660557	2608	9208462	6933126	4753071
1789734768	111934	96.8	96.4	9755	2040	1553	5699	435	0	27973	4554	6396	3000347	29836	50000	456	200000	3039943	64204059	290784855	2618	9209459	6934775	4754451
1789734801	111967	93.6	93.3	12155	3467	1090	7303	162	0	50135	4649	10654	3000208	29746	50000	488	200000	3040646	64212964	290898071	2613	9211353	6936413	4755842
1789734835	112001	95.7	94.9	7475	4498	1270	6070	219	0	44197	4441	10376	3000283	29483	50000	725	200000	3041553	64224735	291028579	2608	9213627	6938126	4757231
1789734861	112027	92.0	91.3	9422	4605	2156	7831	88	0	65633	4246	5804	3000722	29648	50000	893	200000	3042225	64236758	291104852	2608	9216093	6939602	4757908
1789734890	112056	91.8	91.3	7297	2926	1916	6274	422	0	63322	4239	9564	3000088	29185	50000	1047	200000	3042818	64243694	291189398	2608	9218294	6941325	4759980
1789734923	112089	93.0	92.8	8538	4174	1309	7655	259	0	63120	4027	9246	3000247	29645	50000	667	200000	3043670	64258912	291300697	2608	9220357	6942908	4761365
1789734953	112119	94.8	94.5	9787	4397	1427	5449	36	0	99090	3902	5520	3000248	29692	50000	613	200000	3044613	64267911	291441472	2623	9222612	6944550	4762367
1789734981	112147	94.1	93.8	12080	1945	2332	7518	497	0	77136	4054	9344	2999510	29624	49902	1172	200000	3045155	64275734	291536243	2608	9224802	6945931	4763842
1789735005	112171	93.4	92.8	11339	6150	3285	6030	1684	0	1641	3729	4875	2998991	29166	50000	1169	200000	3045956	64282199	291660459	2608	9226952	6946532	4764681
1789735036	112202	95.7	94.6	7081	6261	2840	7564	1033	0	37921	4163	9686	2999536	29215	50000	946	200000	3046637	64290932	291755444	2608	9229378	6948962	4765601
1789735070	112236	95.1	94.8	9888	2465	3171	7009	1439	0	26360	4036	9711	3000051	29806	50000	1076	200000	3047483	64308778	291872470	2609	9231748	6950478	4767090
1789735096	112262	94.2	94.0	9446	6397	2807	8701	1724	0	15540	4140	5340	2998815	29841	49903	1051	200000	3048318	64321009	291983305	2608	9233714	6951417	4769283
1789735128	112294	95.1	93.6	8947	3456	3253	7457	1781	0	14198	4376	9669	2999274	29583	50000	1035	200000	3049046	64327658	292101177	2608	9236130	6953282	4770170
1789735156	112322	95.1	94.6	6990	3036	3710	9628	2239	0	9843	3973	5411	2998820	29414	49888	1311	200000	3049853	64338004	292241232	2608	9238594	6954449	4772163
1789735191	112357	96.1	96.1	9906	6712	3699	7295	1255	0	1433	4020	9104	2998855	29709	49991	992	200000	3050771	64348873	292404829	2609	9241046	6956532	4772750
1789735220	112386	98.4	98.2	10761	4447	887	7298	405	0	30901	3935	5181	3000498	30225	50000	210	200000	3051702	64368800	292528797	2617	9241560	6958396	4773848
1789735253	112418	94.4	94.1	10439	4131	1396	5714	178	0	61699	4066	9313	3000239	29973	50000	718	200000	3052580	64377324	292653552	2613	9243704	6960383	4774569
1789735283	112449	94.2	93.9	7265	3353	1258	7293	109	0	78982	4106	9617	3000244	29921	50000	609	200000	3053339	64388345	292760997	2613	9245866	6962221	4775624
1789735310	112476	92.0	91.2	11684	6103	3412	5951	1432	0	24406	4457	5694	3000099	29722	49900	1301	200000	3054008	64398165	292886646	2608	9248242	6962992	4776282
1789735345	112511	95.1	94.7	10218	1077	1344	7372	404	0	61714	4371	10187	3000329	30152	50000	545	200000	3054920	64409144	293013243	2617	9250846	6965492	4778205
1789735368	112534	93.3	92.6	6649	2702	1269	5653	103	0	65398	4115	5435	3000192	29836	50000	648	200000	3055607	64418125	293103977	2612	9252690	6967120	4779492
1789735401	112567	93.6	93.1	11189	3854	1502	7491	112	0	97760	4095	9630	3000167	29746	50000	843	200000	3056377	64427705	293209152	2616	9255254	6969271	4780239
1789735431	112597	94.5	94.1	9445	5906	2418	6065	372	0	38986	4103	9059	3000148	29918	49987	1154	200000	3057129	64440382	293311698	2609	9257496	6970741	4781325
1789735462	112627	97.2	96.8	8558	1821	1626	7841	163	0	88829	4274	6001	3000248	30041	50000	944	200000	3058066	64452487	293450523	2622	9259935	6972924	4782766
1789735490	112656	96.9	96.5	11399	5259	2322	6100	743	0	60434	4178	9373	3000069	29910	50000	925	200000	3058649	64458825	293556364	2609	9262237	6974311	4783465
1789735517	112682	94.0	93.6	7582	3249	2151	8019	199	0	67482	3864	5226	3000108	29916	49926	1207	200000	3059497	64470146	293664285	2608	9264490	6976188	4785253
1789735551	112717	95.1	94.5	12697	2119	3302	6874	1240	0	75974	3981	9405	3000232	29767	49971	1518	200000	3060435	64485097	293819034	2611	9267107	6977581	4785818
1789735576	112742	94.8	94.4	6865	2062	2384	8381	808	0	68875	4276	9481	3000042	29635	49994	1163	200000	3060949	64494325	293883598	2608	9269266	6979408	4787703
1789735614	112779	95.7	95.5	10128	2237	1524	6732	514	0	56042	4127	9506	3000137	29844	50000	714	200000	3062115	64509692	294044905	2614	9271547	6981360	4789329
1789735641	112807	95.1	93.6	5131	2565	1713	8571	267	0	50165	4533	5834	3000157	30063	50000	619	200000	3062916	64518113	294179793	2608	9273724	6982580	4791283
1789735669	112835	95.2	94.8	7925	4415	1618	6301	258	0	73297	4175	9264	3000077	29886	50000	872	200000	3063475	64521748	294297300	2620	9275835	6984471	4792235
1789735700	112866	94.0	93.6	7497	5986	1330	7794	219	0	89519	3965	5492	3000279	30085	50000	638	200000	3064434	64534158	294445244	2621	9277968	6986109	4793308
1789735726	112892	93.3	91.7	12941	6201	3590	5870	2046	0	13116	4336	9350	2998867	29696	50000	1312	200000	3064901	64541777	294524827	2608	9280253	6986257	4794266
1789735759	112925	93.3	92.9	7306	2665	2399	7728	689	0	74386	4115	5776	2999553	29617	49963	978	200000	3065820	64550460	294658772	2613	9282648	6988892	4796277
1789735790	112956	94.2	94.2	10142	6403	3532	6524	1452	0	10016	4162	8874	2998516	29698	49965	764	200000	3066813	64562614	294821742	2608	9284997	6989641	4797167
1789735820	112985	92.6	92.5	11195	3621	804	6717	416	0	10914	3926	5163	3000352	30178	50000	229	200000	3067881	64574476	294973519	2614	9285616	6991432	4798336
1789735851	113017	94.6	94.0	6549	2830	1613	5542	277	0	50746	3871	8916	3000354	29713	50000	632	200000	3068682	64585311	295090814	2621	9288430	6993368	4799647
1789735877	113043	93.7	93.3	6391	5663	1923	7459	530	0	76576	3988	9230	3000151	29705	50000	961	200000	3069179	64596249	295142382	2618	9290674	6995249	4800335
1789735913	113079	95.7	95.5	8866	3674	1138	5998	138	0	66532	4033	9597	3000409	29973	50000	557	200000	3070280	64609714	295301449	2618	9292578	6996960	4801911
1789735936	113102	94.2	92.8	5524	4962	1706	7888	75	0	70538	4147	5400	3000120	29631	50000	840	200000	3070775	64619728	295386683	2614	9294856	6998387	4803278
1789735968	113134	94.8	94.2	8208	3610	1986	6846	29	0	99136	4132	9717	3000091	29077	50000	1223	200000	3071553	64628722	295499076	2624	9297480	7000261	4804786
1789736001	113167	95.0	94.6	7709	5757	2548	8757	972	0	39889	3931	9096	3000176	28928	50000	1075	200000	3072469	64643526	295621396	2617	9300038	7001621	4806501
1789736028	113194	92.6	92.1	9560	2411	2566	6959	601	0	69511	4212	5689	2999026	28574	49962	1026	200000	3073102	64652659	295731299	2627	9302539	7002779	4808766
1789736058	113224	94.9	94.1	13976	3943	2983	8412	1635	0	20416	4245	9551	2999732	28494	50000	965	200000	3073990	64663358	295863719	2618	9304671	7004002	4809705
1789736086	113252	93.7	93.4	10858	3373	2904	7384	1608	0	18175	4062	5456	2999513	28792	50000	881	200000	3074803	64676252	295968227	2618	9307084	7005750	4811091
1789736117	113283	94.2	94.3	10803	6475	3620	9211	1316	0	5268	4078	9241	2998401	28860	49840	780	200000	3075619	64685927	296106546	2618	9309283	7006924	4812167
1789736149	113315	97.1	96.8	13284	1701	1116	5725	438	0	35053	4028	5233	3000559	29557	50000	432	200000	3076677	64698673	296293120	2638	9309976	7008671	4813334
1789736183	113348	94.8	94.4	11586	5101	1288	7588	394	0	55913	3881	9021	3000293	29310	50000	614	200000	3077590	64710575	296430876	2633	9312209	7010419	4814593
1789736212	113377	93.8	93.5	6272	2795	1550	6092	539	0	99817	3871	9090	3000219	29277	50000	753	200000	3078271	64718165	296526290	2638	9314525	7012249	4815813
1789736241	113407	93.5	93.1	12873	3202	1730	7835	440	0	70267	4161	9408	3000065	29106	50000	953	200000	3078913	64729771	296614293	2624	9316672	7013814	4817107
1789736271	113437	94.6	94.4	9008	6989	1891	5995	650	0	53223	3951	5381	3000135	29458	50000	442	200000	3079798	64744656	296763265	2623	9318753	7014977	4818318
1789736300	113466	93.3	92.7	11650	7026	4438	8338	2448	0	1842	3812	8782	2998709	28716	49906	1499	200000	3080639	64757290	296894174	2621	9321277	7015577	4819360
1789736327	113493	98.3	98.0	13561	1608	2784	5947	1819	0	1940	4077	5347	2999771	29148	50000	603	200000	3081284	64762499	296991249	2620	9323262	7017330	4820548
1789736359	113525	98.9	98.8	14109	4336	943	6216	277	0	20432	3966	8927	3000621	29517	50000	319	200000	3082358	64783838	297122252	2636	9323845	7019044	4821271
1789736392	113558	96.5	96.0	9209	2283	3570	6617	676	0	16399	3987	9380	2999155	29068	49899	964	200000	3083174	64794286	297257592	2622	9327454	7021006	4822476
1789736422	113588	97.8	97.5	14220	4619	1216	7369	205	0	53273	4217	5597	3000606	29630	50000	573	200000	3084174	64811290	297388603	2637	9328539	7022990	4823143
1789736456	113622	97.8	97.5	14623	2718	1177	5633	319	0	59781	4295	9749	3000471	29673	50000	536	200000	3085065	64826055	297529371	2635	9330777	7024849	4824280
1789736481	113647	96.6	77.3	6802	2956	1467	7381	74	0	64658	4506	5918	3000176	29543	50000	339	200000	3085824	64836333	297619905	2621	9332951	7026258	4826176
1789736508	113674	92.7	92.1	7478	3831	1819	6379	27	0	95994	4447	9706	3000142	29322	50000	1131	200000	3086142	64841611	297694710	2629	9335436	7028154	4826886
1789736538	113703	93.9	93.5	12017	3944	2467	8244	679	0	38259	3956	5352	3000063	28988	50000	1045	200000	3087095	64852949	297834681	2629	9337900	7029302	4828612
1789736566	113732	93.6	93.3	7573	5608	2966	6519	1530	0	20227	4242	9151	2999021	29255	49995	969	200000	3087860	64861174	297959621	2629	9339858	7030299	4829723
1789736596	113762	93.7	93.4	10174	3841	2338	8318	1592	0	27907	4043	5457	2998911	29605	50000	310	200000	3088765	64872782	298102044	2633	9342221	7032061	4830907
1789736626	113791	93.1	92.4	8146	1272	2912	7488	902	0	14770	4108	9642	2999208	29088	50000	869	200000	3089384	64878397	298195055	2629	9345005	7033446	4833210
1789736658	113824	93.2	93.0	8298	6315	3613	9396	1203	0	14660	4430	9596	2999590	29946	49937	834	200000	3090363	64892358	298314773	2629	9347367	7034970	4834033
1789736689	113855	97.7	97.4	12690	2652	1134	6276	512	0	32566	4069	5320	3000390	30263	50000	380	200000	3091440	64907248	298480450	2646	9348063	7036759	4835092
1789736722	113888	88.2	87.8	11556	2742	1174	7954	213	0	76825	3966	9091	3000207	30056	50000	682	200000	3092246	64918637	298599025	2644	9349994	7038638	4836125
1789736750	113916	94.7	94.4	6101	3940	1631	5601	179	0	99337	3975	9041	3000134	29972	50000	898	200000	3092835	64929760	298685199	2634	9352183	7040449	4836945
1789736776	113942	94.3	94.0	10087	5249	2947	7369	1185	0	32316	3800	4963	2999118	29820	50000	928	200000	3093601	64936883	298815488	2630	9354557	7041305	4837653
1789736810	113976	94.5	94.4	10777	6861	4464	6401	700	0	15685	4285	9396	2998687	29225	49917	1711	200000	3094764	64953765	298961597	2630	9357226	7042900	4838207
1789736836	114002	94.8	93.9	5351	2853	2851	7671	1054	0	23828	4070	5696	2999288	29512	49980	681	200000	3095321	64962174	299045073	2630	9359473	7045151	4840178
1789736868	114033	95.6	95.3	9087	6796	2950	7352	1691	0	9180	4318	9428	3000005	29594	50000	719	200000	3096232	64982400	299160791	2630	9361506	7046426	4841211
1789736901	114067	95.0	94.8	9389	3427	3701	9366	848	0	8766	4524	9930	2998994	29300	50000	1184	200000	3097129	64993624	299297828	2630	9364035	7048107	4842126
1789736926	114092	93.0	92.1	6977	2908	3660	6326	2165	0	1034	3959	5366	2999814	29136	50000	1252	200000	3097652	65003586	299365088	2630	9366341	7049545	4843669
1789736961	114127	95.7	95.5	12350	2809	3486	7844	1324	0	13967	4155	9434	2999533	29306	49969	935	200000	3098572	65019134	299509739	2630	9368791	7051836	4844104
1789736990	114156	98.1	97.9	8435	5192	819	5126	259	0	30758	3967	5283	3000606	29934	50000	319	200000	3099646	65037917	299656254	2644	9369119	7053532	4845290
1789737023	114188	94.3	94.0	10174	2916	1330	7070	286	0	63974	4204	9810	3000291	29726	50000	636	200000	3100484	65048486	299777603	2640	9371508	7055514	4846167
1789737049	114215	94.7	92.0	7752	2857	873	5945	118	0	23683	4740	6162	3000214	29587	50000	503	200000	3101237	65059799	299878760	2630	9373711	7056769	4848276
1789737084	114250	94.7	94.4	10648	7561	1319	7833	288	0	70251	4298	10003	3000336	29572	50000	630	200000	3102054	65073847	300019802	2651	9376256	7058830	4849118
1789737106	114272	93.0	92.7	6876	3611	2027	6002	518	0	47385	4122	5280	3000189	29606	50000	910	200000	3102561	65084166	300104032	2630	9378190	7060189	4849884
1789737137	114303	92.9	92.5	8847	2185	2350	8025	8	0	55037	4379	9775	3000053	29264	50000	1328	200000	3103207	65091490	300207492	2630	9380533	7061546	4851615
1789737173	114339	95.5	94.7	7705	3176	1365	6281	158	0	59338	4579	10073	3000146	29091	50000	621	200000	3104221	65100273	300367654	2635	9382820	7063200	4853934
1789737198	114364	90.3	89.8	8670	3737	2108	8152	20	0	86422	4176	5552	3000040	28729	50000	1255	200000	3104795	65106851	300449571	2643	9385205	7064796	4854740
1789737236	114402	95.1	94.9	6702	5046	1449	7338	329	0	64526	4163	9806	3000200	28725	50000	616	200000	3105912	65121436	300616270	2638	9387999	7066656	4856924
1789737259	114425	95.4	95.1	8153	4486	1835	8860	302	0	61993	3992	5238	3000145	28672	50000	731	200000	3106519	65131116	300710074	2633	9389930	7068085	4857683
1789737288	114454	96.9	96.6	7858	5517	2481	6845	831	0	51644	4241	9634	3000007	28496	49961	1034	200000	3107232	65138887	300805467	2634	9392309	7069724	4859139
1789737323	114488	95.8	95.4	11106	1877	1746	8852	207	0	70835	4549	9790	3000006	28117	50000	1156	200000	3108241	65148718	300953038	2643	9394628	7071509	4861196
1789737349	114515	98.3	97.8	9738	5492	2269	6618	761	0	60372	4267	5532	3000190	28346	50000	917	200000	3109026	65161950	301088066	2643	9396874	7072694	4861922
1789737380	114546	96.1	95.6	9607	3587	1730	8469	472	0	72467	4243	9621	3000199	28122	50000	858	200000	3109811	65173331	301200756	2642	9399257	7074642	4863798
1789737416	114582	96.1	95.8	6248	3400	1764	6089	382	0	50776	4224	9574	3000438	28181	50000	931	200000	3110813	65189924	301352095	2646	9401618	7076396	4865152
1789737441	114607	97.6	97.4	11916	2107	1115	7392	181	0	55322	4144	5274	3000350	28408	50000	614	200000	3111549	65200413	301471100	2649	9403619	7078209	4866234
1789737475	114641	93.5	93.2	12198	4283	1202	5777	75	0	67894	4010	9202	3000169	28294	50000	722	200000	3112548	65210858	301609639	2647	9405845	7080217	4867133
1789737502	114668	92.0	90.7	6971	5332	1712	7513	69	0	74920	4213	5541	3000328	28259	50000	830	200000	3113297	65221778	301712996	2641	9408079	7081850	4868110
1789737536	114702	95.5	95.3	11049	3272	1256	5721	164	0	108208	4114	9554	3000363	28375	50000	712	200000	3114052	65231617	301840337	2653	9410388	7083904	4869110
1789737557	114723	90.0	89.4	8996	6767	3590	7604	1674	0	37699	3934	5022	3000075	28054	49874	1447	200000	3114644	65240246	301928852	2636	9412782	7084355	4869736
1789737587	114752	96.4	94.6	5885	5453	2810	5814	1571	0	16334	4458	9647	2999320	28079	50000	855	200000	3115353	65248060	302041754	2636	9414881	7086131	4871153
1789737616	114782	85.0	84.7	7538	3547	3206	7910	1392	0	12044	4118	5448	2999320	28114	50000	1001	200000	3115999	65261574	302135154	2636	9417232	7087446	4873084
1789737652	114818	94.1	94.0	12792	7087	3684	7569	1086	0	25468	4203	9666	2999068	27935	49937	1085	200000	3117132	65273532	302307278	2639	9419749	7089361	4873388
1789737683	114849	97.6	97.3	8394	4613	904	7572	239	0	30087	3939	5065	3000444	28425	50000	502	200000	3118253	65289069	302493301	2650	9420116	7090881	4874708
1789737714	114879	94.4	93.9	7005	5295	1129	5039	424	0	108432	4154	9504	3000198	28489	50000	436	200000	3119020	65298534	302608380	2653	9422499	7092816	4875923
1789737737	114902	92.7	92.1	11697	5140	1622	6841	186	0	85999	3778	4819	3000093	28500	50000	880	200000	3119538	65308485	302694369	2649	9424556	7094369	4876934
1789737769	114935	94.2	93.8	10014	5719	2380	5998	634	0	64527	4429	9731	3000013	28279	50000	964	200000	3120416	65316546	302821047	2641	9426872	7095862	4877788
1789737796	114962	93.8	93.4	7429	3806	2786	7906	747	0	21458	3893	5145	2998838	28147	49830	997	200000	3121205	65328824	302948563	2639	9429192	7097066	4879488
1789737828	114994	95.0	94.6	11729	7401	3644	7005	1999	0	3976	4120	9118	2998940	28169	50000	1015	200000	3122145	65340612	303091838	2639	9431650	7098440	4880149
1789737861	115027	94.9	94.9	8173	3696	3721	8905	1325	0	11029	4256	9610	2998366	28010	49930	1004	200000	3123155	65353715	303227802	2639	9434112	7100232	4881022
1789737888	115053	98.2	97.8	12678	2681	939	4750	485	0	6708	4222	5400	3000347	28457	50000	245	200000	3123997	65366050	303364944	2640	9434761	7101923	4882308
1789737921	115087	90.6	90.1	7624	3195	3628	8168	1147	0	956	4359	9850	2998738	27860	49931	835	200000	3124732	65379963	303467259	2639	9438666	7103474	4884254
1789737949	115114	96.5	96.2	10880	2447	1376	6066	403	0	27428	4221	5327	3000254	28113	50000	517	200000	3125632	65391083	303608665	2649	9439425	7105224	4885303
1789737981	115147	94.5	94.1	12615	3152	951	7864	350	0	20150	4206	9620	3000270	28076	50000	363	200000	3126492	65401374	303744148	2644	9441777	7107043	4886611
1789738015	115180	92.1	91.7	8319	2755	1566	5901	286	0	59960	4262	5692	3000304	28146	50000	731	200000	3127460	65412433	303912879	2665	9444041	7108837	4887788
1789738044	115210	91.5	91.2	11872	2697	1156	7663	275	0	103425	4076	9247	3000289	28244	50000	630	200000	3128094	65421586	304006861	2654	9446071	7110572	4888951
1789738069	115235	92.7	92.3	10771	4167	2823	6221	841	0	30106	3989	5093	3000339	28440	49986	927	200000	3128745	65433856	304102163	2636	9448464	7111578	4889787
1789738102	115268	91.6	91.6	14364	6127	3886	8004	1188	0	5507	3974	9085	2999571	28504	49940	1106	200000	3129705	65448156	304253439	2639	9450830	7112665	4890302
1789738132	115297	95.9	95.6	14210	2999	1021	4530	452	0	18171	4132	5298	3000385	28909	50000	314	200000	3130644	65462136	304383974	2645	9451454	7114513	4891527
1789738164	115330	97.6	97.3	14875	2919	1253	6298	232	0	88492	4323	9564	3000220	28815	50000	637	200000	3131488	65475143	304514678	2650	9453556	7116568	4892375
1789738186	115352	93.7	93.3	6852	4221	2014	5933	456	0	83533	3731	4824	3000227	28746	50000	912	200000	3132016	65485507	304591120	2645	9455810	7118050	4893201
1789738217	115382	95.1	94.6	10194	6768	2918	7642	1276	0	34276	3985	9249	2999202	28621	50000	938	200000	3132839	65493736	304713949	2638	9458118	7119161	4894075
1789738250	115415	98.1	97.7	14508	3947	3104	5992	1851	0	2530	4038	9302	2999348	28854	50000	794	200000	3133928	65506470	304869283	2638	9460363	7120765	4894989
1789738276	115442	95.8	95.8	12888	3781	868	6114	414	0	24200	4229	5258	3000446	29296	50000	243	200000	3134953	65521297	305002078	2649	9460998	7122632	4895403
1789738308	115474	93.5	93.2	10493	3202	815	6098	307	0	15062	4089	5659	3000300	29447	50000	56	200000	3135917	65535057	305142058	2638	9463346	7124251	4897058
1789738346	115512	96.1	95.9	12995	2552	1004	8296	355	0	100502	4170	9837	3000262	29493	50000	404	200000	3136917	65545941	305331602	2669	9465928	7126293	4898243
1789738367	115533	90.5	89.8	9935	3110	2531	6551	460	0	50414	3776	4712	3000024	28931	50000	938	200000	3137380	65557083	305382847	2648	9468107	7127500	4899276
1789738397	115562	92.8	92.5	12941	5676	3235	8050	1832	0	1986	4192	9171	2998656	28894	50000	638	200000	3138297	65567711	305518801	2640	9470192	7128529	4900026
1789738427	115593	97.8	97.6	9520	5724	954	4668	225	0	18606	4074	5380	3000626	29308	50000	417	200000	3139529	65585646	305677835	2651	9470811	7130120	4901130
1789738461	115626	92.2	92.0	8527	6026	1032	6826	200	0	103892	4094	9274	3000231	29189	50000	407	200000	3140300	65593186	305811080	2679	9473053	7132004	4902260
1789738490	115656	94.0	93.6	9635	3484	1967	6300	304	0	107575	4109	9124	3000072	28796	49993	923	200000	3140943	65601220	305915820	2665	9475428	7133624	4903486
1789738517	115683	93.2	93.0	15008	15008	1201	6316	580	0	10642	4072	4739	3000338	29013	50000	376	200000	3141978	65612527	306094322	2641	9476071	7134007	4903767
1789738548	115714	94.2	94.0	6910	3398	968	4810	274	0	32255	4154	5680	3000394	28952	50000	298	200000	3143068	65630485	306224337	2659	9478305	7135944	4904948
1789738582	115748	94.7	94.2	10652	2413	1226	6742	132	0	68291	4155	9356	3000328	28842	50000	797	200000	3144008	65642321	306360825	2656	9480525	7137843	4906009
1789738615	115781	95.2	94.8	13236	3143	1445	6179	250	0	89072	4166	9606	3000224	28808	50000	657	200000	3144917	65658801	306473558	2655	9482923	7139699	4907233
1789738636	115802	92.8	91.6	5984	3595	1848	8075	743	0	87022	4356	5392	3000159	28762	50000	682	200000	3145300	65668900	306529722	2647	9485235	7140976	4908262
1789738669	115834	94.3	94.0	12437	4731	2898	6487	2061	0	8806	4590	9869	2998860	28694	50000	692	200000	3146273	65679761	306684484	2639	9487523	7141633	4909531
1789738698	115864	98.3	98.3	13957	2208	833	6680	282	0	31475	4452	5682	3000365	29043	50000	163	200000	3147457	65693988	306842617	2667	9488044	7143305	4910213
1789738735	115900	95.4	95.2	16585	3980	800	5771	255	0	11294	4440	9953	3000361	29196	50000	60	200000	3148491	65708382	306994044	2652	9490397	7144734	4912062
1789738767	115933	94.4	93.9	16712	2028	1116	7817	277	0	72248	4547	5807	3000213	29014	50000	436	200000	3149358	65716782	307142815	2669	9492934	7146633	4913321
1789738787	115953	92.4	92.0	7926	3077	1392	6143	171	0	89821	3829	4936	3000259	28822	50000	711	200000	3149744	65724337	307191873	2663	9494885	7148563	4914032
1789738815	115981	94.6	94.1	10437	6519	3322	8026	1692	0	29959	4185	9180	2999299	28605	50000	1164	200000	3150525	65732344	307310737	2654	9497339	7149103	4914635
1789738846	116012	94.2	93.9	10698	2829	2797	5998	1177	0	28110	4240	5801	2999838	28776	50000	874	200000	3151411	65747882	307435932	2655	9499635	7151379	4915791
1789738878	116044	94.5	94.4	10144	9895	3982	7864	1150	0	2635	4066	9183	2998899	28626	50000	1165	200000	3152494	65765359	307573562	2655	9501996	7152631	4916331
1789738911	116077	94.2	93.8	10687	1651	3335	7301	1358	0	15472	4233	9541	2999024	28855	49989	756	200000	3153277	65776046	307694987	2652	9504353	7154677	4917588
1789738942	116107	97.4	97.3	11861	2951	816	7303	122	0	59619	4065	5244	3000407	29291	50000	319	200000	3154394	65789188	307879905	2675	9504582	7156363	4918570
1789738983	116149	94.9	94.6	18295	3155	942	6075	181	0	75028	4234	9775	3000340	29443	50000	382	200000	3155629	65801702	308103950	2682	9507220	7158388	4919719
1789738996	116161	84.5	82.7	5280	4860	3051	7877	1990	0	10072	4149	4622	2998662	29167	50000	912	200000	3155705	65803474	308118455	2652	9509172	7158594	4920326
1789739026	116192	93.2	92.7	9858	2198	3785	6675	2057	0	16167	4376	5943	2998281	28557	50000	1358	200000	3156622	65815274	308243785	2652	9511755	7160038	4921989
1789739059	116224	98.1	98.0	7807	6370	3184	8165	921	0	8391	4237	9636	2998794	28556	49968	917	200000	3157566	65826715	308395439	2653	9513927	7161834	4923365
1789739086	116252	96.6	96.3	7871	3732	3965	6894	382	0	5248	4174	5449	2998449	28663	49947	1097	200000	3158555	65840646	308521304	2657	9515461	7163684	4924149
1789739122	116288	96.4	96.0	15889	3033	1224	7880	365	0	24320	4542	9874	3000342	29112	50000	468	200000	3159576	65853878	308687902	2657	9516986	7165609	4925119
1789739154	116320	97.1	95.9	9587	3380	663	5649	261	0	23561	4164	9469	3000433	29541	50000	227	200000	3160489	65868490	308812027	2654	9519091	7167198	4926738
1789739180	116346	93.2	92.7	8200	2939	1807	7701	263	0	60026	4308	5726	3000199	29407	50000	827	200000	3161185	65876878	308909828	2658	9521543	7169027	4927474
1789739212	116377	93.8	93.3	8239	2654	1265	6139	262	0	56861	4393	9587	3000231	29440	50000	698	200000	3161953	65889464	309018044	2656	9523927	7170889	4929238
1789739237	116403	94.2	93.9	6706	2998	1095	7686	31	0	87978	3921	5328	3000276	29996	50000	383	200000	3162633	65903696	309107678	2667	9525955	7172547	4930006
1789739267	116433	92.6	89.7	13255	4463	3743	6710	490	0	14930	4830	9756	3000004	29434	49976	1566	200000	3163300	65912449	309219209	2651	9528504	7173279	4932003
1789739309	116475	94.4	94.1	8886	3119	1577	8744	212	0	107432	4358	10550	3000186	29280	50000	898	200000	3164462	65924345	309401916	2677	9531222	7176052	4933795
1789739327	116492	93.7	93.0	7878	7369	3604	6259	1911	0	12302	3786	4596	2999419	29052	49958	984	200000	3164893	65933456	309479592	2651	9533444	7176436	4934560
1789739361	116527	93.7	93.7	7641	4020	3668	8173	1332	0	9804	4048	9311	2998793	29304	49957	901	200000	3165932	65951175	309619188	2651	9535831	7177981	4935668
1789739393	116558	97.1	96.8	9128	3588	899	4704	366	0	35098	4242	5444	3000230	29562	50000	319	200000	3167044	65962225	309774526	2664	9536325	7179907	4936544
1789739424	116590	89.2	88.6	7080	3822	1599	6628	27	0	73574	3992	9111	3000219	29277	50000	846	200000	3167669	65970795	309874533	2662	9538583	7181802	4937435
1789739448	116614	93.7	93.0	12275	4074	2260	5994	841	0	76524	4172	5295	3000099	29000	50000	1086	200000	3168220	65978474	309974188	2659	9540879	7183328	4938359
1789739480	116646	95.4	95.0	12366	2177	1654	7842	416	0	73552	4347	9781	3000043	29140	50000	794	200000	3168980	65990492	310094063	2656	9543307	7184877	4940346
1789739509	116674	93.6	93.1	9108	5651	2569	6302	1196	0	57378	3863	5065	3000045	29027	50000	952	200000	3169897	65999620	310237135	2653	9545459	7185968	4941398
1789739536	116702	94.1	93.8	10004	5807	3117	8047	715	0	30177	4225	9522	2999765	28620	49998	1113	200000	3170544	66007661	310320488	2651	9547602	7187400	4942855
1789739572	116738	95.4	95.0	12366	1334	2081	6795	698	0	70956	4171	9701	3000160	28836	50000	1032	200000	3171500	66022211	310477865	2652	9549887	7189442	4944518
1789739599	116765	93.9	93.5	9109	3111	2001	8355	706	0	71015	4103	5314	3000432	29063	50000	802	200000	3172301	66029523	310617873	2652	9551927	7190669	4946007
1789739631	116797	94.0	93.5	8676	6893	2738	6973	737	0	52728	4096	9375	3000027	28767	49969	1112	200000	3173130	66038132	310740753	2653	9554119	7191998	4947113
1789739657	116822	93.9	93.5	6576	5339	2778	8641	1061	0	11629	3927	5211	3000076	28770	50000	963	200000	3173820	66049369	310840643	2653	9556246	7192996	4948874
1789739687	116852	94.5	93.9	8917	6018	3180	7122	1723	0	32940	4090	9501	2999496	28594	50000	1092	200000	3174589	66059107	310950229	2653	9558796	7194825	4949699
1789739722	116888	94.7	94.1	10168	3094	3343	8938	1207	0	40987	3930	9414	3000003	28422	50000	1475	200000	3175492	66071325	311089748	2653	9561198	7196996	4951007
1789739748	116913	92.7	92.2	6236	4049	2734	6888	1283	0	41942	3921	5338	3000005	28386	49863	1038	200000	3176140	66083017	311191915	2653	9563544	7198133	4953451
1789739777	116943	95.0	94.6	9569	4988	3302	8449	1852	0	20359	4127	9330	2998920	27968	50000	1149	200000	3176961	66092147	311327920	2653	9565716	7199560	4954427
1789739806	116972	94.3	94.0	9938	2347	3313	7384	1547	0	17022	3937	5382	2998999	28052	50000	1215	200000	3177710	66101951	311453844	2653	9568027	7201413	4955529
1789739836	117002	93.7	93.5	6258	4488	3166	9315	1646	0	19431	4066	9357	2998449	28180	49961	1056	200000	3178494	66111154	311558083	2653	9570432	7202942	4957337
1789739870	117036	95.2	94.9	7888	5318	3324	7135	1746	0	5512	4098	9090	2999011	28398	50000	780	200000	3179483	66121433	311712767	2654	9572494	7204759	4958291
1789739898	117064	96.5	96.4	8538	3874	4057	7895	388	0	12792	4214	5418	2999090	28474	49885	1423	200000	3180424	66131599	311861033	2657	9573728	7206255	4959168
1789739929	117095	97.7	97.4	9700	5524	1189	5674	436	0	15057	3878	8965	3000283	28867	50000	391	200000	3181255	66141097	312006164	2659	9575470	7208127	4960077
1789739968	117133	98.0	97.9	13396	7760	1152	7279	259	0	60856	3948	9190	3000431	29166	50000	411	200000	3182409	66157009	312189639	2670	9577555	7210081	4961047
1789739995	117161	96.4	96.1	6052	1830	1243	5558	242	0	83694	4114	5331	3000115	29041	50000	601	200000	3183149	66164925	312286537	2655	9579949	7212015	4962189
1789740018	117184	97.8	97.5	10093	4628	1769	7216	421	0	89254	3713	4845	3000223	29130	50000	775	200000	3183762	66176081	312375308	2670	9582013	7213687	4962819
1789740045	117211	97.5	97.3	11090	5615	3175	6308	2032	0	11915	4109	8965	2998902	29101	49863	962	200000	3184570	66186847	312504078	2653	9584337	7214057	4964043
1789740076	117242	97.8	97.8	12575	2949	950	6315	416	0	6408	4099	5259	3000498	29625	50000	181	200000	3185751	66201203	312685830	2659	9584996	7216012	4964441
1789740108	117274	90.9	90.4	5805	4003	3703	6224	547	0	10846	3888	9325	2999212	29133	49943	1114	200000	3186563	66212164	312787336	2653	9588215	7217723	4965928
1789740139	117305	93.9	93.5	6466	4213	3908	9007	1170	0	2538	4292	9587	2998277	28965	49904	1005	200000	3187328	66222811	312900680	2653	9591245	7219014	4968121
1789740172	117338	94.0	93.6	14010	1425	4028	6738	559	0	8308	3847	8921	2998839	29087	49861	1288	200000	3188148	66231175	313030159	2657	9592630	7220878	4968922
1789740199	117365	95.8	95.5	7715	6556	1345	7791	259	0	35098	3921	5156	3000459	29636	50000	571	200000	3188967	66244760	313151565	2658	9594189	7222798	4969864
1789740231	117397	95.5	95.2	9157	5031	1356	5567	208	0	63390	3928	9325	3000298	29604	50000	592	200000	3189857	66255048	313284864	2661	9596294	7224619	4971027
1789740264	117430	95.6	95.3	7420	2356	950	7263	317	0	52183	4302	5691	3000433	29846	50000	438	200000	3190895	66269822	313451748	2661	9598747	7226276	4972274
1789740294	117460	94.7	94.2	10950	2194	1425	5973	352	0	78621	3871	9077	3000101	29447	50000	853	200000	3191630	66275734	313572854	2661	9600965	7228178	4973402
1789740322	117487	89.8	89.6	7959	3821	1289	7633	275	0	93653	3793	8767	3000228	29809	50000	611	200000	3192226	66286614	313634891	2671	9603144	7230006	4974451
1789740347	117512	92.0	91.5	9086	6395	3395	6078	1900	0	26169	3464	4635	2999177	29418	49901	1158	200000	3193007	66295117	313761956	2652	9605611	7230417	4975225
1789740378	117544	98.9	98.9	12243	5044	1103	6086	526	0	1953	3670	7910	3000367	29789	50000	139	200000	3194049	66304441	313955001	2653	9606158	7232010	4976033
1789740412	117578	91.0	90.2	6107	5806	3888	5903	107	0	6745	4429	9756	2998465	29230	49864	1009	200000	3194929	66313190	314091441	2652	9609062	7233342	4978024
1789740439	117604	97.8	97.3	13984	1505	1224	6911	301	0	30078	3897	5015	3000249	29458	50000	494	200000	3195759	66321400	314218855	2665	9610597	7235078	4979293
1789740473	117639	96.0	95.7	14178	5372	858	5947	147	0	55520	3867	9206	3000261	29479	50000	443	200000	3196819	66335010	314364322	2664	9612567	7236918	4980471
1789740507	117672	95.3	95.0	12686	5241	1494	7874	201	0	60862	3879	9192	3000287	29348	50000	802	200000	3197736	66346578	314501179	2663	9614983	7238890	4981421
1789740531	117697	94.5	92.6	6076	2918	1201	5823	70	0	111061	4333	5549	3000257	29355	50000	247	200000	3198382	66356540	314591147	2665	9617217	7240444	4982533
1789740556	117722	93.0	90.2	13372	6690	3853	8178	2418	0	6965	4395	9425	2998903	29228	49955	1357	200000	3198921	66365472	314675115	2652	9619728	7240542	4983816
1789740590	117756	94.9	93.7	11818	5595	3609	6627	2002	0	7990	4608	10239	2999319	28940	49966	1251	200000	3199717	66373972	314793475	2652	9622095	7242280	4985609
1789740615	117781	92.4	91.9	7936	4004	3158	8670	1483	0	4349	4264	5539	2998455	28778	49967	1029	200000	3200267	66381292	314867831	2652	9624267	7243172	4988618
1789740651	117817	94.6	94.4	12135	6427	3299	7733	1787	0	7341	4247	9495	2999122	28954	50000	804	200000	3201207	66392746	315025008	2653	9626512	7245180	4989402
1789740679	117844	97.6	97.4	8294	4116	1107	7970	197	0	26007	3947	5153	3000465	29283	50000	465	200000	3202192	66407356	315160288	2660	9627075	7246552	4990284
1789740711	117877	94.5	93.5	12339	5069	1068	5653	383	0	25298	4012	9428	3000178	28978	50000	422	200000	3203008	66415626	315288226	2655	9629392	7248252	4991703
1789740747	117912	93.4	93.0	13913	4641	1925	7757	793	0	61852	3961	9485	3000292	28747	50000	821	200000	3203887	66425529	315427847	2665	9631993	7250123	4992622
1789740766	117932	88.9	88.5	9116	2057	2221	6278	848	0	67668	4035	5285	3000026	28737	50000	694	200000	3204188	66431637	315473737	2652	9634345	7251289	4994345
1789740799	117965	92.9	92.3	9008	5924	2632	8274	1124	0	24908	4024	9055	3000014	28518	49997	829	200000	3205055	66437472	315611151	2651	9636506	7252239	4996333
1789740826	117992	97.4	97.0	8452	3914	2975	7304	1166	0	11032	3810	5348	2999594	28395	49854	1004	200000	3205887	66443668	315757225	2652	9638823	7253290	4998313
1789740856	118022	97.6	97.3	9282	6014	2883	9112	1662	0	5563	4241	9186	2999314	28651	49925	743	200000	3206680	66452695	315895546	2651	9641112	7254518	4999943
1789740890	118056	96.3	96.2	17628	4366	1228	6321	469	0	38615	4436	9832	3000319	28982	50000	400	200000	3207728	66465646	316031290	2656	9641910	7256232	5000701
1789740918	118084	95.6	93.5	7754	2915	998	8329	150	0	3794	4839	6457	3000279	28685	50000	189	200000	3208564	66476512	316150399	2652	9644083	7257418	5002876
1789740952	118118	98.3	97.9	11378	5882	975	6583	138	0	99926	4277	9926	3000297	28669	50000	425	200000	3209458	66486695	316298778	2672	9646467	7259356	5004193
1789740979	118145	94.0	93.4	12735	3038	2623	8753	834	0	59120	4291	9277	2999969	28413	49984	859	200000	3209943	66493302	316381820	2651	9648809	7260435	5005257
1789741007	118173	93.2	92.5	17622	2194	3008	6314	1619	0	10149	3924	5431	2998765	27953	49886	1098	200000	3210932	66501943	316533094	2655	9650789	7261017	5007090
1789741035	118201	95.2	94.8	8995	6065	3015	7758	1798	0	6662	4140	9291	2999106	27921	50000	870	200000	3211658	66511100	316632947	2651	9652905	7262561	5008315
1789741072	118238	93.2	92.9	10750	7100	3348	7547	1911	0	17358	4087	9557	2999562	27969	49927	897	200000	3212656	66523222	316776248	2652	9655541	7264488	5009748
1789741101	118267	96.3	96.3	7737	5855	1086	7701	198	0	44684	4009	5286	3000399	28397	50000	534	200000	3213567	66538060	316910926	2666	9655981	7266076	5010331
1789741136	118301	95.1	94.7	11788	2244	1585	6247	325	0	102516	4109	9429	3000155	28127	50000	802	200000	3214564	66548991	317051317	2662	9658486	7267976	5011581
1789741160	118325	92.5	92.1	8661	2235	2422	8164	963	0	57047	3870	8693	3000230	28161	49988	857	200000	3214998	66559711	317098115	2651	9660766	7269088	5012776
1789741186	118351	93.6	93.2	8554	4564	2769	6619	1500	0	5823	3939	5233	2999045	28461	49998	876	200000	3215806	66568782	317236217	2651	9662810	7269634	5014658
1789741219	118385	90.3	90.3	7667	5499	3020	8383	1014	0	17660	4127	9195	2998933	28803	50000	763	200000	3216708	66576861	317376059	2651	9665076	7271402	5015828
1789741252	118417	93.3	93.0	8540	3885	3331	7262	964	0	20759	4058	9508	2998459	28782	49937	822	200000	3217503	66584365	317492212	2651	9667184	7272476	5017512
1789741279	118445	96.5	96.1	9510	7146	968	7731	300	0	46398	4017	5194	3000697	29965	50000	376	200000	3218278	66592574	317636169	2661	9668107	7273895	5019376
1789741315	118481	94.6	94.1	11446	4252	1269	6222	335	0	48834	3999	9529	3000207	30055	50000	674	200000	3219294	66604232	317781659	2651	9670456	7275661	5020664
1789741347	118512	95.8	95.6	12337	2872	1264	7797	198	0	69015	3987	9217	3000223	29952	50000	610	200000	3220083	66614237	317896663	2658	9672511	7277371	5021865
1789741370	118536	94.0	93.6	6826	1881	1594	5825	27	0	98058	4136	5392	3000184	29989	50000	814	200000	3220704	66623430	317972312	2652	9674751	7279027	5022529
1789741405	118571	95.2	94.8	10347	2602	1331	7787	82	0	105693	3919	9057	3000099	29832	50000	678	200000	3221791	66633495	318131244	2662	9677223	7280960	5024320
1789741426	118592	92.6	92.3	13121	6893	3149	6160	1763	0	31914	3477	4467	2999287	29593	50000	1040	200000	3222372	66640411	318237324	2651	9679428	7281423	5024953
1789741457	118623	94.6	94.6	6638	5974	3725	7963	872	0	2096	3770	8681	2998451	29611	49889	1133	200000	3223303	66654830	318354267	2651	9681716	7282832	5026052
1789741490	118656	94.5	94.0	9391	3883	3792	6449	1882	0	7352	3774	9174	2999067	29464	49956	1153	200000	3224115	66665977	318471912	2651	9684263	7285028	5027490
1789741517	118683	98.0	98.0	6733	5839	970	6461	522	0	7891	4041	5241	3000560	30085	50000	217	200000	3225028	66679512	318608688	2654	9684914	7286588	5028365
1789741551	118717	94.7	94.4	13982	4059	1029	5771	213	0	31139	4196	9557	3000372	29942	50000	456	200000	3225917	66692461	318747753	2657	9687038	7288283	5029658
1789741584	118750	94.7	94.5	9466	2566	1370	7537	302	0	48869	3988	9192	3000341	30031	50000	522	200000	3226837	66704233	318874453	2651	9689353	7290139	5030695
1789741615	118781	92.7	92.3	8712	2953	1619	6011	374	0	84771	4110	5923	3000418	30163	50000	759	200000	3227692	66714164	319027805	2664	9691754	7291921	5031862
1789741639	118805	93.4	92.9	11863	5737	1402	7563	185	0	63068	4375	9165	3000075	29767	50000	852	200000	3228090	66721651	319085956	2653	9693667	7293665	5033093
1789741666	118832	93.8	93.3	7874	1642	2596	5898	458	0	47507	3726	5179	3000039	29566	49928	1319	200000	3228984	66730040	319200281	2652	9696135	7295183	5033924
1789741697	118863	94.6	94.3	9082	4346	1745	7350	419	0	102312	3988	9484	3000085	29815	49995	861	200000	3229781	66738517	319311559	2678	9698526	7297520	5034905
1789741731	118897	97.3	97.0	14024	5333	2541	6495	652	0	64270	4140	9577	3000110	29841	50000	1068	200000	3230715	66754060	319462472	2653	9700897	7299136	5035889
1789741756	118922	96.2	95.1	8533	4909	3454	8424	1074	0	13410	3717	4855	2999109	29118	49957	1447	200000	3231572	66762013	319596706	2651	9703213	7299750	5037638
1789741786	118952	96.7	96.2	6555	2719	2850	7182	794	0	33219	4034	9354	3000059	28718	50000	1385	200000	3232210	66771147	319702813	2652	9705591	7301961	5039484
1789741819	118984	95.8	95.5	8408	3648	1842	8748	583	0	86659	4186	9780	3000059	28591	50000	903	200000	3232902	66780116	319807135	2659	9707952	7304472	5040687
1789741850	119015	97.7	97.3	11993	3852	2482	7404	690	0	48036	4302	9854	2999712	28765	49918	1079	200000	3233787	66792712	319921629	2651	9710194	7305508	5042232
1789741875	119041	91.5	91.3	6995	5943	3008	9218	1830	0	18037	4358	5726	2998228	28477	49931	1005	200000	3234447	66798916	320027284	2651	9712385	7306132	5043941
1789741911	119077	93.7	93.7	9120	6781	3705	7168	1085	0	12497	3928	9627	2998341	28251	49880	1048	200000	3235464	66808993	320185626	2651	9714868	7307978	5044482
1789741941	119106	98.1	97.8	9724	3041	1279	7170	217	0	48823	4169	5907	3000258	28657	50000	548	200000	3236460	66820005	320341809	2657	9715184	7309579	5045739
1789741978	119144	93.0	92.6	15842	3845	1177	5568	279	0	94630	4212	10351	3000184	28614	50000	549	200000	3237413	66831394	320477524	2667	9717557	7311536	5046829
1789741999	119165	89.7	89.0	7104	2781	2461	7421	469	0	65228	3939	5404	3000056	28382	50000	1118	200000	3237772	66837864	320529848	2652	9719716	7312742	5047802
1789742028	119194	93.2	92.9	9207	8171	3028	5980	1929	0	35525	4516	10021	2998783	28141	49947	932	200000	3238437	66845797	320641947	2651	9722142	7313744	5048793
1789742060	119226	92.2	92.1	10075	4596	3930	6988	320	0	9325	4279	5851	2998520	28574	49885	1031	200000	3239485	66863214	320791746	2652	9723478	7315102	5049807
1789742095	119260	96.8	96.5	10652	7265	1168	5174	227	0	61261	4539	10483	3000291	29123	50000	582	200000	3240424	66873533	320937356	2664	9724832	7317127	5050741
1789742126	119292	91.2	90.9	6102	4354	1348	6791	92	0	82302	4385	10100	3000305	29161	50000	712	200000	3241127	66882655	321035362	2659	9726888	7318935	5051732
1789742148	119314	93.7	92.8	14367	4053	2385	5708	359	0	77531	3871	5153	3000076	28843	50000	1194	200000	3241543	66888043	321114713	2659	9729230	7320339	5052697
1789742181	119347	94.4	94.1	12311	4130	2243	7445	633	0	80055	4434	10505	2999625	28930	50000	1012	200000	3242405	66898848	321216707	2651	9731591	7322153	5053825
1789742206	119372	93.7	93.3	13077	4070	3281	6043	1966	0	2128	3713	4959	2998992	28934	49919	1052	200000	3243326	66912408	321345779	2653	9733858	7322693	5055118
1789742241	119406	94.2	94.2	9915	2622	3941	7805	900	0	4017	4371	9894	2998490	28852	49916	1218	200000	3244175	66921314	321497223	2650	9736276	7324558	5055977
1789742269	119435	94.1	93.9	11204	4007	3675	6706	1300	0	2460	4190	5865	2998604	28714	50000	1111	200000	3244981	66930880	321623318	2651	9738564	7326301	5057194
1789742297	119463	98.0	97.6	11832	4485	931	6713	335	0	12315	4124	9540	3000237	29236	50000	318	200000	3245777	66940784	321733153	2652	9739086	7327965	5058321
1789742329	119495	93.4	93.1	7783	4099	1054	5835	305	0	27990	4405	6251	3000442	29495	50000	467	200000	3246670	66957462	321854045	2650	9741513	7329664	5059574
1789742363	119529	93.7	93.3	10890	6078	1537	7817	463	0	55891	4290	10088	3000378	29325	50000	585	200000	3247504	66967833	321986670	2657	9744018	7331473	5060840
1789742391	119557	94.2	93.9	10123	3335	1116	6174	266	0	100258	4181	9859	3000105	29392	50000	570	200000	3248136	66974276	322072221	2654	9745900	7333216	5062291
1789742418	119584	92.3	91.8	7528	3413	2598	8158	759	0	56344	3827	5399	2999888	29155	49998	1156	200000	3248839	66982340	322191208	2651	9748207	7334406	5063210
1789742448	119614	93.9	93.6	9213	7295	3375	6308	1884	0	16687	4194	9819	2998618	29027	49929	845	200000	3249641	66991741	322311381	2649	9750528	7335580	5064323
1789742479	119645	98.2	98.2	8573	4279	683	6313	285	0	29755	4136	5761	3000515	29598	50000	237	200000	3250817	67008975	322474599	2654	9750953	7337113	5064989
1789742516	119682	94.4	94.1	11759	1618	1259	5139	233	0	70244	4167	9835	3000323	29449	50000	646	200000	3251623	67020640	322602395	2675	9753393	7339037	5066077
1789742538	119704	92.0	91.5	9206	3898	2452	6768	316	0	42133	3897	5119	3000256	29738	50000	1210	200000	3252099	67031243	322673461	2653	9755393	7340269	5066853
1789742571	119737	94.4	94.1	6977	4357	1690	5748	531	0	70185	4570	10741	3000100	29633	50000	722	200000	3252800	67037425	322786047	2653	9757845	7342250	5068355
1789742596	119762	91.8	91.3	9023	2186	1741	7510	420	0	60234	4326	5989	3000031	29567	50000	988	200000	3253383	67045718	322874667	2654	9760037	7343850	5069722
1789742627	119792	94.9	94.4	10136	3588	2196	6677	761	0	57685	4421	9900	3000067	29150	50000	998	200000	3253991	67052143	322990665	2652	9762202	7345331	5070429
1789742659	119825	97.3	97.0	6824	3003	1967	8914	605	0	87629	4285	10280	3000023	29300	49981	1070	200000	3255021	67064440	323108645	2656	9764670	7347075	5072599
1789742692	119857	96.5	96.1	6458	4893	2097	6227	424	0	49553	4146	9684	3000187	29283	50000	946	200000	3255838	67075029	323240069	2652	9766773	7348260	5073977
1789742718	119884	95.8	95.4	6588	4177	1886	7984	610	0	89467	4076	5791	3000058	29382	50000	764	200000	3256472	67081978	323354986	2658	9769129	7350367	5075052
1789742751	119917	95.1	94.7	15972	8519	3424	6463	2001	0	6727	4046	9645	2999231	29511	49956	825	200000	3257438	67096140	323510590	2652	9771438	7351032	5076040
1789742782	119948	95.3	95.3	13431	3444	1051	6683	368	0	30328	4557	6038	3000286	29809	50000	325	200000	3258507	67109357	323666876	2664	9772141	7352835	5076588
1789742812	119978	94.2	93.9	10645	2024	1339	4894	206	0	84166	3956	9438	3000315	29805	50000	804	200000	3259164	67117607	323759229	2661	9774203	7354760	5077656
1789742837	120003	93.4	92.8	6595	5044	2267	6583	380	0	70007	3912	5384	3000134	29593	50000	1024	200000	3259804	67128952	323851759	2653	9776456	7356134	5078464
1789742866	120031	94.1	93.8	7709	5647	2777	5825	1131	0	40442	4275	9987	2999054	29493	50000	974	200000	3260447	67137894	323948116	2653	9778690	7357439	5079372
1789742901	120067	93.8	93.3	13815	5765	3258	7537	2180	0	6600	4236	9920	2999475	29642	50000	903	200000	3261441	67154678	324089472	2652	9781012	7358684	5080246
1789742926	120092	98.0	98.0	14503	4358	708	4374	249	0	6186	4014	5233	3000328	29978	50000	262	200000	3262384	67165152	324219848	2653	9781338	7360225	5081342
1789742967	120132	95.4	95.2	13043	2635	949	6316	260	0	36348	4203	10067	3000246	29951	50000	438	200000	3263523	67177329	324391386	2666	9783863	7362106	5082472
1789742986	120151	90.5	89.8	6006	2073	1843	6112	106	0	82437	4442	5808	3000188	30144	49992	900	200000	3263749	67185103	324419372	2659	9785851	7363465	5083407
1789743021	120187	86.3	86.0	9549	4614	2229	8244	424	0	83177	4231	9729	2999776	29973	49932	1018	200000	3264537	67192266	324551688	2660	9788207	7365180	5085511
1789743047	120213	89.3	88.6	10234	6367	3702	6241	1757	0	12253	3665	4924	2998935	29294	49985	1371	200000	3265325	67199221	324686229	2653	9790522	7365717	5086274
1789743077	120243	91.2	90.9	8859	2748	3419	7978	1219	0	7217	4284	9997	2998436	29112	49956	1032	200000	3265962	67208028	324770692	2653	9792476	7366505	5088935
1789743105	120271	93.6	93.1	6524	3129	3135	6838	1547	0	6036	3930	5525	2999774	28759	49999	994	200000	3266720	67215734	324902168	2653	9794667	7367812	5090675
1789743137	120303	93.1	92.8	6507	3238	3175	9174	1353	0	28945	4272	10175	2998396	28696	50000	847	200000	3267240	67221343	324990941	2654	9797419	7369130	5092799
1789743171	120337	94.0	93.8	11297	5338	3386	7868	1302	0	8964	4008	9630	2998758	28702	50000	817	200000	3268226	67231437	325130873	2654	9799594	7370612	5093951
1789743203	120369	97.8	97.4	9035	2178	1142	8155	571	0	37438	4309	5959	3000332	29083	50000	354	200000	3269231	67241384	325308312	2678	9800334	7372425	5095032
1789743226	120392	91.3	90.6	8165	2662	2114	5626	314	0	74283	3998	9034	3000061	28648	50000	1032	200000	3269505	67246950	325344151	2664	9802277	7374052	5096141
1789743263	120429	95.1	94.8	9098	6485	1556	7480	592	0	106969	4144	10034	3000235	28850	50000	677	200000	3270427	67263923	325484732	2655	9804868	7375906	5097362
1789743287	120453	92.5	92.0	10582	6252	3451	6330	1885	0	7482	4165	5294	2998709	28421	49897	1012	200000	3271252	67272257	325606867	2655	9806969	7376086	5098651
1789743319	120484	92.9	92.8	7135	5473	3643	8209	1013	0	4234	4195	9930	2998556	28179	49953	794	200000	3271979	67279955	325720370	2654	9809153	7377282	5100306
1789743350	120515	95.4	95.1	11513	3245	921	5323	338	0	41019	4026	5485	3000250	28577	50000	157	200000	3272975	67291313	325881267	2655	9809968	7378921	5101625
1789743384	120549	92.1	91.5	10729	5078	2042	7582	444	0	73896	3817	9566	3000137	28197	50000	897	200000	3273834	67299468	326011589	2654	9812450	7380414	5103143
1789743413	120579	91.2	91.1	11300	1959	1379	6142	462	0	100151	4325	9790	3000164	28393	50000	540	200000	3274513	67308165	326103802	2660	9814463	7381997	5104711
1789743436	120602	87.6	87.0	8912	5552	2947	7961	1855	0	11729	4080	5310	2998962	28115	49961	933	200000	3275048	67315422	326197234	2654	9816561	7382303	5105750
1789743468	120634	94.6	94.5	10343	6399	3337	5772	476	0	16455	4028	8882	2999576	28206	49937	1119	200000	3275988	67326540	326345092	2658	9818065	7383843	5106425
1789743501	120666	94.7	94.4	8292	6510	1137	6902	386	0	34541	4032	9537	3000361	28649	50000	266	200000	3276796	67338922	326462197	2657	9819658	7385585	5107824
1789743530	120696	91.3	90.7	8339	5812	1530	5902	276	0	26982	4065	5797	3000215	28400	50000	788	200000	3277696	67349683	326577016	2654	9821865	7387063	5109543
1789743566	120731	94.3	94.0	8624	2612	1331	7662	92	0	73503	4129	10128	3000288	28410	50000	589	200000	3278567	67359785	326717279	2669	9824007	7388828	5110683
1789743591	120756	94.1	93.7	10035	4423	2291	6356	736	0	53257	4555	9645	3000024	28351	49965	802	200000	3278958	67365828	326782274	2665	9826226	7390008	5112142
1789743618	120784	94.7	94.2	13985	2886	2854	8251	1957	0	17000	3690	5240	2999018	28132	49892	820	200000	3279951	67375124	326934259	2664	9828449	7390684	5113581
1789743647	120813	98.4	98.0	8220	6126	2845	6803	1883	0	10984	4252	10074	2998712	27913	49979	931	200000	3280669	67380960	327050128	2664	9830586	7391559	5116030
1789743678	120843	95.9	95.9	12188	4649	1114	6934	574	0	15852	3885	5161	3000258	28279	50000	297	200000	3281615	67388708	327226818	2672	9831339	7393352	5116482
1789743720	120886	94.9	94.6	7667	2512	952	6210	342	0	69648	3972	13377	3000350	28283	50000	380	200000	3282669	67403766	327375049	2673	9833651	7395143	5117821
1789743736	120901	90.8	90.0	15017	2754	1985	8159	305	0	79531	145	1301	3000021	27998	49999	949	200000	3282904	67408131	327411671	2665	9835621	7396712	5118863
1789743766	120932	92.3	92.1	13643	7942	3479	6333	1846	0	3589	4492	9328	2999158	28049	49936	810	200000	3283785	67417317	327554893	2664	9837870	7397245	5119739
1789743799	120965	95.8	95.8	15068	3580	814	6590	223	0	17100	4085	9405	3000460	28511	50000	89	200000	3284771	67433696	327686781	2666	9838319	7398520	5121007
1789743837	121003	94.6	94.4	18073	2645	998	5025	518	0	40524	4092	9576	3000301	28549	50000	244	200000	3285851	67445523	327854957	2672	9840987	7400565	5122021
1789743857	121023	88.7	88.0	6009	5384	2113	6831	662	0	80737	4141	5446	3000102	28300	50000	1035	200000	3286154	67451805	327892204	2672	9842858	7402017	5122817
1789743895	121061	92.5	92.2	10333	4323	1599	5933	126	0	71317	4102	9596	3000058	28142	49993	1035	200000	3287248	67462770	328048920	2666	9845011	7403816	5124645
1789743920	121086	90.2	89.4	8281	3555	2616	7549	516	0	65979	3476	4778	3000029	27611	50000	1197	200000	3287828	67469899	328144566	2666	9847385	7405036	5125602
1789743946	121112	92.5	92.2	7445	5472	3075	6240	1793	0	8876	3765	8418	2999866	27743	50000	844	200000	3288510	67481648	328238799	2664	9849532	7405902	5126543
1789743982	121147	94.4	94.2	13141	3348	3744	8247	1072	0	4847	3811	8743	2998438	27581	50000	1048	200000	3289505	67495651	328406329	2664	9851928	7407594	5127464
1789744006	121171	98.2	97.7	10533	4155	1117	4779	423	0	10671	3745	4828	3000373	28090	50000	424	200000	3290337	67503520	328518663	2664	9852486	7409330	5128501
1789744038	121203	94.8	94.4	11257	3844	1097	6455	444	0	14834	3771	8931	3000401	28243	50000	271	200000	3291165	67517275	328640431	2664	9854883	7411088	5129702
1789744072	121238	94.7	94.6	14772	4174	1196	5785	453	0	54253	3724	9003	3000325	28697	50000	425	200000	3292184	67529007	328789975	2667	9857141	7413013	5130795
1789744100	121266	94.2	94.0	8263	2261	952	7466	354	0	29451	3739	5043	3000354	28915	50000	45	200000	3293015	67538111	328927587	2664	9859336	7414437	5132478
1789744129	121295	89.7	89.5	6436	5653	3784	6962	693	0	20135	3819	8900	2998733	28321	49941	1162	200000	3293590	67543321	329012416	2667	9862764	7416495	5133596
1789744161	121327	98.4	97.6	9760	5912	912	7804	314	0	24283	3909	9153	3000230	28674	50000	365	200000	3294459	67552262	329171114	2669	9864122	7418227	5134868
1789744189	121355	93.8	93.5	6923	3138	1496	5914	564	0	31881	3877	5250	3000213	28573	50000	499	200000	3295266	67563290	329285392	2666	9866916	7420336	5135628
1789744219	121385	94.6	94.4	10992	2541	1025	7381	229	0	51740	3981	8959	3000189	28590	50000	431	200000	3296099	67574581	329398287	2670	9868809	7422142	5136798
1789744251	121417	91.9	91.5	8841	4350	1379	5936	142	0	86092	3906	9139	3000213	28414	50000	757	200000	3296822	67586401	329507271	2665	9871117	7424118	5137822
1789744277	121443	93.1	92.9	9522	5799	1878	7700	514	0	88561	3655	4885	3000094	28557	50000	879	200000	3297494	67595409	329627374	2667	9873424	7425690	5138734
1789744306	121472	91.9	91.6	8001	7790	3743	6334	2041	0	16731	3764	8599	2998890	28219	49914	1136	200000	3298471	67607655	329751662	2664	9875805	7426478	5139680
1789744342	121508	93.5	93.4	9059	5188	3466	7834	1328	0	1554	3769	8739	2998530	28247	50000	747	200000	3299488	67619224	329921743	2664	9877924	7428048	5140524
1789744370	121536	97.8	97.5	9030	3975	1071	4518	159	0	42939	3735	4997	3000253	28430	50000	541	200000	3300443	67632898	330045812	2664	9878363	7429667	5141791
1789744401	121567	92.2	91.9	8967	2466	1270	6261	245	0	86048	3808	8474	3000298	28563	50000	622	200000	3301150	67644752	330162215	2676	9880530	7431571	5142785
1789744431	121597	91.6	91.1	9082	5287	1849	5820	249	0	73691	3601	8272	3000158	28385	50000	941	200000	3301769	67655883	330257750	2663	9882707	7433226	5143673
1789744456	121622	95.9	95.5	7109	5434	2124	7471	414	0	66564	3705	4997	3000031	28090	50000	1040	200000	3302518	67664381	330370530	2663	9884910	7434739	5144802
1789744488	121654	95.1	94.9	11137	4889	2246	5872	482	0	84512	3620	8534	3000149	28277	50000	1117	200000	3303368	67675854	330490723	2664	9887291	7436730	5145692
1789744519	121685	95.5	95.3	11385	1581	2106	7518	586	0	92824	3716	8812	2999794	28648	50000	923	200000	3304140	67686025	330617660	2664	9889673	7438663	5146748
1789744551	121717	98.1	97.7	12436	3784	2728	6397	815	0	37757	3863	9083	2999547	28519	49912	1163	200000	3305200	67698534	330768362	2662	9891842	7439914	5148138
1789744578	121744	95.6	95.3	6354	2612	2110	8042	394	0	95953	3609	4923	3000009	28392	49934	1008	200000	3305960	67704932	330898270	2680	9894175	7442141	5149405
1789744607	121773	95.6	95.3	12560	5408	3157	6715	1970	0	33775	3787	8392	2998567	28452	49930	1010	200000	3306799	67713628	331045867	2662	9896674	7443094	5150108
1789744639	121804	98.3	98.3	11661	5482	904	6717	348	0	27961	3740	4849	3000573	29052	50000	334	200000	3307893	67731907	331242085	2666	9897188	7444740	5150784
1789744674	121839	94.4	94.1	8843	4360	1073	5075	350	0	56411	3754	8747	3000293	29122	50000	362	200000	3308866	67742426	331384112	2685	9899537	7446688	5151808
1789744702	121868	95.3	95.0	7414	5309	1366	6963	306	0	92409	3735	8639	3000176	28955	50000	697	200000	3309541	67750103	331477874	2668	9901863	7448782	5152676
1789744731	121897	95.6	95.3	10394	5821	2191	6095	569	0	68760	3855	8885	3000111	28902	50000	913	200000	3310208	67762767	331582707	2663	9904163	7450167	5153762
1789744756	121922	91.3	91.0	8088	7457	2951	7939	1949	0	25081	3627	4701	2998951	28877	50000	910	200000	3311011	67772679	331710316	2662	9906426	7450834	5154971
1789744786	121952	96.0	96.0	10424	4860	899	4788	424	0	3475	3771	4831	3000717	29576	50000	240	200000	3312149	67784935	331886930	2664	9907060	7452556	5155534
1789744823	121988	88.4	88.2	10359	4428	1123	6581	224	0	58454	3774	8733	3000369	29607	50000	497	200000	3313120	67797321	332021416	2674	9909205	7454458	5156571
1789744850	122016	92.4	91.9	6050	4332	1742	5620	52	0	83170	3691	8674	3000224	29559	50000	795	200000	3313660	67806439	332098174	2665	9911345	7455978	5157421
1789744877	122043	94.1	93.5	10063	2931	2360	7544	541	0	60255	4300	5548	3000132	29347	49986	1090	200000	3314343	67814617	332207687	2663	9913457	7457098	5159268
1789744906	122072	95.3	94.3	12607	4236	2776	6072	1693	0	32138	4105	9481	2998897	29218	50000	902	200000	3315056	67822904	332331474	2663	9915626	7458104	5160245
1789744937	122103	94.9	94.4	6748	3127	1985	7863	250	0	86111	3797	5428	2999747	29059	50000	1000	200000	3315797	67838469	332432095	2665	9917874	7460710	5161869
1789744966	122132	94.7	94.4	11282	7955	3583	6696	1957	0	10238	4146	8810	2998838	28913	50000	1044	200000	3316699	67848119	332562256	2662	9920190	7461302	5162438
1789745000	122166	94.6	94.6	8789	4825	3692	8436	1285	0	2450	3748	8695	2998524	29119	49908	907	200000	3317612	67862556	332696609	2662	9922397	7462735	5163474
1789745031	122197	98.2	98.0	13847	5687	1183	4630	272	0	25521	3953	5340	3000297	29487	50000	440	200000	3318661	67875521	332858652	2677	9922997	7464689	5164366
1789745064	122230	94.7	94.4	9571	6283	1159	6157	240	0	55658	3803	8620	3000336	29545	50000	584	200000	3319576	67885513	332992347	2677	9925025	7466604	5165296
1789745093	122259	94.4	94.0	8301	1978	1657	5584	160	0	76560	4443	9979	3000204	29383	50000	792	200000	3320139	67894690	333071100	2670	9927141	7468373	5166112
1789745119	122285	92.5	92.1	9055	3622	2387	7484	728	0	93055	4116	5419	2999253	29195	50000	975	200000	3320605	67900365	333179020	2672	9929589	7469837	5167147
1789745148	122314	92.5	92.6	15928	7403	3686	5450	151	0	2386	4236	5329	2998550	29225	49967	945	200000	3321603	67913331	333356375	2665	9930791	7470001	5168030
1789745184	122349	93.5	93.2	11769	3325	3765	7364	237	0	7952	4143	9980	2998229	29253	49951	928	200000	3322433	67921505	333500003	2662	9932983	7471351	5169864
1789745216	122382	95.9	95.6	14016	3646	1442	5036	327	0	50347	4256	5946	3000242	29324	50000	598	200000	3323457	67933156	333656307	2672	9934514	7473205	5170993
1789745242	122408	91.1	90.8	6129	1857	1817	6765	538	0	92902	4107	9095	3000490	29675	50000	909	200000	3323807	67941852	333705308	2670	9936401	7474792	5172276
1789745266	122432	91.6	91.3	10192	9676	3197	5848	1870	0	8003	3944	5038	2998718	29301	49961	947	200000	3324544	67948957	333829386	2663	9938520	7474911	5173760
1789745298	122464	96.1	96.0	14773	2344	1224	6059	339	0	20902	4532	5655	3000296	29728	50000	447	200000	3325740	67960974	334014527	2670	9939147	7476665	5174361
1789745336	122501	92.5	92.1	11447	3131	1059	4934	220	0	46833	4000	9629	3000413	29619	50000	398	200000	3326727	67973419	334158700	2680	9941475	7478525	5175683
1789745360	122525	92.5	91.8	6782	3395	1416	6711	182	0	92564	4185	9427	3000142	29154	50000	693	200000	3327098	67979374	334203819	2673	9943383	7480246	5176650
1789745388	122554	94.1	93.8	9545	4697	2926	5931	1122	0	21078	3837	5111	3000203	29228	49948	937	200000	3327936	67991479	334331799	2662	9945714	7480824	5177719
1789745418	122584	96.8	96.8	15943	5861	912	6010	271	0	5607	4095	8994	3000416	29453	50000	165	200000	3328823	68002495	334483183	2662	9946252	7482081	5178511
1789745451	122617	96.9	96.4	8636	2872	3168	5555	696	0	13822	4045	9786	2999191	28823	49965	901	200000	3329599	68013924	334598760	2662	9949747	7483872	5179831
1789745481	122646	96.4	96.1	14219	1720	1446	6368	251	0	56751	4019	5672	3000309	28942	50000	604	200000	3330511	68027481	334730668	2671	9950877	7485598	5180733
1789745516	122681	96.0	95.7	10542	5579	1495	6162	546	0	62903	3951	9784	3000297	28765	50000	641	200000	3331424	68038211	334871393	2663	9953412	7487528	5182247
1789745540	122706	97.2	96.8	5952	2780	1670	7906	341	0	85329	4129	9690	3000188	28698	50000	780	200000	3331816	68046576	334933429	2667	9955460	7489130	5183423
1789745566	122732	91.7	91.3	10250	7328	3058	6592	2033	0	15201	3480	4854	2999131	28505	49898	887	200000	3332669	68056943	335059664	2662	9957789	7489540	5184519
1789745599	122764	95.2	95.2	8143	6137	1015	6848	385	0	23971	4049	5246	3000307	28903	50000	53	200000	3333718	68067469	335228314	2675	9958196	7490785	5185655
1789745636	122801	94.8	94.5	8721	5213	1333	5061	173	0	87916	4244	9605	3000093	28910	50000	685	200000	3334487	68073077	335408250	2687	9960342	7492551	5187078
1789745663	122829	90.8	90.3	11701	5569	2725	6977	740	0	61256	4287	9122	3000037	28598	49984	1014	200000	3334963	68079224	335486983	2662	9962650	7493580	5188032
1789745686	122852	92.2	91.9	10648	3470	2825	6077	1732	0	1246	3748	4966	2998792	28555	49941	804	200000	3335700	68087080	335598749	2662	9964548	7493821	5190234
1789745720	122886	94.1	94.0	17144	3088	1014	6477	486	0	29183	4048	9066	3000130	28834	50000	257	200000	3336639	68097883	335735253	2668	9965473	7495648	5190807
1789745757	122922	94.3	94.1	17015	3661	1480	5999	453	0	61494	3874	9519	3000628	29236	50000	738	200000	3337648	68109066	335897581	2670	9967749	7497458	5192028
1789745776	122942	92.6	91.7	8474	1566	2147	7776	865	0	69393	4041	5262	3000062	28747	50000	887	200000	3338020	68115842	335943672	2663	9969861	7498702	5193179
1789745816	122982	95.0	94.7	9076	2920	1334	6706	222	0	127836	4119	9807	3000211	28986	50000	731	200000	3339236	68129189	336112690	2677	9972264	7500706	5195289
1789745838	123003	92.6	92.5	16928	6005	3654	8433	1107	0	1951	3898	4691	2998657	28738	50000	933	200000	3339909	68136771	336228148	2665	9974404	7500866	5195770
1789745866	123032	94.4	93.3	6642	3773	3412	7041	1413	0	158	4228	9586	2998475	28818	49896	670	200000	3340617	68146491	336318465	2662	9976417	7501882	5198019
1789745898	123063	94.1	93.5	7964	2541	2415	8995	1257	0	25049	4216	9704	2999619	28466	50000	622	200000	3341341	68154484	336419068	2662	9978801	7503893	5200191
1789745929	123095	97.3	97.2	7844	4942	655	6833	295	0	20048	4190	5633	3000360	28902	50000	136	200000	3342479	68167346	336586688	2662	9979973	7505453	5201234
1789745971	123137	96.3	95.9	14407	2895	1398	9117	404	0	85130	3890	13199	3000230	28630	50000	726	200000	3343547	68181177	336767283	2676	9982519	7507487	5202192
1789745991	123157	93.6	92.8	8767	3263	2132	5579	629	0	83083	3992	5213	3000125	28437	50000	973	200000	3343913	68190296	336805936	2666	9984820	7509193	5203367
1789746015	123181	92.2	92.0	12898	2598	3306	7638	1716	0	10456	3872	5102	2997948	28145	49992	823	200000	3344777	68198452	336936260	2666	9987243	7509385	5204945
1789746051	123216	97.6	97.4	13762	5314	1025	5096	266	0	19084	4375	9128	3000344	28548	50000	478	200000	3345937	68209981	337129719	2672	9987726	7511149	5205856
1789746089	123255	94.4	94.1	18044	3921	1079	7090	254	0	79242	4058	9432	3000314	28873	50000	464	200000	3346943	68221029	337332622	2684	9990100	7513104	5206898
1789746109	123275	88.6	87.9	9137	2981	2823	4941	719	0	60427	3870	4779	2999965	28442	49899	1146	200000	3347297	68226701	337387110	2662	9992164	7514260	5207842
1789746137	123303	91.4	91.1	16302	2069	2572	7121	1051	0	44130	4000	5442	2998554	28344	49988	737	200000	3348157	68236233	337517244	2665	9994550	7515084	5210260
1789746168	123334	95.0	94.7	7677	6677	3106	6511	1225	0	6361	4180	9119	2998512	28430	50000	620	200000	3349094	68247119	337658724	2662	9996503	7516049	5211194
1789746201	123367	93.7	93.3	10237	3210	4075	8768	900	0	10817	4100	9285	2998565	27892	49952	1315	200000	3349949	68254157	337788878	2662	9998982	7517275	5213128
1789746229	123395	96.0	95.4	12899	3308	3373	6571	549	0	18497	3772	5029	2999207	28513	49959	826	200000	3350827	68263169	337934447	2663	10000759	7519183	5214037
1789746262	123428	97.7	97.6	11069	5612	853	7105	224	0	65263	3992	9048	3000322	28859	50000	289	200000	3351949	68277361	338078374	2673	10001713	7521070	5215024
1789746293	123459	94.4	93.6	5608	3317	1444	5786	189	0	32681	4177	9217	3000181	28611	50000	866	200000	3352708	68285277	338196288	2664	10004075	7522878	5216445
1789746320	123486	94.1	93.8	8282	1727	1209	7142	234	0	48881	3886	5177	3000176	28546	50000	558	200000	3353562	68295911	338312864	2683	10006388	7524768	5217190
1789746352	123518	98.0	97.8	7771	4929	1315	5823	77	0	111880	3786	8754	3000329	28821	50000	570	200000	3354392	68308082	338442467	2675	10008689	7526674	5218133
1789746381	123546	95.2	94.8	10745	3207	2465	7843	423	0	46291	3804	8444	3000081	28520	49924	1083	200000	3355044	68319365	338553196	2664	10010896	7528028	5219543
1789746410	123576	93.9	93.6	10221	5522	2665	6261	1030	0	44822	3562	4874	3000130	28608	49985	870	200000	3356070	68331772	338700400	2664	10013374	7529439	5220436
1789746439	123604	95.5	95.4	12796	5814	3780	8255	1051	0	1256	3974	8556	2998420	28210	49944	1122	200000	3356873	68342606	338842039	2664	10015802	7530572	5221405
1789746466	123632	96.2	95.7	14631	2889	1145	5538	670	0	14328	4040	5167	3000209	28469	50000	312	200000	3357796	68352518	338975603	2675	10016541	7532540	5222262
1789746501	123667	95.9	95.8	10228	5659	1053	7240	269	0	57206	4047	9209	3000374	28982	50000	306	200000	3358874	68366626	339126302	2676	10018688	7534586	5223181
1789746535	123700	94.9	94.6	11046	4233	1261	5827	224	0	94954	4121	9215	3000270	29141	50000	644	200000	3359800	68375343	339288345	2676	10020867	7536575	5224166
1789746558	123724	93.5	93.0	8251	4655	2645	7513	843	0	51226	3716	4732	3000081	28884	50000	1209	200000	3360329	68382725	339394251	2664	10022993	7537681	5224851
1789746588	123753	93.0	92.6	7026	2825	2242	5814	457	0	63775	4037	9493	3000026	28829	49960	1164	200000	3361010	68391610	339485022	2665	10025250	7539622	5226455
1789746625	123791	91.6	91.5	8539	5980	1373	7607	285	0	108545	3865	9079	3000165	29075	50000	776	200000	3362220	68406382	339633683	2680	10027708	7541933	5227853
1789746647	123813	92.3	91.9	8873	6592	3034	6290	1874	0	39925	3750	4685	2999140	28888	49897	1043	200000	3362809	68413873	339731444	2664	10030038	7542375	5228750
1789746680	123846	95.3	95.0	11760	5796	3960	8221	2008	0	567	3880	8895	2998326	28503	49961	1332	200000	3363763	68425365	339893846	2665	10032498	7544038	5229967
1789746711	123877	95.8	95.7	5755	4077	3391	6273	1351	0	13337	4017	9050	2999131	28946	49965	814	200000	3364583	68436793	340025703	2664	10034890	7545959	5230735
1789746740	123906	98.3	98.1	9797	5577	568	6275	217	0	16981	3784	4932	3000695	29712	50000	31	200000	3365657	68453631	340184865	2664	10035145	7547464	5232070
1789746775	123941	93.5	93.1	14860	3993	1334	5901	441	0	61873	4007	9246	3000191	29324	50000	631	200000	3366555	68462472	340320657	2666	10037839	7549529	5233083
1789746797	123963	94.7	93.5	4989	3887	1462	7382	66	0	70688	3954	5148	3000323	29512	50000	644	200000	3367108	68473261	340369037	2665	10039707	7551096	5233916
1789746834	124000	95.3	95.0	7606	4166	1694	5883	186	0	72690	4040	9339	3000194	29366	50000	775	200000	3368214	68486998	340534067	2666	10042397	7553040	5235478
1789746858	124024	93.1	92.6	9349	6280	1840	7870	553	0	101510	3875	8742	3000165	29308	50000	904	200000	3368566	68494860	340584613	2665	10044908	7554914	5236622
1789746896	124061	95.2	94.9	11253	4657	1712	6505	475	0	85631	3912	9077	3000155	29338	50000	963	200000	3369936	68506064	340775218	2666	10047006	7556524	5238150
1789746917	124083	92.0	91.6	7897	2761	2205	8231	738	0	79205	3937	4998	3000021	29259	50000	810	200000	3370366	68511333	340863502	2665	10049208	7557703	5239311
1789746950	124115	93.8	93.5	9738	7356	3956	6540	2109	0	7787	4165	9311	2998648	29145	49837	1147	200000	3371401	68524171	341008373	2664	10051523	7558582	5240508
1789746979	124144	95.5	95.5	9666	4271	3452	7322	590	0	9851	3916	5116	2998839	29268	49958	1001	200000	3372374	68532775	341165743	2664	10052999	7560316	5241119
1789747013	124179	96.4	96.2	13308	4150	921	4843	230	0	46349	3990	8878	3000324	29695	50000	372	200000	3373316	68543505	341346912	2681	10053993	7562169	5241835
1789747045	124211	92.8	91.7	10707	3181	1611	6779	148	0	38246	3945	9214	3000173	29388	50000	900	200000	3374118	68551260	341465371	2664	10056367	7564075	5242951
1789747072	124238	94.2	93.7	6823	2141	1620	5588	103	0	76884	3868	5285	3000313	29365	50000	779	200000	3374867	68565164	341569581	2673	10058711	7565920	5243654
1789747104	124270	92.2	92.1	8948	2361	1416	7552	456	0	95648	4035	9251	3000145	29423	50000	622	200000	3375627	68575614	341677236	2675	10061263	7567825	5245307
1789747127	124293	90.5	90.1	12855	7516	2836	6134	1210	0	22804	3546	4658	2999752	29344	49997	963	200000	3376207	68585495	341775950	2665	10063328	7568374	5246234
1789747157	124323	98.0	98.0	8336	5673	3479	8120	1129	0	15739	3986	8865	2998694	29308	49965	992	200000	3377134	68599874	341913594	2665	10065813	7569963	5247107
1789747188	124354	96.8	94.6	8602	1876	3154	6621	1793	0	7269	4747	10298	2998529	29527	49897	1154	200000	3377903	68608214	342020837	2665	10067973	7571230	5249549
1789747219	124384	95.2	94.6	11455	2330	2743	8416	851	0	37002	4119	5771	3000098	29275	50000	911	200000	3378741	68616672	342140735	2666	10070386	7573421	5251299
1789747248	124414	97.5	97.5	7178	5285	3768	7741	1306	0	9887	3869	8952	2998725	29075	49862	1056	200000	3379632	68628789	342272712	2664	10072819	7574494	5251903
1789747279	124444	96.4	96.1	8475	5403	1084	7751	446	0	17934	4046	5473	3000340	29460	50000	331	200000	3380672	68644758	342419656	2674	10073385	7576398	5252998
1789747310	124476	95.9	95.4	7077	4913	1101	5609	353	0	15296	3859	8701	3000395	29389	50000	66	200000	3381561	68655376	342545179	2666	10075633	7577962	5254497
1789747342	124508	95.2	94.9	11196	5562	1255	7665	465	0	64338	3879	9160	3000223	29346	50000	388	200000	3382388	68663826	342674154	2672	10078182	7579893	5255826
1789747372	124538	91.9	91.6	7569	3490	1176	6195	163	0	86480	3902	8895	3000283	29576	50000	650	200000	3383127	68674879	342774068	2670	10080142	7581685	5256890
1789747398	124563	93.0	92.7	9869	3961	2100	7952	381	0	92936	3779	5030	3000012	29448	50000	978	200000	3383707	68681146	342889221	2667	10082378	7583200	5257694
1789747429	124595	94.5	94.2	13705	6526	3652	5969	2034	0	496	4026	8872	2999265	29417	50000	1064	200000	3384645	68692668	343029218	2664	10084521	7583804	5258481
1789747459	124625	92.5	92.5	13100	3068	3593	7581	1510	0	7360	4045	5433	2999519	29412	49972	885	200000	3385534	68704761	343162468	2666	10086823	7585569	5259225
1789747494	124660	96.9	96.3	16654	3745	714	4605	176	0	47252	4034	9416	3000312	29726	50000	349	200000	3386533	68715714	343342507	2680	10087123	7587255	5260538
1789747526	124692	89.6	89.1	6990	5019	1525	6646	136	0	96899	4100	5426	3000397	29729	50000	707	200000	3387387	68723479	343491405	2686	10089507	7589004	5261319
1789747546	124711	92.5	91.7	15974	2433	2569	6135	597	0	37648	3751	4692	3000063	29253	49995	1175	200000	3387770	68732707	343543163	2670	10091515	7589997	5262865
1789747580	124746	95.3	95.2	9475	5318	2106	7779	694	0	66348	4192	9520	3000339	29776	50000	827	200000	3388641	68747349	343659832	2678	10093989	7592222	5263833
1789747611	124777	94.4	94.0	14905	2785	3308	6202	2078	0	10582	3979	9218	2999946	29975	50000	1021	200000	3389472	68759584	343790255	2664	10096339	7592873	5264858
1789747639	124805	99.0	99.0	14828	1937	1141	6210	327	0	32584	4070	5204	3000202	30141	50000	418	200000	3390484	68771221	343944285	2672	10096877	7594762	5265302
1789747675	124841	95.5	95.1	12048	6006	780	5318	116	0	35942	4335	10022	3000608	30803	50000	458	200000	3391483	68785405	344104562	2665	10098826	7596507	5266618
1789747703	124869	93.5	92.9	9551	4902	1747	7306	182	0	73004	4057	5527	3000379	30527	50000	831	200000	3392299	68796274	344212791	2671	10101375	7598519	5267397
1789747730	124896	95.9	95.2	9528	2407	1807	6223	666	0	111901	4171	9489	3000113	30292	50000	923	200000	3392735	68804282	344277003	2679	10103861	7600296	5268616
1789747757	124922	94.9	94.5	11784	2482	2903	8059	1741	0	22355	3965	5249	2998984	30097	50000	896	200000	3393577	68815933	344406366	2664	10106132	7600668	5270204
1789747786	124952	96.4	96.1	7002	5504	2868	6419	1458	0	13366	4290	9537	2998942	30196	50000	908	200000	3394388	68826659	344530830	2664	10108011	7602030	5271998
1789747816	124982	94.6	94.3	10384	3437	2416	8054	1548	0	12753	4229	5656	2999664	30096	50000	385	200000	3395185	68835598	344670742	2666	10110258	7603614	5273122
1789747847	125013	96.6	96.5	15010	6144	839	5889	146	0	20869	4239	9223	3000296	30298	50000	306	200000	3396091	68846024	344814437	2667	10110979	7605135	5274062
1789747879	125045	93.9	93.5	11970	3535	990	7819	423	0	5006	4400	5952	3000332	30010	50000	124	200000	3397112	68856514	344977003	2665	10113461	7606649	5275663
1789747914	125080	94.3	94.0	10926	3983	1318	6145	403	0	53102	3678	8694	3000442	29909	50000	521	200000	3398086	68870980	345116996	2668	10115885	7608516	5276868
1789747942	125107	91.8	91.3	6216	1643	1490	8086	368	0	106274	3807	8937	3000245	29623	50000	666	200000	3398588	68879197	345193502	2683	10118196	7610353	5278117
1789747971	125137	93.5	93.2	13425	2470	2464	6317	545	0	55884	3836	8690	3000079	29565	49997	803	200000	3399209	68889293	345298600	2664	10120510	7611544	5279546
1789747998	125164	92.4	92.4	12605	5812	3824	8131	999	0	10017	3569	4756	2998685	28941	49975	1261	200000	3400103	68896470	345476941	2665	10122719	7612103	5280264
1789748027	125192	96.1	95.4	10640	4175	1088	4764	527	0	8447	3827	5038	3000212	29259	50000	425	200000	3400890	68906556	345592867	2670	10123344	7613668	5281655
1789748068	125233	95.5	95.3	12807	2544	937	6700	324	0	40075	3766	12954	3000365	29564	50000	274	200000	3401938	68925018	345736691	2671	10125708	7615739	5282779
1789748091	125257	96.0	95.0	8297	2758	1833	5872	87	0	51295	3926	5369	3000645	29136	50000	997	200000	3402510	68936088	345818859	2665	10127944	7617480	5284140
1789748124	125290	96.9	96.7	11839	4099	1347	7448	369	0	112757	3987	9593	3000540	29753	50000	682	200000	3403408	68958789	345922307	2673	10130291	7619481	5285057
1789748147	125313	94.3	93.4	7736	3677	3004	6260	969	0	15525	3610	4763	3000088	29168	50000	1060	200000	3403992	68969105	346019219	2664	10132612	7620300	5286076
1789748178	125344	94.0	93.9	10657	7296	3321	7836	1523	0	8240	3903	8502	2999061	29163	50000	776	200000	3404922	68978754	346173246	2665	10134841	7621522	5286770
1789748213	125379	95.1	94.1	7718	1923	3526	5768	253	0	13325	3985	8960	2998317	29045	49927	866	200000	3405970	68993915	346328481	2668	10136382	7623019	5288251
1789748247	125412	97.8	97.3	7811	6457	1533	6766	337	0	67722	4007	9499	3000434	29441	50000	629	200000	3406978	69009969	346466186	2674	10137742	7624702	5289549
1789748271	125437	93.0	90.4	13276	6822	2059	5535	276	0	52890	4702	6186	3000134	29369	50000	649	200000	3407626	69017548	346558164	2666	10139831	7625680	5290991
1789748306	125472	94.2	93.9	7430	5165	1619	7796	526	0	85143	4017	9631	3000043	29368	50000	597	200000	3408457	69023540	346697473	2666	10142349	7627490	5293378
1789748330	125496	92.5	92.1	8434	8016	2417	6886	1066	0	53525	3748	8354	3000052	29405	49987	803	200000	3408962	69030384	346775197	2664	10144518	7628277	5294630
1789748359	125525	95.3	95.3	10755	5608	3384	8783	1387	0	14351	3688	4723	2998720	29201	49944	768	200000	3409948	69038870	346967628	2664	10146770	7629300	5295596
1789748393	125559	93.4	93.0	12194	5385	919	5155	210	0	22784	3829	8665	3000327	29551	50000	159	200000	3411047	69052781	347123164	2668	10147160	7630792	5296891
1789748424	125590	89.5	89.1	6700	5535	1922	7251	336	0	59543	4124	9056	3000133	29286	50000	818	200000	3411788	69058911	347239206	2668	10149338	7632063	5298735
1789748456	125622	94.6	94.0	7328	4028	1742	6498	247	0	59618	4029	5406	3000143	29245	50000	704	200000	3412711	69067152	347430574	2675	10151630	7633452	5300721
1789748479	125645	93.3	92.6	11296	5276	2241	8447	967	0	61603	3951	8362	2999548	29058	49997	680	200000	3413049	69069924	347493270	2664	10153681	7634437	5301979
1789748510	125676	94.4	94.0	6250	3663	2971	6610	1388	0	10408	3861	8668	2998713	28816	49968	894	200000	3413950	69077829	347635958	2662	10155907	7635193	5303739
1789748538	125703	94.6	94.5	12637	7581	3885	7548	310	0	10431	3557	4654	2998665	28425	49988	1106	200000	3414882	69088214	347786068	2665	10157154	7636359	5304639
1789748568	125734	94.5	93.9	8983	2696	3964	7410	1137	0	8115	3854	9038	2999002	28240	49961	1325	200000	3415666	69095221	347897163	2662	10160495	7637959	5306335
1789748598	125764	95.0	94.1	6368	5001	3189	8947	2052	0	6146	3914	9288	2999214	28336	50000	878	200000	3416312	69105477	347998456	2662	10162769	7639548	5308148
1789748631	125797	95.1	95.1	10363	6273	4063	6528	366	0	7977	3643	8477	2998690	28294	49932	1274	200000	3417361	69127365	348120107	2662	10164145	7641320	5308954
1789748662	125828	98.1	97.5	10066	3799	1256	7608	235	0	71063	3752	5150	3000263	28674	50000	667	200000	3418316	69138965	348253405	2670	10165683	7643496	5309787
1789748688	125854	93.5	92.9	7107	4398	2701	5982	161	0	61176	3580	8139	3000465	28536	50000	1321	200000	3418931	69154001	348324689	2662	10167862	7644868	5310456
1789748720	125886	93.7	93.4	8471	3313	1627	7845	407	0	86109	3750	8771	3000176	28604	50000	896	200000	3419812	69164916	348443815	2664	10170091	7646454	5312912
1789748751	125917	92.9	92.7	7018	5793	1829	6703	595	0	95171	3726	8445	3000011	28704	49914	844	200000	3420459	69173372	348563943	2665	10172620	7648180	5314573
1789748776	125942	93.6	93.1	16398	3301	3666	8559	1980	0	1659	3855	4780	2998230	28417	49952	1028	200000	3421445	69180595	348717450	2663	10174812	7648369	5315950
1789748811	125977	92.1	92.0	8393	6242	3775	7257	1154	0	7726	3766	8356	2998716	28641	49934	1029	200000	3422329	69189879	348878209	2662	10177290	7650129	5316813
1789748837	126002	95.7	95.4	9028	1992	934	7401	344	0	7114	3679	4758	3000194	28976	50000	80	200000	3423210	69199256	349007688	2662	10177758	7651587	5318376
1789748875	126041	93.9	93.6	9185	6096	1880	6507	559	0	60946	3500	11852	3000124	28712	50000	786	200000	3424135	69206895	349165845	2667	10180355	7653356	5319809
1789748900	126066	95.7	95.4	7657	3099	1610	8183	213	0	50305	3935	5339	3000297	28871	50000	619	200000	3424863	69215404	349278067	2662	10182407	7654726	5321776
1789748935	126101	96.4	96.1	11365	3289	1296	6159	229	0	81032	3904	8869	3000219	28945	50000	652	200000	3425810	69224099	349454659	2678	10184689	7656708	5322845
1789748960	126126	96.4	96.0	8648	5415	2386	7929	861	0	57313	3765	8153	3000017	28927	49997	1050	200000	3426325	69231141	349528828	2662	10186830	7658097	5323585
1789748990	126156	96.6	96.2	7811	1523	1916	6083	336	0	67520	3655	8652	2999782	28600	49969	1033	200000	3427088	69237493	349645736	2664	10188986	7659665	5325649
1789749017	126183	96.5	96.1	6123	4854	2265	7703	409	0	72985	3607	5107	3000082	28311	50000	1108	200000	3427946	69246290	349773111	2675	10191256	7661299	5326615
1789749045	126211	96.0	95.7	9591	5639	3240	6841	1560	0	25342	3675	8252	3000163	28377	50000	1137	200000	3428694	69262600	349886637	2662	10193611	7662241	5327361
1789749078	126244	92.5	92.1	11437	3282	3399	8562	2151	0	14946	3746	9096	3000000	28090	50000	1045	200000	3429614	69276316	350009453	2666	10196059	7663998	5328376
1789749109	126275	94.0	94.0	12387	3569	3928	5528	495	0	4793	3999	5439	2998696	27900	49750	1238	200000	3430632	69290508	350183244	2669	10197438	7665757	5329259
1789749140	126306	98.6	98.3	10316	2999	1200	6482	242	0	34762	3638	8581	3000286	28336	50000	602	200000	3431604	69305390	350299359	2666	10198792	7667734	5330185
1789749170	126336	92.5	92.1	10238	4038	1573	5877	175	0	42858	3959	8789	3000205	28034	50000	844	200000	3432312	69314922	350389441	2666	10201091	7669720	5331076
1789749205	126371	94.9	93.9	8688	4982	1225	7351	243	0	66084	3916	9184	3000985	28951	50000	491	200000	3433228	69335035	350514969	2674	10203413	7671638	5332023
1789749228	126394	92.0	91.9	12083	4174	1565	5671	118	0	108931	3799	4969	3000102	29072	49955	892	200000	3433692	69343669	350593401	2670	10205541	7673330	5332915
1789749260	126426	93.8	93.5	14981	4037	2781	7977	419	0	21200	4051	9162	2999329	28662	49981	1337	200000	3434491	69350269	350726330	2667	10208161	7674806	5334417
1789749288	126454	96.2	95.9	8629	3468	1161	5749	301	0	54196	3659	4924	3000207	28962	50000	360	200000	3435301	69357637	350866449	2666	10209902	7676516	5335961
1789749325	126491	89.5	89.2	10963	4262	1283	7779	76	0	108160	3721	8715	3000117	28814	50000	789	200000	3436246	69368399	351018110	2676	10212260	7678623	5336909
1789749354	126520	94.8	94.3	8535	5453	2546	6069	701	0	73709	3818	8514	3000061	28558	49932	1235	200000	3436885	69376532	351125867	2669	10214578	7679893	5337659
1789749376	126542	93.4	93.1	6303	4952	2957	7850	1555	0	34804	3649	4875	2998976	28390	49880	1057	200000	3437503	69382926	351229266	2666	10216803	7680577	5339501
1789749406	126572	95.5	95.1	10316	7301	3473	6360	1886	0	2343	3565	8207	2998745	28126	50000	1209	200000	3438355	69390961	351385389	2666	10218970	7681868	5340820
1789749436	126602	94.5	94.2	6965	3074	3305	7875	1772	0	17186	3798	8562	2999796	28201	49939	1029	200000	3439055	69398391	351481870	2666	10221341	7683984	5341737
1789749470	126636	94.9	94.7	12034	6990	3693	7187	2197	0	2287	3745	8956	2999256	28316	50000	977	200000	3440005	69412949	351626376	2666	10223694	7685722	5342770
1789749499	126665	93.5	93.5	10279	3328	3781	8115	538	0	7939	3655	4843	2998980	28477	49982	1056	200000	3440997	69426048	351760207	2668	10225232	7687524	5343518
1789749532	126698	98.9	98.5	12132	5212	1203	5704	253	0	54557	3714	8499	3000267	28831	50000	528	200000	3442003	69437120	351937298	2682	10226439	7689465	5344402
1789749567	126732	95.4	94.8	12780	4150	1046	7415	179	0	60884	3855	9116	3000162	28950	50000	387	200000	3443040	69448818	352093957	2672	10228650	7691248	5345559
1789749587	126753	91.6	90.2	5416	3239	2031	5831	474	0	82804	3910	4935	3000080	28737	50000	971	200000	3443432	69455533	352152115	2667	10230757	7692854	5346328
1789749616	126782	93.4	92.2	13408	3048	2994	7529	1034	0	34233	4127	8949	2998816	28647	49993	969	200000	3444179	69462921	352264872	2669	10232982	7693761	5347493
1789749650	126815	93.3	92.2	10904	5379	3380	6234	1918	0	10734	3687	8692	2999734	28739	50000	1129	200000	3445197	69475602	352413950	2666	10235335	7694945	5348883
1789749676	126842	94.4	93.7	9559	2864	3729	7998	2028	0	14771	3561	4913	2999051	28505	50000	1351	200000	3445921	69486901	352526264	2666	10237828	7696723	5350012
1789749705	126871	92.4	92.1	6225	5061	3030	7513	1697	0	11197	3706	8682	2998437	28411	49828	937	200000	3446715	69495295	352638328	2666	10240030	7698400	5352175
1789749739	126904	93.5	93.5	9157	7660	3736	8732	331	0	8305	3764	8631	2998773	28656	49895	903	200000	3447691	69506491	352790183	2666	10241738	7699968	5353081
1789749773	126939	97.8	97.5	10184	4103	1146	6466	374	0	5006	3787	8828	3000318	28937	50000	255	200000	3448698	69516772	352973176	2666	10243075	7701574	5354489
1789749798	126964	92.2	91.7	9414	2297	1990	8526	186	0	40310	3886	5080	3000171	28778	50000	847	200000	3449401	69523655	353079022	2670	10245327	7702914	5356279
1789749831	126997	95.1	94.9	12228	2241	1288	6492	240	0	57832	3716	8632	3000090	28884	50000	691	200000	3450239	69529880	353237884	2676	10247445	7704725	5357955
1789749865	127030	97.4	97.3	9096	5483	1091	8216	200	0	110900	3638	8635	3000288	29064	50000	563	200000	3451247	69540732	353402146	2682	10249752	7706722	5358893
1789749885	127051	94.9	94.5	12885	5796	3022	5746	1996	0	30135	3411	4323	2999197	29047	49913	919	200000	3451724	69547540	353487454	2668	10252021	7707063	5359693
1789749919	127085	96.1	96.1	8967	5375	3962	7669	1067	0	876	3663	8505	2998583	29125	49937	1070	200000	3452776	69558019	353647115	2668	10254256	7708369	5361063
1789749951	127117	98.2	97.9	10074	2662	3730	6072	1049	0	4112	3676	8596	2999147	28781	50000	1184	200000	3453727	69566935	353796611	2669	10256401	7710215	5361863
1789749981	127147	96.6	96.0	8329	5429	3565	7589	1223	0	5092	3768	8899	2999487	28699	50000	1128	200000	3454439	69580920	353906577	2668	10258648	7711971	5363052
1789750009	127175	95.4	94.9	12673	1785	3662	6238	425	0	19998	3824	5210	2999015	28847	49955	1029	200000	3455240	69594714	354044286	2668	10260276	7713798	5363966
1789750041	127206	98.6	98.5	13707	5608	820	6931	208	0	45801	3831	8923	3000382	29307	50000	422	200000	3456252	69605892	354186435	2668	10261322	7715653	5365086
1789750077	127242	94.8	94.5	10672	2634	1160	5808	144	0	73354	4012	9553	3000217	29354	50000	581	200000	3457231	69616987	354337970	2674	10263666	7717637	5366064
1789750105	127271	94.5	94.2	8250	2334	1539	7583	91	0	95466	4036	9377	3000455	30339	50000	759	200000	3457939	69630559	354410646	2672	10265895	7719414	5366913
1789750125	127291	93.5	90.7	9163	7706	3587	6081	1484	0	17804	4565	5458	2998799	29569	50000	1420	200000	3458362	69635714	354501051	2668	10268227	7719747	5367751
1789750164	127330	95.5	95.2	10697	2932	1527	7756	207	0	91452	3984	9987	3000378	30053	50000	920	200000	3459519	69651461	354640464	2675	10270580	7722982	5369843
1789750194	127360	95.9	95.5	9464	6331	1614	5783	153	0	108196	4184	9159	3000062	29879	50000	893	200000	3460133	69659877	354750886	2674	10272782	7724593	5370938
1789750219	127385	88.5	88.4	12454	12454	3515	7427	2167	0	5007	3766	4730	2999350	29951	49829	904	200000	3460871	69666591	354897289	2668	10275075	7725036	5371478
1789750249	127415	99.0	99.0	14141	2475	719	4258	240	0	34331	3892	5136	3000328	30319	50000	292	200000	3462022	69680047	355068985	2682	10275416	7726915	5372118
1789750287	127453	95.4	95.0	12212	4361	1239	6234	421	0	45659	3779	9065	3000232	30517	50000	488	200000	3463105	69691389	355253207	2683	10278114	7728962	5373188
1789750306	127472	90.0	89.6	5555	3079	1584	5525	431	0	114365	3880	5108	3000147	30493	50000	711	200000	3463404	69697223	355290316	2691	10280335	7730812	5374198
1789750338	127504	95.0	95.0	16719	7864	3529	7215	1316	0	7032	3859	8444	2998990	30436	49985	861	200000	3464405	69704337	355487171	2668	10282428	7731016	5374777
1789750370	127535	97.3	96.7	15622	2139	1341	4996	354	0	45683	4092	5582	3000314	30572	50000	534	200000	3465494	69715117	355657572	2690	10283255	7732864	5375864
1789750405	127570	93.7	93.5	8625	2663	1518	6994	395	0	47118	3965	9279	3000668	31193	50000	504	200000	3466436	69729138	355784448	2670	10285766	7734608	5377507
1789750427	127593	90.8	90.2	7288	5330	2118	6160	536	0	74364	3928	8768	3000083	30733	50000	924	200000	3466801	69734263	355834248	2672	10287761	7736171	5378869
1789750456	127622	93.3	92.9	9412	2084	2548	7965	290	0	53287	4190	5493	3000025	30230	50000	1272	200000	3467627	69744512	355970472	2667	10290031	7737372	5380254
1789750486	127652	94.8	93.8	9517	5421	2104	6334	723	0	70350	4053	9448	3000058	30270	50000	742	200000	3468371	69756589	356081977	2667	10292203	7739084	5381552
1789750517	127682	93.5	93.5	14612	5742	3504	8311	1396	0	5227	4004	5105	2998717	30226	49994	811	200000	3469393	69773885	356230494	2673	10294517	7739734	5382277
1789750553	127719	98.0	97.7	13397	5202	808	5676	298	0	31132	4218	9368	3000316	30780	50000	129	200000	3470619	69788993	356411908	2689	10295025	7741562	5383439
1789750586	127752	93.5	93.1	11870	2837	1062	7711	443	0	46883	4046	9505	3000144	30516	50000	384	200000	3471541	69798753	356542538	2674	10297544	7743166	5384989
1789750611	127776	91.2	90.1	5910	3062	1301	6261	354	0	37238	4165	5529	3000096	29610	50000	594	200000	3472094	69805766	356624674	2675	10299877	7744763	5386824
1789750643	127809	94.3	93.5	11888	5309	1060	8005	376	0	20981	4404	10223	3000303	29668	50000	361	200000	3472831	69817179	356736565	2673	10302217	7746426	5388514
1789750679	127845	94.3	93.9	11382	2820	1578	6284	567	0	55339	3988	9576	3000412	29599	50000	672	200000	3473813	69831764	356875680	2682	10304641	7748246	5389637
1789750705	127870	93.9	93.6	11309	2470	1290	8101	392	0	116822	3976	5398	3000308	29891	50000	572	200000	3474446	69840215	356978296	2683	10306824	7749970	5390744
1789750728	127894	96.6	96.1	11844	1950	2581	6495	1032	0	41854	3661	4628	3000050	29849	50000	823	200000	3475029	69848240	357099965	2674	10309111	7750841	5391873
1789750757	127923	97.4	97.0	8354	6525	3310	8328	1944	0	9327	3893	8755	2998842	29644	49968	906	200000	3476052	69858139	357246611	2673	10311341	7752042	5393170
1789750787	127953	98.3	98.3	10308	5250	872	5021	280	0	8493	3845	4910	3000393	30118	50000	139	200000	3477158	69871719	357414048	2678	10311823	7753547	5394044
1789750822	127987	97.6	97.2	11969	5862	1139	7072	415	0	34008	3798	9005	3000270	29934	50000	463	200000	3478068	69880980	357590134	2683	10314345	7755315	5395550
1789750855	128021	96.7	96.2	7355	3328	1913	6277	359	0	72403	3916	9140	3000158	29804	50000	603	200000	3478959	69893010	357732818	2683	10316613	7756705	5397419
1789750884	128050	92.1	91.5	11300	6141	1612	8144	303	0	69308	4059	9114	3000307	29830	50000	929	200000	3479578	69900188	357824047	2673	10318635	7758293	5398805
1789750912	128078	93.4	93.0	8693	7138	1771	6404	553	0	89485	4078	9148	3000206	29757	50000	878	200000	3480177	69912667	357896671	2676	10321023	7759938	5400088
1789750936	128102	92.1	91.7	9177	7454	2854	8053	1490	0	15432	3939	5105	2999562	29632	49995	759	200000	3480881	69923630	358005713	2674	10323079	7760345	5401304
1789750973	128139	94.5	94.5	14415	3085	3670	7249	1127	0	16559	4211	9301	2999675	29376	50000	1180	200000	3481936	69935263	358187503	2674	10325644	7762011	5402169
1789750999	128165	97.8	97.4	11208	6305	1173	7377	284	0	29133	4185	5332	3000259	29728	50000	422	200000	3482851	69945364	358314519	2678	10326304	7763886	5403092
1789751031	128197	95.6	95.3	13054	2133	1419	5683	156	0	72310	4384	9450	3000453	29792	50000	655	200000	3483681	69962718	358417209	2679	10328384	7765800	5404140
1789751069	128235	95.5	95.2	14197	3517	1088	7484	341	0	53747	4023	9381	3000488	30680	50000	390	200000	3484853	69980489	358574600	2674	10330952	7767681	5405353
1789751092	128258	94.2	91.8	7471	3808	1389	5954	78	0	70690	4146	5316	3000102	30227	50000	469	200000	3485405	69986403	358667792	2673	10333015	7769155	5406815
1789751121	128287	89.1	88.6	10934	3917	2054	8020	275	0	93753	4066	9205	3000017	29910	49995	1089	200000	3485784	69993877	358734125	2671	10335316	7770858	5408086
1789751146	128312	93.8	93.2	11353	6976	3038	5979	1480	0	14845	3692	4685	2999680	29897	50000	1097	200000	3486612	70003408	358856273	2667	10337510	7771412	5408994
1789751176	128342	95.3	95.1	9077	6827	2970	7535	1948	0	13152	4114	9087	3000022	30047	50000	738	200000	3487364	70016050	358969173	2666	10339770	7773077	5409729
1789751208	128374	97.7	97.6	13595	2996	1097	5535	376	0	23281	4083	5226	3000530	30394	50000	339	200000	3488477	70029881	359164886	2676	10340430	7774871	5410472
1789751242	128408	94.5	94.3	8146	3482	1087	7350	236	0	60326	3916	9257	3000259	30345	50000	414	200000	3489442	70040820	359304700	2669	10342611	7776746	5411524
1789751273	128439	93.9	93.5	7704	4118	1419	5822	64	0	97445	3758	8519	3000194	30271	50000	723	200000	3490238	70049388	359421415	2674	10344949	7778795	5412392
1789751298	128463	92.4	91.9	8931	4389	2084	7593	662	0	75756	3666	4915	3000072	30114	50000	885	200000	3490888	70057158	359528206	2666	10347123	7780083	5413604
1789751328	128493	94.0	93.7	7930	5542	3675	6310	2020	0	19716	4019	8734	2999439	30073	49919	1048	200000	3491778	70066059	359683302	2666	10349446	7780953	5414598
1789751364	128530	94.3	94.3	10914	5927	3673	7198	475	0	12064	3941	9208	2998510	29986	49892	1120	200000	3492790	70080603	359841518	2670	10350889	7782582	5415324
1789751391	128557	97.3	97.0	10322	1952	1425	4796	536	0	53304	4009	5391	3000398	30419	50000	599	200000	3493636	70090976	359967350	2667	10352322	7784418	5416399
1789751422	128588	94.1	93.5	9220	3842	1321	6422	191	0	39201	4195	9856	3000311	30011	50000	775	200000	3494354	70103765	360067125	2666	10354514	7786089	5417841
1789751447	128613	94.5	93.8	9033	3620	1618	5793	583	0	22516	4182	5735	3000325	29799	50000	524	200000	3494989	70117270	360141071	2669	10357260	7787981	5418811
1789751480	128646	94.5	94.2	8286	4535	1564	7432	341	0	51887	4016	9434	3000348	29942	50000	665	200000	3495771	70128567	360277206	2670	10359234	7789860	5419646
1789751514	128680	93.9	93.3	6387	5067	1394	5797	257	0	46308	4276	10107	3000131	29796	50000	496	200000	3496717	70137469	360419689	2664	10361280	7791181	5421661
1789751544	128710	93.4	92.9	10142	3221	1615	7718	178	0	80251	4206	5534	3000287	29660	50000	703	200000	3497573	70149004	360559458	2670	10363574	7792617	5423403
1789751572	128738	90.5	89.9	10926	2553	2368	6886	966	0	38246	4138	9419	3000049	29196	50000	1095	200000	3498057	70156820	360618854	2664	10366599	7794497	5424641
1789751601	128766	95.0	94.8	9152	4375	1499	7802	496	0	50792	4142	5854	3000149	29082	50000	469	200000	3498771	70166266	360753290	2673	10368308	7796065	5425642
1789751631	128796	92.1	91.7	8629	2407	2061	6028	655	0	58921	4186	9669	3000067	28698	50000	833	200000	3499432	70172823	360856011	2667	10370802	7797612	5427361
1789751659	128825	95.3	94.9	7268	6845	1574	7600	321	0	74599	4112	9470	3000279	28469	50000	855	200000	3500131	70183779	360937233	2666	10372717	7799263	5428953
1789751695	128861	97.5	97.1	6520	3931	1627	6727	270	0	87739	4003	9246	3000326	28931	50000	949	200000	3501184	70197489	361107833	2665	10375244	7801186	5430148
1789751716	128882	97.6	97.3	12826	3073	2569	8748	554	0	37461	3522	4654	2999931	28740	50000	1081	200000	3501568	70202285	361184418	2665	10377780	7802577	5431339
1789751749	128914	98.0	97.0	8955	4460	2032	6540	591	0	71874	4416	10703	3000105	28684	50000	893	200000	3502366	70212056	361307904	2665	10379978	7804194	5432910
1789751780	128946	96.5	96.1	10800	4836	1832	8470	511	0	97167	4762	10745	2999815	28415	50000	1105	200000	3503073	70216980	361421081	2673	10382223	7806158	5434596
1789751810	128976	97.4	97.1	13204	1644	2896	6985	1234	0	32313	4069	6072	3000082	28478	49992	1024	200000	3504021	70226079	361590479	2665	10384555	7806653	5436130
1789751839	129005	94.5	93.8	8352	6605	2786	8636	1704	0	21577	4536	9927	2998484	28443	49966	873	200000	3504718	70233143	361700735	2664	10386660	7808001	5437846
1789751873	129039	94.6	94.5	8857	6341	3925	6713	1088	0	6850	3992	9458	2998810	27712	49983	1329	200000	3505592	70241520	361854068	2664	10389219	7809651	5438305
1789751900	129066	97.9	97.3	10247	3771	1228	6723	420	0	23072	4155	5527	3000368	28291	50000	453	200000	3506451	70254521	361973056	2665	10389945	7811557	5439268
1789751937	129103	97.0	95.9	12886	5676	652	5433	173	0	43356	4499	10748	3000394	28570	50000	240	200000	3507423	70274221	362120461	2668	10391939	7813158	5440907
1789751959	129125	91.9	88.7	6724	3048	1618	7525	3	0	65446	4867	6407	3000061	28305	50000	494	200000	3507889	70277971	362181808	2664	10394126	7814407	5442266
1789751991	129157	92.8	92.3	9205	7064	2192	6804	316	0	93975	4559	10382	2999826	27836	49967	1242	200000	3508448	70282804	362284081	2672	10396712	7816367	5443759
1789752016	129182	90.3	90.2	11470	6781	3052	8341	1777	0	1951	4082	5459	2999115	28253	49954	584	200000	3509287	70293370	362403957	2665	10398960	7816794	5445004
1789752051	129217	94.3	94.1	10843	6341	3439	6806	840	0	2691	4485	10809	2998859	28152	49999	1108	200000	3510139	70303173	362539286	2664	10401130	7817978	5446309
1789752082	129248	94.9	94.6	8134	4350	3397	8493	1046	0	6014	4760	10466	2999127	28155	50000	923	200000	3510791	70309205	362637363	2666	10403474	7819504	5447979
1789752108	129274	97.3	97.2	7879	5483	860	5835	263	0	44029	3737	5205	3000197	28533	50000	295	200000	3511630	70319234	362762639	2666	10404259	7821266	5449080
1789752140	129306	94.6	94.1	5435	4663	1459	7839	153	0	86753	3572	8226	3000213	28121	50000	791	200000	3512416	70327109	362888585	2667	10406638	7823241	5450087
1789752170	129336	95.0	94.5	9467	3121	1447	6136	97	0	81458	3707	8757	3000297	27889	50000	905	200000	3513258	70338230	363000405	2670	10408933	7825266	5451151
1789752200	129366	94.9	94.7	9884	5695	1650	7749	342	0	115323	3933	9505	2999815	28041	49942	790	200000	3513852	70344986	363108530	2673	10411240	7826927	5452058
1789752227	129393	92.9	92.7	10543	10340	3723	6211	1423	0	12448	3735	5098	2999019	28050	49921	1053	200000	3514913	70355911	363248502	2671	10413611	7827270	5452447
1789752263	129428	98.8	98.5	16764	3350	1075	6223	397	0	23547	4076	9525	3000340	28538	50000	370	200000	3515899	70364823	363423952	2679	10414132	7829122	5453515
1789752298	129464	94.6	94.3	14626	4317	1337	4384	271	0	46706	4296	10072	3000186	28424	50000	549	200000	3516745	70372557	363571465	2670	10416335	7830926	5454497
1789752319	129485	91.1	90.6	6848	1736	2114	6414	631	0	86861	4188	5702	3000023	28316	50000	912	200000	3516925	70376930	363602161	2666	10418583	7832598	5455588
1789752347	129512	93.5	93.2	11437	3458	3122	5882	1580	0	16811	3692	5143	2999207	28120	49995	1056	200000	3517833	70385575	363747925	2668	10420661	7833058	5456770
1789752376	129542	94.6	94.4	8284	5098	3656	7681	1078	0	4063	3777	8520	2999340	28590	49944	1162	200000	3518643	70395417	363866885	2666	10422946	7834522	5457555
1789752410	129576	95.0	94.6	10956	1963	3562	5817	489	0	3966	3757	8452	2999104	28683	49951	1007	200000	3519511	70409373	364011769	2666	10424711	7836395	5458747
1789752438	129604	96.3	96.0	9032	5940	1150	7111	298	0	19857	3692	5065	3000189	29042	50000	262	200000	3520461	70417744	364162185	2666	10426196	7837843	5460744
1789752470	129635	94.0	93.5	10138	2330	1728	6304	246	0	45456	3887	8954	3000280	28989	50000	724	200000	3521362	70426489	364295486	2667	10428272	7839203	5462513
1789752513	129679	95.0	94.7	11887	2378	1017	8345	237	0	79890	3684	12111	3000154	28950	50000	493	200000	3522435	70437321	364505045	2682	10430678	7841142	5463947
1789752531	129697	94.5	93.8	12228	4037	1983	5841	630	0	82586	3752	4788	3000222	29820	50000	913	200000	3522715	70443499	364543573	2668	10432737	7842510	5464896
1789752556	129722	97.3	97.0	8940	1789	2173	7659	643	0	67524	3528	4815	2998990	29976	49968	983	200000	3523495	70451660	364670807	2666	10434905	7843717	5466502
1789752586	129752	97.9	97.6	7697	6428	2920	6001	1726	0	12199	3856	8474	2998982	30072	50000	829	200000	3524363	70459996	364818475	2666	10437132	7844647	5467395
1789752619	129785	98.7	98.7	10166	6750	1012	6175	426	0	24882	3952	8417	3000295	30365	50000	329	200000	3525529	70473662	364999778	2671	10437818	7846386	5467896
1789752648	129814	97.7	97.0	7325	2702	1288	5182	327	0	15314	4283	5941	3000224	29921	50000	627	200000	3526289	70481856	365131643	2668	10440345	7847988	5469420
1789752681	129847	95.4	95.2	7735	6046	1218	6868	183	0	66434	4185	9948	3000212	29982	50000	568	200000	3527082	70490968	365256876	2681	10442294	7849924	5470379
1789752709	129875	93.8	93.4	7808	6484	2892	6144	805	0	23213	4731	10232	3000028	29843	49957	931	200000	3527575	70497155	365328557	2670	10444519	7851006	5471379
1789752736	129902	95.6	95.3	15504	3678	2592	7893	1742	0	6719	4053	5529	2998434	29604	50000	736	200000	3528473	70504616	365495148	2668	10446452	7851545	5473329
1789752770	129935	94.5	92.4	13186	1334	3173	6628	1361	0	1157	4984	10612	2998368	29535	49942	725	200000	3529271	70510485	365633539	2667	10448947	7852810	5474985
1789752808	129973	97.5	97.3	13172	5464	1331	6972	280	0	35817	4246	9598	3000326	29604	50000	427	200000	3530404	70524347	365807515	2681	10449780	7854786	5475988
1789752831	129997	94.5	93.9	6381	2440	1411	6120	75	0	93904	4180	5842	3000093	29179	50000	718	200000	3530980	70531064	365887403	2669	10451829	7856461	5476982
1789752866	130032	94.8	94.3	12771	1789	1794	8097	381	0	99681	4397	9912	3000189	29462	50000	937	200000	3531818	70545180	366020169	2675	10454278	7858201	5478455
1789752887	130053	92.2	91.7	6183	2379	2686	5979	1143	0	25567	3601	4918	2999649	29398	49990	850	200000	3532333	70552403	366116026	2668	10456368	7859038	5479736
1789752920	130086	88.6	88.3	8413	5666	3133	7685	1800	0	1902	4203	9559	2998905	29368	49923	783	200000	3533196	70562978	366252185	2665	10458257	7859654	5481462
1789752950	130116	95.6	95.5	13701	2938	1229	4686	121	0	54812	3812	5010	3000331	29830	50000	611	200000	3534053	70570488	366387132	2668	10458806	7861304	5481948
1789752989	130155	94.1	93.9	14514	2193	969	6443	138	0	99992	4030	9364	3000436	29861	50000	451	200000	3535102	70583595	366566462	2687	10460961	7863135	5483194
1789753005	130171	90.1	89.4	8871	6484	3022	5689	1947	0	17802	3669	4431	2999205	29583	49912	905	200000	3535430	70588169	366619581	2665	10463166	7863384	5483919
1789753038	130204	93.7	93.6	16450	6755	4429	6197	147	0	4756	3764	8572	2998550	28389	49842	1755	200000	3536465	70599306	366782564	2665	10463832	7864634	5485036
1789753069	130235	93.5	92.4	8174	1699	2280	6350	917	0	69073	4267	9913	3000013	28391	50000	872	200000	3536933	70603373	366858761	2665	10467845	7867187	5487814
1789753099	130265	94.4	94.1	12117	4796	3080	8342	1889	0	8992	4014	9247	2999797	28398	49980	846	200000	3537833	70615887	366972027	2665	10470146	7867766	5489517
1789753128	130294	94.5	94.4	17308	1539	3576	7686	1278	0	9038	4081	5274	2998937	28316	49937	944	200000	3538706	70623862	367121972	2665	10472497	7869297	5490512
1789753162	130328	98.6	98.4	16704	3392	892	7782	331	0	21169	3943	9001	3000275	28689	50000	66	200000	3539739	70637284	367290268	2666	10472947	7870934	5491547
1789753194	130360	94.0	93.6	7834	2530	1052	6172	365	0	70764	4072	5567	3000220	28755	50000	394	200000	3540723	70646664	367454042	2676	10475495	7872682	5493149
1789753217	130383	91.3	90.7	8358	6733	2214	7973	614	0	55731	3777	8401	3000095	28699	50000	945	200000	3541012	70650527	367510263	2667	10477348	7873841	5494100
1789753249	130415	90.6	90.4	6951	3946	2208	6546	917	0	80582	3677	4980	2998618	28668	49938	613	200000	3541886	70656655	367675349	2667	10479818	7875314	5495907
1789753282	130448	98.7	98.7	13067	12261	605	6558	335	0	16862	3775	8412	3000259	29066	50000	111	200000	3543169	70670335	367873365	2672	10480158	7876100	5496499
1789753315	130480	90.8	90.4	13227	2519	1251	5359	383	0	60401	4004	5456	3000197	29016	50000	620	200000	3544019	70682259	368009330	2671	10482766	7878079	5497634
1789753342	130508	90.9	90.5	9379	3439	1344	7068	244	0	112228	3947	9011	3000146	28835	50000	644	200000	3544622	70693532	368070865	2684	10484818	7879951	5498540
1789753366	130532	92.4	91.6	9682	7997	3128	5948	1874	0	7349	3613	4748	2998533	28662	49992	1145	200000	3545313	70705557	368201619	2671	10486932	7880164	5499724
1789753397	130563	92.8	92.6	9113	6128	3229	7320	1400	0	1374	4125	9244	2998989	28651	50000	737	200000	3546082	70712530	368337989	2667	10488931	7881662	5500477
1789753433	130599	92.0	91.8	8711	6012	3677	5482	214	0	11039	4092	9382	2998526	28505	49963	1066	200000	3547119	70723619	368492159	2667	10490804	7883388	5502202
1789753465	130630	97.7	97.2	12762	2611	1552	6639	534	0	72838	3833	5208	3000270	28747	50000	708	200000	3548132	70733346	368665170	2677	10492291	7885303	5503080
1789753489	130655	91.3	90.8	6036	5452	2443	5886	769	0	37368	3911	8677	3000099	28939	49965	994	200000	3548510	70742284	368720009	2667	10494335	7886470	5504423
1789753517	130683	93.6	93.1	8589	2447	2569	7982	445	0	57428	3955	5297	3000008	28494	50000	1135	200000	3549248	70750514	368849492	2667	10496658	7887836	5506418
1789753547	130713	98.6	98.3	8767	4756	2797	6381	1136	0	33710	3872	8951	3000031	28426	50000	1032	200000	3550078	70760793	368981208	2667	10498818	7889116	5507578
1789753580	130746	96.6	96.3	9846	2108	2290	8213	656	0	67448	3955	9414	3000036	28350	49999	928	200000	3550820	70771245	369080273	2667	10501132	7891318	5509064
1789753607	130773	94.3	93.9	14958	2542	3099	6591	1910	0	5844	3787	4848	2999120	28343	49952	843	200000	3551689	70781844	369234281	2667	10503453	7891918	5510344
1789753637	130803	98.6	98.6	13547	3503	964	6710	425	0	20173	4051	5166	3000361	28765	50000	298	200000	3552788	70794519	369419831	2679	10504139	7893765	5510728
1789753671	130837	92.8	92.5	7695	6529	1534	5503	283	0	58025	3800	8610	3000295	28968	50000	579	200000	3553727	70803396	369564745	2669	10506242	7895442	5512051
1789753705	130870	93.3	92.9	9805	2166	1769	7666	528	0	77082	4128	9096	3000129	28842	50000	852	200000	3554541	70809274	369721166	2671	10508770	7897202	5513398
1789753735	130901	94.8	94.6	11301	6368	1289	6291	496	0	94741	4017	8938	3000246	29199	50000	508	200000	3555256	70819091	369828497	2677	10510956	7898798	5514880
1789753755	130921	89.2	88.6	10537	8725	3087	8177	1955	0	14818	3539	4354	2999148	28818	50000	1054	200000	3555829	70826671	369917499	2667	10513087	7899143	5515839
1789753788	130954	93.5	93.0	9189	7155	3807	6523	2191	0	3174	3767	8759	2999266	28700	50000	1278	200000	3556760	70835637	370056006	2669	10515413	7900963	5516602
1789753822	130987	90.9	90.5	7291	5758	3873	8189	2164	0	2870	3953	9210	2999592	28430	50000	1290	200000	3557663	70846999	370188368	2667	10517698	7902733	5517820
1789753847	131013	92.8	92.8	9825	4871	3671	6467	1367	0	7566	3946	5114	2998935	28754	49901	1003	200000	3558401	70856671	370295055	2667	10519914	7904426	5518866
1789753882	131048	95.0	94.7	10144	5710	3815	7301	501	0	15677	3871	8887	2998813	28775	49841	1141	200000	3559456	70875236	370448826	2677	10521377	7906361	5519746
1789753908	131074	99.0	98.5	9590	2968	1043	5549	397	0	31204	3797	5012	3000422	29222	50000	412	200000	3560375	70885359	370577111	2677	10522775	7908289	5520721
1789753940	131105	94.4	94.1	10590	4175	1510	7326	181	0	40696	3870	9227	3000369	29226	50000	905	200000	3561164	70895238	370680629	2667	10525012	7910413	5521498
1789753976	131142	96.1	95.8	11912	3845	1082	5570	187	0	53810	4075	9649	3000272	29844	50000	327	200000	3562236	70909078	370843160	2674	10527273	7912276	5522678
1789753998	131163	91.2	90.1	5554	3494	1356	7567	40	0	88228	4200	5306	3000096	29465	50000	452	200000	3562702	70912931	370917468	2667	10529487	7913797	5524024
1789754027	131193	94.5	94.0	13847	3386	2783	6615	830	0	60191	4035	9150	2998617	29021	49937	1222	200000	3563364	70919143	371023860	2668	10531916	7914964	5525388
1789754063	131229	96.8	96.6	10593	3524	2081	8357	466	0	67410	4026	9472	3000043	29194	49929	947	200000	3564344	70930189	371200858	2667	10534158	7916887	5527282
1789754087	131253	94.5	94.4	10126	6946	3895	6100	1204	0	2017	3801	5056	2998657	28884	49925	1045	200000	3565212	70939748	371328133	2667	10536651	7917478	5527616
1789754117	131283	99.0	98.6	9762	3086	899	6110	571	0	11415	4117	5689	3000325	29248	50000	163	200000	3566294	70951364	371484376	2670	10537251	7919415	5528796
1789754150	131316	94.0	93.6	6745	5431	1248	5544	221	0	42283	3894	9189	3000337	29197	50000	558	200000	3567127	70961677	371606508	2667	10539562	7921356	5529825
1789754182	131348	95.7	95.5	12023	1400	1084	7211	193	0	105613	4032	9254	3000388	29482	50000	675	200000	3567910	70971907	371718011	2677	10541588	7923273	5530825
1789754207	131373	92.6	92.3	10343	3270	2043	5883	362	0	78851	3833	4950	3000188	29460	50000	999	200000	3568503	70979977	371830822	2668	10543777	7924749	5531668
1789754236	131402	94.2	93.9	7844	5921	3126	7514	1473	0	33428	3962	8766	2999008	29213	50000	1073	200000	3569335	70987162	371943917	2667	10546112	7925748	5532365
1789754272	131438	95.4	93.3	12407	4377	3904	5936	2231	0	2775	4626	10029	2998973	28821	50000	1190	200000	3570346	70999176	372110053	2667	10548542	7927495	5533131
1789754297	131463	91.3	91.3	7189	6050	3854	7060	306	0	2624	4058	5181	2998557	28725	49965	1063	200000	3571156	71011306	372218876	2667	10550030	7928738	5534951
1789754335	131501	97.1	96.8	12227	3454	1237	6101	445	0	42738	4039	9192	3000177	29042	50000	451	200000	3572255	71022535	372415307	2683	10551489	7930844	5535575
1789754361	131527	97.2	96.8	8109	3304	1370	7849	246	0	70379	4284	5701	3000267	29113	50000	724	200000	3573055	71031632	372531543	2670	10553674	7932848	5536574
1789754394	131560	96.3	96.0	9285	1944	1083	5663	223	0	73197	4068	9562	3000156	29049	50000	561	200000	3574019	71041008	372667042	2683	10555819	7934703	5537712
1789754428	131594	95.8	95.5	9946	3778	1195	7431	106	0	99445	4018	9582	3000336	29126	50000	506	200000	3574940	71053432	372794900	2679	10558126	7936627	5538528
1789754446	131612	93.1	90.1	12335	5498	3185	5748	1139	0	16581	4250	4901	2998646	28505	50000	1158	200000	3575345	71059435	372864443	2667	10560177	7936896	5539508
1789754480	131646	96.0	95.6	8112	4427	3237	7688	1189	0	22899	4059	9710	2998804	28684	49843	1135	200000	3576120	71069321	372990929	2667	10562641	7938792	5541134
1789754506	131672	94.5	94.2	8575	5678	3134	6089	1942	0	3112	3916	5092	2998796	28742	49965	873	200000	3576993	71078392	373125158	2667	10564886	7940127	5542542
1789754540	131706	96.2	96.2	11849	2622	3696	7321	317	0	7163	3962	9029	2998490	28732	49951	942	200000	3577976	71088145	373283528	2667	10566642	7941954	5543261
1789754570	131736	96.2	95.9	11522	4974	1103	5632	313	0	41177	3917	5296	3000310	29016	50000	437	200000	3578956	71098674	373445089	2677	10567953	7943769	5544464
1789754605	131771	94.8	94.4	10275	4567	1469	7551	342	0	82320	4184	9282	3000235	28821	50000	676	200000	3579959	71108604	373589083	2667	10570290	7945633	5545630
1789754636	131801	94.9	94.6	9285	2924	1251	5808	217	0	92635	3985	9057	3000276	28814	50000	646	200000	3580712	71117247	373703955	2671	10572397	7947450	5546870
1789754660	131826	92.5	91.9	6240	3316	2583	7675	1076	0	59691	3762	4989	3000055	28627	49983	943	200000	3581299	71123099	373806910	2668	10574665	7948498	5547783
1789754690	131856	93.8	93.0	10425	5995	3074	6186	1863	0	9567	4253	9581	2998610	28460	50000	944	200000	3582072	71129835	373944395	2667	10576816	7949286	5549345
1789754716	131882	83.6	83.2	10118	1592	2244	8002	391	0	84017	4138	5610	2999140	28645	50000	931	200000	3582540	71134034	374006762	2667	10579200	7951563	5551107
1789754750	131916	94.6	94.5	14044	7203	3578	7292	929	0	9441	4296	9073	2999241	28549	49946	1319	200000	3583693	71148627	374171177	2668	10581294	7952350	5551562
1789754781	131947	95.0	94.5	7265	2890	3073	8754	1460	0	3946	4001	9227	2999183	28793	50000	697	200000	3584402	71157521	374278530	2667	10583405	7953967	5552776
1789754809	131975	97.6	97.4	15084	5777	1025	4443	117	0	49530	4167	5432	3000350	28937	50000	482	200000	3585376	71173662	374407609	2673	10584022	7955650	5553990
1789754847	132013	95.6	95.2	15100	4960	872	6241	229	0	55285	3951	9335	3000195	28776	50000	492	200000	3586484	71184172	374597931	2668	10586227	7957285	5555455
1789754882	132048	94.5	94.3	5585	3118	1265	5947	207	0	99373	3897	9273	3000300	29001	50000	411	200000	3587504	71197716	374740227	2670	10588578	7959090	5556503
1789754900	132066	89.4	88.7	17143	5592	2651	8024	764	0	53059	4265	5147	2999608	28768	49959	1040	200000	3587779	71201069	374784005	2667	10590751	7960173	5557313
1789754927	132092	93.4	92.8	10007	2931	2799	6287	1134	0	19623	3713	5052	2998661	28236	50000	1103	200000	3588589	71208136	374919313	2667	10592853	7961049	5559357
1789754956	132122	94.4	93.9	7579	3815	2957	7941	1000	0	24001	4250	9415	2999075	28233	49987	990	200000	3589232	71214915	375022796	2667	10595042	7962545	5560942
1789754986	132152	93.8	93.3	7117	6166	2922	7249	1301	0	9499	4071	9399	2999891	28147	49989	848	200000	3590058	71223249	375127342	2665	10597170	7963681	5562405
1789755017	132183	93.3	92.8	10700	1999	2719	9086	992	0	42543	4019	5398	2999639	28031	50000	958	200000	3590908	71233220	375261892	2666	10599571	7966021	5563466
1789755049	132215	92.9	92.9	13687	6404	3856	7243	1239	0	2138	4010	9061	2999059	28160	49925	977	200000	3591939	71244616	375417091	2669	10601790	7966878	5564114
1789755079	132245	97.8	97.4	8750	2674	1061	7419	657	0	15827	3731	8515	3000361	28564	50000	256	200000	3592821	71255338	375545181	2666	10602645	7968826	5565375
1789755118	132284	94.6	94.4	17486	4205	947	5979	296	0	62568	4088	9374	3000295	28548	50000	523	200000	3593953	71266288	375736001	2679	10604780	7970402	5566948
1789755146	132312	92.4	91.9	11314	2287	1427	8053	101	0	56667	3938	5203	3000120	28430	50000	590	200000	3594724	71271302	375868316	2665	10607045	7972019	5568439
1789755172	132338	91.7	91.2	7546	4258	2725	6719	752	0	36890	3957	8913	3000071	28547	50000	864	200000	3595162	71279141	375931640	2665	10609318	7973107	5569388
1789755197	132363	94.2	94.0	12600	3580	3908	8783	764	0	5676	3908	4994	2998877	28215	49958	1373	200000	3596081	71289121	376064358	2665	10611633	7973656	5570840
1789755226	132392	97.0	96.0	7025	1719	2977	6925	1698	0	20412	4122	9489	2998792	28148	49945	986	200000	3596691	71297231	376161744	2665	10613890	7975559	5572561
1789755260	132426	98.5	98.4	9229	5927	3446	8757	1264	0	12994	3549	8547	2998976	28311	49941	900	200000	3597701	71313298	376324138	2665	10616437	7977476	5573097
1789755295	132461	97.0	96.8	11031	2475	1080	5833	549	0	35949	3712	8782	3000205	28473	50000	338	200000	3598817	71325340	376499567	2669	10617254	7979354	5574204
1789755329	132495	97.0	96.7	8063	4987	1492	7721	253	0	77292	3962	9431	3000397	28660	50000	609	200000	3599782	71335419	376627102	2665	10619397	7981050	5575430
1789755348	132513	95.8	95.3	12950	2885	2456	6016	610	0	58559	3997	5176	3000050	28473	49930	945	200000	3600060	71339442	376674667	2668	10621612	7982359	5576568
1789755376	132542	93.6	93.1	11905	3195	2966	7821	1619	0	14834	3932	5452	2998770	28221	49969	913	200000	3600923	71348604	376809050	2665	10623897	7983034	5578159
1789755409	132574	94.7	94.5	10504	6011	3271	6229	943	0	778	4349	9521	2998784	28235	49842	935	200000	3601775	71358392	376934742	2665	10625998	7984379	5579132
1789755438	132604	96.8	96.5	8195	3045	1088	6943	345	0	16261	3940	5446	3000301	28513	50000	330	200000	3602671	71367650	377082359	2665	10627214	7986225	5580744
1789755473	132638	93.1	92.8	7475	6081	1371	6207	90	0	33906	4268	9478	3000222	28467	50000	571	200000	3603589	71374740	377233072	2665	10629311	7987513	5582513
1789755506	132672	94.2	93.9	15819	2394	1610	8328	391	0	93109	4220	9750	3000143	28139	50000	703	200000	3604411	71381570	377357923	2670	10631818	7989375	5583718
1789755528	132694	93.2	92.6	6460	2990	2012	6144	500	0	81458	3749	5325	3000117	28008	50000	816	200000	3604891	71388467	377420538	2666	10633960	7990850	5584730
1789755557	132723	93.9	93.7	7379	6720	3091	7791	1981	0	12679	4010	8863	3000016	27946	50000	874	200000	3605724	71398004	377553430	2665	10636145	7991461	5585574
1789755595	132761	91.1	91.1	11869	2431	3702	5526	411	0	17031	4153	9252	2998796	27891	49926	971	200000	3606800	71410151	377724519	2668	10637747	7993259	5586285
1789783814	139	43.2	42.8	108747	638	1304	3354	589	0	95390	781	3070	3014398	27806	3048	285	3249	663	7459	110170	830	6005	4801	904
1789783845	169	94.8	93.1	10617	2966	5457	6071	1194	0	594	727	2339	3013498	28379	3331	2718	5872	1770	25655	290668	792	8802	6692	1619
1789783881	205	97.9	97.3	12378	984	586	6501	227	0	60351	891	3628	3014553	29057	6386	66	6351	3155	43949	515111	962	11838	10478	2604
1789783904	228	95.2	92.4	4436	1093	2765	9621	1035	0	19247	1076	3892	3012011	28740	9021	533	9358	3455	50777	564137	1031	17182	14017	3813
1789783936	260	98.5	98.3	14853	4093	719	6564	192	0	24294	1086	2941	3013267	29475	9720	69	9633	4858	70359	807019	1099	17794	15475	4467
1789783966	291	92.5	90.8	5632	1227	2221	9596	1077	0	29871	1488	5303	3010985	29192	12239	571	12574	5458	77935	902921	1162	22932	19070	5669
1789783996	320	97.1	95.8	9705	4011	3193	7668	1043	0	7404	1474	5041	3010813	29910	12826	1846	13406	6574	97887	1087846	1192	24993	20298	7352
1789784028	352	97.6	96.4	10571	1162	1303	9483	317	0	49353	1790	4936	3010055	30040	16007	461	15966	7491	110172	1227095	1320	28881	24287	9296
1789784054	378	97.3	95.1	5201	1641	3042	8222	66	0	300	1639	5426	3008113	29981	17848	1400	18632	8042	120118	1315342	1322	32917	27226	10101
1789784090	414	97.8	97.6	17219	1213	1096	8652	163	0	45694	1961	6429	3009223	30762	19143	528	18994	9449	141169	1528532	1497	34532	29539	10616
1789784124	448	96.4	95.1	4156	2459	2019	6730	626	0	105034	2136	6881	3008146	31462	21456	1030	21602	10249	159200	1649881	1490	39126	33390	11827
1789784146	471	98.0	95.8	10613	4130	3419	8382	1594	0	36344	2009	4700	3007288	31563	22420	1713	23337	10969	171002	1775927	1458	41273	34097	12921
1789784176	500	97.6	96.3	7502	2269	3994	7862	1869	0	16676	2015	7281	3005611	31564	25055	1696	24494	11693	181543	1886703	1460	45643	37207	14828
1789784207	531	96.4	95.2	5176	1920	2892	9722	1005	0	20420	2143	5572	3004602	31772	26813	1256	27005	12618	193455	2022055	1464	48123	39297	17156
1789784237	561	95.4	95.4	8604	3956	290	6851	82	0	44815	2095	4985	3004926	32340	27989	102	27065	13632	207863	2195829	1472	49393	41313	18523
1789784273	597	95.7	94.9	7649	2954	1612	9384	314	0	63294	1964	6794	3002865	31293	28415	966	28208	14775	218752	2372365	1535	52436	43619	19297
1789784309	634	98.1	97.9	9950	4604	674	6085	240	0	146356	2079	7532	3002502	32491	29325	123	28319	16076	243198	2523298	1588	54900	45919	20418
1789784327	652	85.4	85.4	20473	7203	4095	8515	1199	0	3467	1793	2300	3000135	31483	29287	1287	28320	16632	250442	2622540	1543	57365	45947	20761
1789784361	685	87.9	87.3	16802	1766	1644	5454	309	0	31503	3648	6791	3000887	31963	29729	845	29330	17605	261211	2791698	1572	57870	48037	21373
1789784394	718	97.5	97.2	10543	3373	1287	7180	426	0	75787	2136	5591	3001044	32516	30314	565	29668	18740	281079	2953935	1612	60168	50083	22330
1789784426	750	97.5	97.0	13858	3711	1907	6675	720	0	98677	2248	7335	3000626	32443	30837	807	30374	19712	292184	3102039	1584	62880	51969	23755
1789784444	769	96.6	96.0	5596	1520	2102	8243	372	0	36561	1855	2670	3000277	32409	30811	1349	30852	20275	303254	3187304	1561	64832	53452	25095
1789784479	803	96.9	96.7	9675	2346	1074	5873	173	0	39418	2183	7207	3000972	32590	32163	439	31305	21428	320457	3360472	1583	66976	55237	25987
1789784511	836	96.4	95.9	15364	1835	1450	7985	339	0	66274	2219	5469	3000619	32274	32491	879	32160	22424	338163	3512209	1607	69464	57339	27124
1789784549	873	97.9	97.8	10642	4151	1395	6647	359	0	106040	2429	8122	3000946	32685	33294	319	32407	23682	357833	3680092	1642	72333	59499	28404
1789784565	889	97.6	94.4	7551	4888	3391	8703	2068	0	2955	2545	5020	3000112	32049	33386	1166	33310	24080	365728	3757112	1599	74420	59592	29459
1789784597	921	98.0	97.6	10022	1295	2266	6786	767	0	77713	2493	6445	3000063	32029	34169	905	33812	24869	376834	3894236	1615	76761	62770	30224
1789784628	952	97.4	96.9	14230	4030	4256	8726	2189	0	5174	2597	6675	3000019	31848	34350	1577	33851	25965	402881	4047275	1608	79232	63573	31171
1789784654	979	97.9	97.1	7301	1755	2311	6731	1035	0	45533	2901	7233	3000154	32486	35575	663	34748	26531	413850	4119373	1609	81463	66125	32354
1789784685	1010	98.2	97.7	9830	5443	3978	8670	2151	0	1366	2726	6422	2999870	32631	35385	1404	34863	27641	432063	4296785	1616	83808	67421	33052
1789784714	1038	98.7	98.5	8755	1915	2081	6885	781	0	89195	2415	6092	3000258	33565	36315	667	35620	28302	442843	4392191	1644	86129	70613	34035
1789784746	1070	96.7	96.6	14406	5672	3456	8735	1361	0	8094	2409	5799	3000030	33699	36894	741	35699	29551	464526	4580273	1659	88430	71424	34398
1789784782	1107	91.1	90.5	13078	4633	890	5688	101	0	32121	2557	6344	3000641	34214	37287	351	36279	30654	481476	4785134	1670	88839	73187	35532
1789784819	1143	97.9	97.5	14085	3547	1333	8032	422	0	85602	2441	8446	3000746	34458	37740	534	36825	31808	498607	4958912	1712	91512	75178	36710
1789784834	1158	76.9	75.5	5542	5523	3499	5621	1791	0	8403	2330	3139	3000035	33350	38110	1399	37991	32074	502976	5005506	1672	93471	75378	37531
1789784866	1191	55.2	55.1	12632	8147	1270	5628	201	0	9333	5514	7292	3000491	33751	38667	842	38006	32567	513024	5087908	1672	93737	76131	38971
1789784906	1230	72.0	71.8	15079	4766	958	4786	104	0	79596	4591	9608	3000348	33499	39605	457	38494	33271	523464	5207251	1682	95912	77879	40682
1789784926	1251	79.8	77.2	8372	6076	3564	6887	2138	0	9620	2792	6066	2998335	32644	39950	1182	39447	33637	528369	5266223	1674	98283	78017	41471
1789784956	1280	64.1	64.1	8725	4604	2992	6038	1224	0	590	2499	4287	2998503	32387	40993	736	39487	34179	535058	5344803	1674	100143	78777	43926
1789784994	1318	76.9	76.4	19063	3550	1380	6409	217	0	54912	4129	8053	3000611	32774	41267	675	40223	35099	549142	5492931	1690	100818	80568	44465
1789785023	1347	83.3	82.8	11040	4292	1818	6188	586	0	110257	2565	5959	3000516	32670	41944	755	40896	35757	559140	5590145	1695	103123	82259	45809
1789785045	1369	95.3	94.6	6325	3658	3001	8231	1972	0	17264	2275	5102	2999661	32115	42618	853	41229	36374	569610	5695232	1673	105439	82580	47238
1789785076	1400	97.1	97.0	18042	1876	2407	6540	1770	0	7137	2469	5794	2999536	32703	43087	490	41642	37522	584628	5866795	1677	107495	84315	48276
1789785112	1436	97.5	97.3	17981	2095	1086	7084	127	0	70336	2495	6103	3000906	33162	43472	445	42040	38799	606729	6063919	1719	108232	86298	48619
1789785143	1468	96.7	96.0	12975	3658	1961	5500	506	0	83226	2653	6122	3000438	32607	43988	1065	43018	39688	620346	6212780	1684	110632	88026	49920
1789785171	1495	93.7	91.5	8410	4062	1562	7098	606	0	105278	2747	6255	3000389	32441	44989	740	43620	40371	631088	6336983	1698	112698	89439	51362
1789785194	1518	95.4	94.3	5507	2402	2032	6223	735	0	97842	2656	6005	3000163	32397	45732	875	44293	40881	645296	6413347	1695	114984	90868	53038
1789785224	1549	95.6	95.1	8377	5293	2710	8065	1096	0	43184	2907	6415	3000017	32329	46452	978	45026	41800	662054	6561641	1697	117252	92048	54277
1789785259	1583	97.0	96.5	8170	4936	2367	6875	691	0	88341	2874	9294	3000347	32406	47291	1020	45748	42804	680937	6690150	1697	119842	94351	55347
1789785288	1612	95.9	94.9	5843	4197	2766	8789	946	0	76329	2691	6536	3000143	32088	47872	1435	46449	43613	696025	6803232	1712	122371	96501	56497
1789785315	1640	71.7	71.6	13212	5689	2777	6182	882	0	1988	2805	3912	2999869	32656	48640	682	46861	44383	707624	6928581	1723	123683	96890	57516
1789785346	1671	53.7	53.5	12446	3043	1182	7243	245	0	20269	5465	7706	3000186	32589	49287	407	47183	44821	713369	7001436	1725	124768	97636	59549
1789785374	1699	60.5	60.2	8881	6152	2137	5920	454	0	55047	6199	11262	3000000	32460	49593	507	47546	45013	715661	7032548	1720	126947	98298	60777
1789785411	1736	46.8	46.2	18639	14077	3428	7806	1887	0	13451	5540	7723	2999890	31695	49937	1246	47552	45567	721167	7122028	1728	128835	98458	62719
1789785439	1763	57.1	57.0	12123	3799	2251	4715	496	0	6880	5426	7481	3000056	31907	50000	1101	48582	45940	723798	7191116	1720	129342	99029	64361
1789785469	1794	45.4	45.0	9166	3351	2963	7195	690	0	9991	6528	9823	2999423	31439	49891	875	49063	46078	726608	7216634	1720	131921	99419	66900
1789785495	1820	50.5	50.2	12501	6884	1857	5527	430	0	39314	7016	8758	3000020	31349	50000	518	49374	46294	728518	7253554	1719	132820	100043	68409
1789785536	1860	48.7	48.7	16490	8945	3548	7596	1282	0	21801	5807	13491	2999224	30804	49946	887	49375	46860	735134	7336714	1719	134919	100334	69431
1789785564	1888	47.0	46.5	8277	2646	3901	5061	474	0	2858	5516	7696	2998535	30172	49968	1462	50050	46935	736606	7361276	1718	135840	101042	71317
1789785594	1918	52.9	52.4	9570	2926	1375	5816	56	0	75437	5081	7329	2999727	30264	50000	872	50728	47155	737745	7401544	1718	137273	102575	72200
1789785618	1943	47.8	47.8	17482	17482	3344	5045	649	0	10450	5187	6624	2998769	30267	49955	562	50802	47535	746450	7446817	1717	139137	102578	72578
1789785661	1986	53.9	53.5	22653	6013	1181	5843	305	0	2729	5520	12834	3000162	30207	50000	435	51462	48201	752898	7543561	1717	139949	103527	74758
1789785677	2001	40.5	40.0	3724	3701	3096	4921	1211	0	353	278	1637	2998855	29885	50000	593	51578	48202	754044	7551299	1717	142151	103792	76056
1789785727	2051	52.7	52.6	36985	9663	703	4924	124	0	52319	6186	12623	3000486	30433	50000	384	51854	49262	764602	7716746	1732	142198	104816	76937
1789785737	2061	30.1	30.2	8219	8219	3664	4636	1119	0	363	110	669	2998418	29458	49948	1151	51859	49262	764998	7723379	1732	144324	104839	77317
1789785774	2099	49.1	48.2	10980	7570	2986	5931	1025	0	3080	5581	11028	3000007	29485	49954	1178	52577	49587	768644	7770603	1732	145804	105931	79063
1789785814	2138	54.6	54.3	10419	2910	1167	3852	283	0	115669	4715	6754	3000291	29521	50000	638	53059	50244	776980	7872073	1727	146687	107549	79922
1789785832	2156	48.8	48.8	20081	20081	3538	5019	356	0	18880	3287	4058	2999455	29055	49944	893	53084	50496	785722	7890803	1727	148124	107551	80232
1789785861	2185	50.2	49.5	9721	2996	2240	4518	493	0	98495	5037	7349	3000136	28933	50000	950	53787	50829	789748	7929707	1725	149198	108646	81165
1789785888	2213	56.7	56.6	19837	19837	1437	4518	15	0	5648	4389	5086	3000763	29526	50000	498	53787	51390	798783	8032512	1724	149207	108655	82041
1789785921	2246	51.2	50.7	11252	4718	1423	4772	367	0	21532	3762	5985	3000072	28610	50000	379	54619	51700	801585	8082283	1729	151371	109359	84756
1789785953	2278	46.9	46.6	14012	5212	3240	6425	1340	0	1213	5464	11918	2999757	27636	49995	973	55102	51883	803429	8111210	1723	153135	109717	85921
1789785978	2303	51.1	50.7	11620	9574	3493	5623	1439	0	4147	5087	6882	2999292	27324	49983	1332	55405	52272	807554	8162847	1721	154936	109838	88159
1789786014	2338	49.4	49.2	15880	3191	2899	6510	1302	0	25900	5406	7314	3000078	27272	50000	1288	55992	52668	813170	8226814	1721	156375	111109	89171
1789786042	2366	48.2	48.0	9207	7568	2905	5510	1238	0	20249	3344	5350	3000090	27192	50000	1471	56016	52921	819030	8267195	1719	157996	111731	91318
1789786068	2392	54.2	54.0	8357	4053	3196	7183	960	0	5235	4502	9135	2999512	27102	49993	1585	56043	53042	821471	8279664	1723	160094	112980	93431
1789786094	2419	54.9	54.5	10283	3936	2338	5754	899	0	31439	2444	3763	3000042	26859	50000	989	56478	53411	824296	8335663	1730	161817	114046	95005
1789786127	2451	57.5	57.4	10035	4416	3217	7614	399	0	14055	2296	4427	2999659	26732	49993	1293	56735	53931	828436	8421396	1730	164234	115344	97109
1789786160	2484	53.1	52.8	8750	3916	2706	5427	598	0	20148	4992	11267	2999889	26808	49995	1371	56779	54219	832797	8465375	1717	165970	116781	98411
1789786190	2514	50.8	50.7	12352	5764	2142	6390	661	0	44079	4575	6389	3000011	26823	50000	1075	56882	54479	837855	8524694	1717	167430	117663	99743
1789786219	2544	53.8	53.3	7995	6634	3479	5122	1504	0	23332	3063	4928	2999618	26652	50000	1508	57131	54927	841919	8604009	1717	169277	118078	101078
1789786245	2570	46.8	46.6	12174	6576	2936	6277	1569	0	2493	4694	6585	2999948	26600	49991	503	57148	55183	844973	8654419	1717	170893	118863	103274
1789786291	2615	49.5	49.4	18677	8443	2127	4748	365	0	29367	4890	10709	3000207	26675	50000	999	57463	55841	849887	8763395	1717	171943	120231	103912
1789786312	2636	43.9	43.6	13384	3001	2672	6017	365	0	15290	4403	5999	2999230	26462	49999	1444	57737	55921	851659	8776558	1717	173447	120996	105408
1789786343	2667	93.9	93.7	9727	4311	1632	4861	460	0	50235	2260	5609	3000187	26490	50000	683	58017	56883	862103	8930922	1716	175959	123240	106236
1789786368	2693	87.0	86.6	6159	4561	3285	7261	779	0	15868	2110	5503	3000065	26253	50000	1481	58203	57351	872550	8994100	1716	179328	125555	107110
1789786398	2722	96.7	96.5	11193	4317	1011	5076	342	0	34048	2233	5458	3000450	26716	50000	382	58707	58413	884818	9168979	1715	180524	127452	107718
1789786424	2748	88.6	88.2	5834	2598	3089	7659	1644	0	6107	2171	5788	3000063	26540	50000	859	59178	58900	901039	9224316	1715	184702	129902	108686
1789786456	2780	97.6	97.4	11910	2967	1141	5044	299	0	24828	2335	5638	3001011	27435	50000	392	59392	59995	917022	9424833	1715	185352	131711	109222
1789786488	2813	86.9	86.7	8226	1976	4472	8530	752	0	9525	2279	7807	2999931	26733	50000	1709	59801	60668	928901	9537147	1715	189804	133707	110099
1789786515	2839	94.1	93.6	6743	2509	3269	6922	1185	0	2513	2359	5916	2999824	27357	49974	883	60276	61443	941458	9646285	1715	191857	135684	111524
1789786546	2870	90.0	89.6	7591	5817	3914	8782	2206	0	8521	2393	5792	3000002	27443	49674	1218	60406	62390	951895	9794576	1714	194279	137685	112415
1789786578	2902	91.3	91.3	7708	2901	4013	7570	828	0	26691	2406	5739	2999171	27648	49137	1368	60647	63332	965710	9948093	1714	196909	140096	113054
1789786604	2929	91.8	91.4	6716	2063	3114	9510	1802	0	18820	2358	6096	2998559	27890	49269	1029	61050	63958	973944	10056351	1714	199121	141106	116295
1789786635	2960	91.6	91.6	11097	3767	3829	7736	868	0	7671	2904	6050	3000025	28220	49427	1224	61118	64940	983651	10222745	1713	201454	142840	116731
1789786668	2992	92.6	92.2	10561	4713	3437	9061	1076	0	11652	2450	6033	3000030	28378	49710	1086	61293	65882	999349	10403032	1713	203376	144555	117776
1789786699	3023	97.6	97.5	13762	5287	1329	5245	209	0	42712	2543	5969	3000333	28633	50000	623	61525	66848	1010747	10585235	1710	204065	146425	118573
1789786729	3054	92.8	92.7	13012	2948	1073	6698	97	0	30110	2470	5815	3000373	28958	49786	786	61665	67793	1021085	10745879	1710	205890	148372	119547
1789786762	3086	92.7	92.5	11369	5224	1817	5497	395	0	36558	2471	8341	3000239	28892	50000	974	61933	68521	1031085	10886602	1710	208746	150644	120092
1789786797	3121	97.2	97.0	15784	6279	1646	7133	310	0	111160	2560	6629	3000446	29124	50000	616	62121	69700	1047079	11067441	1710	211214	152667	120850
1789786816	3140	93.4	93.0	8196	5406	3023	6108	1741	0	3562	2381	5312	3000034	29158	49954	723	62472	70179	1055986	11151477	1710	213247	152813	122366
1789786848	3172	95.3	95.2	11897	2586	3562	7943	1092	0	3645	2482	5749	2999151	28798	50000	1002	62667	71295	1068155	11338771	1710	215591	154638	122975
1789786874	3198	98.4	97.8	8692	5129	1214	5120	577	0	16150	2557	3787	3000383	29148	50000	320	63319	72196	1083294	11485466	1710	216612	156640	123904
1789786907	3231	94.6	94.2	7240	3247	4149	7245	361	0	3317	2669	8791	2998644	28260	49973	1303	64031	73047	1096909	11623530	1710	219177	158153	125466
1789786935	3260	94.8	94.0	6953	3721	3014	7118	1566	0	8846	2523	6422	3000260	29200	50000	836	64823	73628	1107957	11726265	1710	222654	160234	127134
1789786968	3292	91.7	91.6	11062	5810	3904	7714	305	0	10688	2703	6502	2999376	29127	49933	1580	64829	74681	1121789	11898053	1710	223738	161815	127867
1789786995	3319	91.8	91.3	6251	5093	3683	6501	1316	0	2629	2740	6619	2999340	29256	50000	1170	65471	75279	1132677	11983578	1710	227183	163604	128841
1789787028	3352	94.0	93.7	9020	5224	3308	7265	519	0	17919	2556	6321	2999162	29514	49965	746	65916	76238	1153483	12113660	1710	228815	165806	129394
1789787057	3381	97.7	97.4	11052	3525	822	4837	234	0	44545	2689	6617	3000720	30543	50000	357	66285	77194	1168431	12264095	1710	229865	167701	130691
1789787095	3420	92.6	92.3	16997	3098	1017	6839	202	0	91784	2694	9065	3000378	30574	50000	569	66760	78408	1180336	12449513	1707	232055	169665	131870
1789787116	3440	90.6	89.8	5076	3747	1947	5807	633	0	102583	2717	3812	3000268	30765	50000	806	67216	78897	1191065	12520292	1707	234368	170993	132924
1789787148	3472	96.2	96.1	14492	8191	3487	7543	1415	0	14253	2727	6210	2999645	30772	49933	896	67263	79984	1203651	12727368	1707	236605	171715	133401
1789787180	3505	98.3	97.8	17398	3541	1237	4692	223	0	45431	2793	6867	3000525	31162	50000	533	67835	81114	1216592	12912197	1714	237243	173610	134489
1789787210	3535	95.9	95.6	11508	2244	1431	6667	461	0	83054	2645	6551	3000400	31121	50000	652	68420	81995	1226337	13044628	1707	239503	175468	135672
1789787242	3567	97.4	97.0	10243	4001	1551	6586	550	0	111265	2672	6574	3000136	31319	50000	488	68769	82951	1240203	13222191	1707	241882	177139	137125
1789787266	3590	93.6	93.6	6549	5966	3653	8669	1417	0	3264	2645	5869	2998437	31089	49825	899	68800	83747	1252188	13346970	1707	244268	177534	137727
1789787301	3625	98.6	98.3	13613	4085	990	5090	375	0	36660	2810	6844	3000437	31596	50000	340	69310	84955	1268603	13541928	1724	244786	179520	138591
1789787334	3658	94.9	94.5	11771	4306	1284	6976	223	0	59000	2608	6600	3000574	31461	50000	656	69942	85974	1286096	13690410	1714	247067	181571	139384
1789787365	3689	94.2	93.9	12980	4471	1598	6054	558	0	121839	2753	9389	3000240	31402	50000	601	70416	86688	1299602	13792637	1726	249533	183450	140384
1789787386	3710	93.5	93.0	9481	6904	3175	7658	1869	0	2794	2392	3090	2999528	31045	50000	795	70442	87258	1310027	13917991	1713	251503	183669	141337
1789787418	3742	95.1	95.0	9171	4741	3771	5601	454	0	9078	2853	6453	2998997	30595	49931	1216	71071	88261	1327191	14075844	1713	253040	185312	142231
1789787448	3772	96.2	95.6	10008	2883	3717	7155	295	0	14299	2519	6330	2999370	30017	49932	1457	71891	89165	1341880	14197292	1713	255157	187068	143394
1789787509	3833	98.9	98.7	46514	1265	1339	5640	392	0	121534	2552	6182	3000198	30266	50000	723	72682	89878	1439328	14246933	1834	256623	188890	144235
1789787539	3863	98.6	98.5	19805	6629	1037	1396	253	0	84831	2399	3198	3000620	30685	50000	192	72697	89930	1567774	14530560	1811	257043	189030	144580
1789787573	3897	98.2	97.5	11262	2528	1530	3815	320	0	79266	2680	9006	3000266	29953	50000	999	73642	90976	1583329	14672161	1770	259802	191373	145821
1789787602	3927	98.1	97.9	10578	2991	1301	4725	288	0	109525	2538	6109	3000470	30243	50000	628	73921	91880	1609060	14778313	1769	261918	193292	146414
1789787624	3948	96.9	95.7	10358	2900	2715	6585	1012	0	66811	2763	6188	2999511	29671	49863	1218	74665	92278	1617995	14872596	1769	264137	194208	147399
1789787668	3992	99.1	98.9	9992	3699	1044	5748	279	0	135792	2595	9164	3000323	29794	50000	554	75064	94169	1641607	15123832	1807	266754	197580	148069
1789787683	4008	97.8	97.3	12723	3768	2842	7598	1868	0	7872	2340	2986	2998321	29418	49922	818	75461	94652	1649585	15221899	1774	268880	197784	149051
1789787715	4039	99.2	99.2	12935	3460	1089	5045	443	0	24296	2658	6196	3000342	29815	50000	319	75547	95743	1663759	15427064	1779	269692	199708	149358
1789787751	4075	98.3	97.9	11060	4592	1408	7005	356	0	35727	2705	8730	3000194	29430	50000	506	76169	96881	1679561	15622747	1770	272086	201659	150565
1789787782	4106	98.4	97.3	11186	5174	1196	6063	227	0	57512	2900	7041	3000290	29231	50000	643	76719	97872	1693212	15773952	1770	274356	203560	151801
1789787813	4137	97.5	97.0	6435	2998	1445	7869	202	0	84051	2862	6765	3000245	28683	50000	814	77486	98853	1707000	15935369	1774	276746	205630	152743
1789787848	4172	97.3	97.0	14765	6078	1114	6001	232	0	111293	2691	9212	3000302	28590	50000	579	77937	99963	1724481	16094827	1798	279069	207656	153551
1789787865	4190	89.2	87.6	5352	1952	2345	8153	896	0	83360	2757	3651	2999504	28194	50000	779	78469	100266	1731683	16153138	1773	281547	209036	154527
1789787897	4221	96.1	96.1	13815	4547	3287	5600	178	0	4708	2834	6000	2998531	27761	49963	1150	78489	101570	1745885	16365197	1776	282723	209679	155232
1789787926	4251	95.0	94.6	9734	1245	3584	7788	484	0	24918	2778	6733	2998805	27821	49970	849	79083	102400	1757867	16509515	1773	285475	211575	156346
1789787961	4286	98.5	97.7	12538	6159	1026	5473	239	0	52028	2868	6953	3000700	28567	50000	557	79565	103626	1775203	16716890	1777	286461	213288	157717
1789787999	4324	96.8	96.6	12778	4468	1279	7674	576	0	85566	2824	9759	3000376	28761	50000	516	80024	104670	1790184	16887852	1807	289128	215339	158776
1789788016	4341	95.9	94.7	10001	4231	2871	5988	1041	0	41947	3005	3886	3000008	27867	50000	1242	80967	104911	1795900	16931768	1775	291166	216202	159527
1789788048	4372	95.2	94.9	7319	1890	1916	7799	728	0	122673	3071	7760	3000080	27854	50000	786	81434	105773	1810303	17050478	1802	293726	218554	160872
1789788080	4404	98.7	98.7	14566	14566	1244	4454	93	0	47034	2821	3670	3000300	28065	50000	491	81442	106640	1861036	17229446	1799	293995	218880	161206
1789788111	4435	95.1	94.7	13852	4480	2333	6480	2	0	87900	2854	6858	3000027	27322	50000	1331	82231	106840	1902072	17313640	1779	296076	220052	162449
1789788139	4463	95.8	95.6	9829	6371	3060	5024	1286	0	30023	2840	6765	2999266	27088	49989	1165	82480	107542	1929092	17455184	1779	298242	220438	164603
1789788170	4495	98.0	97.7	9237	1288	1205	6288	278	0	67311	2939	7598	3000142	26917	50000	579	82848	108533	1939184	17622538	1779	300393	223237	165897
1789788197	4521	95.7	95.6	6764	5865	1737	6180	228	0	72816	2835	6710	3000100	27020	50000	999	82969	109219	1950033	17736275	1779	302543	225222	166611
1789788228	4552	96.0	95.7	8376	7464	2802	8125	669	0	47929	2996	7231	2999668	26740	49992	1312	83355	110066	1960198	17903511	1779	305145	226664	167538
1789788260	4584	96.5	96.3	8306	4007	1735	6298	422	0	58294	2806	7085	3000034	26644	49993	1029	83563	111085	1970006	18084530	1776	307521	228955	169147
1789788288	4612	95.3	94.8	7824	5178	2661	8222	769	0	24426	3223	7483	2999597	26082	49992	1048	84065	111774	1979334	18229864	1779	309989	229849	170544
1789788316	4641	97.6	97.3	7796	4545	2945	7462	628	0	23920	2760	6972	3000003	25785	49987	1612	84438	112625	1987813	18366125	1779	312361	231529	172258
1789788348	4673	98.2	98.2	10396	2680	1003	8695	79	0	61356	3099	7597	3000108	25937	50000	498	84464	113688	1998656	18555623	1779	314585	233721	173916
1789788377	4702	98.8	98.6	6633	5304	1384	6804	15	0	69867	2542	6515	3000117	25756	50000	785	84764	114527	2006783	18715532	1783	316941	235806	174659
1789788406	4731	97.7	97.2	8005	6163	1527	8336	33	0	90759	2467	6237	3000115	25359	50000	773	85274	115456	2018354	18878249	1780	319069	237456	175456
1789788434	4759	97.8	97.2	9226	4477	2015	5865	329	0	83492	2795	6825	3000027	24661	50000	922	86031	116136	2027605	19032126	1780	321296	238969	177103
1789788466	4790	98.2	97.9	13357	2268	2036	7488	519	0	89346	2657	6436	3000130	24266	50000	967	86622	117138	2043131	19197350	1783	323640	240810	177892
1789788495	4820	98.3	98.1	6886	4941	2866	6574	1407	0	20081	2576	8590	2998586	24235	50000	545	86985	117980	2058691	19331665	1780	326402	242379	178911
1789788528	4852	98.8	98.8	9832	9610	518	6585	243	0	19997	2635	6057	3000450	24760	50000	114	87025	119508	2079244	19549322	1787	326732	243726	179459
1789788566	4890	98.2	97.6	20610	2318	1002	5710	206	0	73132	2846	7391	3000473	25054	50000	471	87519	120729	2095899	19762033	1812	329183	245755	180416
1789788586	4910	97.8	97.5	6511	3280	1637	7953	757	0	136077	2706	6555	3000241	25237	49997	557	87854	121031	2104592	19803064	1804	331706	247680	181148
1789788615	4940	98.1	97.9	14466	8191	3105	6485	1910	0	209	2689	6224	2998783	25499	50000	494	87866	122273	2117545	19997577	1784	333696	247766	182788
1789788652	4977	98.2	98.2	11385	2723	848	6960	173	0	79020	2861	6528	3000367	26060	50000	291	88169	123481	2131690	20225601	1831	334427	249814	183142
1789788674	4999	98.7	98.1	7716	4154	1477	5365	538	0	146402	2606	6509	3000149	26200	50000	424	88465	123884	2138746	20292991	1821	336937	251613	184333
1789788708	5032	98.0	98.0	14257	11810	2925	7224	1644	0	4022	2725	5923	2999099	26553	50000	354	88470	125315	2155152	20543578	1790	338938	251797	185125
1789788745	5070	98.2	98.1	22049	4616	885	5531	272	0	123817	2698	6555	3000520	27246	50000	356	88662	126697	2171297	20772447	1862	339744	254082	186059
1789788764	5088	85.0	84.0	8591	3748	2940	7538	1966	0	6861	2431	5366	2999687	27324	49985	705	88926	127072	2176660	20842124	1806	341883	254173	186919
1789788798	5122	98.2	98.2	21262	5505	1014	4870	381	0	40276	2743	6522	3000904	28220	50000	300	88931	128284	2191265	21053627	1817	342569	256172	187289
1789788825	5149	93.7	93.2	5093	3849	2558	7523	1590	0	4412	2850	6951	3000103	28291	50000	566	89277	128866	2202116	21144584	1811	346354	258188	188572
1789788858	5182	98.2	98.2	12181	4675	718	5429	225	0	34184	2794	6132	3000203	28510	50000	79	89332	130060	2218603	21371327	1831	347270	260249	189163
1789788885	5209	94.2	93.5	5933	2436	3327	8463	1414	0	3478	2825	7047	2999447	27902	49993	781	89924	130621	2226726	21459252	1811	351426	262377	190356
1789788918	5242	99.0	99.0	11444	5950	611	5659	325	0	26435	2876	6345	3000385	28271	50000	82	89966	131897	2245710	21662127	1814	352281	264418	191055
1789788947	5271	98.2	97.9	7462	3651	1525	7926	779	0	18874	2587	6543	3000072	27996	50000	431	90374	132777	2255574	21823242	1810	355417	266734	191978
1789788979	5303	98.3	97.9	14083	4197	964	5957	176	0	29423	2962	6714	3000184	27474	50000	720	91023	133873	2267782	22023697	1810	357131	268227	193269
1789789012	5336	96.6	96.4	12755	3786	1287	8018	440	0	49533	2984	9378	3000187	27463	50000	521	91259	134781	2276312	22184103	1810	359617	270228	194457
1789789039	5363	97.3	96.7	5888	5240	1739	6157	158	0	53267	2678	6416	3000207	26971	50000	943	91920	135563	2288048	22317000	1810	361779	272211	195182
1789789073	5398	97.5	97.4	11203	3616	1348	7784	398	0	68105	2569	6586	3000306	27162	50000	601	92148	136758	2304132	22512994	1811	364381	274297	196192
1789789098	5423	97.6	97.3	7277	5209	1291	5787	128	0	75123	2573	6189	3000101	26853	50000	824	92587	137478	2311880	22651883	1810	366300	276110	197271
1789789133	5458	98.1	97.9	12625	4770	1479	7376	156	0	33407	2554	9037	3000187	26806	50000	940	92885	138545	2325490	22834467	1810	368678	278093	198065
1789789157	5481	97.2	96.8	7471	2496	1847	5577	71	0	37899	2884	3864	3000186	26657	50000	1292	93336	139188	2336880	22960118	1810	370887	280056	198778
1789789191	5515	98.0	97.9	16801	3728	753	6873	153	0	74491	2877	8983	3000193	26836	50000	297	93463	140297	2350625	23144244	1836	373250	282065	199899
1789789225	5549	97.7	97.3	8830	3061	1591	6035	234	0	70196	2711	6733	3000133	26341	50000	916	94085	141428	2362420	23344479	1815	375827	284267	200850
1789789249	5573	97.5	97.0	9903	5510	1612	7530	150	0	88307	2758	6480	3000151	25867	50000	898	94660	142003	2372636	23421656	1810	378032	286174	201680
1789789285	5609	98.5	98.2	7410	4195	1159	5904	224	0	100030	2745	9455	3000137	25772	50000	609	95122	143102	2388231	23598543	1818	380445	288220	202579
1789789304	5628	98.5	96.4	15466	1991	2710	7664	857	0	48543	2924	3826	2999531	25275	50000	1282	95717	143526	2394473	23702665	1810	382625	289303	203344
1789789342	5666	98.5	98.4	9135	3926	1605	5885	491	0	123292	2835	10081	3000092	25388	50000	706	95953	144580	2411101	23874460	1826	385188	292074	204306
1789789365	5689	97.4	97.0	7783	6891	3293	7536	1887	0	2235	2697	3729	2999838	25195	50000	1134	95979	145391	2423995	24011102	1811	387244	292308	205195
1789789395	5719	98.5	98.3	11065	1639	2021	7088	980	0	95760	2936	7143	2999065	25190	50000	568	96401	146196	2432395	24138125	1810	389780	295255	206224
1789789427	5752	99.1	99.1	16082	11961	798	7089	234	0	32694	2872	6599	3000302	25507	50000	197	96479	147574	2453413	24360941	1843	390127	296236	206585
1789789471	5795	98.7	98.6	20790	3589	696	6153	86	0	113972	2857	9873	3000244	25524	50000	324	96706	149051	2468986	24628823	1879	392626	298601	207474
1789789484	5808	97.6	96.7	8142	5905	3110	8205	2109	0	6410	2460	3075	2998134	24815	49965	853	97180	149424	2473137	24702588	1823	394853	298757	208128
1789789517	5841	97.9	97.9	18084	4225	1259	5218	423	0	21771	2914	6741	3000256	25146	50000	374	97214	150629	2488074	24906058	1836	395569	300618	208699
1789789552	5877	98.0	97.7	12098	4464	1445	7452	301	0	48348	2769	9785	3000180	24969	50000	512	97585	151687	2500141	25078634	1827	398240	302743	209814
1789789585	5909	98.4	98.2	15483	2230	1293	5845	335	0	92390	2901	7315	3000308	24987	50000	587	97920	152723	2511957	25257396	1842	400492	304672	211087
1789789608	5932	98.3	98.1	5644	1951	1631	8019	549	0	129613	2856	6588	3000042	24902	50000	559	98219	153214	2521512	25350851	1844	402894	306253	212408
1789789636	5961	98.5	98.4	14470	8217	700	4736	322	0	23826	2799	3561	3000255	25098	50000	161	98242	154604	2536577	25582209	1839	403267	306836	212754
1789789676	6000	94.7	94.5	18274	3176	1152	6987	374	0	76196	2936	9756	3000437	25115	50000	572	98647	155760	2551109	25776066	1859	405761	308933	213660
1789789695	6019	93.7	92.1	4953	3954	2466	5269	896	0	61640	3089	4125	3000108	25122	50000	757	98970	156066	2561626	25826715	1825	408267	310418	214653
1789789724	6048	97.6	97.3	16126	2091	3023	7314	1813	0	5843	3040	6707	2999913	25335	49995	551	99387	157150	2575988	26006234	1825	410520	310861	216143
1789789758	6082	99.1	99.1	16297	3927	690	5166	202	0	54335	2785	6493	3000529	25854	50000	240	99404	158454	2596134	26220191	1860	410874	312781	216641
1789789803	6127	97.2	96.9	16845	2271	865	7332	216	0	83369	2805	9587	3001504	27708	50000	406	99771	159899	2620404	26457973	1856	413428	315004	217606
1789789816	6140	90.6	89.3	11010	3224	2834	4652	1219	0	28037	2686	3423	3000167	27560	50000	770	100063	160065	2625270	26488574	1827	415519	315392	218252
1789789845	6169	98.3	98.3	18716	5420	982	4785	329	0	10848	2842	3863	3000528	28073	50000	314	100164	161231	2646220	26692858	1835	416074	317021	218806
1789789884	6208	96.3	96.1	13876	3490	1042	4888	326	0	52045	2857	9592	3000437	28632	50000	320	100412	162406	2659997	26882191	1826	418683	318915	220176
1789789907	6231	93.9	92.5	5234	4761	1997	7300	1032	0	95886	3325	6851	3000131	29003	49971	447	100548	162799	2665593	26960867	1839	421106	320449	221419
1789789940	6264	96.9	96.9	11696	11439	3083	7288	1627	0	678	2766	6494	2998325	29147	50000	460	100551	164077	2679245	27195014	1826	423188	320686	222649
1789789975	6299	97.8	97.7	11603	4044	786	7663	48	0	112716	2944	6930	3000243	29665	50000	332	100853	165310	2692621	27406780	1875	423724	322798	223457
1789789995	6319	93.9	93.3	15034	4068	2230	5190	701	0	74746	2587	3652	3000073	29459	50000	627	101244	165728	2701222	27487129	1825	426090	324123	224473
1789790025	6349	98.9	98.9	19695	7532	688	5198	280	0	34004	2798	6386	3000608	29977	50000	228	101260	167038	2717132	27699334	1841	426405	324917	224753
1789790061	6385	96.7	96.0	16720	2430	926	5128	222	0	113269	2957	7438	3000315	30307	50000	334	101534	168295	2731058	27883528	1861	428858	327171	225800
1789790085	6409	97.1	95.7	10248	2220	3262	7340	1422	0	5487	2747	5902	2999492	30074	50000	974	102291	168846	2740915	28000496	1825	431252	327486	226681
1789790116	6440	98.6	98.6	12089	4283	3697	6717	1384	0	652	2818	6536	2999115	29949	50000	1025	102331	169950	2755803	28197446	1825	433625	329281	227238
1789790147	6472	98.3	97.8	14786	2363	1141	6843	420	0	35557	2836	6836	3000597	30769	50000	390	102946	170987	2777665	28357248	1846	434332	331417	228078
1789790182	6506	97.5	97.0	14163	2430	1565	6029	473	0	61299	2900	7076	3000590	30895	50000	652	103689	172012	2801953	28526544	1825	436788	333209	229319
1789790210	6535	98.1	97.8	10530	3438	1486	8213	579	0	89606	2979	7361	3000455	31085	50000	587	104077	172816	2815480	28644112	1829	439152	335116	230748
1789790233	6557	96.4	92.7	12109	4901	3654	6667	1808	0	1752	3240	6620	3000193	29736	50000	1774	105031	173418	2830067	28757278	1825	441027	335185	231843
1789790274	6598	98.2	98.0	12358	1321	1088	8561	55	0	72093	3180	10457	3000598	30233	50000	596	105330	174687	2848814	28948396	1836	443730	338262	234305
1789790308	6632	98.2	97.8	13452	2785	1243	6530	245	0	100783	2846	6952	3000488	30857	50000	669	105843	175805	2863171	29132495	1830	446145	340277	235700
1789790328	6652	96.7	96.1	9394	5165	2765	8495	732	0	59384	2720	5861	3000544	31196	50000	1032	106389	176175	2872333	29205258	1825	448469	341394	236472
1789790357	6682	98.1	97.6	14676	3086	2604	6308	852	0	33668	2825	6779	3000130	31086	50000	956	106871	177069	2884080	29358272	1825	450740	342972	237723
1789790388	6712	97.5	97.1	8098	2621	2282	8123	482	0	82368	2735	6961	3000103	31555	50000	874	107444	177942	2899010	29500808	1825	453220	345279	238787
1789790418	6742	97.2	96.8	15310	2598	3064	6618	1876	0	14775	2704	6606	2999915	31666	50000	973	107521	179050	2913224	29687270	1825	455437	346199	239712
1789790448	6772	97.0	96.9	10278	2325	2969	8238	1844	0	2391	2899	6931	2999720	31970	50000	490	108169	179876	2929499	29822075	1825	457683	347996	240938
1789790483	6807	98.6	98.4	11904	3112	877	5161	41	0	60888	2785	6771	3000659	32912	50000	314	108369	181127	2949652	30015620	1836	458398	349777	241638
1789790517	6842	98.9	97.9	17676	2494	1242	7421	277	0	140362	3056	7471	3000465	33249	50000	584	108926	182232	2962294	30206924	1845	460912	351712	243000
1789790539	6863	96.5	95.8	5336	3949	2912	5688	1269	0	26487	2799	6181	3000114	32981	49999	951	109579	182718	2974094	30289285	1825	463009	352217	243824
1789790568	6892	93.7	93.3	9480	3791	2992	7950	1533	0	5567	3193	7446	2998880	32812	49989	775	110079	183485	2985550	30414276	1825	465398	353489	246291
1789790596	6921	96.2	96.1	11739	6240	3887	5661	440	0	11121	2824	3817	2999329	32380	49992	1236	110117	184552	2998565	30613011	1825	466678	354821	246858
1789790627	6951	96.2	95.5	10510	3353	4026	7301	451	0	17865	2850	7024	2999442	32100	49966	1511	110955	185379	3015372	30750030	1823	468911	356708	247832
1789790655	6979	99.0	98.4	10312	3308	1389	5628	510	0	19947	2837	6851	3000773	32895	50000	562	111856	186154	3038611	30850982	1830	470805	358807	248627
1789790694	7019	97.1	97.0	12503	6569	1251	7583	268	0	90402	2949	10169	3000627	33798	50000	449	112202	187380	3062984	31021330	1870	473220	361072	249583
1789790722	7046	98.5	97.8	7858	4014	1513	6353	223	0	78031	3150	7165	3000321	33226	50000	695	112815	188153	3074788	31151463	1827	475420	362659	251398
1789790748	7072	98.5	97.9	7881	2223	1674	8058	252	0	65613	2907	6767	3000255	33068	50000	912	113594	188851	3088616	31257262	1826	477814	364669	252187
1789790778	7102	98.4	98.1	5113	4446	1125	5799	436	0	48327	2879	7113	3000769	33735	50000	395	113942	189883	3102100	31400235	1826	480382	366829	253049
1789790808	7132	97.1	96.7	5605	3779	3364	8558	1097	0	3303	3064	10103	2999691	33576	49971	702	114603	190655	3114367	31513392	1826	483911	368455	254666
1789790838	7162	97.8	97.7	6567	6072	4286	7781	790	0	18100	2882	6808	2999668	33260	50000	1571	114774	191573	3126307	31672284	1826	486882	370219	255751
1789790867	7192	97.1	96.1	6213	3508	3597	9309	1944	0	26460	2957	7268	2999844	33559	50000	1377	115434	192347	3137633	31801760	1826	489215	372359	257326
1789790894	7218	98.0	97.6	6935	3649	2940	6714	1096	0	28757	2803	6763	3000269	33776	50000	1008	116499	193006	3148637	31919308	1825	491317	374664	258228
1789790927	7251	99.0	98.1	7392	3978	2670	8472	644	0	47628	3003	7240	3000227	33977	50000	1291	116973	193989	3165653	32081091	1825	493787	377458	258900
1789790959	7283	97.8	96.9	9321	5040	1757	6878	504	0	63169	3305	7603	3001172	35735	50000	894	117400	194876	3183957	32237789	1825	496076	379437	260363
1789790987	7311	96.8	96.1	8172	3170	3258	8902	614	0	32155	2783	6711	3000142	35127	50000	1718	118325	195669	3195647	32376745	1822	498566	380709	261593
1789791017	7342	98.0	98.0	7545	2644	3775	7811	890	0	15011	2723	9437	3000020	35413	50000	1412	118436	196515	3211675	32485541	1822	502596	383434	262653
1789791048	7372	98.8	98.6	7118	2567	4608	9824	392	0	23024	2844	6610	3000039	35755	49941	1922	118753	197337	3228396	32642115	1822	505480	385639	263536
1789791083	7407	98.0	96.8	6595	1124	2337	7604	368	0	62512	3245	10681	3000075	35819	50000	1304	119929	198221	3238823	32782239	1820	507638	388022	266666
1789791109	7433	97.5	95.4	12106	4120	2797	9499	1098	0	54147	3322	7366	3000193	35661	50000	1273	120080	198748	3248073	32868428	1820	510868	390316	267499
1789791138	7463	97.7	97.7	8506	6358	4259	6996	189	0	21859	2991	6773	2998987	35417	49986	1691	120389	199630	3260613	33044420	1820	512563	391649	268926
1789791165	7489	98.0	97.1	4118	2943	3107	9714	1424	0	54074	2989	7231	2999854	35389	50000	1398	121230	200197	3268491	33139745	1827	516429	394330	270235
1789791199	7523	98.4	98.3	8443	4382	1597	7061	473	0	74707	2882	7400	3000366	36094	50000	603	121855	201250	3290667	33291203	1827	518712	396645	271916
1789791225	7549	97.1	96.4	5712	4238	3113	9023	867	0	31657	2692	6565	3000164	35508	50000	1546	122575	201896	3300903	33414296	1827	521048	398148	272558
1789791257	7581	97.5	97.1	9539	3275	1693	6799	428	0	19132	2999	7282	3000415	36047	50000	684	122995	202877	3318890	33563386	1827	523713	400334	274371
1789791286	7610	98.5	98.1	7784	2576	1254	8434	322	0	35683	2775	6647	3000881	36563	50000	464	123448	203724	3335418	33696333	1827	526012	402286	275614
1789791317	7642	97.7	97.1	5553	4326	3601	7250	696	0	2427	2846	9339	2999255	35721	49991	1305	124151	204543	3348861	33819110	1827	529245	404174	277106
1789791345	7669	97.4	96.9	8185	3823	3793	9531	1041	0	6252	2642	6399	2999800	35718	50000	1424	124769	205295	3363409	33938473	1827	532358	406124	277820
1789791378	7702	98.0	97.3	7436	2246	2197	6829	441	0	61958	2609	6958	3000425	36180	50000	1126	125742	206054	3376685	34070774	1827	534741	409547	278998
1789791410	7734	97.6	97.3	8680	2655	2220	8381	139	0	79654	3034	9822	3000369	35999	50000	1213	126489	206937	3394584	34200444	1827	537126	412078	279718
1789791440	7764	97.4	96.9	8724	5146	1845	6389	221	0	87091	2720	6878	3000435	35852	50000	1095	127172	207952	3411632	34322785	1831	539659	414372	280334
1789791470	7794	92.8	92.6	7534	4565	1587	7808	331	0	79398	2695	6538	3000405	36143	50000	960	127483	208813	3428340	34452636	1827	542013	416450	281158
1789791499	7824	97.4	96.8	9730	3894	2092	5577	58	0	48927	2787	6554	3000222	35729	50000	1159	128450	209562	3440146	34604714	1827	544210	417922	282081
1789791524	7848	94.6	93.6	6210	2726	3276	7527	570	0	2161	2967	7149	2999990	34928	50000	1242	129648	210045	3449989	34675451	1827	547305	419572	283976
1789791556	7880	97.1	96.8	8520	4131	1502	6056	87	0	32697	2822	6951	3000423	35128	50000	575	130054	210761	3459131	34845954	1827	549197	421207	286109
1789791584	7909	95.6	95.1	15587	1777	3925	9089	635	0	2314	3148	7053	2999272	34505	49986	1285	130219	211226	3466790	34986395	1827	552508	421484	289046
1789791624	7949	97.1	96.6	5383	3906	1527	7710	332	0	41508	2858	10067	3000440	35211	50000	750	131077	212260	3481402	35150455	1827	555059	424724	290626
1789791653	7977	95.2	94.9	10235	6662	1397	9324	131	0	42490	3077	7082	3000358	34960	50000	862	131540	213070	3491848	35283577	1827	557215	426695	291740
1789791683	8007	96.4	96.0	6051	5081	1453	5811	225	0	99754	2774	6847	3000221	34785	50000	753	132036	213895	3506924	35419132	1841	559754	428894	292265
1789791706	8031	96.3	95.6	12980	4613	3214	7586	802	0	25815	2858	6467	3000131	34526	50000	1435	132695	214471	3518895	35507757	1831	562060	429910	293045
1789791741	8065	98.1	97.4	6421	4065	1739	6027	312	0	95430	3281	7595	3000377	34676	50000	946	133098	215534	3534710	35659820	1838	564611	432565	294613
1789791769	8093	96.2	95.8	8840	2837	1611	7540	141	0	64680	2986	6658	3000180	34746	50000	1055	133557	216355	3547168	35788223	1836	566562	434253	296047
1789791802	8127	97.4	97.1	11653	5321	1346	6121	130	0	69501	3022	6950	3000367	34599	50000	833	134018	217338	3563460	35953207	1840	568988	436397	296740
1789791831	8155	96.7	96.2	5236	3984	1465	7704	197	0	79466	2844	6803	3000362	34518	50000	892	134550	218124	3580651	36070041	1840	571333	438492	297419
1789791859	8183	96.7	96.2	8993	4839	1645	5521	160	0	54705	3133	7049	3000365	34265	50000	1039	135192	218927	3597795	36174444	1840	573679	440446	298284
1789791886	8211	95.2	94.5	9716	3495	2989	7708	354	0	11965	2906	7001	3000010	33725	49953	1067	136007	219620	3615136	36263494	1839	577128	442355	299399
1789791917	8241	98.2	97.9	7453	4182	1357	5296	279	0	26222	2954	7157	3000623	34105	50000	563	136459	220593	3635246	36406208	1843	578492	444245	300088
1789791945	8269	96.6	96.2	8576	2766	1397	7225	516	0	33358	2992	7015	3000296	33817	50000	510	137029	221300	3650205	36510807	1859	581076	446174	301412
1789791977	8302	96.5	96.1	9692	4610	1155	6149	261	0	23997	3133	7302	3000460	33897	50000	467	137467	222236	3666546	36665842	1843	583286	447915	302986
1789792010	8335	96.5	95.9	12039	2080	1659	8018	494	0	34054	3033	10125	3000798	33926	50000	699	138352	223168	3681113	36791826	1843	585829	449731	303852
1789792039	8364	97.7	97.3	7748	1769	1559	6050	411	0	30166	3033	7490	3000426	33916	50000	500	138926	223906	3696575	36899467	1843	588330	451709	305263
1789792068	8392	98.2	97.8	7405	3986	1355	7869	595	0	38118	3087	7524	3000526	33835	50000	433	139568	224703	3710796	37021103	1843	590803	453585	306469
1789792098	8423	98.7	97.6	7188	3046	1364	6353	436	0	13466	3127	7635	3000281	33504	50000	566	140237	225568	3725606	37158811	1843	593173	455298	307788
1789792128	8452	97.6	97.3	8765	2966	1111	7798	525	0	19762	3101	7152	3000385	33433	50000	337	140809	226466	3744321	37278972	1851	595485	457302	308734
1789792159	8483	98.3	97.9	9659	2644	1113	6052	497	0	25835	2980	7320	3000351	33307	50000	333	141356	227379	3761212	37413509	1864	598020	459304	309882
1789792188	8512	99.2	96.5	12720	2219	1609	7872	423	0	31125	3743	8531	3000273	32991	50000	670	142025	228161	3775717	37536069	1864	600263	460788	311472
1789792218	8542	97.6	97.1	7166	3343	1278	6321	310	0	35241	3338	7757	3000328	32627	50000	362	142677	229003	3788037	37674996	1866	602584	462488	312879
1789792251	8575	98.3	96.8	8710	3002	1139	8273	370	0	48221	3515	8118	3000324	32383	50000	499	143175	229951	3803133	37837899	1864	604924	464314	314411
1789792285	8610	98.2	97.8	15334	2685	1458	6536	360	0	89055	3155	7504	3000288	32588	50000	705	143578	231069	3819672	38013990	1876	607275	466191	315702
1789792312	8636	98.1	97.5	5135	2591	2028	8636	680	0	103154	3044	7254	3000168	31922	50000	1040	144374	231762	3828531	38112981	1883	609849	468088	316611
1789792338	8662	98.0	97.7	10986	7062	2947	6882	1003	0	28539	3063	7182	2999880	31797	49991	811	144721	232450	3842273	38200059	1869	612373	468954	318172
1789792366	8691	86.7	86.3	11147	4499	2690	8326	1489	0	22476	3192	7461	2999894	31505	50000	1030	145226	233146	3849823	38319638	1869	614194	469913	319792
1789792398	8722	93.6	93.1	7727	2337	2802	6878	315	0	34332	3033	7602	3000046	30928	49997	1450	145994	233917	3861911	38437205	1869	616771	472456	321504
1789792428	8753	96.1	95.7	7539	3741	1497	8098	173	0	35191	2958	7337	3001264	31986	50000	622	146557	234779	3885337	38536510	1869	619265	474635	322597
1789792462	8786	95.1	94.9	10114	2505	1318	6745	236	0	39220	2859	7105	3000567	32113	50000	442	146923	235744	3902182	38690986	1869	622010	476741	323859
1789792489	8813	95.5	95.0	7323	4550	1777	8436	97	0	46633	2860	7004	3000256	31714	50000	840	147445	236420	3910067	38805314	1869	624221	478760	324387
1789792515	8839	95.3	94.6	6616	5067	1817	6077	187	0	36811	3104	7176	3000410	31541	50000	802	148038	237014	3922255	38893905	1869	626700	480813	325464
1789792546	8871	97.5	96.2	6892	2956	4020	8959	879	0	15558	3190	7571	2999886	30982	50000	1474	148516	238005	3936789	39038981	1869	630855	482737	326584
1789792574	8898	94.7	94.3	7173	3773	3951	7413	1118	0	3397	3153	7220	2999063	30852	49968	1064	149076	238651	3949881	39163936	1869	633075	484304	328536
1789792605	8929	94.9	94.1	5428	3543	3097	9200	1210	0	38880	2987	7421	3000056	30792	50000	1240	150003	239388	3959489	39271680	1869	635633	486640	329777
1789792640	8964	96.3	96.1	9099	3801	2707	7621	601	0	61783	3165	10361	3000158	31071	49972	1440	150435	240383	3976194	39412744	1869	638074	489232	330973
1789792671	8995	95.4	94.2	7472	3682	2238	9311	746	0	37024	3117	7672	3000233	30982	50000	1006	150927	241303	3989987	39554448	1869	640554	491010	332588
1789792698	9022	94.4	93.4	4800	3254	3668	7642	694	0	14093	3204	7423	3000037	30564	50000	1441	151317	241907	4001878	39645824	1869	644306	492819	334441
1789792726	9050	96.1	95.8	6227	3926	2871	8806	985	0	17589	2925	6975	3000095	30826	50000	1011	151745	242629	4015159	39760941	1869	646350	494769	335442
1789792758	9083	94.7	83.3	5430	4259	3001	7656	602	0	19889	3714	8438	3000067	30771	49997	1231	151852	243463	4029422	39912083	1869	649135	496440	337892
1789792784	9109	92.4	91.6	5115	1575	3271	9958	990	0	7127	3056	7631	2999597	30217	49981	1121	152236	244015	4036452	40003994	1869	652329	498371	339670
1789792818	9142	95.4	94.7	6828	3871	4117	8847	2337	0	27875	2749	9538	2999459	29937	49983	1698	152390	244907	4048922	40146434	1869	655268	500267	341048
1789792860	9184	97.8	97.6	17123	3982	1672	10473	432	0	129353	2902	7496	3000226	29936	50000	839	153351	246253	4063895	40373263	1884	657670	503448	343189
1789792877	9202	98.2	97.3	6389	4902	4051	6624	2120	0	4702	2558	5860	2998630	29376	49969	1288	153370	246735	4070516	40449702	1876	659992	503757	344282
1789792906	9230	95.6	94.9	8428	4467	3784	7923	1923	0	2602	2856	6708	3000097	29200	50000	1716	154084	247534	4082749	40566566	1876	662033	505494	344984
1789792939	9263	98.9	98.7	7793	1258	1470	6016	313	0	79780	2799	7252	3000405	29687	50000	849	155215	248380	4106535	40691107	1876	664131	508418	346801
1789792965	9289	98.1	97.0	7154	2849	2285	7735	672	0	62694	2823	6816	3000188	29743	50000	1151	155836	248967	4116055	40791802	1876	666385	509993	347640
1789793000	9324	98.5	98.1	7347	3552	1694	6804	117	0	52748	2972	7015	3000322	29487	50000	947	156384	250172	4132498	40986349	1876	668883	512052	349347
1789793027	9351	98.4	98.2	6107	4051	1423	8120	439	0	24989	2709	6429	3000216	29622	50000	684	156797	250987	4145638	41099773	1876	671239	514021	350041
1789793055	9379	98.5	98.1	9223	2973	1229	5837	392	0	13560	2832	6529	3000210	29759	50000	438	157189	251719	4155131	41232561	1876	673625	516074	350876
1789793087	9411	96.7	96.4	9081	3833	3586	8838	1121	0	5650	2756	9250	2999637	29256	50000	974	157492	252503	4168834	41353561	1876	677789	518297	351774
1789793115	9439	99.1	98.7	7900	5480	883	5495	169	0	15699	2606	6081	3000304	29584	50000	37	158051	253518	4183204	41522455	1876	677982	519756	353050
1789793145	9469	97.7	97.3	10221	2008	4043	9086	952	0	3081	2829	6699	2998539	29723	49817	1370	158459	254337	4192852	41654522	1876	682352	521674	354379
1789793177	9501	99.0	97.8	9250	2854	2999	7503	1618	0	21356	2979	9988	2998895	29653	49859	1011	159152	255171	4205645	41774419	1876	684645	523990	356103
1789793205	9529	98.0	98.0	11024	7824	4370	7912	368	0	4899	2720	3866	2998493	29496	49718	1607	159156	256150	4217202	41976995	1876	685498	525268	356769
1789793235	9559	96.9	96.0	9963	2198	3043	6794	1893	0	1530	2943	9925	2999890	29995	50000	740	159775	256772	4225747	42081035	1876	689155	527447	357989
1789793266	9590	93.3	93.3	16157	4531	3776	7484	435	0	11463	2842	4036	2998897	30105	49919	1144	159797	257887	4242965	42265971	1882	690349	529206	358488
1789793298	9623	98.2	97.8	8045	5394	3871	6518	2047	0	7932	2852	9934	2999870	30643	50000	1339	160010	258654	4254394	42397113	1876	693499	531106	359759
1789793328	9653	97.5	97.5	12581	4874	3741	8034	1312	0	3230	2898	6618	2999594	30624	50000	1110	160358	259573	4266419	42553400	1876	695986	533141	360344
1789793357	9681	98.6	98.3	10643	2653	1179	5194	208	0	31664	2902	4105	3000538	31190	50000	484	160641	260583	4284102	42717724	1898	696493	535281	360846
1789793391	9716	96.4	96.1	9494	4485	1378	6875	251	0	38396	2826	9643	3000419	31127	50000	623	161131	261537	4297668	42869782	1883	698889	537343	361592
1789793420	9744	97.4	96.7	6068	3723	1398	5657	287	0	37401	2913	6978	3000561	30773	50000	705	161804	262378	4314702	42985060	1878	701125	539119	362710
1789793450	9774	96.4	95.9	8830	1542	1851	7481	706	0	57634	2947	7311	3000314	30669	50000	883	162463	263177	4329526	43116301	1878	703654	541035	363577
1789793480	9804	94.7	94.3	7429	3433	3298	6355	310	0	25884	2889	6953	2999854	30395	49971	1228	163034	263946	4341439	43244257	1878	706362	542597	365205
1789793509	9833	97.7	97.3	7695	4516	1558	7593	278	0	46031	3067	7029	3000411	30448	50000	658	163643	264862	4358758	43367477	1880	708172	544261	366506
1789793538	9862	97.9	97.2	9341	3128	896	6273	347	0	51608	2883	7079	3000416	30514	50000	348	163976	265686	4372421	43506882	1878	710269	545971	368172
1789793581	9905	97.1	96.9	7509	2783	1023	8400	151	0	119545	2737	9537	3000426	30634	50000	463	164291	267038	4391267	43730139	1900	712701	548191	369111
1789793595	9920	97.5	94.8	18669	4101	3099	5907	2007	0	10051	2979	3597	2999943	30314	49961	969	164924	267332	4397923	43785541	1882	714856	548350	369889
1789793628	9952	97.9	97.7	15906	3481	3089	7624	1993	0	15442	2941	6992	2998903	30159	50000	938	164977	268394	4412220	43954187	1882	717253	550424	370736
1789793655	9979	98.6	98.5	12192	2677	1137	4599	370	0	10392	2976	4234	3000390	30798	50000	253	165261	269401	4432418	44096129	1890	718093	552264	371413
1789793691	10015	98.6	98.4	15014	4169	932	6666	177	0	58805	2798	9756	3000349	30792	50000	350	165621	270485	4446552	44273336	1892	720479	554406	372564
1789793724	10048	98.4	97.9	10721	2407	1170	6646	110	0	108872	2905	7006	3000327	30557	50000	650	166202	271605	4460838	44451681	1907	722740	556316	373712
1789793745	10069	96.5	95.7	13145	1961	2929	8436	907	0	16816	2871	6509	3000037	29939	50000	1135	166960	271968	4470456	44521284	1890	724829	557146	374441
1789793776	10100	97.8	97.4	13880	1859	2322	6511	842	0	92627	2856	7186	3000076	30414	49965	899	167502	272944	4485176	44656127	1895	727597	559848	375324
1789793804	10128	98.1	97.7	11047	4671	2728	8123	1645	0	12021	2992	6834	2999259	30300	50000	776	167529	273977	4498991	44809395	1890	729617	560702	376661
1789793834	10158	98.0	97.5	9714	1608	2780	7303	1704	0	6587	2844	6683	2999827	29922	50000	691	168178	274902	4512691	44958105	1890	731898	562361	377939
1789793866	10190	98.0	97.6	9714	4817	3215	9253	1835	0	1042	2873	7161	2999100	29680	50000	776	168742	275949	4526415	45123765	1892	734358	564252	378896
1789793897	10221	98.5	98.3	15168	3545	1535	6296	333	0	32082	2945	7100	3000333	29824	50000	534	169306	276937	4543241	45275955	1896	735493	566108	379557
1789793933	10258	98.5	98.1	10460	4124	1357	8221	152	0	48603	2970	9870	3000509	29602	50000	582	170074	277982	4561478	45440250	1902	737873	568002	381032
1789793963	10287	97.7	97.2	7860	3800	1039	5952	100	0	43886	2947	7114	3000498	29508	50000	644	170623	278850	4573885	45575930	1901	739717	569628	382365
1789793995	10319	98.4	98.0	14695	1972	1255	7918	527	0	66190	2961	7399	3000207	29355	50000	610	171190	279846	4588944	45728904	1902	742270	571578	383452
1789794025	10349	97.9	97.2	12895	2209	1435	6124	298	0	80022	3102	7423	3000235	29254	50000	588	171748	280688	4605077	45859527	1895	744677	573547	384495
1789794048	10372	97.4	96.8	6652	1716	1917	8071	406	0	111689	3146	7117	3000149	28874	50000	928	172327	281164	4617641	45928956	1901	747011	575206	385446
1789794078	10402	98.8	98.5	11823	5739	2874	6519	1226	0	16323	2973	6945	3000089	28840	50000	898	172511	282181	4632347	46091291	1890	749297	576007	386618
1789794108	10432	98.4	97.9	16607	1808	2553	8131	1715	0	22357	3038	7322	2999090	28758	50000	623	172706	283174	4645236	46250990	1890	751499	577840	387684
1789794136	10460	97.7	97.5	11671	7346	3102	6033	361	0	8579	3200	4409	2999011	28816	49973	609	173325	284205	4660388	46415305	1894	753529	579468	388183
1789794174	10499	94.0	93.7	13196	6149	982	6834	85	0	77136	3014	9861	3000319	28943	50000	414	173683	285371	4675224	46606907	1908	754471	581323	389644
1789794209	10533	95.8	95.5	6461	5174	1424	5643	274	0	85002	2997	7286	3000215	29190	50000	691	174197	286401	4687369	46798533	1904	756807	583060	390913
1789794224	10548	93.8	93.1	15175	4692	3008	7380	1685	0	16449	3059	3883	2998782	28841	49999	738	174532	286644	4692428	46852477	1890	758865	583390	391883
1789794257	10581	96.8	96.3	9884	6326	3850	6633	2096	0	5336	2985	7462	2999720	28427	50000	1282	174554	287704	4708504	47005434	1890	761482	585194	393087
1789794285	10609	97.4	97.1	6813	6068	3333	7973	2021	0	5646	3082	7204	3000028	28415	50000	1050	175454	288547	4723450	47118937	1894	763585	586910	394090
1789794317	10641	98.0	97.9	9023	4723	3384	7516	945	0	8671	2911	7056	2999546	28579	50000	1135	175786	289431	4741510	47259709	1894	766257	589069	395057
1789794344	10668	98.4	97.9	5763	2755	2945	9153	1475	0	30948	2966	7256	2999438	28927	50000	1180	176491	290127	4752266	47367313	1894	768512	591156	396302
1789794384	10708	98.5	98.2	9714	4197	3305	7663	1101	0	45785	2958	10195	3000161	28845	50000	1451	177156	291284	4770549	47546842	1894	771244	593843	397124
1789794412	10736	98.3	97.9	7388	2428	2008	9475	488	0	44424	3267	7420	3000087	28746	50000	1196	177757	292007	4778488	47686181	1894	773409	595566	399628
1789794439	10764	98.6	98.5	5603	3760	1139	6538	118	0	67722	2903	7079	3000324	29234	50000	618	177863	292911	4789927	47807883	1898	775669	597567	400727
1789794469	10793	97.7	97.4	7005	5410	1995	8504	38	0	64431	2853	6920	3000093	28905	50000	1259	178333	293743	4801531	47951908	1899	778131	599543	401322
1789794495	10819	97.3	97.0	7452	4622	1722	6293	416	0	69564	3088	4327	3000074	28933	50000	848	178644	294535	4813270	48094688	1896	780414	601223	402843
1789794529	10853	97.3	96.9	7819	4829	2242	8370	216	0	49766	2945	9958	3000139	28865	49997	1555	179069	295435	4824421	48246189	1894	782987	603364	403880
1789794561	10885	97.2	97.0	7824	3728	1955	6330	564	0	58444	3166	7468	3000218	28743	50000	1056	179452	296458	4836686	48410949	1897	785381	605390	404692
1789794590	10914	95.9	95.5	8453	3961	1914	8167	365	0	58491	2912	7057	3000137	28575	50000	866	179849	297305	4850063	48533601	1895	787838	607049	406315
1789794618	10943	96.8	96.7	7408	4733	1408	6088	119	0	73669	3061	7077	3000745	29205	50000	1036	179987	298060	4866183	48653202	1895	790006	609373	407124
1789794650	10974	97.8	97.5	7474	4874	3078	8065	1373	0	38092	2992	7074	3000079	29172	49995	1044	180410	299000	4879984	48835430	1895	792680	610538	407767
1789794676	11000	97.6	96.8	4969	3220	2769	7258	1323	0	11666	3160	7879	3000088	28559	50000	1122	181093	299569	4886736	48931794	1895	796336	612484	410662
1789794706	11030	97.7	97.4	5555	3665	3711	9504	661	0	28502	2942	7452	2999740	28120	49950	1395	181600	300461	4901573	49052484	1895	799435	614573	411979
1789794736	11060	98.3	96.8	7908	1620	2216	8839	584	0	59147	3428	8573	3000100	28018	50000	909	181969	301057	4910121	49154490	1895	802090	616845	414264
1789794764	11088	98.3	98.0	9901	3319	2118	10535	739	0	65368	3335	7397	3000054	27914	49986	804	182573	301881	4920437	49293912	1895	804259	618588	415464
1789794797	11121	98.5	98.2	11146	5622	2743	7181	822	0	58459	3111	9708	2999822	27728	50000	1296	183158	302850	4931689	49456983	1895	806426	619916	416681
1789794833	11158	98.2	98.1	11384	2871	1320	8393	89	0	82728	2765	6949	3000434	28043	50000	799	183410	304023	4949516	49646449	1895	808722	622787	417605
1789794859	11184	98.0	97.6	6513	4108	2157	5565	463	0	92323	2878	6595	3000265	27927	50000	1053	183859	304540	4957981	49746480	1895	811087	624608	418176
1789794885	11209	97.4	96.8	9416	5003	3175	7320	1539	0	27168	3262	7362	3000028	28253	49978	1288	184419	305248	4970067	49856625	1895	813357	625181	419429
1789794919	11243	98.1	97.8	7687	4045	1821	6120	251	0	93064	2967	7397	3000166	28321	49992	1076	184772	306251	4982569	50032377	1895	815709	628116	421075
1789794949	11274	98.8	98.7	10785	2057	1593	7558	196	0	91816	3064	6970	3000068	28613	50000	1045	184849	307167	4995577	50192096	1897	817918	630195	421884
1789794979	11304	98.4	98.1	11306	5254	1850	6142	728	0	126986	2777	6606	3000173	28616	50000	782	185110	308020	5006470	50349074	1922	820579	632249	422617
1789795005	11330	99.0	99.0	14085	8748	4194	8047	654	0	2635	2924	6363	2998741	28334	49932	1467	185110	309074	5020483	50521596	1901	822632	632281	423882
1789795037	11361	97.9	97.3	7944	1517	2032	6283	370	0	88335	2899	7357	3000025	28281	50000	918	185831	309819	5026817	50641476	1904	824853	635582	425000
1789795065	11389	90.5	90.0	11306	6065	4087	8124	2068	0	9727	2815	6414	2999001	28037	49983	1409	185867	310670	5041879	50777091	1900	827368	636502	425602
1789795094	11419	96.1	95.5	9152	4633	3398	6751	1986	0	1710	3011	7010	2998997	28517	49964	1269	186567	311494	5052253	50934352	1900	829553	637890	427408
1789795129	11453	96.6	96.5	8327	1247	1806	8061	377	0	114449	3074	10005	3000011	28468	50000	802	187041	312270	5063539	51052708	1914	831874	641480	428078
1789795155	11480	95.2	94.8	14994	10002	3977	6377	2229	0	4981	2740	3800	2999881	28193	50000	1279	187060	313300	5080044	51226973	1904	834230	642050	428587
1789795185	11509	96.6	96.6	13008	4044	3540	7638	1200	0	3695	2882	6679	2999230	28243	50000	1000	187545	314158	5092352	51367061	1900	836359	644004	429220
1789795216	11540	95.5	95.2	9070	3591	3732	6661	1113	0	11362	3044	7207	2999259	28380	49997	1188	187775	315054	5105398	51511477	1902	838788	646030	430157
1789795245	11570	98.9	98.6	9565	4141	1264	6664	382	0	12965	2970	6736	3000267	28785	50000	425	188119	316009	5117233	51681409	1902	839355	647820	431044
1789795279	11603	93.5	93.2	9319	4782	3439	6328	509	0	18301	2957	7314	2999023	28132	49978	961	188520	316890	5134148	51830135	1900	842566	649719	432016
1789795311	11635	98.0	97.7	14355	4254	1305	7261	359	0	52820	3109	7402	3000354	28575	50000	443	188824	317880	5150615	52002308	1906	843794	651537	433037
1789795342	11666	95.4	82.8	12519	3178	999	6004	364	0	28074	3703	8416	3000211	28310	50000	482	189033	318774	5160991	52152747	1902	846106	652902	435105
1789795374	11699	96.4	95.3	13178	4702	1333	7961	341	0	57990	3291	7908	3000146	27689	50000	679	189421	319715	5172438	52313155	1906	848512	654822	436323
1789795401	11725	96.5	96.0	4612	2324	1516	6524	388	0	114602	2916	6961	3000263	27483	50000	754	189835	320414	5182901	52412791	1901	850792	656707	437390
1789795425	11750	94.2	93.8	10166	5298	2517	8539	1064	0	54102	2909	6563	3000039	27403	49978	751	190196	320973	5193723	52525298	1895	853146	657548	438699
1789795458	11782	96.9	96.6	15720	3125	3372	6477	1980	0	3171	3042	7196	2999157	27141	49996	865	190246	322124	5206790	52721388	1895	855279	658746	439840
1789795485	11809	99.0	98.9	7046	6465	1102	6651	356	0	22119	3098	4090	3000411	27587	50000	382	190713	323074	5220348	52873950	1897	855875	660417	440621
1789795525	11849	95.9	95.7	18584	2249	1110	6319	403	0	61097	3314	10668	3000209	27896	50000	382	191061	324321	5236914	53061714	1905	858384	662178	442078
1789795554	11879	97.7	97.0	9633	1197	1674	8400	612	0	53683	3096	7344	3000116	27176	50000	926	191790	325086	5245593	53214929	1903	860811	663859	443592
1789795583	11907	98.4	98.2	10713	4438	1205	6354	486	0	88096	3060	7262	3000239	27272	50000	510	192053	325968	5258701	53341364	1920	862946	665669	444641
1789795614	11939	98.2	98.0	12438	3126	1289	8524	351	0	127623	2862	6898	3000106	27311	50000	511	192387	326874	5271042	53505083	1918	865270	667553	445967
1789795638	11962	98.0	97.2	11345	3158	3634	6839	2150	0	6058	2878	6350	2998108	26910	49920	972	192411	327622	5283330	53627994	1908	867639	667855	446916
1789795668	11992	98.7	98.6	16869	4200	1298	7021	462	0	18430	2979	4206	3000495	27375	50000	497	192921	328754	5299664	53824336	1919	868360	669739	447477
1789795704	12028	98.7	98.5	12233	1887	1040	5183	327	0	65893	2832	9673	3000856	27972	50000	378	193230	329814	5320664	53981856	1914	870677	671777	448758
1789795740	12064	98.6	98.4	18363	2632	958	7349	221	0	142912	3171	7530	3000314	28373	50000	459	193563	330939	5335842	54177085	1924	873082	673768	450052
1789795758	12082	97.8	96.2	8457	4103	3086	6235	1984	0	11784	3022	6217	2999341	28128	49977	886	193572	331371	5343294	54253495	1908	875243	674020	450694
1789795786	12110	98.6	98.5	12495	2232	1366	6533	439	0	18882	2982	4090	3000414	28372	50000	517	194240	332511	5360493	54428287	1916	876010	675714	451393
1789795822	12147	98.1	97.9	9561	2426	1096	4928	273	0	62238	2891	10038	3000285	28364	50000	380	194527	333519	5377458	54596848	1911	878324	677720	452668
1789795865	12190	98.2	97.4	12804	2318	937	7201	83	0	90636	3196	7998	3000359	28645	50000	349	194973	334993	5397060	54856170	1922	880963	679790	454423
1789795875	12200	97.5	96.5	12180	12180	2938	5285	2057	0	18575	2569	3027	3000010	28341	49921	809	195011	335211	5400078	54897208	1909	882927	679941	455040
1789795906	12231	99.1	99.1	19553	2738	912	5445	386	0	35892	3191	6894	3000330	28697	50000	306	195419	336314	5416483	55072353	1922	883517	681755	455705
1789795942	12267	98.4	98.0	12892	1742	1072	4895	355	0	69861	2986	7369	3000336	28738	50000	365	195874	337526	5432286	55265199	1921	886084	683962	456670
1789795965	12289	87.5	86.8	10929	6047	1492	6786	161	0	93785	3030	6703	3000195	28758	50000	759	196531	337917	5440910	55309956	1909	888149	685655	457738
1789795995	12319	94.4	94.2	15362	2317	3036	6279	596	0	62809	2943	6862	2999038	28435	49954	1016	196816	338626	5449800	55460109	1908	890672	687280	458641
1789796024	12349	97.2	96.9	12331	8010	2651	7610	1171	0	3934	3026	7049	2999728	28806	50000	716	196845	339808	5468532	55637988	1910	892400	687686	460091
1789796058	12382	97.7	97.6	10408	4492	433	5451	169	0	28438	3279	7340	3000378	29157	50000	183	197111	340985	5483286	55826763	1910	893424	689290	461371
1789796097	12421	95.2	94.7	13600	1516	1423	7934	188	0	98156	3201	7596	3000183	28685	50000	794	197564	342161	5496936	56039666	1938	896098	691336	462372
1789796117	12441	92.2	91.4	17915	2225	2601	5834	1147	0	67925	2990	6733	3000048	28284	50000	924	197836	342370	5503298	56073029	1910	898461	692389	463733
1789796147	12472	96.6	96.2	11358	5194	3075	7328	1657	0	1666	2925	6817	2999102	28073	50000	793	198186	343532	5516361	56268556	1909	900184	693074	464983
1789796181	12505	93.6	93.6	9250	2213	3918	5964	251	0	10263	3014	7405	2998088	27435	49988	1101	198774	344525	5529367	56435779	1909	902234	694890	466108
1789796211	12536	98.6	98.1	16441	4166	1192	6931	310	0	37326	2902	6958	3000243	27815	50000	400	199585	345584	5542187	56597387	1910	903826	697000	466921
1789796239	12564	95.8	94.3	11080	2468	1092	5880	274	0	42473	2988	7194	3000282	28387	50000	524	200000	346554	5554151	56706812	1916	905937	698928	467978
1789796270	12594	96.0	95.6	12404	4594	1213	7681	291	0	92336	2966	7201	3000149	28244	50000	552	200000	347466	5564141	56847005	1920	908108	700857	468881
1789796295	12620	94.7	94.5	9538	4515	1571	6450	511	0	137580	2914	6975	3000094	28225	50000	610	200000	347875	5574786	56922526	1934	910510	702667	470053
1789796325	12649	97.1	97.1	14624	12008	3295	7547	129	0	4673	2689	3424	2998551	28063	49948	922	200000	349218	5590538	57167237	1917	911793	702842	470680
1789796357	12681	98.7	98.4	12199	4316	1296	4815	339	0	21483	3007	7143	3000212	28283	50000	485	200000	350260	5603095	57340534	1914	913207	704627	471677
1789796392	12716	95.7	95.5	7590	5296	1589	6806	331	0	65733	3049	10189	3000656	28580	50000	554	200000	351221	5616359	57495234	1909	915417	706325	473257
1789796426	12751	97.7	96.7	10930	3052	1503	6321	279	0	60223	3082	7409	3000232	28077	50000	819	200000	352267	5628611	57690412	1909	917948	708157	474732
1789796453	12778	97.7	97.3	7870	1821	1388	8047	359	0	102886	3009	7282	3000164	27960	50000	570	200000	352989	5638946	57795824	1910	920139	709878	475933
1789796476	12800	97.5	96.9	13233	4431	2722	6381	882	0	45823	2626	3838	3000008	27668	49999	983	200000	353616	5653381	57898776	1908	922453	711110	476924
1789796504	12829	98.2	97.9	10263	3703	2708	7935	1699	0	13549	2920	6721	3000016	27679	50000	776	200000	354540	5668003	58061333	1906	924582	712111	478108
1789796535	12859	98.4	98.3	9790	4568	833	4732	309	0	25354	3063	7375	3000416	28126	50000	167	200000	355605	5686883	58208984	1909	925400	713918	478803
1789796574	12899	98.0	97.5	11018	3784	925	6690	343	0	54612	3043	10204	3000468	28120	50000	340	200000	356750	5702451	58408753	1914	927798	715957	479844
1789796597	12921	96.7	95.4	7440	2320	2969	5988	42	0	25734	3018	4387	3000038	27829	49994	1316	200000	357367	5714420	58484396	1906	930696	717524	481463
1789796627	12951	99.1	98.2	10317	3611	1312	7277	489	0	27572	3411	7845	3000323	27919	50000	323	200000	358203	5732205	58622976	1906	932844	719272	482790
1789796656	12980	96.6	94.9	8207	3321	2835	7654	1544	0	1934	3328	10858	2999588	27424	49842	1070	200000	358744	5738860	58713026	1906	936345	720252	485863
1789796688	13013	97.8	96.9	7362	2090	1791	9758	705	0	52772	3186	8294	3000098	27238	50000	718	200000	359639	5749289	58840004	1907	939301	723033	487740
1789796719	13043	97.8	97.3	6255	2932	3297	8681	949	0	20385	3139	10455	2999788	27152	49993	1022	200000	360352	5757701	58963336	1906	942529	724404	489886
1789796748	13072	98.2	97.8	5936	4544	3298	10867	1628	0	16312	3203	7579	3000044	27137	50000	1278	200000	361108	5766651	59081486	1906	945239	725989	491603
1789796774	13099	98.7	98.5	6303	4779	3294	7750	1901	0	27828	2932	6917	2999620	27663	50000	1070	200000	361763	5776954	59195469	1906	947790	727960	492480
1789796806	13131	98.6	98.6	7988	6419	4214	9717	1052	0	6326	2824	6915	2998852	27205	50000	1457	200000	362830	5792463	59374846	1906	950420	729827	493189
1789796834	13158	98.0	97.2	6998	3024	3131	7076	1692	0	32487	2858	7119	2999370	27232	50000	1168	200000	363499	5802406	59486482	1906	952734	732168	494621
1789796864	13188	90.4	90.0	7355	3652	2954	8869	1704	0	41117	2774	6776	2999241	27293	49960	1045	200000	364287	5813317	59607654	1906	955137	734036	495851
1789796894	13219	94.9	94.9	9207	5055	3899	7331	769	0	16212	2997	6494	2998443	27210	49954	1459	200000	365281	5826908	59795372	1906	957636	735571	496951
1789796937	13261	96.5	96.1	14430	2745	1621	8847	250	0	82340	2959	10552	3000154	27137	50000	839	200000	366465	5841295	59982671	1906	959960	738544	499169
1789796956	13280	93.4	93.1	6730	1628	1947	6306	385	0	47488	2561	3563	3000050	27128	49989	905	200000	366892	5846610	60058470	1906	962062	740297	499938
1789796990	13314	95.5	95.2	8686	5310	2985	8261	1149	0	20320	2837	9274	3000067	27030	50000	964	200000	367886	5866667	60220530	1906	964605	741165	500989
1789797014	13338	94.8	94.2	14041	1253	3439	6324	1538	0	10207	2933	3954	2999582	26824	49996	1284	200000	368628	5875154	60349283	1906	966787	742663	502253
1789797048	13372	96.1	96.0	7725	3747	2389	7826	437	0	79732	2863	9722	3000091	27234	49830	1174	200000	369435	5887222	60484563	1906	969208	745853	503074
1789797075	13399	96.7	94.3	9340	4681	2577	6597	1407	0	42644	3214	6889	2999975	26991	49841	803	200000	370237	5902536	60610583	1910	971373	747118	503991
1789797105	13429	96.3	95.9	7214	5902	3986	8891	2317	0	3195	2632	6225	2998072	26778	49705	1558	200000	371166	5913202	60788536	1910	973842	748084	505547
1789797134	13458	96.2	95.6	10834	4484	3169	6928	1401	0	27986	2755	6553	2999761	27068	50000	1103	200000	371899	5922254	60911161	1910	976241	751003	506265
1789797164	13489	95.6	95.3	9020	5850	3716	8474	1047	0	4238	2748	6371	2999265	27319	50000	1157	200000	372969	5937751	61091461	1910	978502	752392	506727
1789797196	13520	95.8	95.0	7799	2296	3809	7037	1183	0	5316	2898	6692	2998248	27134	49945	1029	200000	373924	5948618	61260768	1910	980949	754441	507598
1789797226	13550	98.7	98.2	8954	4395	950	7043	383	0	15502	2724	6712	3000391	27638	50000	119	200000	374939	5963906	61423498	1910	981377	756073	508945
1789797258	13582	93.8	91.8	8116	2398	3323	7123	2018	0	1635	3003	10191	2999769	27663	50000	923	200000	375500	5975107	61513069	1910	985405	757992	510478
1789797288	13612	96.5	95.8	12111	4342	3981	8913	866	0	11243	2958	7081	3000006	27357	50000	1366	200000	376456	5991223	61657148	1909	987852	759983	510944
1789797317	13641	98.5	97.2	11006	4964	4058	6928	2298	0	4830	2888	6940	3000053	27422	50000	1430	200000	377262	6002612	61796265	1909	990291	761928	512133
1789797345	13669	98.5	97.9	9456	1794	3282	8170	2058	0	4091	3001	7039	2999629	27828	50000	811	200000	378112	6019541	61900566	1909	992563	764197	512890
1789797379	13703	98.9	98.9	11737	2823	1172	5301	221	0	36883	3124	7025	3000296	28339	50000	516	200000	379244	6037156	62092947	1911	992951	765962	513486
1789797409	13734	98.2	97.0	7105	4220	3191	7895	601	0	12445	3299	7596	2999046	28038	49955	979	200000	379995	6048104	62232993	1909	996435	767783	514843
1789797439	13764	98.8	98.5	11703	4514	1388	5742	200	0	35127	3045	6893	3000205	28116	50000	606	200000	380889	6061385	62397935	1909	997687	769494	515709
1789797469	13793	97.7	97.4	10063	3612	1505	7460	188	0	30352	2905	6926	3000220	28532	50000	650	200000	381804	6074012	62545960	1909	999971	771224	516866
1789797504	13829	97.9	97.7	10875	4572	1050	5891	165	0	80093	3049	7369	3000243	28597	50000	432	200000	382901	6089304	62747051	1909	1002120	773119	518196
1789797535	13859	97.0	96.6	6135	4264	1574	7948	327	0	107606	2901	6741	3000162	28235	50000	882	200000	383770	6099164	62913467	1909	1004360	774942	519463
1789797557	13881	97.0	96.6	12659	4144	2380	6315	879	0	81612	3154	6842	3000007	27765	49992	828	200000	384245	6106694	62996555	1909	1006837	776175	520699
1789797585	13909	98.1	97.8	13531	3253	2651	7821	1662	0	9450	2952	7105	2999975	28044	50000	765	200000	385173	6120020	63143403	1909	1008779	776916	522057
1789797617	13941	96.5	96.3	13628	2201	3289	6552	1215	0	4900	3419	7098	2998840	27632	50000	773	200000	386155	6134771	63324669	1909	1011193	778641	522835
1789797648	13972	98.7	97.6	13239	2516	1394	6994	357	0	22037	3105	7083	3000212	27649	50000	602	200000	387207	6149308	63493016	1909	1012126	780468	523852
1789797679	14004	98.4	98.0	10966	2648	1257	6129	268	0	34763	2872	7170	3000144	27428	50000	481	200000	388212	6164102	63648539	1909	1014508	782525	525290
1789797711	14035	97.0	96.4	13393	2975	1555	7987	526	0	54691	3147	7229	3000233	26786	50000	778	200000	389086	6176951	63806612	1909	1016937	784381	526428
1789797741	14065	98.4	97.9	10008	6964	1738	6507	878	0	47330	3000	7281	3000185	26524	50000	642	200000	389942	6193532	63954351	1909	1019515	786110	527630
1789797768	14092	90.4	90.2	9641	1512	1054	8167	310	0	79713	2951	6974	3000111	26458	50000	424	200000	390593	6201651	64059032	1909	1021522	787864	529218
1789797794	14118	93.9	93.0	8334	3013	2106	6722	218	0	89655	2883	6610	3000025	25926	49849	1147	200000	391189	6211758	64175305	1909	1023889	789654	530365
1789797828	14152	97.2	96.3	15920	2458	2409	8177	817	0	61086	3061	7514	3000104	25748	49878	900	200000	392300	6227779	64357718	1909	1026206	791189	531036
1789797854	14178	94.8	94.4	13281	4111	2753	5951	1882	0	4627	2839	6705	2998722	25624	50000	640	200000	393087	6240895	64492504	1909	1028339	791805	532545
1789797888	14213	96.4	96.2	14209	2003	3356	7353	430	0	7936	2846	6636	2998571	25331	49925	874	200000	394235	6254039	64700655	1909	1030236	793680	533094
1789797919	14244	98.9	98.1	11425	4832	1053	5129	116	0	38578	3140	7310	3000173	25233	50000	407	200000	395305	6268000	64868309	1909	1031177	795266	534469
1789797952	14277	95.4	95.0	12560	2472	1241	7225	301	0	89320	2905	7050	3000195	25009	50000	588	200000	396200	6278795	65053929	1910	1033503	797174	535684
1789797978	14302	93.8	93.4	10770	3473	1840	6446	445	0	98102	2907	6667	3000120	24680	50000	700	200000	396683	6286955	65149354	1909	1035834	798818	536936
1789798008	14333	97.3	97.0	18465	5997	3500	8261	2067	0	10580	2852	6613	3000113	24962	49885	995	200000	397809	6301804	65341403	1909	1038096	799291	537768
1789798040	14364	95.7	95.7	10918	2070	3563	5870	387	0	18724	2844	6441	2999562	25196	49950	893	200000	398823	6316377	65523328	1909	1039759	801048	538389
1789798073	14398	98.0	97.8	12217	5230	1197	6732	397	0	62324	2871	7060	3000489	25785	50000	349	200000	399977	6335269	65686724	1923	1041141	803197	539286
1789798105	14429	96.0	95.7	11449	3131	1269	6301	361	0	133149	2853	6982	3000167	26236	50000	535	200000	400845	6346282	65841772	1909	1043489	805187	540407
1789798124	14449	93.9	93.4	12093	3695	3434	8133	1996	0	625	2814	3524	2998907	25786	50000	766	200000	401550	6356436	65961789	1909	1045604	805351	541384
1789798157	14481	97.9	97.9	11627	4253	935	5134	320	0	31635	3451	7665	3000424	26341	50000	353	200000	402672	6372355	66144936	1914	1046250	807201	542008
1789798199	14524	97.5	97.4	13429	3444	750	7243	140	0	104379	3118	10267	3000605	26791	50000	286	200000	403934	6395324	66367045	1924	1048603	809326	543099
1789798215	14540	97.0	96.5	14058	4806	2306	5317	1070	0	70848	2914	3729	3000046	26668	49953	544	200000	404260	6400053	66419093	1909	1051034	810200	544040
1789798249	14574	98.8	98.8	15663	13471	755	5327	236	0	29122	3047	7006	3000314	26933	50000	230	200000	405665	6418431	66654585	1921	1051324	811423	544378
1789798286	14610	97.6	97.2	19527	2972	1142	4996	302	0	68771	3064	7652	3000309	27619	50000	400	200000	406812	6435134	66852943	1917	1053809	813292	545746
1789798318	14642	98.2	98.0	4799	3824	1138	7142	276	0	151518	2955	7344	3000522	28193	50000	402	200000	407718	6448297	66995365	1919	1056153	815384	546647
1789798337	14661	96.8	96.8	19264	19264	3225	6020	208	0	7919	2908	3530	2999055	28280	49904	538	200000	408403	6457051	67128513	1912	1057863	815451	547093
1789798374	14698	98.2	97.6	12412	2138	989	6778	71	0	98092	3471	7833	3000320	28725	50000	533	200000	409623	6470864	67349708	1928	1058754	817468	548038
1789798394	14719	98.0	95.7	6554	4124	2368	5000	755	0	73871	3603	7389	3000077	28566	50000	845	200000	409941	6477664	67411996	1911	1061047	818762	549145
1789798426	14750	98.3	96.1	20394	1700	3249	6785	1938	0	7755	3924	8551	2998881	28484	50000	998	200000	410946	6489448	67589727	1911	1063132	819229	550649
1789798457	14782	98.7	97.4	10646	1885	2702	6335	1828	0	1358	3323	7688	2998942	28710	50000	764	200000	411931	6501404	67760043	1911	1065360	820718	552220
1789798485	14810	98.5	98.3	13343	1595	1132	6631	350	0	27876	3523	4871	3000239	28884	50000	372	200000	412922	6514801	67932711	1917	1066055	822485	552740
1789798516	14840	97.3	96.7	9296	3472	3370	6848	731	0	13548	2970	7690	2999309	28838	49981	776	200000	413747	6530192	68057720	1911	1069680	824564	553683
1789798551	14876	98.7	98.4	10712	4831	1087	7471	259	0	36264	3145	10641	3000541	29318	50000	407	200000	414953	6548405	68209314	1925	1070764	826627	554456
1789798582	14907	97.8	97.3	8319	4654	1433	5807	318	0	75039	3301	7994	3000264	29088	50000	678	200000	415852	6559065	68366712	1911	1073023	828487	555609
1789798604	14929	98.4	97.4	13608	2818	1850	8026	661	0	115498	3165	4455	3000057	28890	50000	681	200000	416290	6567917	68438828	1911	1075513	830091	556972
1789798635	14960	96.1	96.1	21370	6050	3489	6093	139	0	15800	3422	7199	2998929	28777	49970	882	200000	417460	6579592	68662047	1913	1076929	830511	557571
1789798670	14995	92.9	92.6	17949	1786	1066	7129	369	0	70888	3163	7578	3000369	29203	50000	407	200000	418506	6592863	68835481	1913	1078311	832303	558938
1789798705	15029	95.7	95.5	13227	2225	1075	4877	133	0	84394	3128	7650	3000232	29103	50000	525	200000	419554	6605724	69007550	1914	1080455	834190	560223
1789798728	15052	95.9	95.2	6287	3230	2144	6750	218	0	68302	2957	6862	3000092	28197	49843	1258	200000	420015	6616088	69085363	1914	1082702	835704	561329
1789798758	15082	95.2	94.7	7485	1900	2029	6434	584	0	90631	3089	7613	3000265	28102	50000	1200	200000	420788	6631489	69199648	1914	1085423	837731	562570
1789798784	15109	96.0	95.7	9070	2254	2461	8204	646	0	16988	3137	7501	2999618	28074	50000	1074	200000	421506	6640306	69326095	1914	1087726	838795	564281
1789798819	15143	97.8	97.7	7280	4351	291	5538	21	0	31880	2859	6822	3000390	28479	50000	132	200000	422758	6657787	69540807	1914	1088973	840677	565096
1789798850	15174	95.3	94.3	14855	1551	1560	8002	681	0	58671	3005	7444	3000223	27958	50000	542	200000	423580	6669867	69675769	1914	1092305	842956	565978
1789798876	15201	97.3	96.2	12593	2099	2337	5605	99	0	34249	3113	7198	3000178	27392	50000	1139	200000	424292	6681876	69781152	1913	1094193	844473	566386
1789798907	15231	96.0	95.5	7207	3784	1864	7723	212	0	41600	3260	7919	3000125	27000	50000	808	200000	425124	6693505	69925416	1913	1096782	846220	568857
1789798941	15265	94.9	94.6	10258	3256	1544	6720	514	0	58378	3186	7427	3000275	26837	50000	664	200000	426175	6707060	70084897	1913	1099276	848107	570310
1789798965	15289	96.4	95.9	6073	2868	1874	8364	303	0	24752	2901	6606	3000405	26883	50000	750	200000	426846	6717383	70184919	1913	1101646	849618	571875
1789798995	15320	95.6	95.0	9683	3869	3395	6768	428	0	14603	2987	7222	3000051	26300	49989	1223	200000	427715	6730284	70332527	1913	1104424	851222	573513
1789799029	15353	96.9	96.7	6662	3810	4080	9791	977	0	15864	3062	10426	2999144	26147	50000	1427	200000	428502	6741258	70487419	1913	1107982	852978	574854
1789799058	15383	96.7	96.3	7494	3374	3605	7215	1070	0	3719	2869	7082	2998961	26018	50000	1040	200000	429365	6752384	70620758	1913	1110338	855063	575734
1789799086	15410	98.6	98.3	9857	4910	907	7223	372	0	17931	3000	4108	3000377	26544	50000	291	200000	430404	6766497	70798727	1913	1110854	856880	576657
1789799123	15448	96.2	96.1	13698	3325	1126	5821	673	0	45195	3090	10296	3000296	26928	50000	153	200000	431421	6783691	70974906	1913	1113532	859201	577363
1789799151	15475	97.7	96.9	10359	3002	2008	8297	946	0	27302	3764	8901	3000266	26840	50000	480	200000	432049	6792585	71074901	1913	1116453	860477	579351
1789799178	15502	98.5	98.0	8782	2165	3403	7727	2094	0	6402	3609	8794	3000006	26926	50000	870	200000	432691	6800559	71189860	1913	1119508	861548	581582
1789799207	15531	98.6	98.5	13033	4827	1125	7846	504	0	26661	2896	4112	3000283	27190	50000	346	200000	433749	6811208	71378759	1913	1120189	863458	582125
1789799238	15562	98.3	97.8	6513	3422	1384	5815	446	0	29448	3405	8115	3000282	26947	50000	477	200000	434524	6823097	71495511	1913	1122759	865423	583156
1789799265	15589	98.2	97.9	7632	5841	1585	7376	432	0	26567	3389	8296	3000259	26866	50000	465	200000	435167	6837858	71580797	1913	1125192	867427	584049
1789799305	15629	98.4	98.2	8843	4039	1148	5470	139	0	58311	3224	10351	3000250	27164	50000	453	200000	436274	6851547	71793170	1913	1127047	869335	584866
1789799328	15653	97.7	97.2	7525	5041	2111	7506	41	0	64248	3346	5014	3000050	26931	50000	1315	200000	436907	6857492	71903658	1913	1129327	871065	585667
1789799361	15685	97.7	97.5	8130	5008	2022	6151	370	0	45631	3190	7396	3000241	27012	50000	944	200000	437805	6868643	72081070	1913	1131964	872805	587338
1789799389	15714	97.9	97.6	8113	5287	1218	7557	251	0	55208	2756	6829	3000175	26811	50000	577	200000	438610	6878315	72235465	1913	1134028	874491	588811
1789799427	15751	97.6	97.2	6316	5336	1736	5781	236	0	77749	3477	11537	3000233	26565	50000	743	200000	439659	6891998	72396932	1913	1136386	876118	590267
1789799450	15774	98.2	97.0	15172	2364	1637	7489	37	0	52741	3602	5328	3000122	26290	50000	942	200000	440207	6898273	72491068	1913	1138418	877846	591363
1789799489	15813	98.4	98.3	14747	5345	990	5834	151	0	79685	3787	12390	3000231	26554	50000	510	200000	441218	6912922	72660665	1913	1140723	879917	592270
1789799504	15829	96.4	95.3	12067	5343	3903	7955	2169	0	27623	3018	4446	2999454	26126	49964	1656	200000	441552	6919961	72714042	1913	1143146	880244	592881
1789799536	15861	98.9	98.8	6213	3912	1616	5885	602	0	106038	3191	8416	3000107	26395	49984	612	200000	442314	6928587	72851557	1913	1145361	883344	594246
1789799569	15893	92.0	92.0	17020	7719	3920	7948	1147	0	2661	3231	7147	2998736	26482	49850	1114	200000	443285	6946919	73009746	1913	1147869	883906	594695
1789799603	15927	98.4	98.1	12474	4423	1225	5518	439	0	27588	3131	7577	3000713	27283	50000	410	200000	444341	6962507	73197305	1913	1148435	886000	595558
1789799627	15952	94.6	94.1	7377	4325	1477	7120	180	0	45278	2646	4162	3000156	27074	50000	723	200000	445008	6971864	73314532	1913	1150418	887711	596691
1789799660	15985	96.1	95.6	9227	5106	1316	5755	111	0	45980	2552	8914	3000184	26984	50000	697	200000	445930	6984672	73472503	1913	1152663	889640	597836
1789799695	16020	96.2	95.7	8934	4463	1292	7625	204	0	96392	2854	7084	3000242	26998	50000	565	200000	447064	7001062	73653322	1913	1155173	891719	598735
1789799718	16042	95.0	94.4	12001	5446	2278	6296	479	0	100034	2759	6326	3000059	26591	50000	1114	200000	447498	7010526	73722430	1913	1157654	893541	599635
1789799747	16072	96.0	95.8	15639	3585	2845	8061	1297	0	22751	2659	6459	2999932	26597	49987	922	200000	448351	7023229	73896187	1913	1159939	894508	601145
1789799777	16102	97.4	97.2	13971	4540	2713	6140	1680	0	8148	2838	6546	3000058	27243	50000	615	200000	449354	7039604	74060513	1913	1161865	895564	602143
1789799805	16129	97.6	97.6	8543	6231	927	6477	314	0	27387	2858	3911	3000354	27557	50000	265	200000	450393	7052342	74241694	1913	1162612	897319	602731
1789799840	16164	96.7	96.5	9145	5747	1324	5576	211	0	40549	2626	8704	3000379	27580	50000	552	200000	451486	7064670	74432198	1913	1164976	899258	603646
1789799875	16199	96.7	96.5	13558	2952	1372	7440	303	0	63920	2824	6894	3000213	27550	50000	519	200000	452575	7079391	74602971	1914	1167245	901304	604640
1789799897	16222	93.8	93.1	7308	4598	2324	6245	517	0	86213	2839	6450	3000065	27281	50000	936	200000	453031	7088367	74679833	1913	1169572	902615	605790
1789799927	16251	96.4	96.2	10209	7989	2803	7798	1024	0	18890	2862	6650	2999668	27239	50000	806	200000	453992	7098811	74850499	1913	1171618	903494	606912
1789799959	16283	97.0	96.6	11636	3320	3143	6486	1864	0	2066	2834	6960	2999333	27284	50000	668	200000	454998	7114497	75033853	1913	1173908	905136	608065
1789799989	16313	99.1	99.0	12059	4138	979	6863	213	0	53896	2918	4218	3000384	27688	50000	411	200000	456080	7129252	75222814	1913	1174600	906972	608638
1789800024	16348	98.5	97.8	14226	2857	1211	5345	232	0	41018	2825	9528	3000278	27600	50000	519	200000	457079	7143605	75387802	1913	1177120	908820	609906
1789800055	16379	98.2	96.2	12128	2700	1882	7024	127	0	51498	3311	7434	3000534	28090	50000	721	200000	457982	7158839	75530271	1913	1179209	910251	611651
1789800086	16410	97.4	97.2	11891	1710	1151	6080	299	0	99569	2977	7644	3000309	28375	50000	499	200000	458810	7171741	75666487	1914	1181551	912199	613029
1789800104	16428	97.3	96.7	9798	8047	2900	7940	1897	0	14030	2498	3464	2999995	28150	50000	768	200000	459277	7180840	75766130	1913	1183708	912438	613724
1789800135	16459	98.4	98.3	16099	4210	1197	4670	342	0	18891	2991	7151	3000327	28404	50000	452	200000	460450	7196353	75938626	1913	1184450	914085	614404
1789800170	16494	98.1	97.7	17219	2527	1191	6576	305	0	36579	2901	7206	3000321	28166	50000	542	200000	461496	7210290	76130309	1910	1186814	916144	615535
1789800205	16529	98.6	98.3	13700	4431	1033	5736	277	0	72673	2626	8995	3000440	28395	50000	504	200000	462598	7227724	76299801	1910	1189071	918209	616473
1789800230	16555	97.2	96.6	4881	2443	1617	7711	270	0	96934	2820	6546	3000186	28377	50000	815	200000	463311	7236446	76404525	1910	1191342	920069	617533
1789800261	16586	98.1	97.7	10348	2959	1752	6403	688	0	95217	2684	6396	3000278	28430	50000	689	200000	464196	7249659	76570209	1910	1194019	921962	618616
1789800285	16609	97.8	97.4	11387	3697	2407	8241	924	0	54956	2657	6172	3000098	28544	50000	825	200000	464851	7261931	76678567	1910	1196298	923138	619886
1789800315	16639	98.0	97.7	10338	4980	2981	6689	1187	0	22309	2824	6672	2999991	28527	49959	760	200000	465805	7274138	76833376	1910	1198802	924677	620924
1789800344	16669	99.0	99.0	16705	3789	757	6705	357	0	18551	2593	5984	3000387	28909	50000	222	200000	467012	7291220	77022901	1917	1199230	926086	621524
1789800382	16706	98.0	97.7	13547	4563	1112	5277	219	0	28177	3061	7186	3000341	28763	50000	539	200000	468295	7311335	77242146	1910	1201623	928081	622469
1789800416	16740	98.3	98.0	11758	4023	1464	7361	638	0	74699	2757	9278	3000260	28639	50000	641	200000	469260	7322762	77410405	1912	1204155	930045	623494
1789800444	16769	97.6	97.3	9221	2820	1597	6447	456	0	107073	2854	6822	3000320	28529	50000	688	200000	470035	7337768	77522085	1910	1206621	931977	624753
1789800465	16789	89.5	89.4	11109	6898	3937	8288	875	0	6720	2390	3054	2998499	27769	49812	1250	200000	470657	7347253	77633294	1910	1208790	932243	625467
1789800495	16819	95.2	93.9	9602	2283	3365	6724	2089	0	3449	2744	6827	2999422	27939	50000	1035	200000	471387	7360304	77765609	1910	1211113	933819	627430
1789800528	16852	98.3	98.3	12575	3751	3675	8741	1320	0	7427	2619	9095	2998538	27763	49997	894	200000	472368	7373806	77923067	1910	1213583	935601	628551
1789800557	16881	98.3	97.8	11885	3678	1136	6038	364	0	17263	2763	4079	3000503	28366	50000	351	200000	473461	7389312	78099065	1910	1214316	937549	629632
1789800591	16915	98.2	97.9	13210	3344	1204	7982	301	0	74199	2754	9280	3000355	28378	50000	506	200000	474501	7404899	78256732	1910	1216661	939595	630708
1789800626	16950	97.6	97.3	13275	2269	1130	6335	177	0	102613	2789	6891	3000339	28402	50000	527	200000	475614	7421566	78440291	1910	1218995	941637	631912
1789800644	16969	97.7	95.5	7556	4388	2985	8232	1792	0	18809	2989	6094	2999660	28005	49993	927	200000	475991	7428718	78507979	1910	1221230	941971	632621
1789800677	17001	97.1	96.5	13242	2124	3619	6640	2007	0	2928	2662	6686	2998968	27846	50000	1187	200000	477059	7446514	78686518	1909	1223681	943828	633730
1789800705	17029	96.8	96.7	9010	2768	3673	8350	1306	0	4548	2617	6379	2998596	27858	49960	1040	200000	477917	7464395	78812549	1909	1226118	945655	634567
1789800734	17059	98.2	97.8	9004	5012	3692	6747	466	0	9239	2798	6918	2998936	27793	49937	1082	200000	478874	7477178	78960093	1909	1227813	947745	635460
1789800764	17089	97.7	96.9	13582	2574	3466	8555	457	0	12644	2971	7270	2998643	27781	49969	998	200000	479810	7491708	79105171	1909	1230240	949565	636693
1789800798	17122	98.5	97.3	11661	5498	1547	6068	352	0	31679	3071	7500	3000171	28106	50000	472	200000	480788	7506255	79277000	1909	1231878	951482	637649
1789800830	17154	97.8	97.4	11425	4042	1257	8005	153	0	79962	3101	7231	3000243	28184	50000	593	200000	481732	7519245	79441546	1909	1234040	953374	638953
1789800865	17189	98.0	97.8	7888	4072	1225	6437	254	0	88957	2813	9586	3000199	28243	50000	528	200000	482773	7532310	79618250	1909	1236368	955272	640418
1789800884	17209	93.3	92.6	12297	4401	3027	8258	1221	0	19464	2798	3966	2999944	27851	50000	1006	200000	483260	7538621	79712057	1909	1238500	955780	641137
1789800915	17239	98.3	98.2	14703	4492	3565	6419	1120	0	5058	3196	7844	2998931	27674	50000	1099	200000	484235	7553254	79865015	1909	1240916	957313	641983
1789800945	17269	97.0	96.4	12954	2964	3853	7442	119	0	9252	3346	8600	2998300	27939	49984	1069	200000	485095	7570002	79982399	1909	1242167	958653	643655
1789800976	17300	97.9	97.5	10385	5822	3615	6750	496	0	20256	3472	7734	2999225	27978	49958	1220	200000	485872	7581734	80121729	1909	1244567	960369	645153
1789801005	17330	98.6	98.2	6007	3764	3572	9388	1120	0	1759	3220	8393	2998793	28113	49938	869	200000	486696	7593340	80238883	1909	1247633	961815	646950
1789801037	17361	97.7	97.4	7916	4592	3667	7806	990	0	1024	3122	7967	2998341	27942	50000	1075	200000	487528	7603640	80387185	1909	1250208	963427	648447
1789801064	17389	98.6	98.3	9842	4899	1032	7934	490	0	6150	2795	6409	3000604	28702	50000	134	200000	488341	7614927	80525199	1909	1250866	965066	649708
1789801094	17418	97.1	96.5	10183	1769	3455	7259	630	0	3973	3539	8524	2999106	27502	49991	1004	200000	488979	7624473	80619449	1909	1254152	966403	651635
1789801125	17450	97.9	97.3	6985	3372	2556	9980	1355	0	21277	3286	8052	3000033	27235	50000	662	200000	489699	7635604	80742791	1909	1257559	968247	654655
1789801154	17478	97.7	97.2	7477	3482	3447	8440	1952	0	14637	2800	6994	2998855	27002	50000	1243	200000	490522	7650607	80855160	1909	1260311	969807	656049
1789801192	17516	98.1	97.9	5243	4245	2261	10135	433	0	84213	2992	9967	3000072	27195	49998	927	200000	491533	7663862	81032590	1909	1262729	973074	657304
1789801218	17543	98.8	98.3	12198	5702	3485	7372	2011	0	15437	3724	7729	2998910	27290	49905	1210	200000	492312	7677229	81169402	1909	1265174	973587	658455
1789801247	17572	98.7	98.3	7827	3194	3019	9247	1889	0	62361	3148	8567	2998924	26993	49969	1052	200000	493003	7685359	81272447	1909	1267688	975625	659958
1789801274	17599	97.3	96.9	8773	4340	2927	6560	1238	0	1847	3659	5496	2999040	26653	49994	1131	200000	493755	7691656	81420892	1909	1269557	976714	662158
1789801307	17631	98.4	97.8	10326	2518	1875	8159	349	0	61216	3734	9212	3000037	26353	50000	913	200000	494586	7700415	81556205	1909	1272041	979229	663453
1789801337	17661	98.0	97.3	9748	2309	1758	6928	340	0	68849	3518	8832	3000280	26138	50000	957	200000	495270	7716219	81653724	1909	1274461	981141	664858
1789801366	17691	90.3	90.1	9480	4759	1588	8591	334	0	74462	3235	8062	3000032	26517	50000	831	200000	495863	7725593	81762324	1909	1276671	982920	666151
1789801399	17723	95.3	94.7	12455	4060	3354	6720	1993	0	45205	3061	9534	2999539	26380	49985	1235	200000	496792	7741373	81917869	1909	1279205	983643	666930
1789801423	17748	95.4	94.9	11986	5073	3031	8387	1506	0	6701	3060	4567	2998744	26163	49942	1321	200000	497500	7748173	82046786	1909	1281016	984389	669577
1789801465	17789	96.1	96.1	12477	2767	1601	6743	864	0	79728	2824	10072	3000509	26825	50000	467	200000	498571	7762891	82231104	1909	1284031	987835	670539
1789801489	17813	97.5	96.9	5881	3673	3045	8414	701	0	36382	2700	6208	2999862	26703	49981	1286	200000	499222	7773859	82346343	1909	1285867	988689	671646
1789801519	17844	98.1	97.9	6817	4490	1441	6249	177	0	48731	2576	6590	3000193	26690	50000	873	200000	500163	7784076	82502046	1909	1288040	991294	672863
1789801552	17876	96.6	96.4	7133	4107	1297	7989	134	0	80916	2623	6614	3000524	26909	50000	727	200000	501091	7797533	82671490	1909	1290527	993462	673701
1789801577	17901	97.4	97.0	9015	5065	1705	5906	595	0	102466	2538	5885	3000071	26719	50000	773	200000	501784	7806460	82784767	1909	1292699	995115	674519
1789801604	17928	95.1	94.2	15241	4746	3183	7882	2004	0	5673	2723	6319	2998870	26704	49933	1113	200000	502674	7820422	82934379	1909	1294856	995224	676034
1789801634	17958	96.9	96.6	11429	1866	3385	6240	1877	0	19908	2665	6356	2999364	26556	50000	1084	200000	503508	7830269	83083511	1909	1297296	997512	676632
1789801664	17989	97.0	96.9	10720	4647	3875	7897	1207	0	4829	2729	6460	2999436	26650	49947	1248	200000	504585	7845257	83264928	1909	1299728	999320	677164
1789801696	18020	97.9	97.7	9582	4826	3464	6867	1357	0	3004	2785	6497	2999273	26705	50000	885	200000	505526	7857375	83417968	1909	1302011	1001396	678052
1789801725	18049	98.4	98.3	11445	3948	947	6876	460	0	11500	2668	6252	3000302	27072	50000	278	200000	506488	7870003	83589232	1909	1302572	1003280	678847
1789801759	18083	96.3	95.2	9881	4846	1378	5807	269	0	44104	3008	7001	3000310	27166	50000	572	200000	507454	7884285	83771755	1909	1304907	1005339	679677
1789801786	18110	95.7	94.8	10019	4910	1655	7438	303	0	29980	2963	6725	3000221	27292	50000	813	200000	508111	7895663	83884217	1909	1307079	1007168	680762
1789801816	18140	98.5	97.9	11795	3575	1073	5450	265	0	35212	2791	6837	3000335	27369	50000	386	200000	509015	7910656	84038236	1909	1309321	1008935	681719
1789801846	18170	97.6	96.8	9530	4368	1604	7321	214	0	24324	2923	7146	3000263	27191	50000	983	200000	509912	7924404	84175121	1909	1311530	1010980	682701
1789801878	18202	98.7	98.2	13281	2732	1066	5553	344	0	29072	2936	7039	3000372	27306	50000	374	200000	510946	7938690	84352271	1909	1313983	1012903	683550
1789801913	18237	98.3	98.1	15459	5191	979	7334	202	0	70066	2678	6676	3000582	27739	50000	431	200000	512054	7952975	84559330	1909	1316190	1014984	684378
1789801940	18264	97.6	96.8	6737	2944	1419	5896	29	0	87825	2699	6406	3000185	27379	50000	933	200000	512827	7963089	84679275	1909	1318347	1017011	685341
1789801973	18297	98.4	98.1	12695	3952	1226	7416	209	0	91990	2767	9425	3000142	27411	50000	696	200000	513881	7978314	84831961	1910	1320801	1019110	686091
1789802005	18329	98.6	98.4	13112	5066	1173	5754	138	0	99917	2947	6971	3000190	27665	50000	671	200000	514924	7991209	85005950	1909	1323084	1021148	686973
1789802031	18355	98.2	97.7	8597	4315	1360	7487	196	0	119547	2758	6500	3000121	27473	50000	768	200000	515692	8004737	85111988	1911	1325361	1023184	687768
1789802054	18378	97.2	96.9	16623	2435	2791	5809	1619	0	6445	2467	3254	2999679	27283	50000	765	200000	516472	8015714	85263067	1909	1327471	1023484	688633
1789802085	18409	98.4	98.3	13621	3902	3403	7292	389	0	13104	2870	6854	2999144	27262	49964	722	200000	517598	8033012	85438145	1909	1329480	1025249	689514
1789802121	18445	98.6	98.3	10149	4433	1248	4994	259	0	25552	2969	9504	3000314	27437	50000	465	200000	518696	8047690	85632476	1909	1330844	1027110	690488
1789802155	18479	98.3	98.0	17157	2418	1115	7069	442	0	76674	3052	7525	3000226	27334	50000	356	200000	519728	8060650	85818207	1909	1333382	1029174	691883
1789802185	18509	98.6	98.4	10070	1850	1311	6210	245	0	113197	2745	6618	3000275	27594	50000	701	200000	520683	8072765	85968914	1909	1335559	1031195	692824
1789802204	18528	97.4	96.8	12449	3518	2581	7876	864	0	41459	2451	3202	3000023	27602	50000	859	200000	521105	8080706	86058401	1909	1337731	1032054	693623
1789802238	18563	95.6	94.9	12479	4955	3684	6396	2157	0	8733	2939	9690	2998601	26955	49969	1362	200000	522155	8096762	86230703	1909	1340233	1033306	694594
1789802267	18591	91.0	90.7	7960	3768	3162	7938	2081	0	537	3087	7101	2998787	27077	50000	695	200000	522865	8106670	86347069	1909	1342422	1034817	696213
1789802297	18621	98.9	98.8	10442	2300	906	4811	154	0	45134	2827	3984	3000326	27461	50000	370	200000	524023	8124206	86516016	1920	1342897	1036706	696759
1789802336	18660	95.0	94.7	19350	4120	1236	6934	395	0	78710	2837	9342	3000639	27743	50000	638	200000	525097	8137621	86713154	1910	1345369	1038734	697892
1789802363	18687	95.8	95.1	5804	2366	1835	6106	308	0	84128	2895	7160	3000192	27415	50000	839	200000	525805	8147056	86821322	1909	1347686	1040536	698915
1789802393	18717	97.4	97.1	13053	1561	1304	7613	276	0	104044	3159	7274	3000171	27450	50000	609	200000	526642	8160210	86949663	1909	1350003	1042391	700062
1789802417	18742	96.6	96.2	7878	2235	1889	6299	495	0	89553	2838	6605	3000025	27307	50000	752	200000	527232	8169412	87047279	1909	1352352	1044208	701249
1789802448	18773	96.7	96.0	16355	4234	3521	8019	1991	0	7575	2952	7243	2999727	27070	49959	916	200000	528278	8183520	87232928	1909	1354613	1044705	702040
1789802475	18799	97.9	97.9	12424	4643	963	4751	208	0	21733	3328	4596	3000296	27387	50000	433	200000	529211	8196246	87388298	1909	1355100	1046245	702847
1789802510	18834	96.0	95.7	14007	1634	1444	6908	692	0	62284	2993	7225	3000225	27653	50000	554	200000	530232	8212389	87561854	1909	1357689	1048279	703815
1789802539	18863	95.8	95.5	11800	6332	1149	5971	253	0	72450	3264	7290	3000238	27772	50000	533	200000	531036	8226093	87683866	1909	1359816	1050194	704951
1789802571	18895	97.3	96.7	8133	4016	1217	7883	197	0	128809	3089	10441	3000208	27993	50000	610	200000	531828	8239905	87802603	1921	1362070	1052024	706082
1789802595	18919	96.2	95.7	11907	5700	2915	5922	2019	0	19336	2523	3683	2999218	27820	50000	746	200000	532536	8250886	87970141	1909	1364366	1052365	706826
1789802631	18955	98.7	98.6	18501	2904	986	6107	231	0	51337	3195	7711	3000525	28351	50000	365	200000	533783	8271429	88177564	1919	1364939	1054318	707315
1789802665	18989	95.9	95.4	15164	2840	1221	4702	299	0	58563	3056	7421	3000473	27982	50000	614	200000	534722	8285190	88337935	1909	1367433	1056239	708519
1789802686	19010	95.1	94.3	5600	3257	1593	6320	360	0	89616	2912	7025	3000159	27913	50000	722	200000	535115	8294848	88371604	1909	1369481	1057998	709256
1789802715	19039	96.2	95.9	12626	3764	1668	6064	536	0	107257	3259	7927	3000062	27871	50000	666	200000	535828	8307395	88491350	1909	1371816	1059581	710692
1789802746	19070	98.0	97.6	14841	7954	2926	7907	2009	0	10675	2955	7145	2999267	28115	50000	786	200000	536913	8319654	88684561	1909	1374096	1060167	711483
1789802779	19104	98.9	98.9	17355	2371	1103	5257	361	0	31964	2907	7312	3000284	28606	50000	319	200000	538098	8335783	88874326	1909	1374851	1062015	712149
1789802810	19134	98.8	96.6	9757	2834	1344	7088	426	0	43585	3368	8437	3000385	28188	50000	638	200000	538902	8347316	89014598	1909	1377248	1063780	713500
1789802842	19166	98.5	97.6	13526	2629	1608	6191	750	0	52002	3084	7791	3000229	28063	50000	557	200000	539807	8363824	89152388	1909	1379789	1065771	714478
1789802870	19195	97.7	97.3	9470	3594	1748	8386	575	0	92247	3122	7442	3000145	27910	50000	707	200000	540580	8375915	89266104	1909	1382466	1067762	715874
1789802895	19219	98.5	98.2	9479	4375	2225	6701	944	0	59703	3083	6873	3000049	27731	50000	669	200000	541074	8386701	89368849	1909	1384613	1068769	717295
1789802926	19250	98.6	98.3	8861	5692	2906	8503	1963	0	10817	2642	6603	2999398	27724	50000	783	200000	542150	8401323	89552061	1909	1386785	1069750	718344
1789802957	19282	98.8	98.7	10433	4213	1121	5143	343	0	20136	2959	6639	3000390	28029	50000	396	200000	543274	8419392	89732762	1909	1387419	1071505	718902
1789802988	19313	98.1	97.5	14911	2011	1133	7154	338	0	46900	3033	7325	3000119	27597	50000	628	200000	544230	8431304	89894354	1909	1389816	1073134	720451
1789803022	19346	98.3	97.2	17248	1956	1302	6474	483	0	72936	3198	7770	3000200	27332	50000	426	200000	545230	8443474	90084122	1909	1392363	1075040	721893
1789803050	19374	98.7	98.3	6071	1971	1171	8286	215	0	101172	2929	6825	3000196	27177	50000	656	200000	546022	8456359	90220451	1909	1394361	1076858	723109
1789803076	19400	97.9	97.5	7833	5481	2403	6359	473	0	58597	2843	6654	3000039	26880	50000	895	200000	546646	8467221	90337954	1909	1396767	1078218	724121
1789803105	19429	99.0	96.2	17273	1826	3144	8103	1861	0	16869	3717	7911	2998656	26375	50000	1076	200000	547530	8476642	90492505	1909	1399038	1079065	725185
1789803136	19460	98.9	98.0	13859	3371	3259	6723	2125	0	4099	3172	7905	2999280	26421	49998	1060	200000	548386	8491605	90641845	1909	1401523	1080320	727281
1789803168	19492	90.7	90.7	13775	4834	3847	8541	1232	0	1768	3212	7771	2998759	26588	49990	1132	200000	549189	8502888	90780914	1909	1403951	1082018	728089
1789803196	19521	98.0	97.7	11419	4348	953	6018	582	0	16058	3260	5154	3000659	27309	50000	194	200000	550196	8518144	90921892	1909	1404671	1084133	728952
1789803229	19553	93.3	92.5	7237	5202	3504	8724	144	0	1642	3519	11461	2998961	26274	49971	731	200000	550881	8525713	91042739	1909	1407551	1085154	731146
1789803260	19585	98.0	97.6	8346	4390	1242	6483	409	0	27540	3475	8125	3000334	26748	50000	346	200000	551730	8537104	91192891	1909	1409532	1086987	732868
1789803287	19612	96.6	96.2	8559	3566	908	8103	416	0	17818	3434	5380	3000331	26609	50000	350	200000	552554	8550024	91321043	1909	1411660	1088599	734249
1789803326	19650	96.4	96.2	16005	6441	868	5740	286	0	60282	3514	10952	3000320	26649	50000	430	200000	553610	8562406	91514631	1909	1413836	1090252	735632
1789803350	19675	95.5	94.8	8182	5020	1488	7713	149	0	84765	3475	8493	3000097	26336	50000	880	200000	554103	8565724	91597688	1909	1415835	1092015	736493
1789803377	19702	96.3	95.8	9014	5215	2346	6111	462	0	57468	3063	4776	3000025	26071	50000	1302	200000	554819	8575666	91732738	1909	1418267	1093817	737387
1789803413	19738	97.1	97.0	8573	5012	1596	7772	275	0	73659	3101	10762	3000082	26513	49997	847	200000	555779	8591950	91883538	1909	1420605	1095837	738737
1789803433	19757	96.7	96.3	7559	6568	3399	6244	2014	0	25733	2692	3725	2998356	26451	49963	1169	200000	556480	8599958	92000302	1909	1423104	1096279	739725
1789803467	19791	96.3	96.0	11120	2274	3423	8855	1860	0	36713	3460	11742	2998736	26685	49987	1202	200000	557218	8607772	92118873	1909	1426423	1098195	742125
1789803494	19818	96.5	94.8	7154	5414	3123	7596	1406	0	21578	3378	7944	2998792	26393	49983	980	200000	557894	8615695	92247062	1909	1428575	1099599	743853
1789803525	19849	96.8	95.9	8225	2773	3167	9543	1955	0	31206	3115	7639	2999861	26187	50000	1013	200000	558727	8623438	92388178	1909	1431042	1101179	745270
1789803558	19882	96.8	96.5	7864	5124	3409	7673	2191	0	23719	2875	7247	2998965	26460	50000	1081	200000	559672	8636853	92552483	1909	1433548	1102937	746482
1789803590	19914	97.3	97.3	10794	4951	3690	8423	564	0	11660	2767	6673	2999420	26282	49981	1169	200000	560753	8652360	92727036	1909	1434956	1104784	747213
1789803618	19943	98.4	98.0	7943	2194	4055	6162	668	0	19283	3069	7115	2999343	26103	49964	1695	200000	561595	8665543	92867340	1909	1436894	1106642	748364
1789803647	19972	97.9	97.4	4228	1827	2028	8842	836	0	86845	2784	7434	3000136	26916	50000	789	200000	562239	8673873	92958217	1909	1440719	1109842	749853
1789803678	20002	98.1	98.1	11503	5186	4345	7975	1128	0	12163	2737	6582	2998432	26760	49940	1466	200000	563261	8689503	93143786	1909	1443677	1110770	750789
1789803708	20032	98.7	97.7	11215	5546	1611	7994	622	0	12933	3117	7419	3000174	27079	50000	584	200000	564109	8698482	93293011	1909	1444451	1112843	751718
1789803738	20063	98.7	97.1	9061	4367	3466	6193	332	0	21867	3435	7672	2999769	26951	49964	1037	200000	564936	8711663	93436034	1909	1447259	1114671	752674
1789803770	20094	98.6	98.5	15439	4329	1104	7064	472	0	65691	3158	7653	3000301	27344	50000	281	200000	565898	8726828	93588941	1909	1448676	1116723	753389
1789803807	20132	98.3	98.0	10944	5553	1498	6008	166	0	89833	3293	8744	3000338	27095	50000	724	200000	567008	8740573	93794213	1909	1450820	1118529	754419
1789803834	20159	98.2	97.9	8312	4531	1362	7595	87	0	88377	3385	7851	3000379	27646	50000	881	200000	567717	8752066	93895617	1916	1452753	1120317	755508
1789803861	20185	98.9	98.6	10023	3297	1752	5623	264	0	110877	3078	7496	3000081	27750	50000	806	200000	568299	8760593	94013422	1916	1455105	1122197	756224
1789803885	20209	98.1	98.1	15564	9600	4102	7524	1094	0	6636	3127	4352	2998809	27657	49941	1354	200000	569260	8771896	94182275	1916	1457563	1122582	756557
1789803916	20241	98.4	97.8	11312	4547	3292	5580	1191	0	8248	3392	8396	3000046	27808	50000	972	200000	570095	8784360	94323181	1916	1459537	1124643	757434
1789803949	20273	98.4	86.9	13715	5009	905	5844	99	0	41552	3591	8810	3000193	27938	50000	483	200000	571012	8797066	94508964	1916	1459987	1126260	758653
1789803980	20304	98.4	98.1	11846	1541	1253	5753	172	0	64904	3392	8690	3000344	28036	50000	661	200000	571820	8805774	94642646	1916	1462264	1128257	759616
1789804011	20335	97.1	96.4	7908	5752	2001	7599	26	0	66162	3735	8817	3000299	27771	50000	992	200000	572591	8817128	94776786	1916	1464603	1129793	760587
1789804049	20373	97.6	96.9	7037	5398	1916	6229	422	0	77044	3343	11145	3000358	27806	50000	1057	200000	573631	8833058	94951927	1916	1467124	1131501	762308
1789804065	20389	81.1	80.7	13609	3935	2136	7746	906	0	71878	3268	4318	3000011	27599	49918	861	200000	573839	8836525	94984501	1916	1469001	1132389	763930
1789804094	20418	95.0	94.5	8724	3918	1862	6074	358	0	84576	2872	6928	3000008	27193	50000	912	200000	574664	8844515	95128034	1916	1471014	1134286	765265
1789804127	20451	95.0	94.2	9251	4391	2442	8091	667	0	85826	3031	7266	3000025	27236	50000	1259	200000	575485	8857229	95271248	1916	1473560	1136109	766449
1789804155	20479	96.2	96.2	13301	4263	1818	6490	911	0	65771	2957	7056	3000025	27624	50000	538	200000	576299	8866226	95417000	1916	1475689	1137212	768163
1789804186	20510	96.2	95.7	11996	3526	3407	8394	2042	0	7045	2597	6390	2999546	27335	50000	1161	200000	577348	8878078	95604794	1916	1477892	1138029	769023
1789804214	20539	95.6	95.5	10630	3805	3327	6290	2077	0	1290	2712	6599	2999113	27450	50000	855	200000	578113	8886301	95747213	1916	1480081	1139809	769862
1789804247	20571	95.5	95.3	12304	6334	3568	7410	401	0	12220	2789	6405	2999055	27328	49959	949	200000	579241	8902213	95918580	1916	1481720	1141792	770351
1789804278	20603	98.0	97.7	15058	3336	1159	5455	232	0	34667	2674	6501	3000525	27718	50000	497	200000	580279	8916598	96089654	1917	1482890	1143626	771269
1789804316	20640	95.7	95.4	12668	3251	1204	7435	337	0	53683	2744	7071	3000501	27472	50000	584	200000	581446	8933151	96286062	1919	1485329	1145616	772598
1789804346	20671	95.6	95.2	13505	4261	1302	5780	267	0	141056	2838	9885	3000409	27316	50000	650	200000	582149	8942836	96402112	1923	1487550	1147494	773432
1789804365	20689	93.3	92.9	11072	4743	2676	7460	1758	0	7874	2599	3362	2998902	27212	50000	618	200000	582693	8954420	96501269	1919	1489479	1147626	774695
1789804395	20719	98.2	97.9	12028	3724	1069	4601	375	0	10269	2822	4007	3000506	27288	50000	315	200000	583802	8968028	96705410	1919	1490251	1149343	775434
1789804429	20753	93.7	93.2	8024	4860	3735	7089	494	0	7191	2747	9550	2998874	26531	49966	1160	200000	584650	8980709	96842784	1919	1493370	1151073	776600
1789804461	20785	98.1	97.7	10702	4749	907	5493	283	0	33725	2738	6889	3000747	27254	50000	346	200000	585619	8995690	97006617	1919	1494591	1152776	777770
1789804497	20822	95.2	94.9	14783	2679	1131	7476	239	0	62649	2941	7607	3000504	27270	50000	629	200000	586696	9012953	97186974	1923	1496947	1154820	778916
1789804520	20844	96.2	95.8	7647	2141	1379	5582	144	0	121383	2932	7514	3000285	27720	50000	752	200000	587146	9021435	97243775	1922	1499163	1156823	779624
1789804547	20871	98.0	96.8	13573	4512	3107	7337	1821	0	16232	3248	7693	2998605	27501	49938	907	200000	587940	9033023	97376613	1922	1501452	1157224	780501
1789804576	20901	98.3	98.2	11124	10446	1010	4434	351	0	16503	3098	4429	3000497	27967	50000	316	200000	589036	9048642	97565695	1925	1502020	1158887	781022
1789804610	20934	98.2	97.6	13697	2863	1333	6419	345	0	35326	3013	7294	3000280	27668	50000	540	200000	590055	9061873	97744992	1922	1504552	1160828	782143
1789804642	20966	98.5	98.0	6144	2031	1581	6084	472	0	57960	2839	9404	3000228	27654	50000	710	200000	590904	9072008	97888617	1922	1506994	1162825	783209
1789804671	20995	97.7	97.3	9331	3103	1532	7987	419	0	95098	2874	7151	3000267	27418	50000	756	200000	591752	9081296	98025180	1922	1509321	1164797	784378
1789804705	21029	98.7	98.4	11232	5802	1205	6101	255	0	108235	3100	7181	3000260	27458	50000	637	200000	592847	9096004	98212494	1922	1511515	1166636	785591
1789804725	21049	98.8	98.2	13046	3459	2809	7857	1561	0	13157	2783	6050	2998759	27065	50000	889	200000	593295	9102968	98290988	1922	1513598	1166923	786569
1789804758	21082	98.5	98.2	14992	2998	3198	6232	1596	0	3579	3031	7622	2999511	27387	49997	682	200000	594295	9117692	98457984	1922	1515877	1168726	787603
1789804789	21113	98.8	98.6	12065	6507	912	6512	173	0	30218	3131	4721	3000464	27868	50000	317	200000	595493	9135763	98651626	1922	1516406	1170424	788126
1789804828	21152	98.2	98.0	21267	1600	1090	6019	388	0	77843	3423	11274	3000243	27793	50000	395	200000	596499	9147798	98855091	1922	1518937	1172421	789351
1789804846	21170	97.4	96.8	6131	2472	1928	7960	546	0	103212	2997	4289	3000206	27746	50000	761	200000	596836	9155329	98901437	1922	1521027	1173888	790269
1789804875	21200	97.7	97.7	12951	8726	3572	6377	1248	0	5235	3263	7245	2998763	27636	49941	931	200000	597878	9169075	99098325	1922	1523282	1174390	790857
1789804907	21231	98.5	98.2	16248	3674	1127	6463	307	0	36256	2794	6757	3000688	28436	50000	389	200000	598943	9183394	99268567	1923	1523843	1176311	791785
1789804938	21263	97.9	95.9	13575	2330	827	5185	162	0	32617	3255	7580	3000606	28598	50000	275	200000	599833	9197651	99417490	1923	1526037	1177819	793576
1789804971	21295	92.8	92.4	16227	1991	1246	7327	493	0	76078	2808	7083	3000348	28567	50000	554	200000	600791	9207729	99575996	1923	1528591	1179757	794625
1789804998	21322	94.4	93.6	5169	3621	1569	6255	57	0	29895	2808	6667	3000192	27857	50000	906	200000	601503	9222026	99670032	1923	1530969	1181439	796027
1789805033	21357	96.2	95.9	11299	3575	1220	7706	316	0	60168	2960	10111	3000458	28032	50000	523	200000	602429	9238092	99808239	1925	1533179	1183343	796823
1789805066	21391	95.1	94.7	15803	2783	1471	6064	357	0	65230	3013	7311	3000408	27932	50000	718	200000	603381	9252539	99970843	1923	1535498	1185171	798093
1789805088	21413	94.2	93.7	5508	1996	1523	8000	510	0	126995	2953	6784	3000150	27965	50000	549	200000	603763	9261831	100029756	1923	1537700	1186652	799521
1789805118	21442	94.7	94.7	13040	7552	3375	6564	1349	0	10962	2470	3372	3000049	27935	50000	756	200000	604983	9278043	100250674	1924	1539813	1187083	800055
1789805151	21475	97.8	97.5	17684	3287	1156	7023	251	0	43389	3063	7042	3000460	28198	50000	299	200000	606065	9290262	100444398	1923	1540682	1189016	801076
1789805183	21507	95.2	94.9	11372	2709	1291	5098	191	0	73199	2785	6863	3000436	28109	50000	619	200000	607042	9305672	100601846	1923	1542850	1190986	802184
1789805206	21530	92.5	92.1	6487	3408	2402	7006	650	0	68745	3039	6557	3000196	28730	49998	837	200000	607425	9314791	100666320	1923	1545127	1192453	802991
1789805235	21559	94.0	91.7	16015	5473	3325	6655	2058	0	10114	3517	7391	2999589	28119	49966	1135	200000	608399	9327545	100825194	1923	1547395	1192856	804475
1789805267	21591	96.2	96.0	14741	3257	3128	8419	2161	0	2925	2797	6839	2998882	28330	50000	856	200000	609333	9338288	101007569	1923	1549714	1194512	805855
1789805300	21624	98.6	98.5	12219	1508	1052	5771	420	0	26118	2705	6621	3000559	28795	50000	283	200000	610489	9355218	101209183	1930	1550426	1196537	806371
1789805333	21657	95.3	94.9	13101	2797	1417	7772	449	0	29084	2963	7422	3000342	28566	50000	482	200000	611483	9371793	101359534	1923	1552986	1198457	807711
1789805364	21688	94.3	93.5	11635	3571	1758	5419	293	0	36343	3078	7283	3000690	28413	50000	812	200000	612241	9385280	101480524	1923	1554974	1199698	809199
1789805393	21717	92.0	91.3	11174	1406	1672	7314	463	0	43063	3386	7531	3000422	28799	50000	719	200000	612949	9396531	101596412	1923	1557325	1201370	810839
1789805420	21744	95.2	95.0	11974	2681	1138	6054	365	0	63779	2762	6778	3000421	29151	50000	395	200000	613752	9407633	101704765	1923	1559558	1203333	811886
1789805448	21772	96.4	95.9	5596	4099	1995	8302	271	0	59576	2873	6910	3000099	28625	50000	783	200000	614480	9416091	101822847	1923	1562412	1205277	813058
1789805475	21800	97.7	97.3	6592	5267	2600	6719	505	0	57205	2802	6876	3000024	28337	49996	883	200000	615313	9431663	101939714	1923	1564708	1206573	814006
1789805504	21828	98.9	98.7	7781	5118	2979	8960	587	0	33175	2767	6775	2999502	28409	49986	1284	200000	616089	9442185	102095459	1923	1567121	1207965	816180
1789805539	21864	97.3	96.8	9056	2656	2781	7783	1457	0	38121	2940	9990	3000040	28003	50000	989	200000	617093	9450246	102269730	1923	1570360	1209598	818775
1789805567	21891	98.3	98.0	7350	5905	3234	9629	1198	0	921	2982	7346	2999354	28020	50000	1059	200000	617799	9457750	102406546	1923	1572552	1210988	820181
1789805598	21922	97.3	96.9	5962	4097	2708	8036	1199	0	35292	2924	7758	3000021	27984	50000	989	200000	618529	9467575	102537054	1923	1575513	1213209	821771
1789805626	21951	98.0	97.2	7694	2990	4216	10218	2348	0	12601	2734	6692	2998833	27065	49829	1701	200000	619349	9477544	102692356	1923	1578163	1214443	822975
1789805657	21982	97.3	97.1	6879	2914	2857	8003	797	0	47117	3059	7504	3000049	27201	50000	1118	200000	620176	9486906	102830172	1923	1580621	1217323	824756
1789805694	22018	98.6	97.7	11146	4836	2385	9889	663	0	88975	3279	10497	3000132	27293	50000	886	200000	621143	9502966	102980495	1923	1583270	1219940	825717
1789805717	22041	99.1	99.1	13095	13095	4179	5829	277	0	4693	2699	3474	2998300	26941	49945	1264	200000	622058	9515513	103159201	1923	1584336	1220207	826601
1789805745	22069	98.7	97.5	6271	2838	3154	8548	1806	0	30437	3040	7245	2998785	26860	50000	1013	200000	622732	9524872	103273300	1923	1587854	1222285	828358
1789805775	22099	97.3	97.3	8137	4412	4113	7547	854	0	1107	3041	6890	2998737	26497	49976	1207	200000	623677	9538688	103435292	1923	1590178	1223692	829600
1789805804	22128	97.3	96.0	8000	3967	4146	9458	717	0	692	3355	7575	2999079	26896	50000	1353	200000	624416	9547582	103571183	1923	1592344	1224935	831685
1789805840	22164	97.8	97.0	6000	4012	2522	7714	1118	0	43704	3021	10363	3000034	26607	49990	930	200000	625285	9558409	103726826	1923	1594585	1227139	833512
1789805868	22193	90.6	90.2	8383	4169	3011	9775	1065	0	32090	3059	7151	2999804	26494	49988	1212	200000	626005	9566842	103843290	1923	1596847	1228212	835674
1789805900	22224	96.3	96.1	5311	2883	967	6885	431	0	37725	2688	6827	3000194	26664	50000	344	200000	626864	9576160	104001280	1930	1599068	1230637	837400
1789805935	22259	96.2	96.0	6139	4876	1161	8737	7	0	66166	2662	6607	3000360	26924	50000	719	200000	627962	9588763	104211271	1930	1601206	1232321	838565
1789805962	22286	95.7	95.5	11059	4354	1264	6070	135	0	93268	2641	6291	3000176	26994	50000	733	200000	628541	9595437	104320863	1930	1603599	1234465	839229
1789805987	22311	95.8	95.4	7143	5837	2261	7826	577	0	89108	2574	6238	3000206	26858	50000	965	200000	629195	9606626	104429487	1930	1605893	1236020	839812
1789806014	22338	96.2	95.4	9814	4229	2955	6184	1936	0	23663	2938	6717	2998415	26572	49914	875	200000	630090	9618649	104586531	1930	1608201	1236550	841473
1789806047	22371	95.9	95.5	9884	5419	3526	8186	2058	0	15631	2656	6510	2998891	26278	50000	1340	200000	631092	9629980	104772732	1930	1610723	1238255	842746
1789806075	22399	96.7	96.4	8627	2920	3185	7036	1773	0	18681	2585	6600	3000007	26118	50000	918	200000	631849	9641272	104878859	1930	1613136	1240602	843499
1789806107	22432	96.8	96.7	8762	5370	3917	8770	1113	0	5434	2719	6349	2999058	26275	50000	1268	200000	632990	9657775	105083460	1930	1615465	1242307	843993
1789806136	22460	96.7	96.5	8157	5474	3384	6912	1571	0	9280	2703	6274	3000013	26336	50000	722	200000	633791	9671906	105207367	1930	1617848	1244466	844741
1789806168	22492	98.7	98.5	13039	5513	1275	7041	108	0	56066	2720	6557	3000400	26680	50000	463	200000	634941	9685288	105420582	1930	1618127	1246260	845737
1789806198	22522	96.8	96.3	11613	2151	1581	6016	542	0	36200	2674	6586	3000403	26832	50000	684	200000	635688	9697114	105564584	1930	1620997	1248307	846860
1789806228	22552	96.7	96.3	5874	4762	1038	7399	264	0	20785	2830	6709	3000492	27237	50000	491	200000	636585	9712524	105703852	1930	1623138	1250004	848130
1789806259	22583	96.5	95.9	6144	4587	3632	6205	443	0	11628	2778	9355	2999101	26369	49956	1309	200000	637296	9721446	105830090	1930	1626109	1251639	849799
1789806286	22610	97.9	97.4	9358	3662	3382	8623	2089	0	1865	2811	6721	2999380	26603	50000	800	200000	638051	9732858	105946790	1930	1629285	1253586	850990
1789806318	22642	98.8	98.7	13487	1969	1195	5560	345	0	26188	2863	6613	3000451	26995	50000	405	200000	639106	9747887	106134065	1930	1630024	1255605	851485
1789806350	22674	98.8	97.0	12139	5070	1137	7195	337	0	22525	3347	7466	3000329	26993	50000	440	200000	640103	9759717	106319419	1930	1632260	1257384	852615
1789806384	22709	98.6	98.3	13892	3996	1320	5839	381	0	65150	2872	7049	3000394	27068	50000	606	200000	641225	9773574	106515364	1930	1634538	1259422	853251
1789806414	22739	98.7	98.5	11855	3974	1414	7590	411	0	65475	2922	6902	3000355	27141	50000	720	200000	642108	9786548	106674726	1945	1636648	1261135	854402
1789806435	22760	97.6	96.3	6171	3702	2308	6166	653	0	64189	3337	7029	3000024	27288	50000	920	200000	642521	9793970	106742538	1945	1638845	1262394	855752
1789806465	22789	98.0	97.7	11463	4478	2958	8115	1795	0	28123	2939	7016	2999796	27184	49997	738	200000	643430	9802390	106909945	1945	1641322	1263437	856939
1789806498	22822	98.5	98.5	11811	4633	3535	6214	230	0	18960	2760	6417	2999599	27237	49953	678	200000	644680	9820576	107117465	1945	1643125	1265087	857767
1789806532	22856	98.7	98.4	12273	5820	1353	7157	325	0	76330	2921	6943	3000325	27330	50000	596	200000	645826	9832958	107332972	1943	1644268	1266920	858899
1789806564	22889	98.4	98.1	8871	2275	1332	5828	273	0	101479	2738	6831	3000145	27183	50000	672	200000	646857	9845711	107506641	1943	1646571	1268824	860122
1789806584	22908	97.8	97.3	9490	3826	2944	7583	1580	0	13522	2707	6084	2998745	26824	49991	976	200000	647212	9852098	107587928	1943	1648630	1269151	861085
1789806614	22939	97.8	97.4	11085	5453	3061	6143	1721	0	32274	2870	6917	2999630	26506	50000	1044	200000	648129	9864216	107740727	1943	1651118	1271318	861815
1789806644	22968	97.7	97.1	10112	1866	3488	7859	1734	0	7232	2703	6890	2998691	26186	50000	1370	200000	648974	9878911	107877898	1943	1653414	1272844	863134
1789806682	23006	98.8	98.5	10971	2250	1383	6905	282	0	111737	2771	9767	3000251	26453	50000	708	200000	650099	9896251	108051029	1947	1655777	1276202	864461
1789806705	23029	98.0	97.5	9421	4382	2245	8671	428	0	77123	2499	3732	3000107	26209	50000	1069	200000	650743	9907495	108156491	1959	1658099	1277922	865165
1789806740	23065	96.3	96.1	9828	5200	1639	5999	369	0	116527	2824	9623	3000101	26441	50000	817	200000	651729	9924280	108295209	1959	1660554	1280317	866049
1789806765	23089	89.8	89.8	11111	9393	3722	7063	235	0	1892	2593	3314	2998482	26137	49931	907	200000	652677	9937239	108460607	1959	1661991	1280495	866573
1789806798	23122	98.8	97.9	14664	4437	1147	5720	278	0	34714	3174	7422	3000309	26500	50000	482	200000	653752	9949717	108649823	1959	1663362	1282405	867705
1789806833	23157	96.5	96.1	12468	2508	1193	7544	281	0	62119	2726	7055	3000394	27147	50000	564	200000	654730	9965014	108823913	1959	1665676	1284422	868660
1789806854	23178	94.7	94.2	5959	3978	1669	5876	165	0	104927	2990	6861	3000160	26914	50000	819	200000	655099	9972214	108877203	1959	1667877	1285991	869593
1789806884	23208	94.9	93.9	16209	3070	2370	7778	743	0	59894	3148	7419	2999166	26597	49686	942	200000	655991	9981495	109035543	1959	1670008	1287086	871249
1789806914	23238	95.9	95.8	8536	5971	2626	6312	1908	0	15083	3293	7506	2998714	26866	49985	562	200000	656913	9993314	109198698	1959	1672217	1288100	872381
1789806947	23271	98.2	98.1	20951	1842	1039	6711	229	0	21917	3288	4978	3000291	26941	50000	384	200000	658121	10006100	109409861	1965	1672992	1290000	872829
1789806982	23306	96.4	96.1	10685	4190	1445	5749	365	0	71034	2964	9800	3000257	26720	50000	689	200000	659087	10017860	109570092	1965	1675251	1291829	873947
1789807015	23339	97.1	96.8	12091	2340	1469	7803	401	0	125457	3265	8137	3000114	26584	50000	660	200000	659961	10029858	109732227	1965	1677556	1293588	875310
1789807036	23360	95.9	95.8	13610	13610	3205	5578	256	0	10430	2992	4058	2999198	26503	49956	871	200000	660677	10040541	109880189	1965	1678990	1293787	875790
1789807071	23396	98.4	97.6	18017	2851	927	6539	232	0	46315	3297	8538	3000480	27084	50000	337	200000	661652	10052752	110067477	1965	1680277	1295525	877090
1789807100	23425	95.4	94.8	7850	4428	1757	5153	301	0	100462	3124	7876	3000353	26803	50000	839	200000	662351	10059830	110183993	1965	1682552	1297282	878101
1789807125	23449	95.8	95.2	11509	4329	1921	6885	447	0	89197	2971	7160	3000096	26378	50000	999	200000	662910	10072790	110261731	1965	1684688	1298715	879550
1789807155	23479	96.4	96.0	14618	4704	2111	6123	803	0	63757	3190	7602	3000088	26281	50000	760	200000	663696	10083968	110401491	1965	1686877	1300064	880713
1789807184	23509	96.3	96.0	13474	5396	3126	7922	2076	0	4662	3463	7476	2998991	26317	50000	828	200000	664692	10098830	110541575	1965	1689137	1300914	881622
1789807226	23550	98.9	98.9	19327	2437	1024	4738	130	0	59735	3259	7811	3000550	26963	50000	516	200000	665771	10130057	110714022	1965	1689498	1302753	881944
1789807250	23574	96.7	96.3	11542	2926	1406	6788	192	0	127039	2937	4983	3000262	27395	50000	528	200000	666433	10139738	110803718	1969	1691898	1304527	882873
1789807276	23601	97.4	96.7	14460	8409	3280	4842	2034	0	7776	3473	8069	2999056	26999	49652	1189	200000	667155	10150502	110946169	1978	1694051	1304766	884218
1789807304	23629	98.2	97.8	12909	1648	3630	6668	2178	0	2778	3390	8236	2998582	26857	50000	957	200000	667876	10159149	111076356	1974	1696459	1306451	885675
1789807337	23661	98.8	98.8	16838	3762	1108	5324	402	0	34929	3120	7486	3000399	27306	50000	413	200000	668974	10174843	111255742	1978	1697016	1308438	885994
1789807371	23696	98.3	97.9	15771	2526	1292	7298	228	0	53049	3598	9076	3000284	27036	50000	586	200000	670018	10189000	111423440	1983	1699416	1310271	887443
1789807403	23727	98.4	98.2	11638	5725	1223	6138	359	0	83937	3512	8969	3000202	27580	50000	495	200000	670898	10197692	111566671	1983	1701668	1312085	888849
1789807428	23752	98.0	97.7	8011	5922	2762	8222	1078	0	31873	3083	7289	3000101	27418	50000	738	200000	671470	10208060	111685005	1983	1703929	1312856	889924
1789807454	23779	98.6	98.5	18094	3619	1120	4986	366	0	28006	3570	4916	3000211	27606	50000	184	200000	672406	10218095	111871439	1984	1704499	1313901	890603
1789807490	23815	98.8	98.6	12850	4302	934	6969	136	0	75200	3319	8624	3000273	27582	50000	444	200000	673479	10230238	112070760	1984	1706738	1315793	892017
1789807514	23838	97.8	97.3	6697	5203	1785	5573	283	0	97422	3320	8015	3000088	27258	50000	948	200000	673914	10238708	112140124	1984	1708821	1317259	893026
1789807547	23871	97.5	97.1	12301	4806	1901	7449	328	0	92384	3226	7762	3000095	27451	49998	1059	200000	674790	10251141	112304510	1984	1711039	1318786	894667
1789807578	23902	97.5	97.1	8585	5336	2300	6279	465	0	76265	3582	8615	3000044	27127	50000	1041	200000	675604	10260892	112449744	1981	1713468	1320268	895870
1789807607	23931	98.6	97.8	14252	4115	3151	7937	1704	0	18328	3582	8467	2999776	27344	50000	1192	200000	676457	10277662	112579326	1977	1715692	1321146	897074
1789807638	23962	98.4	97.5	8979	3252	2368	6777	899	0	55311	3909	9865	2999771	27251	50000	891	200000	677091	10291433	112672167	1977	1718435	1323333	899138
1789807664	23988	89.4	89.3	8066	6455	3051	8279	1506	0	3058	3348	4690	2998641	27470	49999	651	200000	677899	10301833	112823134	1979	1720124	1323831	900463
1789807697	24021	95.8	95.6	16243	1299	3846	6855	456	0	18164	3317	8019	2998739	26990	49985	1121	200000	678846	10312759	112985826	1985	1721885	1325765	901374
1789807726	24051	95.7	95.1	9109	4685	3770	8858	330	0	4049	3131	7525	2998057	26748	49942	849	200000	679638	10321948	113139922	1985	1724297	1327119	903170
1789807757	24082	98.2	98.0	13649	3777	956	5812	327	0	26371	2966	7110	3000172	26963	50000	424	200000	680663	10334466	113310264	1985	1725613	1328912	904472
1789807785	24110	96.2	95.7	7510	4322	1159	7673	591	0	17266	3129	7324	3000513	27213	50000	113	200000	681409	10345859	113429896	1985	1728167	1330667	905787
1789807818	24142	96.5	96.2	11534	4184	859	5965	356	0	21106	3198	7259	3000279	27372	50000	292	200000	682344	10356104	113589323	1985	1730350	1332395	907218
1789807846	24171	93.8	93.1	7048	1553	3715	8593	634	0	1475	3097	7262	2998943	27301	49941	1099	200000	683059	10365351	113709530	1985	1733899	1334336	908565
1789807874	24198	96.3	96.0	8200	1723	2857	7463	1945	0	873	2983	7244	2998848	27379	49958	735	200000	683765	10374084	113821042	1985	1736906	1336146	910152
1789807909	24233	94.8	94.8	9552	5414	4058	8555	222	0	3542	3026	6836	2998034	27375	49916	1215	200000	684894	10386154	114048543	1985	1738437	1338153	910832
1789807937	24261	94.8	94.4	6675	4471	4081	8015	1209	0	1776	2994	7313	2998243	26967	49969	1163	200000	685641	10393486	114171320	1977	1741898	1339599	912875
1789807970	24294	95.0	94.4	10037	3906	3659	8519	437	0	19114	3051	6967	2999707	26690	49974	1483	200000	686645	10404087	114354633	1977	1742892	1341331	913984
1789807995	24319	96.1	95.6	7532	4585	3777	7412	1022	0	17655	3106	7476	2999730	26236	50000	1309	200000	687186	10415392	114433155	1977	1746349	1343152	915106
1789808024	24349	96.4	95.6	8240	2637	2535	9066	1729	0	5741	3111	7566	2998997	26314	49917	743	200000	687995	10427865	114560533	1977	1748315	1344423	917609
1789808055	24380	96.5	96.5	9894	3410	3875	7494	1010	0	2838	3159	7179	2999001	26600	50000	1221	200000	688978	10439093	114716888	1977	1751175	1346501	918118
1789808084	24409	98.2	97.9	7527	5897	3719	8327	460	0	2049	3129	7203	2998753	26756	49956	846	200000	689816	10453446	114862396	1977	1752510	1348084	919412
1789808115	24440	98.1	97.8	12225	3974	4057	6605	313	0	3852	3109	7481	2998307	26533	49782	1188	200000	690720	10462273	115033925	1973	1754609	1349577	921173
1789808144	24469	97.8	97.2	6244	4481	3566	9385	2126	0	1960	3235	7374	2998884	26539	50000	939	200000	691477	10470642	115165252	1973	1758077	1351556	922805
1789808175	24500	98.2	98.2	9726	4949	3875	6854	378	0	2636	3053	7038	2998257	26141	49955	989	200000	692541	10482625	115357054	1973	1759447	1353175	923712
1789808208	24533	98.5	98.0	13218	4570	939	7843	282	0	27445	3160	7243	3000270	26996	50000	414	200000	693599	10494305	115559013	1973	1760882	1354952	925024
1789808238	24562	98.1	96.9	11537	2926	1301	6160	529	0	20549	3302	7553	3000297	26925	50000	452	200000	694441	10506166	115689395	1973	1763395	1356896	926127
1789808266	24590	98.7	96.0	6236	5375	3267	8845	1128	0	14897	3773	8073	3000020	26256	50000	803	200000	695172	10518696	115799509	1973	1767232	1359076	926795
1789808298	24623	98.5	98.2	11877	3786	3488	6922	1960	0	1266	3044	10338	2999834	26480	50000	1082	200000	696270	10530281	115936737	1987	1769688	1361292	927904
1789808326	24651	98.2	98.2	11921	4587	3614	7913	590	0	15061	3041	4125	3000003	26422	49951	905	200000	697230	10542426	116114053	1987	1771347	1363204	928460
1789808362	24686	98.9	98.1	13123	4839	1159	5819	116	0	58259	3173	7348	3000342	26731	50000	500	200000	698310	10554945	116336686	1994	1772277	1365091	929358
1789808392	24716	98.2	97.7	11774	5251	1543	7844	190	0	93778	2974	7358	3000453	26830	50000	922	200000	699054	10563609	116472097	1987	1774697	1367196	930121
1789808422	24746	98.6	98.2	7905	7213	1654	5518	273	0	105874	3416	8380	3000264	26823	50000	931	200000	699700	10576064	116579446	1987	1776941	1368907	931104
1789808447	24772	97.4	97.1	8278	2612	2822	7122	1153	0	29106	3140	7524	3000019	26776	49997	967	200000	700353	10583560	116697945	1987	1779118	1369817	931936
1789808474	24798	97.3	96.8	8926	4932	3393	5815	1854	0	6283	3084	4801	2999186	26481	50000	1089	200000	701272	10593355	116832053	1990	1781486	1371374	932646
1789808505	24830	98.5	98.4	14789	5244	1295	5824	365	0	10166	3445	8335	3000698	27270	50000	536	200000	702189	10606320	116998407	1987	1782032	1372921	933270
1789808539	24863	98.3	97.8	10876	5115	1457	5505	424	0	31432	3565	8909	3000526	27167	50000	600	200000	703096	10619106	117153107	1987	1784199	1374669	934371
1789808575	24900	90.0	89.8	16657	3997	1296	7226	286	0	57196	3537	8991	3000232	27219	50000	637	200000	704001	10632455	117293267	1987	1786241	1376382	935689
1789808597	24921	92.6	91.9	5958	2353	1393	4972	240	0	113702	3383	4796	3000307	27149	50000	752	200000	704378	10639410	117375518	1987	1788259	1378007	936816
1789808625	24950	94.4	94.1	17985	4464	3063	6775	1964	0	16500	3801	8206	2999159	27365	50000	905	200000	705125	10648668	117522282	1987	1790544	1378344	937735
1789808659	24983	94.3	94.2	11184	7118	3779	6132	1397	0	1623	3007	7250	2998736	27063	49969	1062	200000	706172	10662703	117702020	1987	1792955	1380197	938087
1789808689	25013	98.0	97.6	11402	1463	1051	6153	348	0	38968	3104	4763	3000436	27645	50000	452	200000	707242	10679607	117868100	1987	1793468	1382246	939010
1789808728	25052	95.7	95.4	12130	4388	1404	5877	489	0	61327	3245	10232	3000378	27585	50000	488	200000	708303	10695464	118041989	1986	1796128	1384281	940052
1789808745	25069	91.1	89.4	8686	3989	2643	8033	767	0	54603	3185	4284	3000038	27321	49988	892	200000	708505	10702734	118078075	1986	1798342	1385607	941133
1789808774	25098	95.5	95.2	11193	8137	2484	6336	1610	0	7735	3137	7163	2999826	27312	50000	596	200000	709454	10711817	118249426	1986	1800177	1386109	942654
1789808807	25131	98.2	98.0	12609	4294	1116	6853	307	0	27209	2920	6822	3000242	27284	50000	481	200000	710501	10725638	118447267	1986	1801097	1387879	943418
1789808841	25165	95.4	95.2	18229	3346	1262	5207	515	0	50973	2891	7148	3000688	27850	50000	365	200000	711421	10737798	118621381	1986	1803612	1389793	944470
1789808873	25197	95.2	94.2	12424	2897	924	6898	153	0	37378	3192	7572	3000652	28241	50000	556	200000	712369	10751476	118778727	1986	1805618	1391172	946277
1789808905	25229	94.6	93.1	14137	2274	1250	5948	231	0	45246	3472	7759	3000306	27734	50000	568	200000	713190	10761168	118930718	1986	1808078	1392967	947543
1789808937	25261	95.3	95.0	13968	2523	1448	7626	167	0	68556	2927	7159	3000486	27950	50000	632	200000	714141	10777473	119068124	1986	1810277	1394817	948378
1789808959	25283	93.1	91.8	4860	2774	1772	5812	290	0	106850	3251	4379	3000159	27428	50000	965	200000	714665	10784299	119142861	1986	1812373	1396552	949543
1789808986	25310	93.0	92.3	14966	4481	2555	7393	1035	0	55595	3057	7185	2999500	27106	50000	896	200000	715176	10791612	119249072	1986	1814731	1397752	950186
1789809017	25341	95.8	95.6	11498	10477	3532	5878	2187	0	148	3192	7196	2998730	27400	50000	770	200000	716331	10806844	119411841	1986	1817007	1398905	951072
1789809053	25377	96.5	96.5	19269	3457	1161	6035	294	0	61230	3287	7757	3000300	28110	50000	487	200000	717516	10820199	119591501	1986	1817470	1400804	951482
1789809087	25412	96.1	93.8	14997	4269	1651	4555	280	0	61169	3881	8731	3000212	27731	50000	675	200000	718496	10832154	119759191	1986	1819615	1402249	953093
1789809104	25428	96.3	95.0	5198	1911	1870	6624	513	0	109754	3559	5287	2999244	27406	50000	948	200000	718665	10835371	119800341	1986	1821749	1403664	954412
1789809135	25460	95.2	94.9	15084	9056	2765	5732	1576	0	11045	3710	7858	2999058	27288	50000	702	200000	719672	10847750	119983891	1986	1823580	1404052	955717
1789809167	25491	95.3	95.0	11138	5919	2689	7412	1607	0	5418	3174	7780	2999757	27240	50000	652	200000	720630	10859845	120135777	1986	1825739	1405651	956842
1789809201	25525	98.6	98.2	13108	4451	1444	4956	129	0	31308	3410	7602	3000330	27090	50000	626	200000	721706	10875195	120326480	1987	1826590	1407286	957490
1789809238	25562	96.6	96.0	12138	2989	1310	7071	404	0	73566	3355	8650	3000264	27138	50000	573	200000	722688	10886487	120525809	1986	1828973	1409121	959202
1789809260	25584	96.1	95.7	9314	5551	1919	5383	785	0	100635	3146	7599	3000065	27035	50000	613	200000	723072	10892527	120582373	1986	1831336	1410544	960457
1789809288	25612	98.7	98.6	17110	5757	749	5388	178	0	25890	2602	3611	3000470	27425	50000	124	200000	724208	10906932	120801902	1987	1831559	1410988	961094
1789809318	25643	95.8	95.0	7863	4531	1371	5050	278	0	28193	3235	7625	3000596	27121	50000	624	200000	724948	10916966	120946108	1986	1834043	1412560	962533
1789809348	25672	95.6	95.3	8772	4931	1027	6476	311	0	23085	2663	6787	3000440	27301	50000	384	200000	725789	10928596	121070399	1986	1836177	1414427	963516
1789809382	25706	98.2	97.8	8718	6273	1180	5452	302	0	34546	2684	8962	3000421	27135	50000	501	200000	726807	10942840	121235084	1986	1838572	1416501	964372
1789809415	25739	96.1	95.8	14875	2598	1294	7404	464	0	39401	2859	7151	3000326	26972	50000	589	200000	727782	10957394	121383211	1986	1841170	1418339	965710
1789809442	25766	98.6	97.5	13103	1420	1253	6127	242	0	68653	3020	7005	3000232	26973	50000	581	200000	728527	10966198	121506631	1986	1843193	1420156	966938
1789809465	25789	84.5	84.1	5168	4421	1950	8002	581	0	91335	2534	3585	3000105	26804	50000	803	200000	729037	10975125	121588062	1989	1845417	1421586	967897
1789809497	25821	94.8	94.3	12408	4130	3397	6161	1950	0	9728	2796	9201	2998876	26272	50000	1203	200000	729988	10986460	121755199	1986	1847742	1422439	968682
1789809525	25849	94.7	94.4	8934	2895	3070	7678	1855	0	6881	2687	3906	2999425	26392	50000	910	200000	730923	10996278	121910719	1986	1849980	1424272	969909
1789809555	25879	95.4	95.4	14632	3939	3271	6324	1153	0	4372	2750	6743	3000021	26764	50000	709	200000	731829	11012984	122061650	1986	1852225	1426018	970486
1789809585	25910	97.9	97.4	8236	5439	1038	6781	297	0	21231	2891	6818	3000330	26959	50000	329	200000	732829	11027087	122228598	1986	1853075	1427736	972147
1789809619	25943	94.6	94.3	11727	4757	981	5983	309	0	42195	2743	6647	3000232	26964	50000	333	200000	733880	11039761	122401159	1995	1855444	1429687	973125
1789809660	25984	95.2	94.9	7611	5009	1242	8003	110	0	89583	2793	9480	3000465	27058	50000	526	200000	735087	11053370	122615213	1992	1857741	1431559	974327
1789809674	25998	87.9	87.3	14683	6725	2958	6055	1917	0	11825	2801	3397	2999339	26789	49964	827	200000	735347	11057306	122673554	1985	1859860	1431794	975299
1789809706	26031	98.8	98.7	13245	2193	904	6156	351	0	31690	2767	6370	3000432	27269	50000	301	200000	736475	11072622	122895198	1995	1860417	1433621	975780
1789809741	26065	95.5	94.7	11131	3808	1099	4618	241	0	62590	2976	7085	3000521	27361	50000	543	200000	737499	11085857	123086443	1989	1862659	1435500	976894
1789809772	26096	94.9	94.3	9442	4290	1269	6455	227	0	52001	2666	6779	3000303	27259	50000	586	200000	738345	11098831	123222110	1989	1865079	1437317	978146
1789809801	26125	94.5	94.1	8677	2582	1502	6117	378	0	49289	2762	6879	3000240	27013	50000	661	200000	739138	11110512	123344048	1992	1867577	1439089	979364
1789809833	26157	95.3	95.0	8097	5493	1673	7932	534	0	52634	2812	9762	3000473	27164	50000	600	200000	740008	11125001	123465410	1989	1870078	1440909	980563
1789809867	26191	95.1	94.8	12147	2492	1541	6484	368	0	68672	2927	7144	3000166	27035	50000	535	200000	741015	11139054	123627769	1989	1872708	1442987	981907
1789809886	26210	95.4	94.0	6604	3063	2819	8303	748	0	16627	3037	3939	3000035	26770	50000	1031	200000	741441	11145688	123705725	1989	1874726	1444004	982795
1789809917	26241	98.3	98.0	7529	1378	1280	6296	410	0	24744	2976	7462	3000795	27363	50000	403	200000	742359	11170761	123828871	1988	1877306	1446173	984436
1789809949	26274	98.9	98.7	7968	4585	1056	7946	396	0	41224	2778	6931	3000424	27455	50000	331	200000	743357	11186697	123996519	1988	1879541	1448238	985425
1789809984	26308	97.8	97.5	5738	4848	1814	6682	228	0	45055	2988	9916	3000415	27315	50000	746	200000	744296	11198406	124150060	1988	1881919	1449777	987038
1789810007	26331	97.3	97.0	10190	4184	1467	8446	422	0	42382	3036	4210	3000322	27357	50000	420	200000	745019	11207163	124270371	1988	1884390	1451566	988403
1789810045	26369	98.0	97.8	10530	4582	775	6030	317	0	47393	2996	9615	3000334	27683	50000	232	200000	746241	11220149	124481313	1988	1886522	1453504	989494
1789810074	26399	98.1	97.5	12190	3787	1575	8109	347	0	67265	2908	7125	3000134	27736	50000	506	200000	747061	11228024	124639700	1988	1889134	1455593	990312
1789810098	26423	98.7	98.3	10333	2461	1484	6036	335	0	89686	2785	6430	3000260	27632	50000	834	200000	747656	11236098	124760393	1988	1890990	1457460	991172
1789810127	26451	97.7	97.4	11179	4107	3383	8122	1454	0	26782	2723	6388	2999224	27448	49936	1271	200000	748501	11246291	124921377	1988	1893460	1457810	992191
1789810156	26480	98.3	96.3	10598	4202	2792	6281	1393	0	45645	3309	7497	2999035	26920	50000	1168	200000	749294	11260029	125052574	1988	1895858	1459856	993902
1789810187	26511	98.1	97.7	8414	3383	2153	8375	678	0	40832	3241	7684	3000117	26709	50000	775	200000	750075	11271317	125193795	1988	1898339	1461651	996594
1789810217	26541	98.2	97.9	5401	3230	1392	7904	17	0	100984	2738	6729	3000201	26814	50000	884	200000	750960	11283445	125334271	1988	1900817	1463974	997892
1789810246	26570	99.0	97.6	13323	1968	1805	9781	270	0	93437	2871	6747	3000071	26560	49980	1001	200000	751788	11296028	125482372	1988	1903137	1465585	999241
1789810276	26600	98.5	98.3	11564	5383	2469	6699	599	0	48802	2766	6541	3000042	26517	50000	1190	200000	752647	11306510	125633811	1988	1905347	1467041	1000061
1789810308	26633	98.5	98.2	7606	6172	1806	8349	478	0	89995	2702	7006	3000207	26860	50000	822	200000	753603	11322228	125794172	1988	1907819	1469498	1001017
1789810333	26658	97.0	96.3	9821	6110	3418	6227	1970	0	16500	2723	6270	2999090	26354	50000	1312	200000	754440	11334724	125922271	1988	1910119	1469908	1002171
1789810365	26689	89.5	89.2	7659	4997	3372	7841	1903	0	29450	2724	6692	2999132	26642	49964	1283	200000	755219	11344344	126064286	1988	1912532	1471888	1003286
1789810394	26718	94.4	94.0	6033	3849	3112	6559	1798	0	20785	2832	6891	2998827	26677	49967	1037	200000	756038	11356537	126195361	1987	1914865	1473720	1004693
1789810425	26749	95.2	94.9	11005	4536	3652	8328	2013	0	827	2784	6677	2998961	26911	49939	845	200000	756965	11368686	126368768	1987	1917093	1475249	1006166
1789810457	26781	95.9	95.8	10588	4269	4116	6715	220	0	10038	3002	6929	2998238	26805	49917	1234	200000	758000	11379297	126552526	1987	1918285	1476761	1007030
1789810489	26813	95.9	95.5	11168	3306	3765	9373	1316	0	8568	3132	9974	2999864	26804	50000	1155	200000	758813	11386186	126692789	1987	1921791	1478620	1008258
1789810516	26841	98.6	98.4	9489	3402	1256	5616	307	0	27211	2778	3776	3000466	27270	50000	432	200000	759793	11399352	126870315	1987	1922439	1480722	1008837
1789810545	26870	96.5	96.1	7243	4096	1528	7313	625	0	20361	2820	6810	3000455	27363	50000	448	200000	760559	11409984	126995732	1987	1925122	1482835	1009851
1789810583	26907	96.3	96.1	13244	5465	1178	5814	150	0	71846	2716	9426	3000437	27659	50000	565	200000	761597	11424659	127195547	1987	1927049	1484898	1010607
1789810605	26929	95.7	95.4	5708	4838	2026	7876	232	0	68641	2656	3648	3000056	27472	49978	1198	200000	762132	11433806	127296469	1987	1929306	1486754	1011722
1789810641	26965	95.8	95.5	10405	4087	1758	6214	439	0	84605	2743	9500	3000544	27923	50000	844	200000	763130	11449774	127460487	1987	1931764	1488659	1012732
1789810668	26992	96.2	95.8	9765	3824	2987	8128	770	0	27377	2748	6456	2999749	27856	50000	1136	200000	763918	11459571	127589137	1987	1934079	1489683	1013933
1789810695	27020	96.2	95.7	7647	4236	2869	6631	1432	0	47388	2828	6681	2998654	27671	49996	1006	200000	764784	11469405	127721172	1987	1936550	1491492	1014753
1789810727	27051	96.0	95.5	9964	4082	3004	8460	1825	0	5347	2963	6938	2998170	27404	49971	967	200000	765847	11483937	127910022	1987	1938681	1492609	1016587
1789810755	27079	97.4	97.4	12878	3032	1172	5615	534	0	14518	2979	4109	3000146	27576	50000	314	200000	766758	11494279	128097858	1987	1939511	1494403	1016874
1789810788	27112	95.9	95.6	9350	4359	1260	7257	249	0	36810	3012	7012	3000405	27564	50000	673	200000	767707	11510197	128250427	1987	1941650	1496408	1017801
1789810819	27143	96.9	96.4	9223	5132	1150	5379	293	0	48394	2940	6848	3000527	27625	50000	576	200000	768640	11526322	128409717	1987	1943973	1498338	1018814
1789810849	27173	97.0	96.5	9717	3589	1559	7133	419	0	38158	2677	6569	3000363	27992	50000	773	200000	769461	11537407	128555797	1987	1946392	1500256	1019696
1789810878	27203	97.8	97.3	6648	5832	1204	5495	222	0	36087	2900	6917	3000336	27901	50000	630	200000	770228	11551551	128684965	1987	1948465	1502005	1020851
1789810913	27237	98.4	98.1	11173	3931	1249	7224	328	0	66924	2718	9559	3000342	28083	50000	627	200000	771297	11569258	128836207	1987	1950725	1504007	1021749
1789810944	27268	97.8	97.4	7630	3711	1561	6110	308	0	102995	2793	7123	3000226	27921	50000	636	200000	772145	11578740	128991500	1987	1953147	1505824	1022841
1789810968	27292	98.0	97.5	10555	4135	2211	8241	694	0	93219	2798	6690	3000112	27759	50000	810	200000	772752	11587853	129087691	1987	1955613	1507224	1024227
1789810999	27323	98.8	98.0	12807	9029	3326	6633	1882	0	3349	2869	6870	3000029	27529	49984	977	200000	773768	11603665	129287836	1986	1957753	1508012	1025329
1789811025	27349	98.8	98.8	13709	3585	1113	6804	591	0	14098	2889	3974	3000413	27944	50000	297	200000	774699	11618646	129447253	1986	1958611	1509856	1025782
1789811060	27384	96.2	95.8	7947	5405	3573	5735	593	0	14100	2673	9306	2999670	27646	49947	988	200000	775616	11631020	129593601	1986	1961971	1512006	1026547
1789811090	27414	98.6	98.2	9871	6078	1079	6421	357	0	34748	2801	6808	3000525	28225	50000	401	200000	776655	11644945	129749760	1991	1963148	1514006	1027379
1789811117	27442	98.5	96.3	7078	4990	3416	6831	375	0	13932	3065	7494	2998806	27414	49976	938	200000	777386	11654025	129860397	1991	1966656	1515630	1029119
1789811149	27473	98.5	97.9	9948	3488	1344	7784	657	0	35090	2865	7275	3000307	27706	50000	522	200000	778426	11669412	130015095	1990	1968224	1517671	1030051
1789811181	27505	98.4	97.6	11333	1837	1178	6417	520	0	48500	2912	7330	3000253	27733	50000	363	200000	779407	11679730	130171623	1990	1970802	1519649	1031381
1789811209	27534	98.4	97.7	5656	5046	1447	8363	239	0	74539	3143	10095	3000292	27860	50000	394	200000	780160	11691192	130262850	1990	1973099	1521328	1032836
1789811243	27568	98.0	97.4	12124	1922	1851	6501	102	0	66594	2888	7274	3000141	27476	50000	1085	200000	781221	11702491	130449734	1990	1975685	1523302	1034157
1789811276	27600	91.5	91.3	10459	4561	1177	7882	224	0	117244	2865	7096	3000454	27631	50000	498	200000	782078	11722652	130573947	1990	1977960	1525336	1034852
1789811297	27621	94.5	93.4	9580	3768	3594	5996	1723	0	12113	2952	6545	3000087	26851	50000	1472	200000	782600	11734162	130653077	1990	1980233	1525684	1035680
1789811331	27656	96.4	96.2	8229	1670	1380	7393	278	0	116910	2898	7304	3000212	27188	50000	698	200000	783652	11750481	130797528	1995	1982726	1529392	1036877
1789811356	27681	95.6	94.6	15183	5418	3024	5938	1862	0	3205	2973	6730	3000110	26918	50000	825	200000	784421	11760676	130931807	1990	1984867	1529693	1037600
1789811385	27709	95.5	95.5	15730	2168	3621	7184	456	0	4955	3031	4251	2998501	26753	49943	894	200000	785384	11773026	131102335	1990	1986669	1531505	1038505
1789811421	27745	98.2	97.8	9174	5403	1123	4898	333	0	30838	2902	9878	3000427	27296	50000	415	200000	786434	11789027	131287841	1990	1988131	1533524	1039410
1789811458	27783	95.9	95.6	11683	2807	1109	6936	294	0	71799	3089	7508	3000370	27248	50000	473	200000	787609	11805098	131489837	1990	1990541	1535394	1040854
1789811475	27799	91.9	91.1	11066	2049	2527	5626	312	0	81441	2692	3533	3000096	26724	50000	1227	200000	787794	11809660	131522289	1990	1992679	1536581	1041775
1789811504	27828	96.1	95.7	15211	4119	3327	6946	1430	0	23262	2913	6593	2999423	26824	49991	1004	200000	788622	11821670	131681287	1990	1994667	1537673	1042899
1789811534	27858	95.4	94.2	10017	5664	3070	6128	1819	0	6644	3204	7217	2998828	26570	49984	1119	200000	789599	11836064	131825498	1990	1997080	1538855	1044792
1789811566	27890	95.9	95.8	6308	4472	2906	7821	1162	0	19288	3145	7469	2999604	26521	50000	802	200000	790425	11844450	131971927	1990	1999505	1540885	1045937
1789811594	27919	96.1	95.8	11944	4534	3387	7163	1404	0	1439	2832	6888	2998771	26657	49963	676	200000	791466	11858228	132115492	1990	2001584	1542279	1046628
1789811629	27954	98.2	98.0	13113	4272	1250	7601	233	0	47127	3164	7180	3000691	27231	50000	495	200000	792628	11872816	132320800	1990	2002311	1544099	1047679
1789811662	27986	97.6	96.2	6553	4758	1709	6252	293	0	68540	3505	10125	3000179	27069	50000	676	200000	793483	11882273	132461524	1990	2004570	1545611	1049502
1789811692	28017	97.7	95.1	11978	2710	1392	8227	217	0	43224	3586	7887	3000223	26639	50000	619	200000	794380	11892355	132607634	1990	2007060	1547301	1051077
1789811722	28047	98.1	97.1	7703	2891	1227	6435	162	0	45141	2938	7182	3000233	26432	50000	654	200000	795304	11907333	132748882	1990	2009238	1548970	1052581
1789811753	28077	97.9	97.2	13863	2501	1318	8405	531	0	98863	2966	7501	3000329	26471	50000	469	200000	796191	11921156	132871248	1990	2011895	1551047	1053341
1789811775	28099	98.7	97.9	5389	4168	1885	6500	618	0	83371	3011	6840	3000082	26396	50000	756	200000	796703	11931270	132947443	1990	2014116	1552668	1054465
1789811806	28131	98.1	97.8	13227	2546	2511	8538	1067	0	53397	3197	7360	3000020	26281	49962	801	200000	797726	11943527	133105763	1990	2016572	1553847	1055748
1789811835	28159	98.8	97.7	11203	4397	3100	6831	1843	0	5542	3029	7225	2999182	26048	49996	890	200000	798664	11953431	133282443	1990	2018667	1554628	1057404
1789811865	28189	98.5	98.4	11829	1504	3707	8009	492	0	9205	2959	4002	2998505	25833	49967	1040	200000	799725	11966675	133482309	1990	2020447	1556556	1057861
1789811899	28224	99.1	98.8	11348	4478	988	5320	272	0	41430	2808	6862	3000580	26618	50000	367	200000	800853	11986837	133666410	1990	2021705	1558562	1058765
1789811928	28252	98.1	97.0	8577	3559	1772	7255	177	0	35239	3076	7013	3000227	26370	50000	788	200000	801637	11999390	133797061	1990	2023982	1560018	1060646
1789811962	28286	98.2	97.9	12782	1872	1168	6066	363	0	30425	3068	10119	3000226	26208	50000	448	200000	802595	12012005	133952459	1990	2026432	1561918	1061764
1789811993	28318	98.5	98.3	11774	2673	1168	7779	556	0	32437	2938	7195	3000269	26313	50000	327	200000	803673	12025623	134108950	1990	2028861	1563950	1062702
1789812025	28350	98.4	97.9	11391	4459	1235	5819	377	0	68585	3091	7506	3000250	26362	50000	513	200000	804607	12034983	134282496	1990	2031104	1565691	1064046
1789812052	28376	97.5	96.7	7369	3902	1723	7695	137	0	55996	3108	7394	3000155	25754	50000	833	200000	805268	12042940	134402257	1986	2033423	1567508	1065290
1789812082	28407	98.5	98.1	9403	3612	1263	5951	355	0	47261	2945	7173	3000439	25964	50000	549	200000	806178	12056737	134550153	1986	2035904	1569524	1066122
1789812114	28438	98.4	98.0	6932	4559	1316	7567	207	0	74113	2965	7178	3000276	26105	50000	572	200000	807032	12067813	134701005	1986	2038092	1571526	1066984
1789812143	28467	98.2	97.9	10114	3693	1302	5736	228	0	94034	2900	6772	3000530	26285	50000	623	200000	807800	12081351	134830923	1990	2040384	1573590	1067643
1789812168	28492	89.2	88.8	6636	5167	3350	7638	1260	0	38641	3046	6739	2999848	26053	49947	1317	200000	808403	12090058	134931740	1986	2042686	1574303	1068356
1789812200	28524	95.5	95.1	11509	3041	2246	6380	840	0	96749	3324	7875	3000046	25993	49997	1053	200000	809295	12102829	135072168	1986	2045238	1576695	1070201
1789812227	28552	94.8	94.2	7973	7274	2909	8262	1271	0	40413	3231	7231	3000071	26047	49983	1029	200000	810094	12111781	135211007	1986	2047513	1577602	1071827
1789812258	28582	95.3	94.6	6370	2887	1806	7486	646	0	73976	3083	7511	3000105	26143	50000	666	200000	810951	12118350	135352575	1986	2049690	1579863	1073298
1789812286	28610	94.7	94.0	8462	4824	2914	9359	854	0	48055	3096	7084	3000085	25869	49996	1171	200000	811604	12128404	135483729	1986	2051977	1581011	1074458
1789812320	28645	96.8	96.0	10252	2805	2576	7067	919	0	40271	3251	7558	3000078	25976	50000	1156	200000	812578	12143504	135659287	1986	2054334	1582587	1076017
1789812349	28673	95.3	94.8	4848	2068	1893	9139	545	0	62328	3095	7634	3000109	25762	50000	769	200000	813306	12151558	135773122	1986	2056979	1584525	1078418
1789812375	28700	95.0	94.7	7740	5641	2234	7251	749	0	75662	2944	6908	3000123	25624	50000	816	200000	813934	12162047	135865906	1986	2059348	1586326	1079527
1789812408	28732	95.7	95.4	11345	4352	2263	9113	531	0	48685	3059	7246	2999109	25635	50000	1006	200000	814938	12171789	136045619	1986	2061472	1587751	1081091
1789812434	28759	98.1	97.6	11018	3761	2907	6842	1208	0	53143	2983	6820	2999350	25824	50000	1071	200000	815739	12181884	136162977	1986	2063815	1589072	1081896
1789812466	28790	97.3	96.2	8198	4659	3178	8562	1855	0	18382	3142	6998	2998801	25542	49962	1067	200000	816715	12193676	136350470	1986	2066110	1590512	1083092
1789812494	28819	96.5	96.5	10424	4315	3978	6845	1040	0	3192	2868	4192	2998680	25435	50000	1290	200000	817640	12206105	136528710	1986	2068413	1592084	1083772
1789812527	28851	96.6	95.9	8831	2630	3332	8286	2023	0	2188	2906	10031	2998996	25600	50000	864	200000	818357	12218013	136649326	1986	2070758	1594311	1084898
1789812554	28878	97.8	97.8	8652	4663	3885	6313	395	0	3165	2902	4073	2998510	25525	49897	1078	200000	819357	12230411	136812911	1986	2072241	1595951	1085609
1789812587	28911	99.0	98.6	14673	4107	1124	7235	309	0	23510	3047	7085	3000324	25987	50000	499	200000	820389	12242136	137002554	1986	2073599	1597933	1086517
1789812618	28943	98.6	98.4	11923	3855	1022	5793	501	0	25212	3019	7248	3000271	26169	50000	268	200000	821349	12258517	137146440	1990	2076014	1600000	1087333
1789812649	28973	98.5	98.3	9289	4606	1489	7505	157	0	44920	2872	6911	3000338	26279	50000	835	200000	822281	12271314	137309957	1990	2078040	1601960	1088031
1789812682	29007	98.5	98.2	7152	5451	1464	5837	236	0	64878	3027	10060	3000238	26325	50000	808	200000	823157	12282018	137472359	1990	2080525	1604088	1089132
1789812717	29041	98.9	98.7	12978	4104	1408	7621	355	0	111649	2990	7338	3000176	26317	50000	758	200000	824085	12294013	137654479	1996	2082927	1606009	1090112
1789812734	29058	96.5	95.2	14884	5225	3625	5987	1909	0	20682	2820	3567	2999023	25638	50000	1462	200000	824538	12301718	137733520	1990	2085172	1606469	1090868
1789812772	29097	97.8	97.5	5509	2476	1398	7474	242	0	95933	3183	11182	3000289	26101	50000	713	200000	825562	12319669	137885451	1990	2087481	1609610	1092547
1789812800	29124	99.1	98.8	9506	4059	1661	5958	175	0	99367	3002	6946	3000122	26179	50000	989	200000	826295	12331581	138006094	1990	2089752	1611710	1093318
1789812825	29149	98.9	98.5	10488	2312	2283	7649	771	0	89553	2774	3988	3000138	26591	50000	892	200000	827213	12341948	138142470	1990	2092158	1613238	1094043
1789812855	29179	98.5	98.2	10091	8407	3653	5999	1999	0	6975	3150	6923	2998677	26344	49947	982	200000	828294	12353659	138341660	1990	2094526	1614344	1094866
1789812886	29211	99.1	99.1	13006	4880	969	6006	294	0	24075	2970	6822	3000358	26837	50000	375	200000	829334	12369708	138526158	1990	2095074	1615981	1095485
1789812916	29240	98.6	97.0	9824	1738	1409	5005	459	0	20260	3166	7377	3000212	26398	50000	599	200000	830147	12379463	138668947	1990	2097508	1617881	1096583
1789812948	29272	97.8	97.5	10421	2272	1481	6754	393	0	35167	2975	7539	3000232	26280	50000	435	200000	831097	12392578	138828923	1996	2099965	1619846	1097598
1789812978	29302	98.5	98.2	13519	2025	1392	6011	261	0	46048	3134	7720	3000325	26448	50000	602	200000	831924	12404052	138966019	1990	2102291	1621861	1098710
1789813013	29338	98.9	98.6	9851	4998	1161	7725	147	0	61102	3057	7586	3000286	26667	50000	563	200000	833100	12419520	139165735	1993	2104502	1623719	1099778
1789813046	29370	95.3	94.8	4818	2818	1564	6198	240	0	105098	2966	10023	3000232	26594	50000	757	200000	833914	12430341	139294024	1990	2106910	1625608	1100912
1789813065	29389	86.9	86.5	19336	4669	3370	8191	1130	0	21513	2974	3808	2998440	26006	49996	1076	200000	834300	12436034	139376793	1990	2109232	1625955	1102112
1789813097	29421	96.5	96.2	11617	4152	2730	6067	1475	0	1176	3130	7308	2999134	26231	49967	672	200000	835358	12451774	139563104	1990	2110829	1627384	1103577
1789813127	29451	98.4	98.2	10052	3583	1128	6806	144	0	44522	3194	4478	3000295	26224	50000	426	200000	836351	12464259	139760419	1993	2111802	1629060	1104289
1789813161	29485	96.2	95.9	11016	4673	1285	6080	283	0	48401	2838	9510	3000209	26137	50000	566	200000	837287	12475422	139912973	1990	2114127	1630850	1105640
1789813196	29520	96.9	96.7	13172	5836	1232	7736	162	0	50583	2950	7130	3000685	26434	50000	613	200000	838290	12489299	140096089	1990	2116178	1632593	1106894
1789813225	29550	96.1	94.9	5092	2957	1243	5636	94	0	99637	3167	7591	3000403	26533	50000	694	200000	839176	12498953	140224761	1990	2118572	1634631	1107607
1789813246	29570	94.1	93.7	14482	4535	1871	7400	504	0	92781	2660	3720	3000315	26826	50000	817	200000	839677	12506823	140304123	1990	2120788	1636107	1108532
1789813275	29599	95.0	94.4	9943	6811	3877	6133	2052	0	2871	3000	6607	2999383	26435	50000	1283	200000	840719	12519525	140469233	1990	2123157	1636892	1109113
1789813304	29628	98.5	98.1	11769	2396	3050	7546	1804	0	6794	2932	6960	2999040	26326	50000	923	200000	841527	12530011	140614457	1990	2125365	1638804	1110400
1789813335	29659	97.3	97.2	11303	4956	3570	6411	1191	0	3877	2907	7126	2998780	26219	49962	832	200000	842457	12542209	140762842	1990	2127705	1640443	1110987
1789813366	29690	98.5	98.3	7714	4393	939	6774	374	0	26005	2985	7064	3000311	26747	50000	225	200000	843464	12553860	140929592	1990	2128611	1642367	1112406
1789813402	29726	96.6	96.3	12781	4149	910	6065	153	0	67563	2853	7049	3000271	26759	50000	458	200000	844574	12567249	141135410	1990	2130800	1644379	1113390
1789813439	29763	96.6	96.4	13534	3910	1272	7974	96	0	91621	2952	9618	3000211	26892	50000	680	200000	845707	12580818	141318263	1990	2133092	1646344	1114336
1789813455	29779	94.1	92.5	7072	2086	2040	5758	414	0	80932	2902	3764	3000024	26573	50000	997	200000	845940	12585145	141363764	1990	2135164	1647726	1115146
1789813485	29809	97.0	96.7	10006	6133	1830	7360	384	0	94366	2881	6997	3000107	26575	50000	852	200000	846913	12598405	141495857	1990	2137491	1649869	1115968
1789813514	29839	98.6	98.4	14432	3310	2917	5732	1172	0	11955	2989	6807	3000056	26618	50000	836	200000	847818	12613092	141650019	1990	2139769	1650863	1116753
1789813546	29870	98.6	98.6	15747	6822	1238	6060	430	0	19820	2882	6701	3000454	27072	50000	264	200000	848887	12628673	141858500	2000	2140649	1652479	1117160
1789813581	29906	98.6	98.3	11156	2532	1035	5304	349	0	60694	2993	7368	3000310	27157	50000	386	200000	849946	12643809	142050591	1990	2143035	1654559	1118484
1789813611	29936	98.5	98.3	8270	4921	1070	7274	216	0	131557	2881	7063	3000212	27200	50000	549	200000	850802	12653981	142202930	2000	2145178	1656516	1119514
1789813635	29959	97.6	95.6	13996	8043	3608	6091	2098	0	14103	3156	6954	2999165	26958	49991	1344	200000	851421	12663460	142316030	1990	2147563	1656794	1120201
1789813665	29989	98.7	96.3	8956	2715	3035	7535	1797	0	5321	3502	8030	2999718	27207	50000	1001	200000	852247	12675782	142449599	1990	2149695	1658458	1121669
1789813695	30019	98.5	96.9	11751	4213	3413	5936	1907	0	5714	3324	7552	2999585	26786	50000	1137	200000	853138	12688787	142575214	1990	2152028	1660358	1122468
1789813727	30051	98.4	98.1	7907	3184	2238	7509	593	0	56845	2972	7670	3000024	27071	50000	965	200000	853963	12702679	142700267	1990	2154287	1663322	1123606
1789813757	30082	98.4	98.1	13431	2299	2603	7107	847	0	34473	2928	7078	2999510	27006	50000	813	200000	854858	12715988	142853046	1990	2156733	1664786	1124752
1789813788	30113	98.7	98.3	15515	2530	3207	8761	1851	0	4808	3125	7040	2999581	27127	50000	736	200000	855924	12733195	143034716	1990	2158845	1665993	1125754
1789813817	30141	98.5	98.5	12035	5056	1099	5485	318	0	31767	2949	4229	3000308	27430	50000	385	200000	857002	12744300	143211527	1990	2159644	1667854	1126334
1789813856	30180	98.5	98.3	14900	4552	1416	7686	533	0	62847	3149	10433	3000243	27507	50000	546	200000	858116	12759402	143409012	1991	2162221	1669865	1127457
1789813883	30207	97.8	97.4	10389	2390	1426	5906	325	0	99231	3009	7117	3000171	27388	50000	646	200000	858804	12767978	143521920	1989	2164501	1671728	1128559
1789813909	30233	98.5	98.1	7544	5786	2330	7780	651	0	63486	3003	6858	3000132	27272	50000	829	200000	859494	12780064	143627327	1989	2166749	1673160	1129564
1789813937	30262	98.3	98.0	10090	4593	2963	6602	1906	0	3800	2983	7205	2998906	27138	49933	790	200000	860380	12789486	143780468	1989	2168979	1673766	1130970
1789813967	30291	91.9	91.9	15936	4561	1183	7062	222	0	18852	3163	4211	3000196	27367	50000	169	200000	861375	12801190	143959989	1989	2169681	1675187	1131892
1789813999	30323	95.2	94.5	9298	3025	1190	6270	584	0	41387	3222	7859	3000111	27089	50000	381	200000	862163	12810396	144117691	1989	2172247	1676997	1133560
1789814037	30361	96.0	95.7	9992	3542	1017	7963	258	0	67260	2886	7164	3000499	27187	50000	514	200000	863290	12828916	144315873	1992	2174325	1678846	1134702
1789814055	30379	94.7	93.7	8722	4963	2726	5737	549	0	67403	2881	6420	3000089	26791	50000	1307	200000	863500	12835538	144351302	1989	2176520	1680022	1135545
1789814086	30410	96.2	94.8	9347	2286	1923	7445	515	0	98345	3445	7967	3000081	27056	50000	1029	200000	864302	12850769	144472963	1989	2178884	1682052	1137029
1789814115	30440	95.4	94.9	8969	2587	2457	6320	789	0	63216	3073	7256	3000016	26738	49993	1191	200000	865162	12861899	144604315	1989	2181362	1683664	1138579
1789814144	30468	94.7	94.3	7965	3263	2468	8075	672	0	39299	3149	7588	3000040	26803	50000	1016	200000	865945	12872229	144726953	1989	2183721	1685147	1139994
1789814175	30499	95.5	95.2	7688	5337	1678	6440	357	0	80393	3059	7361	3000403	26960	50000	733	200000	866798	12884967	144862778	1989	2185763	1686981	1141107
1789814211	30535	95.7	95.5	9008	1948	1411	8522	392	0	92129	2828	7156	3000318	26935	50000	594	200000	867987	12901283	145047358	1989	2188562	1689102	1142901
1789814234	30559	94.1	93.6	7075	4031	1970	6184	438	0	70352	2947	6847	3000213	26891	50000	942	200000	868412	12909981	145124953	1989	2190645	1690586	1143742
1789814266	30591	95.0	94.7	12162	4042	2301	8064	629	0	63076	3149	7596	3000051	26878	49996	942	200000	869269	12921919	145279023	1989	2192960	1692192	1144973
1789814295	30619	94.7	94.1	9936	4781	3149	6432	1237	0	30643	3071	7257	2998629	26747	49989	1168	200000	870096	12932069	145412065	1989	2195241	1692929	1146454
1789814332	30656	95.5	95.2	9395	2470	2231	8196	631	0	86100	3386	8040	3000024	26719	50000	933	200000	871143	12941449	145608680	1989	2197637	1695522	1147872
1789814357	30682	95.0	94.3	10106	6227	2993	6554	1888	0	23431	3347	7029	2998465	26680	49972	999	200000	871962	12951540	145740136	1989	2199841	1696035	1149403
1789814387	30712	97.4	97.1	7594	5236	3125	8557	1814	0	6419	3262	7759	2998120	26612	49944	943	200000	872804	12959186	145892965	1989	2202270	1697416	1151258
1789814414	30738	98.9	98.9	14286	1996	998	5603	343	0	7979	2923	3772	3000198	26917	50000	196	200000	873732	12970579	146065148	1989	2202988	1699165	1151783
1789814445	30769	98.4	97.3	12156	3925	809	7348	366	0	3264	3265	7499	3000240	26952	50000	82	200000	874657	12981682	146227791	1989	2205157	1700740	1153196
1789814475	30799	97.8	96.6	10144	1994	4133	6612	285	0	4250	3218	7637	2998318	25404	49983	1252	200000	875419	12990049	146367717	1989	2208128	1702016	1155277
1789814504	30828	97.7	96.8	7413	3983	3019	9542	1824	0	24879	3288	7652	2998252	25155	49961	945	200000	876138	12998114	146481630	1989	2211530	1703643	1157696
1789814535	30859	97.5	97.0	9235	4745	3578	7938	1970	0	2550	2972	7052	2999114	24737	49976	1220	200000	877057	13009568	146648529	1989	2213752	1704936	1159323
1789814564	30888	98.3	98.1	7212	3364	3268	9215	1733	0	14211	3027	6878	2999378	24892	50000	1224	200000	877773	13018211	146771944	1989	2215861	1706929	1160182
1789814599	30924	98.1	97.8	6473	3232	1980	6983	401	0	66950	2816	7192	3000085	25056	50000	894	200000	878671	13031969	146942943	1989	2218257	1709965	1161227
1789814624	30948	98.0	97.6	7866	5672	3148	8708	1601	0	12797	2721	6306	3000010	24829	50000	1003	200000	879369	13042121	147054632	1989	2220534	1710876	1161987
1789814654	30978	97.7	97.4	11524	4219	3668	7048	2033	0	4287	2797	6942	2999192	24757	50000	1244	200000	880369	13054822	147216769	1989	2222892	1712624	1162668
1789814683	31008	97.6	97.1	6039	4288	3316	8570	1753	0	19779	2967	7060	2999617	24761	50000	1069	200000	881100	13065312	147344438	1989	2225235	1714858	1163747
1789814714	31039	98.2	98.0	9899	3992	2911	6301	1434	0	19272	2927	7302	2998373	24886	49891	814	200000	882006	13078298	147496228	1989	2227584	1716430	1165381
1789814745	31070	98.3	98.3	10618	4441	4056	8213	904	0	9711	3069	7146	2998565	24858	49887	1312	200000	883069	13088457	147680828	1989	2229921	1718058	1166080
1789814774	31099	99.2	97.9	9983	2122	3324	6969	1764	0	3957	3219	7602	2998649	24885	50000	1016	200000	883832	13095163	147803784	1989	2232262	1720184	1167670
1789814804	31129	98.5	98.4	10431	4162	3787	8651	2227	0	1237	2961	7231	2998948	25083	50000	1082	200000	884760	13108308	147961810	1989	2234691	1722073	1168333
1789814836	31160	99.0	99.0	9135	5527	3604	6490	689	0	9551	2987	7018	2998373	25345	49896	804	200000	885706	13120214	148135574	1989	2236476	1724175	1168762
1789814874	31198	94.6	94.5	12924	6697	1241	7164	129	0	80447	2885	6838	3000349	25878	50000	466	200000	886861	13132430	148372596	2009	2237371	1726078	1169693
1789814902	31227	94.4	94.0	9955	6110	1517	5228	123	0	96100	2945	6921	3000538	26340	50000	950	200000	887565	13140059	148499995	1989	2239530	1728098	1170521
1789814931	31255	95.3	95.0	7484	4258	1539	6784	151	0	100699	2816	6771	3000089	26246	50000	896	200000	888285	13152407	148619342	1989	2241781	1729834	1171460
1789814954	31278	94.0	93.7	7815	5110	2961	5613	1489	0	19808	2823	3821	2999179	26151	50000	874	200000	889046	13162634	148739311	1989	2244091	1730445	1172153
1789814987	31311	96.2	96.2	11041	5029	3535	7382	1426	0	7902	2894	7062	2999549	26014	50000	848	200000	890128	13180414	148906776	2001	2246422	1732098	1172665
1789815021	31346	98.8	98.4	16526	4567	1205	4822	246	0	63733	3031	7422	3000302	26458	50000	574	200000	891191	13200741	149094119	2011	2246873	1734096	1173428
1789815051	31376	96.3	95.9	5239	2921	1500	6600	196	0	71697	2828	7047	3000256	26249	50000	696	200000	892016	13211455	149229825	1989	2249372	1736000	1174398
1789815074	31399	93.9	93.5	9649	5547	1612	5733	72	0	88513	2851	6920	3000199	26213	50000	805	200000	892428	13222957	149286349	1989	2251444	1737589	1175398
1789815105	31429	94.6	94.3	11697	4520	2164	7928	558	0	95605	3320	7448	2999158	26007	49961	1046	200000	893196	13229575	149432474	1989	2253820	1739312	1177151
1789815135	31459	95.5	95.2	13753	5786	2744	6224	1635	0	31526	2933	7042	2999890	26572	50000	830	200000	894148	13239019	149602717	1989	2255971	1739967	1178118
1789815168	31492	94.8	94.5	10092	2365	2485	8244	554	0	30260	3206	7634	2998969	26442	49986	959	200000	894907	13248589	149725196	1989	2258455	1742330	1179728
1789815196	31520	94.5	94.3	5592	5109	2234	6622	802	0	45664	2876	7229	3000103	26637	50000	709	200000	895659	13258894	149822073	1989	2260888	1744384	1180730
1789815224	31549	93.9	93.5	6662	5535	2875	8711	1280	0	7936	3001	7348	2998977	26439	50000	676	200000	896461	13267550	149947846	1989	2263233	1744949	1182338
1789815255	31579	97.7	97.6	24221	1847	982	6073	392	0	21551	3000	3986	3000281	26680	50000	280	200000	897610	13280429	150173270	2001	2263760	1746683	1182826
1789815289	31613	95.5	95.2	12886	3087	1177	7907	480	0	36901	3028	7549	3000283	26725	50000	420	200000	898569	13291690	150340339	1997	2266161	1748593	1183969
1789815325	31649	97.7	97.0	9804	1722	1513	5622	131	0	76296	3262	10554	3000788	26945	50000	565	200000	899526	13305587	150509256	1997	2268140	1750066	1185567
1789815352	31676	97.6	97.0	10470	1832	1224	7608	184	0	48154	3103	4386	3000108	26402	50000	576	200000	900347	13314658	150657058	1997	2270660	1751841	1186992
1789815389	31713	97.8	97.5	14278	2987	1616	6435	536	0	61835	3024	10575	3000322	26463	50000	575	200000	901392	13328878	150815501	1997	2273261	1753778	1188049
1789815404	31728	98.2	96.0	4502	2370	2565	8292	702	0	36805	3261	4301	3000025	26047	50000	1015	200000	901650	13334446	150849028	1997	2275270	1754833	1189251
1789815435	31759	98.3	98.0	14579	2590	2773	6268	1150	0	37405	3074	7472	2999900	25944	49992	875	200000	902411	13344575	151002724	1997	2277641	1756434	1190082
1789815465	31790	99.0	98.9	9790	6011	3676	8023	1282	0	5429	3020	6876	2999844	26023	49932	1118	200000	903458	13364948	151170519	1997	2279860	1757608	1190794
1789815497	31821	97.9	97.6	15115	4389	3599	6187	496	0	16768	3060	7163	2998933	26002	49968	964	200000	904398	13377101	151334310	1997	2281460	1759513	1191719
1789815531	31855	98.7	98.4	11434	5706	955	6923	285	0	37378	3166	7460	3000292	26467	50000	300	200000	905534	13392024	151518688	1998	2282698	1761554	1192507
1789815562	31886	98.1	97.6	9827	2783	1612	5795	241	0	43793	3163	7532	3000277	26255	50000	983	200000	906414	13405228	151649624	1997	2285002	1763706	1193288
1789815590	31915	98.1	97.6	7100	4578	1357	7213	203	0	63898	3175	7436	3000132	25922	50000	803	200000	907278	13417335	151772621	1998	2287391	1765857	1193970
1789815626	31951	98.6	98.3	11110	4434	1176	5785	374	0	77534	3039	10476	3000180	26131	50000	480	200000	908433	13430861	151930728	2004	2289885	1767998	1194796
1789815645	31969	98.5	96.1	9891	3883	1990	7747	513	0	93358	3488	4464	3000052	25935	50000	912	200000	908808	13437879	152003285	1997	2292059	1769370	1195981
1789815677	32001	98.3	98.0	17357	3391	2907	6446	1337	0	19404	3360	7852	2999300	26022	50000	806	200000	909733	13447633	152187567	1997	2294411	1770743	1196853
1789815705	32030	98.4	98.4	18041	1957	3394	7560	247	0	3475	3262	4263	2998364	26064	49956	877	200000	910862	13461020	152393126	1998	2295852	1771624	1197414
1789815742	32067	95.7	95.2	12113	3601	1126	5403	221	0	41958	3373	7765	3001036	27108	50000	462	200000	911892	13476484	152583321	1998	2296943	1773418	1198519
1789815770	32095	87.9	87.3	9352	2424	1753	7293	376	0	88362	3043	7319	3000212	26935	50000	822	200000	912409	13485219	152665443	1998	2299026	1774873	1199850
1789815805	32130	95.0	94.6	12576	2274	1342	5851	349	0	101869	3301	7943	3000183	26955	50000	608	200000	913362	13497614	152821341	1998	2301280	1776520	1201443
1789815828	32152	92.8	92.4	8411	6479	2870	7575	1768	0	20565	3213	7046	2999635	27025	49999	905	200000	913872	13505889	152911797	1998	2303351	1776913	1202381
1789815855	32179	94.2	94.1	11171	5369	3580	6353	1248	0	9949	3304	4506	2998813	26931	49945	723	200000	914776	13519629	153060795	1998	2305461	1778049	1203930
1789815891	32215	98.0	97.9	18320	2608	880	6811	341	0	41358	3191	7642	3000242	27331	50000	303	200000	915871	13531756	153280025	2002	2306348	1779920	1205080
1789815922	32246	95.1	94.7	6794	3033	1203	6191	173	0	106665	2834	7019	3000373	27358	50000	680	200000	916742	13541977	153413700	2002	2308486	1781881	1206087
1789815947	32272	94.6	94.3	18178	2925	3057	8076	787	0	27256	3064	7042	3000020	27097	49989	950	200000	917299	13550920	153514701	2002	2310806	1783050	1206787
1789815978	32302	95.9	95.5	12578	6432	3195	6324	1772	0	3836	3107	7388	2999586	27011	49988	986	200000	918313	13563256	153682169	2002	2313064	1783936	1208195
1789816009	32334	95.5	95.4	13346	2096	3837	7395	440	0	5195	3165	7261	2998705	26716	49965	1136	200000	919268	13575242	153832663	2002	2314752	1785758	1208847
1789816042	32366	97.9	97.5	13887	5208	1281	5945	470	0	29494	3049	7544	3000242	27064	50000	484	200000	920328	13591478	153983153	2002	2316435	1787662	1209894
1789816073	32398	95.5	95.2	14713	3345	1486	7904	642	0	54985	3388	7907	3000210	26952	50000	575	200000	921186	13602183	154127924	2002	2318749	1789426	1211125
1789816106	32430	95.5	94.4	7175	2728	1335	6235	205	0	70566	3348	7944	3000345	27061	50000	455	200000	922124	13616543	154275335	2002	2320950	1791111	1212593
1789816124	32448	92.4	91.9	11223	2581	2943	8161	1728	0	7519	2959	3745	3000519	27236	50000	876	200000	922471	13622697	154360480	2002	2323006	1791373	1213488
1789816157	32481	98.4	98.3	13086	11910	1287	5184	411	0	21992	3074	7240	3000496	27574	50000	374	200000	923552	13636615	154564528	2002	2323849	1793209	1213993
1789816187	32511	95.5	94.4	6352	2649	3283	8129	1712	0	668	3258	7927	2999607	27067	50000	938	200000	924158	13647243	154676167	2002	2327416	1794715	1216059
1789816216	32540	97.7	97.3	9498	1625	2817	7219	1744	0	11902	3347	7445	2999439	27159	50000	767	200000	924925	13658229	154801441	2002	2329885	1796547	1217531
1789816245	32570	98.1	98.0	8188	2186	3677	9235	1072	0	10683	3066	7251	2998751	27024	49974	1093	200000	925901	13671242	154939414	2002	2332449	1798424	1218364
1789816275	32599	98.4	98.2	10439	4539	1131	5844	685	0	14885	3014	7010	3000403	27539	50000	244	200000	926834	13683999	155095024	2002	2333281	1800389	1219266
1789816307	32631	98.5	98.1	13114	2691	1319	7806	432	0	35016	3122	7740	3000262	27568	50000	427	200000	927780	13696180	155265699	2002	2335727	1802197	1220711
1789816337	32661	98.3	86.4	10303	2402	1356	6232	565	0	16526	3333	7922	3000129	27366	50000	460	200000	928669	13707470	155401453	2002	2338303	1804017	1222154
1789816366	32690	97.0	96.5	6031	3505	3518	9299	1362	0	4520	3228	7515	2998818	26843	49955	699	200000	929412	13717272	155530930	2002	2342094	1805602	1223481
1789816396	32721	98.8	98.5	10363	4244	1105	6140	344	0	7838	3285	7407	3000362	27122	50000	303	200000	930230	13728718	155674477	2002	2342804	1807175	1225037
1789816428	32752	98.1	97.8	10247	4564	893	7926	317	0	23861	3460	7783	3000282	26995	50000	100	200000	931179	13738818	155827214	2002	2344946	1808661	1226622
1789816457	32782	97.4	97.1	5708	4574	3596	7222	476	0	2233	3315	8008	2998244	26481	49909	644	200000	931973	13747298	155957492	2002	2348386	1810176	1228240
1789816494	32818	98.6	98.3	11476	7073	1072	8299	280	0	52399	3246	8237	3000193	26608	50000	533	200000	933124	13758661	156166470	2002	2349801	1811940	1229868
1789816523	32848	97.9	96.7	7770	4967	1953	6779	871	0	44474	4001	9502	3000493	26836	50000	762	200000	933804	13765484	156280882	2002	2352624	1813452	1231628
1789816551	32875	97.9	97.5	5812	4668	1524	8227	366	0	38421	3492	8643	3000241	26637	50000	526	200000	934462	13776071	156380990	1998	2354501	1814841	1233333
1789816583	32908	97.4	96.6	11466	4351	1643	6412	552	0	40450	3305	8298	3000117	25954	50000	943	200000	935296	13786393	156551124	1998	2356885	1815987	1235351
1789816611	32936	98.0	97.4	6990	3671	1879	8618	778	0	17038	3670	8830	3000146	25453	50000	552	200000	935919	13795705	156654544	1998	2359391	1817120	1237741
1789816637	32962	97.9	97.5	8204	2519	2002	7309	1120	0	21809	3591	9222	3000048	25311	50000	503	200000	936478	13800289	156740231	1998	2362133	1818520	1240163
1789816670	32995	90.5	89.9	9187	4917	3108	9667	1547	0	13829	3555	8627	3000055	24738	50000	888	200000	937340	13808310	156894929	1998	2364746	1819352	1242339
1789816699	33023	95.1	94.8	10670	2125	3042	7497	903	0	7706	3460	8396	2999477	24636	50000	864	200000	937964	13815096	156991620	1998	2367092	1821378	1243539
1789816728	33052	95.2	95.2	9640	4428	4323	8601	126	0	7542	3000	4149	2997806	24320	49873	1360	200000	938907	13825823	157188154	1998	2368462	1822473	1244843
1789816762	33086	99.0	98.6	11356	6590	1516	5686	629	0	32455	2749	9376	3000112	24747	50000	512	200000	939846	13835052	157343845	1998	2370596	1824762	1245577
1789816790	33114	97.0	96.6	6930	4237	1213	7056	280	0	32931	2786	6711	3000476	24845	50000	501	200000	940593	13849226	157478307	1998	2372596	1826565	1246595
1789816823	33147	96.1	95.8	11939	3936	1218	5737	401	0	44009	2837	7095	3000320	24792	50000	435	200000	941671	13863519	157642655	1998	2374968	1828496	1247706
1789816858	33182	95.5	94.8	15704	3761	1066	7636	218	0	90831	3062	7406	3000305	25035	50000	413	200000	942763	13876080	157822261	1998	2377285	1830394	1248895
1789816874	33198	91.8	91.6	5816	1573	1803	6339	137	0	57926	2873	3838	3000042	24874	50000	1289	200000	942973	13880277	157859405	1998	2379526	1832483	1249646
1789816919	33243	96.6	96.5	9567	4996	1440	7719	72	0	82648	3025	10625	3000252	24936	50000	880	200000	944355	13895011	158117384	2000	2382024	1834613	1250317
1789816934	33259	91.7	90.8	9086	2670	3242	5764	1201	0	31077	3062	3947	2998463	24572	49928	1258	200000	944635	13899389	158164139	1998	2384315	1835343	1251346
1789816964	33289	95.7	95.4	12187	4377	3097	7304	1943	0	19920	3012	7111	2999954	24496	50000	858	200000	945494	13909817	158319324	1998	2386690	1836915	1252181
1789817002	33326	95.8	95.8	11058	6820	4250	5446	331	0	16897	3001	7181	2998394	24463	49898	1329	200000	946686	13927682	158545889	2006	2387871	1838574	1253043
1789817029	33354	99.0	98.5	7773	4885	1467	6706	262	0	38381	3095	7268	3000175	25097	50000	649	200000	947404	13935570	158655891	1998	2389662	1840566	1254078
1789817065	33390	94.5	94.4	14098	4530	1025	5382	158	0	44695	3109	7284	3000283	25279	50000	539	200000	948559	13950322	158847561	1998	2391594	1842533	1254971
1789817097	33421	97.0	96.3	14874	3441	1288	7253	84	0	100482	3282	7852	3000217	25369	50000	780	200000	949385	13957801	159012760	1998	2393976	1844717	1255697
1789817115	33440	97.6	97.2	7816	2459	2201	5530	660	0	97077	2885	4019	2999614	25353	50000	909	200000	949832	13963300	159090298	1998	2396235	1846137	1256462
1789817146	33471	97.5	97.5	12981	8837	3547	7145	1314	0	5083	3315	7768	2999245	25224	49996	993	200000	950822	13975804	159273509	1998	2398482	1846797	1256953
1789817178	33502	99.1	98.7	9102	7340	1095	4376	358	0	28393	3112	7687	3000236	25515	50000	319	200000	951863	13987339	159442984	1998	2399096	1848776	1257734
1789817212	33536	98.3	98.1	15338	4185	1216	6180	308	0	68396	3119	7665	3000259	25665	50000	526	200000	952909	14001445	159635120	2003	2401253	1850653	1258624
1789817244	33568	98.7	98.3	10923	3534	1316	5917	242	0	90569	2978	7330	3000262	25706	50000	633	200000	953884	14016004	159799071	1998	2403697	1852741	1259717
1789817269	33594	98.8	98.4	5943	4487	1223	7578	179	0	108335	2962	7166	3000234	25715	50000	658	200000	954656	14026924	159888085	2002	2405851	1854839	1260459
1789817297	33622	98.2	97.9	14812	3284	2893	6355	778	0	22768	3100	7217	3000049	25741	49995	902	200000	955422	14040776	160023376	1998	2408309	1855985	1261317
1789817328	33652	98.2	97.9	15785	3723	2626	8097	1867	0	23478	3166	7486	2999428	25720	49966	609	200000	956451	14053223	160197357	2001	2410629	1857301	1262372
1789817361	33685	98.6	98.4	13853	3308	1232	4985	202	0	38958	3050	4262	3000840	26295	50000	516	200000	957686	14069649	160430679	2005	2411326	1859086	1262814
1789817396	33720	98.6	98.3	14787	5062	1338	6943	347	0	79934	3138	10324	3000294	26215	50000	649	200000	958623	14082673	160607430	2008	2413692	1860969	1264101
1789817415	33739	98.7	96.5	4574	2964	1923	5347	329	0	71648	3174	4125	3000111	25856	50000	1158	200000	959027	14091710	160669790	2002	2415675	1862368	1265237
1789817449	33773	98.4	98.1	9048	3628	1607	7206	435	0	121507	3382	7907	3000345	25980	50000	794	200000	960065	14106183	160845889	2019	2418152	1864449	1266523
1789817475	33800	98.8	98.5	12934	3104	2102	6177	756	0	73658	3036	7040	2999777	26188	50000	814	200000	960812	14115897	160977710	2006	2420274	1865545	1267867
1789817504	33829	98.4	98.2	11791	6914	2597	7759	1685	0	14388	3107	7046	2998881	26268	50000	585	200000	961819	14127441	161152720	2006	2422259	1866418	1269033
1789817537	33861	99.0	98.9	14252	6003	1065	4810	257	0	22721	3085	7030	3000362	26432	50000	337	200000	962985	14140283	161362256	2006	2422932	1868097	1269491
1789817573	33897	90.9	90.6	15528	2510	1204	6785	453	0	50591	3205	7839	3000229	26367	50000	423	200000	963919	14150781	161538279	2006	2425460	1869967	1270890
1789817604	33929	94.7	94.4	11692	3269	1543	5476	300	0	89626	3004	7575	3000252	26546	50000	559	200000	964781	14161780	161666961	2006	2427799	1871789	1272247
1789817625	33949	94.0	93.6	6828	2609	2884	7333	1161	0	16682	2711	3633	3000048	26078	49954	979	200000	965228	14167852	161748899	2006	2429890	1872330	1273044
1789817655	33980	96.2	95.8	15183	2296	3151	6505	1843	0	21200	3099	7363	2999046	25695	50000	1089	200000	966120	14179449	161904237	2007	2432353	1874058	1274201
1789817685	34009	96.8	96.8	12233	4294	3783	8152	1141	0	4421	3304	7886	2999298	26033	49964	1052	200000	966938	14192388	162036884	2006	2434618	1875512	1275009
1789817716	34041	95.7	95.1	9784	4542	3086	6986	1540	0	7534	3470	7822	2999048	26229	50000	529	200000	967842	14204447	162175831	2006	2436687	1877287	1276221
1789817750	34074	98.1	97.9	11676	5140	1124	7412	153	0	71146	2962	7268	3000480	26702	50000	483	200000	968947	14221660	162352712	2014	2437307	1879147	1277139
1789817788	34112	96.5	96.1	16276	3919	1380	5824	505	0	63494	2975	7896	3000230	26622	50000	576	200000	970034	14234588	162569919	2006	2439940	1881047	1278515
1789817807	34131	93.3	92.6	7305	5410	2257	7574	785	0	69192	2882	6445	3000097	26511	49992	808	200000	970312	14241659	162608453	2006	2441879	1882255	1279323
1789817836	34161	95.7	94.4	10535	4509	3120	6418	1961	0	2946	3185	7273	2998321	25992	50000	1088	200000	971185	14252769	162776444	2006	2444036	1882766	1281052
1789817864	34189	95.2	95.1	15471	2529	3442	7916	1563	0	9135	3091	4190	2999883	26679	50000	865	200000	972007	14263219	162931606	2006	2446348	1884584	1281430
1789817898	34223	98.2	98.0	16037	4686	1212	5233	292	0	28833	3090	7383	3000704	27291	50000	389	200000	973172	14282586	163106879	2016	2447038	1886583	1282205
1789817930	34255	95.6	95.0	11940	4417	1516	7348	470	0	54035	3314	7858	3000176	26905	50000	688	200000	974071	14293515	163259145	2007	2449357	1888327	1283613
1789817966	34290	96.5	96.2	7734	5169	1687	6328	361	0	63123	3052	10494	3000239	26772	50000	705	200000	975015	14304799	163415679	2006	2451780	1889960	1285170
1789817985	34309	97.3	96.7	9785	3019	2489	8395	650	0	58315	3233	4480	3000013	26395	50000	957	200000	975417	14309402	163497414	2005	2454035	1891187	1286675
1789818015	34340	98.5	98.3	16541	5367	2587	6613	1751	0	16721	3104	7478	2999461	26449	50000	560	200000	976373	14318845	163689606	2002	2456070	1892061	1287675
1789818049	34373	98.8	98.7	12595	4272	954	6962	211	0	22050	3144	7228	3000439	26791	50000	343	200000	977607	14332367	163892450	2005	2456728	1893788	1288313
1789818083	34408	98.1	97.6	15901	1845	1317	5117	346	0	62869	2926	7211	3000377	26626	50000	551	200000	978673	14346067	164080241	2005	2459164	1895646	1289560
1789818115	34440	98.2	97.6	14741	2888	2003	7228	528	0	87468	3005	7551	3000200	26185	50000	965	200000	979675	14360269	164229507	2002	2461677	1897607	1290549
1789818142	34466	98.1	97.6	10855	2905	1480	6124	445	0	105645	2960	7109	3000139	26042	50000	706	200000	980407	14370358	164344220	2002	2463773	1899237	1291932
1789818164	34489	97.2	96.7	5116	4012	2078	8071	654	0	76018	2835	6513	2999971	25796	50000	932	200000	980944	14378779	164424820	2002	2465950	1900662	1293304
1789818195	34519	98.6	98.1	11670	2218	3122	6601	1343	0	23180	2823	6961	2999086	25379	49996	905	200000	981992	14390249	164605745	2002	2468277	1901652	1294736
1789818226	34551	98.9	98.8	12071	3619	2392	8046	1416	0	6205	2856	6661	3000057	25931	50000	606	200000	983030	14402564	164812507	2002	2469952	1902646	1296186
1789818254	34579	98.0	97.7	7643	3853	1278	5470	297	0	15702	3050	4075	3000147	25710	50000	402	200000	983915	14412704	164983090	2002	2470891	1904123	1297349
1789818290	34614	97.5	96.6	11281	5868	1104	7295	258	0	12504	3107	9557	3000842	26004	50000	416	200000	984884	14425808	165165720	2002	2473044	1905630	1298630
1789818319	34643	97.9	97.4	13911	1378	1671	5807	459	0	35907	2941	7217	3000189	25636	50000	734	200000	985718	14436336	165298803	2002	2475341	1907017	1300360
1789818349	34673	98.6	98.3	8890	3797	1106	7668	246	0	32619	2914	7056	3000154	25445	50000	519	200000	986615	14447008	165461036	2002	2477612	1908768	1301963
1789818381	34705	98.7	98.5	13373	3540	884	6049	381	0	29419	2824	6932	3000264	25643	50000	276	200000	987648	14461158	165639569	2002	2479907	1910721	1303144
1789818417	34741	98.5	98.3	12523	4961	1274	7912	162	0	104770	2814	9534	3000297	25567	50000	524	200000	988772	14471828	165839258	2002	2482128	1912795	1303800
1789818435	34759	98.9	98.1	12127	2228	2358	5841	510	0	44818	2964	3858	3000036	25625	50000	1103	200000	989126	14479351	165912917	2002	2484315	1914242	1304724
1789818464	34788	91.3	90.4	12424	4239	2727	7480	1150	0	21791	3074	7273	2999013	25375	50000	883	200000	989940	14488592	166052279	2010	2486676	1915234	1305923
1789818495	34819	95.4	95.1	8731	5065	2744	6195	1608	0	27002	3039	7026	2999360	25307	50000	896	200000	990863	14500965	166210967	2010	2489116	1916953	1307185
1789818525	34850	95.4	95.4	6758	3492	3819	8292	965	0	16189	2802	6783	2998687	24906	49998	1227	200000	991844	14513418	166354664	2010	2491863	1918873	1307952
1789818554	34879	95.5	94.9	5566	3688	2684	7882	1792	0	28156	2881	7173	2998546	24980	49973	765	200000	992629	14525028	166485739	2010	2494069	1920558	1310012
1789818586	34910	96.1	96.0	12811	4704	3565	9129	302	0	3219	2910	6950	2998475	24884	49964	890	200000	993714	14534795	166680656	2010	2495646	1921980	1310742
1789818614	34939	97.7	97.4	8314	4447	1011	6201	285	0	9554	2974	6841	3000121	24825	50000	322	200000	994556	14542592	166828936	2010	2496982	1923599	1312502
1789818649	34973	95.6	95.3	14467	2580	1138	8189	524	0	31164	2932	7394	3000328	24911	50000	426	200000	995491	14557779	167005938	2010	2499627	1925371	1313935
1789818680	35004	95.7	95.0	9066	3034	1682	6437	513	0	26445	2989	7060	3000733	24910	50000	652	200000	996302	14569840	167147386	2010	2502125	1926987	1315424
1789818707	35031	95.3	94.7	7696	4974	1563	8332	593	0	37423	2976	7389	3000151	24698	50000	543	200000	996962	14577952	167260820	2010	2504503	1928709	1316881
1789818739	35064	95.4	95.3	8231	2517	1236	6599	476	0	49881	3001	7340	3000147	24797	50000	336	200000	998006	14587976	167422153	2010	2506963	1930563	1318683
1789818772	35096	95.1	94.8	6943	5041	1357	8577	148	0	105139	3048	7467	3000164	24647	50000	559	200000	998956	14594953	167594941	2010	2509147	1932311	1319712
1789818798	35122	93.6	93.2	14065	4906	2237	6237	806	0	76492	2982	6729	3000025	24548	50000	702	200000	999496	14603785	167708417	2010	2511414	1933575	1320877
1789818829	35153	96.9	96.7	16691	3408	3480	8200	2232	0	780	2945	7069	2998945	24426	49955	743	200000	1000629	14618576	167902590	2011	2513745	1934292	1322035
1789818859	35183	99.2	99.0	15140	2012	974	4920	172	0	45374	2998	4155	3000702	25242	50000	352	200000	1001641	14635035	168071124	2011	2514330	1936005	1322850
1789818895	35220	97.3	97.0	13448	4900	989	6962	152	0	78048	2904	10096	3000262	25134	50000	456	200000	1002784	14647268	168252031	2011	2516732	1938023	1323999
1789818929	35254	98.2	97.9	11467	1837	1174	6583	155	0	112475	2984	7288	3000169	24883	50000	613	200000	1003974	14659476	168432819	2012	2519122	1940013	1325182
1789818948	35273	97.9	97.4	6735	4855	2148	8550	743	0	82942	2902	6326	3000076	24929	50000	615	200000	1004286	14665965	168481593	2012	2521444	1941491	1325919
1789818976	35300	98.5	98.5	15882	6698	690	4666	261	0	20780	2793	3614	3000375	25211	50000	124	200000	1005523	14679979	168704598	2017	2521800	1942190	1326440
1789819018	35342	98.7	98.6	13793	4993	687	6958	77	0	118867	2952	10112	3000296	25236	50000	265	200000	1006840	14695101	168944753	2039	2524236	1944342	1327594
1789819035	35359	98.2	97.7	12622	1717	3154	5169	1381	0	5734	2585	3216	3000028	25530	50000	905	200000	1007248	14702604	169024771	2016	2526469	1944585	1328336
1789819066	35390	98.0	98.0	19006	4632	3845	6097	446	0	11072	2839	6731	2998946	25358	49976	1177	200000	1008330	14717450	169214713	2023	2527964	1946402	1328796
1789819097	35422	98.2	97.4	9641	2561	3375	5762	205	0	14740	3128	7569	2998869	25597	49936	810	200000	1009317	14735405	169365667	2015	2530514	1948070	1330320
1789819135	35460	98.7	98.4	14581	4440	1446	6905	233	0	55240	2950	10001	3000283	25942	50000	452	200000	1010539	14750548	169561920	2029	2532124	1950133	1331347
1789819162	35486	98.7	98.3	5817	4304	1367	6534	261	0	67508	3030	7344	3000237	26120	50000	595	200000	1011286	14760082	169681469	2019	2534301	1951981	1332783
1789819185	35509	98.1	97.7	9485	4521	1776	8378	492	0	90109	2648	3808	3000079	25996	50000	802	200000	1011903	14767755	169813576	2019	2536487	1953713	1333724
1789819218	35542	98.7	98.5	10475	5368	2671	6610	686	0	24367	2933	9313	2999433	25965	50000	1064	200000	1012904	14776289	169998565	2019	2538691	1954906	1335015
1789819244	35568	98.8	97.9	13224	1277	3303	8502	1407	0	34649	3027	7123	2998442	25247	49991	1321	200000	1013618	14783015	170126603	2019	2541272	1956233	1336132
1789819276	35600	98.3	98.0	5539	3528	2108	6701	726	0	67750	3135	7448	3000003	25212	49995	842	200000	1014550	14794618	170288331	2015	2543608	1958341	1338493
1789819306	35631	98.6	98.3	7402	3008	2706	8606	775	0	48550	2683	6780	3000066	25227	50000	1074	200000	1015585	14804558	170461787	2015	2545947	1959822	1339649
1789819337	35662	98.7	98.4	8020	4307	2587	7641	595	0	78407	2832	6870	2999782	25219	50000	1264	200000	1016503	14811906	170626508	2015	2548350	1962161	1340515
1789819364	35688	90.1	89.9	13003	6144	3018	9032	1607	0	17273	2876	6765	2999650	25283	50000	959	200000	1017240	14823291	170737736	2015	2550630	1963425	1341304
1789819395	35719	95.6	95.6	9882	5458	3735	6901	1242	0	2163	2824	6582	2998610	25089	50000	1019	200000	1018223	14833988	170926925	2015	2553035	1965093	1341727
1789819427	35752	98.8	98.5	10044	4265	912	6906	373	0	17305	2840	6690	3000200	25598	50000	55	200000	1019198	14845758	171119514	2016	2553445	1966779	1342899
1789819460	35785	96.9	96.7	8424	3917	1256	5722	460	0	33801	2942	7282	3000366	25426	50000	446	200000	1020019	14856561	171280114	2015	2555834	1968580	1343997
1789819485	35810	95.6	94.9	6939	4598	1797	7521	158	0	50403	3286	7777	3000063	25272	50000	841	200000	1020624	14861185	171332316	2015	2558001	1970319	1344954
1789819523	35847	96.0	95.7	12396	2549	1293	5797	44	0	84562	3214	8216	3000171	25168	50000	764	200000	1021775	14873659	171528070	2015	2560199	1972118	1346454
1789819547	35871	96.1	95.5	7964	5016	1903	7436	202	0	76483	3182	7614	3000125	24815	50000	1125	200000	1022309	14883231	171606869	2015	2562328	1973764	1347485
1789819578	35902	94.9	94.6	9490	5074	1893	5779	624	0	116453	3233	7806	3000148	25119	50000	838	200000	1023100	14893916	171734358	2015	2564904	1975737	1348424
1789819608	35932	95.9	95.7	16571	5949	3311	7326	1807	0	1399	3358	7623	2999147	25343	50000	940	200000	1024086	14906329	171923847	2015	2566844	1976079	1349471
1789819635	35959	98.4	98.3	13537	4007	1192	4649	356	0	23766	3390	4947	3000368	25673	50000	393	200000	1024941	14913819	172082105	2015	2567567	1977724	1350087
1789819675	35999	95.8	95.5	16641	6783	1153	6493	110	0	80435	3523	11298	3000150	25511	50000	487	200000	1026063	14925355	172271263	2024	2569630	1979598	1351163
1789819696	36020	93.6	93.2	6533	5891	2818	5806	699	0	13924	3043	4417	3000007	25331	50000	918	200000	1026472	14932311	172358149	2017	2571820	1980628	1352260
1789819726	36050	95.2	95.2	17911	2914	3611	7589	1389	0	1925	3074	7057	2998644	25321	49979	867	200000	1027487	14941940	172535841	2017	2574227	1981752	1352697
1789819759	36083	98.6	98.4	14541	4270	806	4545	316	0	34448	3134	7888	3000217	25688	50000	54	200000	1028639	14954567	172716938	2017	2574615	1983504	1353788
1789819800	36124	95.6	95.4	20206	3052	982	6768	346	0	72130	3180	11698	3000167	25514	50000	371	200000	1029726	14963985	172908999	2018	2577229	1985603	1355014
1789819817	36141	98.4	97.9	4594	2892	2510	5976	839	0	57563	3162	4370	3000059	25413	50000	841	200000	1030030	14969145	172965725	2017	2579259	1986556	1355749
1789819848	36172	98.1	97.6	12837	6847	3510	7860	2012	0	2208	3307	7672	2998695	25090	49932	1106	200000	1031041	14979482	173156511	2017	2581344	1987259	1357312
1789819881	36205	98.4	98.4	11988	4222	3514	5489	611	0	18191	3285	7545	2998931	25010	49881	1086	200000	1031923	14989490	173337219	2017	2583007	1989041	1357837
1789819907	36232	98.9	98.6	8658	6485	1072	6132	368	0	28837	3373	5193	3000239	25279	50000	386	200000	1032888	15001507	173455844	2017	2584201	1990948	1358771
1789819944	36268	98.6	98.1	8584	6233	1120	5504	142	0	52500	3223	11397	3000829	25439	50000	554	200000	1033796	15013903	173614675	2017	2586290	1992522	1360018
1789819977	36301	98.1	97.7	15820	2387	1757	7710	561	0	79676	3318	8823	3000201	25272	50000	650	200000	1034696	15023918	173761182	2017	2588931	1994273	1361350
1789819995	36320	97.5	97.0	5008	2899	2031	6135	745	0	71646	3203	4971	3000042	25169	50000	767	200000	1035066	15028934	173826316	2017	2590876	1995438	1362819
1789820024	36349	98.4	97.9	10682	6935	3319	7998	2045	0	12171	3420	8474	2998867	24785	49990	1118	200000	1035872	15038323	173979625	2017	2593136	1996061	1363879
1789820058	36382	98.5	98.5	8662	5072	3646	6416	1323	0	7055	3332	7970	2999025	24636	50000	1033	200000	1036803	15050633	174154497	2017	2595394	1997869	1364493
1789820092	36416	98.9	98.6	13993	1346	1017	6422	198	0	61711	3206	8219	3000318	25057	50000	462	200000	1037891	15069041	174315020	2020	2595785	1999740	1365340
1789820130	36455	98.1	97.9	19259	3912	1328	4615	244	0	96192	3341	8992	3000195	25081	50000	576	200000	1038890	15082862	174492513	2022	2598171	2001733	1366394
1789820144	36468	98.1	97.5	7145	2924	2985	6353	1876	0	22357	2951	4166	2998886	24821	50000	831	200000	1039122	15086469	174540242	2017	2600317	2002116	1367021
1789820175	36499	98.9	98.9	12918	5572	3789	5410	187	0	8427	3362	8536	2998283	24671	49861	879	200000	1040217	15099352	174711548	2017	2601747	2003509	1367905
1789820209	36534	98.9	98.1	14089	2035	1113	6462	342	0	43484	3726	9327	3000319	25132	50000	394	200000	1041203	15108878	174882470	2017	2603284	2005369	1369304
1789820248	36572	98.1	97.8	6954	5272	1396	6097	209	0	98134	3170	8698	3000354	25121	50000	588	200000	1042296	15122249	175087700	2017	2605549	2007344	1370267
1789820267	36591	85.8	85.2	13857	8193	2941	7809	1059	0	9110	3449	7200	2999392	24960	49997	900	200000	1042505	15125163	175141301	2017	2607525	2007794	1371160
1789820299	36623	96.1	95.5	14248	4204	3592	6257	1969	0	6087	3489	8864	2998811	24792	49969	897	200000	1043382	15134357	175305616	2017	2609865	2009228	1372472
1789820326	36650	98.1	98.1	15402	3139	906	6423	260	0	23501	3559	5002	3000251	25182	50000	336	200000	1044273	15148619	175445633	2017	2610444	2010790	1373314
1789820366	36690	96.3	96.1	19913	2388	895	5912	211	0	69180	3498	8917	3000481	25560	50000	432	200000	1045466	15161137	175654111	2018	2612700	2012719	1374477
1789820389	36713	94.5	93.6	6922	3075	1925	7830	368	0	96267	3200	7231	3000106	25264	50000	895	200000	1045901	15167124	175721012	2017	2614912	2014308	1375362
1789820415	36739	94.9	94.5	9317	4213	2006	6166	769	0	73921	3115	7601	2999925	25177	49980	771	200000	1046466	15173976	175828625	2017	2617194	2015503	1377074
1789820447	36771	95.7	95.4	13961	5382	3031	7838	1859	0	10295	3274	8267	2999666	25051	50000	929	200000	1047485	15185144	175998046	2017	2619334	2016345	1377950
1789820477	36802	95.8	95.7	17663	2403	3621	5711	454	0	14993	3451	5223	2998379	25021	49922	875	200000	1048375	15196035	176166615	2017	2621089	2018025	1378596
1789820519	36844	99.0	98.8	10266	5713	948	6444	146	0	67577	3290	11713	3000208	25513	50000	421	200000	1049587	15209707	176376973	2018	2622125	2020032	1379557
1789820535	36860	90.2	89.6	11754	3956	2557	4723	733	0	75153	3259	4571	2999530	25390	49987	872	200000	1049710	15212541	176406771	2017	2624386	2021357	1380317
1789820570	36894	96.6	96.5	14986	11157	3533	6257	1122	0	8285	3345	8154	2999423	25616	49999	922	200000	1050841	15226833	176603298	2017	2626413	2021956	1380794
1789820597	36921	98.6	98.2	11293	5401	1032	4512	283	0	34021	3487	5311	3000197	25879	50000	335	200000	1051683	15237809	176742111	2017	2627124	2023684	1382031
1789820639	36963	95.9	95.8	9353	6634	1255	6516	152	0	68816	3366	11780	3000244	25955	50000	480	200000	1052887	15251056	176937058	2017	2629387	2025526	1383512
1789820655	36980	92.1	90.4	12282	3959	2589	5520	864	0	47217	3427	4525	2999561	25690	49973	863	200000	1053199	15254202	176985331	2017	2631517	2026366	1384348
1789820688	37013	98.0	97.6	12327	5040	3542	7305	2001	0	5396	3309	7301	2998862	25537	49972	906	200000	1054259	15265402	177193535	2010	2633794	2027556	1385401
1789820723	37048	99.2	99.2	20837	3274	1077	4444	331	0	25523	3125	7886	3000236	25815	50000	329	200000	1055351	15277634	177395037	2010	2634572	2029532	1385845
1789820761	37085	98.4	98.2	4799	3677	1495	6207	138	0	82456	3257	8730	3000321	25949	50000	651	200000	1056306	15290996	177564627	2010	2636651	2031203	1387040
1789820776	37100	97.5	97.0	17404	4873	2275	4837	798	0	74433	3034	4172	2999205	25928	49990	766	200000	1056458	15293306	177600894	2010	2638811	2032399	1388066
1789820807	37132	98.9	98.9	14097	9758	936	4848	420	0	33337	3480	7874	3000697	26670	50000	250	200000	1057621	15307364	177800038	2019	2639329	2033307	1388382
1789820839	37164	97.2	96.7	9900	2921	1332	4681	195	0	36714	4035	9261	3000182	26074	50000	721	200000	1058480	15317448	177929951	2010	2641662	2035021	1389734
1789820871	37195	98.2	97.7	9245	4531	1134	6224	367	0	50070	3701	9048	3000268	26096	50000	458	200000	1059357	15330272	178058451	2010	2644018	2036941	1390765
1789820901	37226	98.0	97.7	8513	4021	1277	5786	372	0	46710	3536	8609	3000223	26002	50000	531	200000	1060190	15340643	178195639	2010	2646451	2038984	1391689
1789820934	37258	98.2	97.9	7706	4963	1252	7495	195	0	107649	3252	8260	3000210	25801	50000	576	200000	1061082	15350936	178364542	2010	2648510	2040905	1392495
1789820959	37283	97.5	96.9	13646	4852	2596	6052	693	0	45914	3460	8132	3000118	25516	50000	1226	200000	1061565	15360303	178454009	2010	2650828	2042287	1393488
1789820992	37316	98.6	98.5	9033	2413	2234	7798	613	0	77912	3682	8791	3000005	25656	49993	922	200000	1062513	15367978	178618206	2010	2653280	2044395	1394748
1789821015	37339	99.3	99.2	13914	5400	3795	6188	1048	0	4200	3447	5057	2998546	25387	49980	1012	200000	1063330	15379009	178769511	2010	2655502	2044717	1395562
1789821046	37370	98.8	96.1	13808	4562	4069	7344	232	0	6433	4474	10094	2997740	25329	49861	1222	200000	1064223	15386049	178913628	2015	2656892	2046089	1397607
1789821078	37403	98.3	98.0	14206	2825	1192	6037	667	0	24541	3716	9049	3000154	25693	50000	325	200000	1065177	15395218	179068841	2015	2658779	2048140	1398653
1789821115	37439	98.3	97.8	12794	4140	1916	8288	858	0	66820	3963	9709	3000297	25475	50000	742	200000	1066175	15407042	179243831	2016	2661461	2049987	1399803
1789821134	37458	99.3	97.6	9287	4898	2545	6614	761	0	39600	3655	5191	3000087	25036	50000	1119	200000	1066539	15413744	179313913	2016	2663727	2051173	1401434
1789821169	37493	87.1	86.9	12445	5243	3110	8540	1327	0	11742	3822	9107	3000041	24925	50000	1115	200000	1067351	15420551	179473608	2016	2666062	2052072	1403372
1789821204	37528	95.9	95.6	7285	4051	1484	6776	440	0	89457	3466	8691	3000420	25312	50000	596	200000	1068197	15430214	179627420	2016	2668293	2054279	1405250
1789821228	37552	94.4	93.6	12558	5081	2765	8679	672	0	44308	3518	8316	2999909	24864	49997	1134	200000	1068637	15436827	179702344	2016	2670387	2055131	1406508
1789821258	37582	95.1	94.7	5648	4873	2189	7484	764	0	76148	3234	7681	2999819	24553	50000	1056	200000	1069445	15444240	179827072	2016	2672792	2057068	1408277
1789821289	37613	94.9	94.6	11632	4066	2760	9419	1311	0	17460	3314	7431	3000015	24402	50000	738	200000	1070409	15457925	179984213	2016	2675136	2057704	1410068
1789821320	37645	94.6	94.4	14441	3381	3119	7679	1913	0	16795	3261	7584	3000040	24364	50000	661	200000	1071375	15468802	180164529	2019	2677431	2059259	1411523
1789821348	37673	98.4	98.4	18152	3039	874	8126	308	0	24216	3201	4457	3000232	24604	50000	263	200000	1072405	15479021	180340823	2026	2678231	2061020	1412257
1789821384	37709	95.6	95.4	13685	1967	977	6371	121	0	101091	3047	7406	3000273	24607	50000	501	200000	1073474	15490748	180516863	2026	2680353	2062986	1413368
1789821405	37729	93.3	92.8	9499	4073	2942	8280	1803	0	11310	3085	6529	2998686	24282	49955	834	200000	1073853	15496972	180608130	2022	2682570	2063192	1414121
1789821434	37759	95.4	95.3	16738	2636	3005	6075	1528	0	3894	3160	4435	2999010	24470	50000	499	200000	1074998	15511059	180791799	2023	2684564	2064837	1414790
1789821468	37792	97.9	97.7	14331	4647	753	6718	49	0	68453	3235	7363	3000327	24672	50000	336	200000	1076165	15524849	180981499	2023	2685333	2066776	1416218
1789821515	37839	95.2	95.0	22344	4473	1162	6363	265	0	88336	3232	10848	3000168	24451	50000	478	200000	1077601	15540445	181242563	2029	2688075	2068884	1417498
1789821526	37850	91.8	91.1	3984	2534	2654	8071	1885	0	10598	2960	3538	2998779	24170	49967	659	200000	1077772	15543976	181276787	2026	2689982	2069060	1418294
1789821562	37887	98.7	98.6	11211	8417	771	4919	268	0	45820	3166	7233	3000375	24605	50000	202	200000	1079023	15558683	181502006	2027	2690697	2070974	1418906
1789821598	37922	98.9	98.3	19582	3793	1067	7086	196	0	123360	3301	7939	3000407	24985	50000	383	200000	1080066	15571630	181681536	2031	2693051	2072984	1420021
1789821614	37939	96.3	95.1	6761	4976	3474	5098	2125	0	15693	2811	3756	2999828	24527	49993	1202	200000	1080524	15577531	181766276	2025	2695318	2073233	1420650
1789821644	37969	98.5	98.2	14007	2349	2860	6779	1950	0	4380	3150	7432	2998709	24515	50000	696	200000	1081454	15587218	181917919	2025	2697364	2074592	1422657
1789821676	38000	99.3	98.9	11911	4523	1010	4687	382	0	25891	3291	7646	3000304	24986	50000	332	200000	1082559	15603112	182090408	2025	2698046	2076472	1423073
1789821711	38035	98.7	98.4	14218	2259	1001	6611	389	0	29787	3346	7868	3000297	25037	50000	331	200000	1083671	15618575	182270138	2025	2700527	2078580	1424080
1789821743	38067	97.8	97.6	9540	3798	1298	5938	188	0	66912	3400	7722	3000198	25258	50000	459	200000	1084677	15629710	182439741	2025	2702820	2080437	1425306
1789821769	38094	98.5	98.3	9480	5420	1380	7804	100	0	100291	3168	7059	3000048	25172	50000	943	200000	1085352	15634882	182573363	2025	2704868	2082410	1426212
1789821796	38121	97.6	97.3	12032	4659	2105	6209	569	0	84172	3440	7632	2999830	24992	50000	866	200000	1085970	15642021	182693171	2024	2707229	2083865	1426993
1789821824	38148	98.8	98.4	11661	2840	2840	8092	1222	0	27004	2999	4284	2998807	25081	49967	879	200000	1086955	15655983	182859980	2024	2709583	2084894	1428191
1789821855	38180	98.1	98.1	15201	5910	3899	6232	1080	0	1964	3355	7237	2998282	24770	50000	1232	200000	1088049	15669724	183048349	2022	2711934	2086251	1428731
1789821884	38209	98.6	98.1	7652	3333	3657	7777	2037	0	1668	3144	7652	2999170	25028	50000	1032	200000	1088856	15681446	183173020	2022	2714207	2088347	1430119
1789821914	38238	98.4	98.3	8543	6804	3916	7438	1171	0	1907	3249	7334	2998501	25133	49953	1079	200000	1089775	15693029	183322054	2022	2716698	2090230	1430653
1789821946	38270	98.4	98.3	10889	4738	934	7446	483	0	19780	3121	7320	3000142	25458	50000	41	200000	1090752	15701552	183516985	2020	2717199	2092050	1431843
1789821981	38305	98.7	98.3	12257	4289	1325	6089	234	0	53866	3295	7823	3000157	25350	50000	501	200000	1091724	15711239	183725106	2025	2719557	2093955	1432969
1789822008	38332	98.0	97.4	6405	4982	1398	7752	209	0	28976	3307	4604	3000163	24957	50000	583	200000	1092538	15722337	183845582	2020	2721829	2095451	1434539
1789822040	38365	98.1	97.6	9136	3581	1433	6002	399	0	42143	3128	10469	3000176	24678	50000	610	200000	1093355	15733376	183981576	2020	2724149	2097257	1435625
1789822068	38392	90.8	90.6	9151	5279	1359	7669	227	0	47993	3083	4361	3000278	24692	50000	661	200000	1094143	15742341	184112176	2020	2726146	2098958	1436900
1789822102	38426	95.9	95.5	9731	3236	1235	5738	119	0	63827	3004	7192	3000286	24596	50000	705	200000	1095102	15753087	184298112	2020	2728282	2100849	1437929
1789822132	38457	95.8	95.5	8599	2531	1188	7370	112	0	105251	3112	7501	3000195	24598	50000	678	200000	1095971	15762323	184453386	2020	2730531	2102754	1438744
1789822154	38478	94.3	93.9	9449	4442	2125	5422	618	0	69966	3118	6956	3000019	24417	50000	933	200000	1096351	15768761	184526290	2020	2732572	2103881	1439689
1789822186	38510	95.6	95.4	11424	5200	2379	7301	823	0	69140	3045	7511	2999715	24552	49996	678	200000	1097280	15778115	184683266	2020	2735098	2105699	1440569
1789822220	38544	95.9	95.8	14790	8816	3762	6226	1215	0	15776	3214	7478	2998582	24310	50000	1048	200000	1098477	15792335	184907383	2023	2737368	2106660	1441171
1789822248	38572	98.2	97.9	9468	6645	1034	6235	386	0	29267	3215	4371	3000251	24700	50000	432	200000	1099515	15802562	185081014	2023	2737851	2108602	1442050
1789822284	38609	96.1	95.9	12620	1881	977	5294	274	0	62927	3080	10459	3000244	24639	50000	414	200000	1100554	15814647	185251202	2023	2740096	2110655	1442829
1789822319	38643	95.6	95.4	9192	2977	1320	7330	236	0	92987	3215	7833	3000218	24638	50000	490	200000	1101657	15827425	185420237	2023	2742561	2112545	1443799
1789822336	38661	95.1	94.7	15147	4309	2882	6518	1342	0	17607	3022	4088	3000203	24665	49904	711	200000	1102063	15835012	185485230	2023	2744867	2113065	1444998
1789822366	38690	98.6	98.6	21091	4590	998	6629	338	0	44252	3210	7170	3000393	24964	50000	331	200000	1103080	15845565	185688171	2031	2745401	2114888	1445261
1789822406	38730	96.1	95.9	15503	3976	941	5080	176	0	52491	3351	8075	3000499	25187	50000	530	200000	1104284	15862332	185903583	2025	2747673	2116560	1446898
1789822424	38748	93.2	92.5	4386	2511	1520	7002	139	0	86140	3365	4328	3000159	25000	50000	800	200000	1104531	15867021	185951363	2025	2749804	2118403	1447704
1789822455	38780	96.9	96.6	8054	2554	1964	6039	670	0	85144	3273	7594	3000544	25542	50000	833	200000	1105448	15880009	186087818	2024	2752284	2120131	1448774
1789822484	38808	97.5	97.2	9658	4843	3088	8203	2040	0	16674	3354	7520	2999597	26191	49946	772	200000	1106395	15891210	186241909	2024	2754747	2120392	1450391
1789822519	38843	98.3	97.9	14455	3626	3099	6888	1964	0	22146	3285	7903	2999618	25906	50000	1014	200000	1107559	15902523	186452909	2024	2756997	2122276	1451621
1789822544	38869	99.1	99.0	15594	1703	1087	6948	513	0	8093	3152	4221	3000400	26311	50000	344	200000	1108426	15914243	186611390	2024	2757663	2123893	1452273
1789822579	38903	98.6	98.3	11252	4011	1060	5774	344	0	31638	3211	7813	3000346	26335	50000	363	200000	1109581	15929145	186796761	2024	2759963	2126020	1452991
1789822617	38942	98.8	98.6	15326	4530	1183	7701	336	0	72517	3360	10842	3000352	26583	50000	523	200000	1110710	15943651	186985664	2033	2762219	2128000	1453992
1789822636	38960	97.4	95.7	4469	2892	2601	5910	916	0	70365	3302	4346	2999742	26311	49999	813	200000	1111010	15947511	187045623	2026	2764598	2129172	1455115
1789822665	38989	98.8	98.5	12663	6642	2989	7512	1751	0	8829	3286	7325	2999473	26197	50000	890	200000	1112003	15956893	187215734	2026	2766688	2129970	1456327
1789822695	39019	98.7	98.5	10547	4567	3289	6240	2022	0	5313	3346	7668	2998971	26242	50000	695	200000	1112961	15968696	187364935	2026	2768925	2131804	1457191
1789822729	39053	97.9	97.9	11785	4947	1089	6511	269	0	42173	3411	7622	3000227	26623	50000	378	200000	1114122	15981461	187569689	2026	2769527	2133651	1457823
1789822768	39093	97.9	97.7	21870	2032	1258	5981	415	0	62131	3252	8048	3000238	26607	50000	524	200000	1115300	15995413	187801964	2033	2772073	2135679	1459092
1789822785	39109	96.5	95.5	4149	2784	1658	7781	222	0	115362	3431	4452	3000054	26536	50000	826	200000	1115583	16000144	187842975	2033	2774132	2137309	1459946
1789822814	39138	98.3	97.9	11874	8861	3011	5932	1850	0	7099	3352	7642	2998897	26304	50000	838	200000	1116463	16012053	188011873	2033	2776231	2137659	1461127
1789822848	39172	98.3	97.8	11611	6575	3398	7730	2026	0	4974	3286	8032	2999531	26692	50000	1217	200000	1117494	16024361	188183150	2033	2778554	2139334	1462215
1789822879	39203	97.3	96.5	11071	1444	3829	6387	2086	0	11661	3207	7935	3000085	25998	50000	1601	200000	1118354	16036646	188321488	2033	2781045	2141366	1463073
1789822907	39231	98.9	98.6	7726	2655	2121	7967	612	0	84372	3378	8214	3000072	26118	50000	780	200000	1118901	16048321	188393761	2033	2783499	2144556	1464765
1789822935	39259	98.6	98.0	10667	4215	2895	7325	1894	0	37433	3239	7738	2999192	26113	50000	894	200000	1119998	16058546	188533641	2033	2785957	2145624	1465530
1789822964	39288	89.7	89.6	17958	2256	3695	9166	1280	0	11064	3534	4705	2998653	25941	49994	1020	200000	1120948	16066265	188695419	2033	2788375	2147228	1466222
1789822996	39320	98.0	96.7	14140	2900	925	5033	234	0	17656	3608	8129	3000239	26324	50000	232	200000	1121964	16075858	188866439	2033	2788786	2148874	1467383
1789823036	39360	88.0	87.7	18121	3961	1485	7163	582	0	62817	3751	8963	3000215	26167	50000	546	200000	1123023	16086269	189047806	2041	2791358	2150838	1468537
1789823066	39390	94.9	94.3	13329	2613	1641	6084	431	0	66277	3278	7926	3000140	25951	50000	731	200000	1123786	16094691	189176200	2034	2793634	2152490	1469899
1789823093	39418	95.7	95.3	4960	3363	1301	7648	207	0	87347	3070	7413	3000197	25914	50000	601	200000	1124508	16105667	189282817	2034	2795786	2154312	1470957
1789823115	39439	92.8	92.6	8923	4983	1803	6057	433	0	95371	2872	3976	3000040	25751	50000	753	200000	1125005	16114775	189354535	2034	2798001	2155949	1471861
1789823145	39469	96.2	95.9	9838	7662	3098	8012	2075	0	15816	2948	6927	2998612	25535	49931	888	200000	1126080	16129199	189530221	2034	2800364	2156550	1472858
1789823178	39502	98.8	98.8	13103	5776	825	4764	232	0	20937	2947	6870	3000242	25825	50000	401	200000	1127247	16142116	189745503	2034	2800731	2158180	1473598
1789823213	39538	96.5	95.9	14396	4402	1073	6705	230	0	66427	3142	7310	3000197	25898	50000	527	200000	1128258	16152650	189941688	2035	2803010	2160158	1474633
1789823244	39568	94.9	94.5	11030	2188	1269	5563	207	0	113075	2793	6774	3000166	25765	50000	706	200000	1129059	16162422	190083132	2034	2805233	2162196	1475499
1789823264	39589	90.8	90.0	9029	4966	3458	7457	2037	0	20141	2702	3550	2999793	25465	50000	1285	200000	1129523	16171182	190168501	2034	2807613	2162533	1476218
1789823300	39624	95.9	95.5	8013	4391	2913	6295	1051	0	19577	3272	10715	3000043	25470	49969	1049	200000	1130477	16189120	190291606	2034	2809902	2164459	1478117
1789823330	39654	94.4	94.0	12340	1485	2707	8133	634	0	49875	3283	7574	2998933	25028	49992	1105	200000	1131243	16195982	190419221	2034	2812260	2166760	1479676
1789823359	39684	94.7	94.4	11160	4212	2674	7565	631	0	19328	3423	7630	2999689	25149	49995	827	200000	1132049	16207287	190540758	2034	2814822	2168209	1481209
1789823391	39715	98.2	97.0	15567	2815	3004	9462	1865	0	17550	3425	8032	2999759	25076	50000	935	200000	1132992	16218174	190711175	2034	2817180	2169198	1482496
1789823422	39746	98.8	98.5	9583	2116	1786	6782	454	0	84482	3357	8170	3000072	24918	50000	773	200000	1133895	16224824	190842568	2034	2819570	2171954	1484132
1789823448	39772	98.2	97.9	5594	4650	1889	8530	639	0	75739	3129	7519	3000121	25022	50000	702	200000	1134513	16234206	190943557	2034	2821893	2173490	1485287
1789823475	39799	98.5	97.5	8762	4901	3286	7440	2048	0	23989	3206	7174	2998802	24823	49949	1173	200000	1135403	16242963	191097069	2034	2824222	2174180	1486308
1789823511	39835	98.3	98.1	10552	3455	1466	9225	156	0	120569	2987	7240	3000080	24914	49970	822	200000	1136483	16253962	191281190	2034	2826524	2177285	1488134
1789823537	39861	98.6	97.7	13648	3780	3015	6800	1959	0	22183	3296	7132	2998203	24638	49938	933	200000	1137359	16263644	191429547	2034	2828962	2177800	1489044
1789823568	39892	98.4	98.2	9518	4627	2948	8673	1939	0	29572	3117	7510	2998397	24781	50000	856	200000	1138314	16273726	191587011	2033	2831447	2179767	1490177
1789823597	39921	98.8	98.8	11101	4285	886	5079	364	0	25339	2990	3935	3000374	25255	50000	354	200000	1139446	16286821	191797326	2032	2831956	2181365	1490814
1789823631	39956	98.3	97.9	7916	2730	1417	7100	578	0	39313	3206	10118	3000462	25257	50000	495	200000	1140294	16298681	191955305	2032	2834560	2183235	1491989
1789823656	39980	97.1	96.2	8664	2194	1592	6178	628	0	17172	3072	4500	3000113	24727	50000	498	200000	1141003	16307632	192067578	2031	2837121	2184621	1494164
1789823684	40008	98.7	98.3	7914	1658	1118	7959	438	0	10682	3167	7523	3000152	24664	50000	366	200000	1141792	16317247	192194938	2031	2839342	2186275	1496008
1789823719	40043	98.2	97.9	13879	5078	1047	6491	329	0	24378	3308	10525	3000249	24527	50000	266	200000	1142819	16328224	192366723	2031	2841601	2187914	1497352
1789823757	40082	98.2	97.9	21154	2980	1139	8716	328	0	65820	3210	7934	3000264	24638	50000	343	200000	1143902	16344960	192577299	2032	2844101	2189772	1498856
1789823777	40101	98.3	98.0	5435	2575	1360	6106	303	0	126550	3195	7547	3000148	24821	50000	536	200000	1144178	16349113	192626666	2032	2846353	2191584	1499891
1789823804	40129	99.1	99.1	15152	9269	535	6115	246	0	9433	2729	3412	3000404	25066	50000	186	200000	1145533	16359754	192858344	2036	2846688	2191944	1500294
1789823833	40157	11.4	11.4	624	0	2	2874	0	0	0	24	75	3000497	25157	50000	0	200000	1145653	16362624	192869837	2034	2846768	2192297	1500479
1789823856	40180	16.7	16.7	2056	0	0	2874	0	0	0	66	70	3000497	0	50000	0	200000	1145655	16362648	192869937	2034	2846768	2192299	1500479
